time,lat,lon,pcell_cid,pcell_freq,nrcell_cid,nrcell_freq,scell1_cid,scell1_freq,scell2_cid,scell2_freq,scell3_cid,scell3_freq,nr_scell1_cid,nr_scell1_freq,nr_scell2_cid,nr_scell2_freq,nr_scell3_cid,nr_scell3_freq,cell_set_type,cell_set_type_v2,throughput,rtt,disruption,thput_confidence_level,time_delta,cellset_id
1628387784.8,-87.6741835,41.8814493,76,675,None,None,76,5330,76,9840,None,None,None,None,None,None,None,None,LTE,LTE+LTE,None,None,None,1,0.0,0
1628387951.8,-87.67432187,41.88130006,76,675,None,None,76,5330,76,9840,None,None,None,None,None,None,None,None,LTE,LTE+LTE,0,None,None,1,167.10000014305115,0
1628387951.9,-87.67432186,41.88130005,76,675,629,174270,76,9840,None,None,None,None,None,None,None,None,None,None,LTE+Sub6,LTE+5GS_LTE,0,None,None,1,167.10000014305115,1
1628387952.1,-87.67432182,41.88130003,76,675,629,174270,76,9840,None,None,None,None,None,None,None,None,None,None,LTE+Sub6,LTE+5GS_LTE,0,None,None,1,167.40000009536743,1
1628387952.2,-87.67432181,41.88130002,76,675,None,None,76,5330,76,9840,None,None,None,None,None,None,None,None,LTE,LTE+LTE,0,None,None,1,167.40000009536743,0
1628387952.4,-87.67432177,41.8813,76,675,None,None,76,5330,76,9840,None,None,None,None,None,None,None,None,LTE,LTE+LTE,0,None,None,1,167.70000004768372,0
1628387952.5,-87.67432175,41.88129999,76,675,629,174270,76,9840,None,None,None,None,None,None,None,None,None,None,LTE+Sub6,LTE+5GS_LTE,0,None,None,1,167.70000004768372,1
1628387952.8,-87.6743217,41.88129996,76,675,629,174270,76,9840,None,None,None,None,None,None,None,None,None,None,LTE+Sub6,LTE+5GS_LTE,0,None,None,1,168.10000014305115,1
1628387952.9,-87.67432168,41.88129994,76,675,None,None,76,5330,76,9840,None,None,None,None,None,None,None,None,LTE,LTE+LTE,0,None,None,1,168.10000014305115,0
1628387953.1,-87.67432164,41.88129992,76,675,None,None,76,5330,76,9840,None,None,None,None,None,None,None,None,LTE,LTE+LTE,0,None,None,1,168.40000009536743,0
1628387953.2,-87.67432163,41.88129992,76,675,629,174270,76,9840,None,None,None,None,None,None,None,None,None,None,LTE+Sub6,LTE+5GS_LTE,0,None,None,1,168.40000009536743,1
1628387959.4,-87.67432134,41.88129968,76,675,629,174270,76,9840,None,None,None,None,None,None,None,None,None,None,LTE+Sub6,LTE+5GS_LTE,0,None,None,1,174.70000004768372,1
1628387959.5,-87.67432134,41.88129967,None,None,None,None,None,None,None,None,None,None,None,None,None,None,None,None,None,None,0,None,None,1,174.70000004768372,0
1628387959.7,-87.67432133,41.88129966,76,675,None,None,None,None,None,None,None,None,None,None,None,None,None,None,LTE,LTE,0,None,None,1,175.0,0
1628387959.8,-87.67432132,41.88129965,76,675,629,174270,76,9840,None,None,None,None,None,None,None,None,None,None,LTE+Sub6,LTE+5GS_LTE,0,None,None,1,175.0,1
1628387960.1,-87.6743213,41.88129963,76,675,629,174270,76,9840,None,None,None,None,None,None,None,None,None,None,LTE+Sub6,LTE+5GS_LTE,0,None,None,1,175.40000009536743,1
1628387960.2,-87.6743213,41.88129963,76,675,None,None,76,5330,76,9840,None,None,None,None,None,None,None,None,LTE,LTE+LTE,0,None,None,1,175.40000009536743,0
1628387960.7,-87.67432128,41.8812996,76,675,None,None,76,5330,76,9840,None,None,None,None,None,None,None,None,LTE,LTE+LTE,0,None,None,1,176.0,0
1628387960.8,-87.67432127,41.88129959,76,675,629,174270,76,9840,None,None,None,None,None,None,None,None,None,None,LTE+Sub6,LTE+5GS_LTE,0,None,None,1,176.0,1
1628387961.1,-87.67432126,41.88129957,76,675,629,174270,76,9840,None,None,None,None,None,None,None,None,None,None,LTE+Sub6,LTE+5GS_LTE,0,None,None,1,176.40000009536743,1
1628387961.2,-87.67432126,41.88129956,76,675,None,None,76,5330,76,9840,None,None,None,None,None,None,None,None,LTE,LTE+LTE,0,None,None,1,176.40000009536743,0
1628387961.5,-87.67432125,41.88129954,76,675,None,None,76,5330,76,9840,None,None,None,None,None,None,None,None,LTE,LTE+LTE,0,None,None,1,176.79999995231628,0
1628387961.6,-87.67432125,41.88129954,76,675,629,174270,76,9840,None,None,None,None,None,None,None,None,None,None,LTE+Sub6,LTE+5GS_LTE,0,None,None,1,176.79999995231628,1
1628387961.9,-87.67432124,41.88129951,76,675,629,174270,76,9840,None,None,None,None,None,None,None,None,None,None,LTE+Sub6,LTE+5GS_LTE,0,None,None,1,177.20000004768372,1
1628387962.0,-87.67432123,41.88129951,76,675,None,None,76,5330,76,9840,None,None,None,None,None,None,None,None,LTE,LTE+LTE,0,None,None,1,177.20000004768372,0
1628387962.2,-87.67432123,41.8812995,76,675,None,None,76,5330,76,9840,None,None,None,None,None,None,None,None,LTE,LTE+LTE,0,None,None,1,177.5,0
1628387962.3,-87.67432122,41.88129949,76,675,629,174270,76,9840,None,None,None,None,None,None,None,None,None,None,LTE+Sub6,LTE+5GS_LTE,0,None,None,1,177.5,1
1628387962.6,-87.6743212,41.88129947,76,675,629,174270,76,9840,None,None,None,None,None,None,None,None,None,None,LTE+Sub6,LTE+5GS_LTE,0,None,None,1,177.90000009536743,1
1628387962.7,-87.6743212,41.88129947,76,675,None,None,76,5330,76,9840,None,None,None,None,None,None,None,None,LTE,LTE+LTE,0,None,None,1,177.90000009536743,0
1628387962.9,-87.67432118,41.88129945,76,675,None,None,76,5330,76,9840,None,None,None,None,None,None,None,None,LTE,LTE+LTE,0,None,None,1,178.20000004768372,0
1628387963.0,-87.67432118,41.88129945,76,675,629,174270,76,9840,None,None,None,None,None,None,None,None,None,None,LTE+Sub6,LTE+5GS_LTE,0,None,None,1,178.20000004768372,1
1628387963.3,-87.67432116,41.88129943,76,675,629,174270,76,9840,None,None,None,None,None,None,None,None,None,None,LTE+Sub6,LTE+5GS_LTE,0,None,None,1,178.60000014305115,1
1628387963.4,-87.67432116,41.88129942,76,675,None,None,76,5330,76,9840,None,None,None,None,None,None,None,None,LTE,LTE+LTE,0,None,None,1,178.60000014305115,0
1628387963.7,-87.67432115,41.88129939,76,675,None,None,76,5330,76,9840,None,None,None,None,None,None,None,None,LTE,LTE+LTE,0,None,None,1,179.0,0
1628387963.8,-87.67432114,41.88129938,76,675,629,174270,76,9840,None,None,None,None,None,None,None,None,None,None,LTE+Sub6,LTE+5GS_LTE,0,None,None,1,179.0,1
1628387964.1,-87.67432113,41.88129935,76,675,629,174270,76,9840,None,None,None,None,None,None,None,None,None,None,LTE+Sub6,LTE+5GS_LTE,0,None,None,1,179.40000009536743,1
1628387964.2,-87.67432113,41.88129935,76,675,None,None,76,5330,76,9840,None,None,None,None,None,None,None,None,LTE,LTE+LTE,0,None,None,1,179.40000009536743,0
1628387964.4,-87.67432112,41.88129933,76,675,None,None,76,5330,76,9840,None,None,None,None,None,None,None,None,LTE,LTE+LTE,0,None,None,1,179.70000004768372,0
1628387964.5,-87.67432111,41.88129932,76,675,629,174270,76,9840,None,None,None,None,None,None,None,None,None,None,LTE+Sub6,LTE+5GS_LTE,0,None,None,1,179.70000004768372,1
1628387964.8,-87.6743211,41.8812993,76,675,629,174270,76,9840,None,None,None,None,None,None,None,None,None,None,LTE+Sub6,LTE+5GS_LTE,0,None,None,1,180.10000014305115,1
1628387964.9,-87.67432109,41.88129929,76,675,None,None,76,5330,76,9840,None,None,None,None,None,None,None,None,LTE,LTE+LTE,0,None,None,1,180.10000014305115,0
1628387965.4,-87.67432107,41.88129926,76,675,None,None,76,5330,76,9840,None,None,None,None,None,None,None,None,LTE,LTE+LTE,0,None,None,1,180.70000004768372,0
1628387965.5,-87.67432107,41.88129925,76,675,629,174270,76,9840,None,None,None,None,None,None,None,None,None,None,LTE+Sub6,LTE+5GS_LTE,0,None,None,1,180.70000004768372,1
1628387965.8,-87.67432105,41.88129923,76,675,629,174270,76,9840,None,None,None,None,None,None,None,None,None,None,LTE+Sub6,LTE+5GS_LTE,0,None,None,1,181.10000014305115,1
1628387965.9,-87.67432105,41.88129922,76,675,None,None,76,5330,76,9840,None,None,None,None,None,None,None,None,LTE,LTE+LTE,0,None,None,1,181.10000014305115,0
1628387966.2,-87.67432104,41.8812992,76,675,None,None,76,5330,76,9840,None,None,None,None,None,None,None,None,LTE,LTE+LTE,0,None,None,1,181.5,0
1628387966.3,-87.67432103,41.88129919,76,675,629,174270,76,9840,None,None,None,None,None,None,None,None,None,None,LTE+Sub6,LTE+5GS_LTE,0,None,None,1,181.5,1
1628387966.6,-87.67432102,41.88129916,76,675,629,174270,76,9840,None,None,None,None,None,None,None,None,None,None,LTE+Sub6,LTE+5GS_LTE,0,None,None,1,181.90000009536743,1
1628387966.7,-87.67432101,41.88129916,76,675,None,None,76,5330,76,9840,None,None,None,None,None,None,None,None,LTE,LTE+LTE,0,None,None,1,181.90000009536743,0
1628387967.2,-87.67432098,41.88129914,76,675,None,None,76,5330,76,9840,None,None,None,None,None,None,None,None,LTE,LTE+LTE,0,None,None,1,182.5,0
1628387967.3,-87.67432095,41.88129918,76,675,629,174270,76,9840,None,None,None,None,None,None,None,None,None,None,LTE+Sub6,LTE+5GS_LTE,0,None,None,1,182.5,1
1628387967.6,-87.67432089,41.8812993,76,675,629,174270,76,9840,None,None,None,None,None,None,None,None,None,None,LTE+Sub6,LTE+5GS_LTE,0,None,None,1,182.90000009536743,1
1628387967.7,-87.67432087,41.88129933,76,675,None,None,76,5330,76,9840,None,None,None,None,None,None,None,None,LTE,LTE+LTE,0,None,None,1,182.90000009536743,0
1628387968.2,-87.67432076,41.88129952,76,675,None,None,76,5330,76,9840,None,None,None,None,None,None,None,None,LTE,LTE+LTE,0,None,None,1,183.5,0
1628387968.3,-87.67432074,41.88129956,76,675,629,174270,76,9840,None,None,None,None,None,None,None,None,None,None,LTE+Sub6,LTE+5GS_LTE,0,None,None,1,183.5,1
1628387968.7,-87.67432065,41.88129971,76,675,629,174270,76,9840,None,None,None,None,None,None,None,None,None,None,LTE+Sub6,LTE+5GS_LTE,0,None,None,1,184.0,1
1628387968.8,-87.67432063,41.88129975,76,675,None,None,76,5330,76,9840,None,None,None,None,None,None,None,None,LTE,LTE+LTE,0,None,None,1,184.0,0
1628387969.4,-87.67432054,41.88129986,76,675,None,None,76,5330,76,9840,None,None,None,None,None,None,None,None,LTE,LTE+LTE,0,None,None,1,184.70000004768372,0
1628387969.5,-87.67432054,41.88129986,76,675,629,174270,76,9840,None,None,None,None,None,None,None,None,None,None,LTE+Sub6,LTE+5GS_LTE,0,None,None,1,184.70000004768372,1
1628387969.8,-87.67432052,41.88129986,76,675,629,174270,76,9840,None,None,None,None,None,None,None,None,None,None,LTE+Sub6,LTE+5GS_LTE,0,None,None,1,185.10000014305115,1
1628387969.9,-87.67432051,41.88129985,76,675,None,None,76,5330,76,9840,None,None,None,None,None,None,None,None,LTE,LTE+LTE,0,None,None,1,185.10000014305115,0
1628387970.1,-87.6743205,41.88129985,76,675,None,None,76,5330,76,9840,None,None,None,None,None,None,None,None,LTE,LTE+LTE,0,None,None,1,185.40000009536743,0
1628387970.2,-87.6743205,41.88129984,76,675,629,174270,76,9840,None,None,None,None,None,None,None,None,None,None,LTE+Sub6,LTE+5GS_LTE,0,None,None,1,185.40000009536743,1
1628387970.5,-87.67432048,41.88129982,76,675,629,174270,76,9840,None,None,None,None,None,None,None,None,None,None,LTE+Sub6,LTE+5GS_LTE,0,None,None,1,185.79999995231628,1
1628387970.6,-87.67432048,41.88129981,76,675,None,None,76,5330,76,9840,None,None,None,None,None,None,None,None,LTE,LTE+LTE,0,None,None,1,185.79999995231628,0
1628387970.9,-87.67432046,41.88129979,76,675,None,None,76,5330,76,9840,None,None,None,None,None,None,None,None,LTE,LTE+LTE,0,None,None,1,186.20000004768372,0
1628387971.0,-87.67432046,41.88129978,76,675,629,174270,76,9840,None,None,None,None,None,None,None,None,None,None,LTE+Sub6,LTE+5GS_LTE,0,None,None,1,186.20000004768372,1
1628387971.2,-87.67432045,41.88129977,76,675,629,174270,76,9840,None,None,None,None,None,None,None,None,None,None,LTE+Sub6,LTE+5GS_LTE,0,None,None,1,186.5,1
1628387971.3,-87.67432044,41.88129976,76,675,None,None,76,5330,76,9840,None,None,None,None,None,None,None,None,LTE,LTE+LTE,0,None,None,1,186.5,0
1628387971.6,-87.67432044,41.88129973,76,675,None,None,76,5330,76,9840,None,None,None,None,None,None,None,None,LTE,LTE+LTE,0,None,None,1,186.90000009536743,0
1628387971.7,-87.67432043,41.88129973,76,675,629,174270,76,9840,None,None,None,None,None,None,None,None,None,None,LTE+Sub6,LTE+5GS_LTE,0,None,None,1,186.90000009536743,1
1628387972.0,-87.67432042,41.8812997,76,675,629,174270,76,9840,None,None,None,None,None,None,None,None,None,None,LTE+Sub6,LTE+5GS_LTE,0,None,None,1,187.29999995231628,1
1628387972.1,-87.67432042,41.88129969,76,675,None,None,76,5330,76,9840,None,None,None,None,None,None,None,None,LTE,LTE+LTE,0,None,None,1,187.29999995231628,0
1628387972.3,-87.67432041,41.88129968,76,675,None,None,76,5330,76,9840,None,None,None,None,None,None,None,None,LTE,LTE+LTE,0,None,None,1,187.60000014305115,0
1628387972.4,-87.67432041,41.88129967,76,675,629,174270,76,9840,None,None,None,None,None,None,None,None,None,None,LTE+Sub6,LTE+5GS_LTE,0,None,None,1,187.60000014305115,1
1628387972.7,-87.67432039,41.88129964,76,675,629,174270,76,9840,None,None,None,None,None,None,None,None,None,None,LTE+Sub6,LTE+5GS_LTE,0,None,None,1,188.0,1
1628387972.8,-87.67432039,41.88129964,76,675,None,None,76,5330,76,9840,None,None,None,None,None,None,None,None,LTE,LTE+LTE,0,None,None,1,188.0,0
1628387973.0,-87.67432038,41.88129962,76,675,None,None,76,5330,76,9840,None,None,None,None,None,None,None,None,LTE,LTE+LTE,0,None,None,1,188.29999995231628,0
1628387973.1,-87.67432037,41.88129961,76,675,629,174270,76,9840,None,None,None,None,None,None,None,None,None,None,LTE+Sub6,LTE+5GS_LTE,0,None,None,1,188.29999995231628,1
1628387973.4,-87.67432036,41.88129959,76,675,629,174270,76,9840,None,None,None,None,None,None,None,None,None,None,LTE+Sub6,LTE+5GS_LTE,0,None,None,1,188.70000004768372,1
1628387973.5,-87.67432036,41.88129959,76,675,None,None,76,5330,76,9840,None,None,None,None,None,None,None,None,LTE,LTE+LTE,0,None,None,1,188.70000004768372,0
1628387973.8,-87.67432036,41.88129957,76,675,None,None,76,5330,76,9840,None,None,None,None,None,None,None,None,LTE,LTE+LTE,0,None,None,1,189.10000014305115,0
1628387973.9,-87.67432035,41.88129956,76,675,629,174270,76,9840,None,None,None,None,None,None,None,None,None,None,LTE+Sub6,LTE+5GS_LTE,0,None,None,1,189.10000014305115,1
1628387974.1,-87.67432035,41.88129955,76,675,629,174270,76,9840,None,None,None,None,None,None,None,None,None,None,LTE+Sub6,LTE+5GS_LTE,0,None,None,1,189.40000009536743,1
1628387974.2,-87.67432035,41.88129955,76,675,None,None,76,5330,76,9840,None,None,None,None,None,None,None,None,LTE,LTE+LTE,0,None,None,1,189.40000009536743,0
1628387974.5,-87.67432034,41.88129952,76,675,None,None,76,5330,76,9840,None,None,None,None,None,None,None,None,LTE,LTE+LTE,0,None,None,1,189.79999995231628,0
1628387974.6,-87.67432034,41.88129952,76,675,629,174270,76,9840,None,None,None,None,None,None,None,None,None,None,LTE+Sub6,LTE+5GS_LTE,0,None,None,1,189.79999995231628,1
1628387974.9,-87.67432033,41.8812995,76,675,629,174270,76,9840,None,None,None,None,None,None,None,None,None,None,LTE+Sub6,LTE+5GS_LTE,0,None,None,1,190.20000004768372,1
1628387975.0,-87.67432033,41.88129949,76,675,None,None,76,5330,76,9840,None,None,None,None,None,None,None,None,LTE,LTE+LTE,0,None,None,1,190.20000004768372,0
1628387975.2,-87.67432033,41.88129948,76,675,None,None,76,5330,76,9840,None,None,None,None,None,None,None,None,LTE,LTE+LTE,0,None,None,1,190.5,0
1628387975.3,-87.67432033,41.88129947,76,675,629,174270,76,9840,None,None,None,None,None,None,None,None,None,None,LTE+Sub6,LTE+5GS_LTE,0,None,None,1,190.5,1
1628387975.6,-87.67432033,41.88129945,76,675,629,174270,76,9840,None,None,None,None,None,None,None,None,None,None,LTE+Sub6,LTE+5GS_LTE,0,None,None,1,190.90000009536743,1
1628387975.7,-87.67432032,41.88129945,76,675,None,None,76,5330,76,9840,None,None,None,None,None,None,None,None,LTE,LTE+LTE,0,None,None,1,190.90000009536743,0
1628387975.9,-87.67432032,41.88129943,76,675,None,None,76,5330,76,9840,None,None,None,None,None,None,None,None,LTE,LTE+LTE,0,None,None,1,191.20000004768372,0
1628387976.0,-87.67432032,41.88129943,76,675,629,174270,76,9840,None,None,None,None,None,None,None,None,None,None,LTE+Sub6,LTE+5GS_LTE,0,None,None,1,191.20000004768372,1
1628387982.1,-87.67424931,41.88130445,76,675,629,174270,76,9840,None,None,None,None,None,None,None,None,None,None,LTE+Sub6,LTE+5GS_LTE,0,None,None,1,197.40000009536743,1
1628387982.2,-87.6742448,41.88130474,None,None,None,None,None,None,None,None,None,None,None,None,None,None,None,None,None,None,0,None,None,1,197.40000009536743,0
1628387982.5,-87.67422787,41.88130583,76,675,None,None,None,None,None,None,None,None,None,None,None,None,None,None,LTE,LTE,0,None,None,1,197.79999995231628,0
1628387982.6,-87.67422167,41.88130622,76,675,629,174270,76,9840,None,None,None,None,None,None,None,None,None,None,LTE+Sub6,LTE+5GS_LTE,0,None,None,1,197.79999995231628,1
1628387992.2,-87.67334915,41.88131411,76,675,629,174270,76,9840,None,None,None,None,None,None,None,None,None,None,LTE+Sub6,LTE+5GS_LTE,0,None,None,1,207.5,1
1628387992.3,-87.67334034,41.88131442,76,675,None,None,76,5330,76,9840,None,None,None,None,None,None,None,None,LTE,LTE+LTE,0,None,None,1,207.5,0
1628387992.4,-87.67333232,41.88131469,76,675,None,None,76,5330,76,9840,None,None,None,None,None,None,None,None,LTE,LTE+LTE,0,None,None,1,207.70000004768372,0
1628387992.5,-87.67332511,41.88131494,76,675,629,174270,76,9840,None,None,None,None,None,None,None,None,None,None,LTE+Sub6,LTE+5GS_LTE,0,None,None,1,207.70000004768372,1
1628387992.8,-87.67330107,41.88131578,76,675,629,174270,76,9840,None,None,None,None,None,None,None,None,None,None,LTE+Sub6,LTE+5GS_LTE,0,None,None,1,208.10000014305115,1
1628387992.9,-87.67329226,41.88131608,76,675,None,None,76,5330,76,9840,None,None,None,None,None,None,None,None,LTE,LTE+LTE,0,None,None,1,208.10000014305115,0
1628387993.1,-87.67327623,41.88131664,76,675,None,None,76,5330,76,9840,None,None,None,None,None,None,None,None,LTE,LTE+LTE,0,None,None,1,208.40000009536743,0
1628387993.2,-87.67326976,41.88131691,76,675,629,174270,76,9840,None,None,None,None,None,None,None,None,None,None,LTE+Sub6,LTE+5GS_LTE,0,None,None,1,208.40000009536743,1
1628387993.6,-87.67323635,41.88131845,76,675,629,174270,76,9840,None,None,None,None,None,None,None,None,None,None,LTE+Sub6,LTE+5GS_LTE,0,None,None,1,208.90000009536743,1
1628387993.7,-87.67322902,41.88131879,76,675,None,None,76,5330,76,9840,None,None,None,None,None,None,None,None,LTE,LTE+LTE,0,None,None,1,208.90000009536743,0
1628387993.9,-87.67321191,41.88131958,76,675,None,None,76,5330,76,9840,None,None,None,None,None,None,None,None,LTE,LTE+LTE,0,None,None,1,209.20000004768372,0
1628387994.0,-87.67320457,41.88131992,76,675,629,174270,76,9840,None,None,None,None,None,None,None,None,None,None,LTE+Sub6,LTE+5GS_LTE,0,None,None,1,209.20000004768372,1
1628387994.2,-87.67318794,41.88132075,76,675,629,174270,76,9840,None,None,None,None,None,None,None,None,None,None,LTE+Sub6,LTE+5GS_LTE,0,None,None,1,209.5,1
1628387994.3,-87.67317824,41.88132133,76,675,None,None,76,5330,76,9840,None,None,None,None,None,None,None,None,LTE,LTE+LTE,0,None,None,1,209.5,0
1628387994.9,-87.67312531,41.88132453,76,675,None,None,76,5330,76,9840,None,None,None,None,None,None,None,None,LTE,LTE+LTE,0,None,None,1,210.20000004768372,0
1628387995.0,-87.67311737,41.881325,76,675,629,174270,76,9840,None,None,None,None,None,None,None,None,None,None,LTE+Sub6,LTE+5GS_LTE,0,None,None,1,210.20000004768372,1
1628387995.2,-87.67310006,41.88132573,76,675,629,174270,76,9840,None,None,None,None,None,None,None,None,None,None,LTE+Sub6,LTE+5GS_LTE,0,None,None,1,210.5,1
1628387995.3,-87.67309097,41.88132569,76,675,None,None,76,5330,76,9840,None,None,None,None,None,None,None,None,LTE,LTE+LTE,0,None,None,1,210.5,0
1628387995.6,-87.67306617,41.88132558,76,675,None,None,76,5330,76,9840,None,None,None,None,None,None,None,None,LTE,LTE+LTE,0,None,None,1,210.90000009536743,0
1628387995.7,-87.67305872,41.88132554,76,675,629,174270,76,9840,None,None,None,None,None,None,None,None,None,None,LTE+Sub6,LTE+5GS_LTE,0,None,None,1,210.90000009536743,1
1628387995.9,-87.67304136,41.88132547,76,675,629,174270,76,9840,None,None,None,None,None,None,None,None,None,None,LTE+Sub6,LTE+5GS_LTE,0,None,None,1,211.20000004768372,1
1628387996.0,-87.67303392,41.88132543,76,675,None,None,76,5330,76,9840,None,None,None,None,None,None,None,None,LTE,LTE+LTE,0,None,None,1,211.20000004768372,0
1628387996.3,-87.67300831,41.88132552,76,675,None,None,76,5330,76,9840,None,None,None,None,None,None,None,None,LTE,LTE+LTE,0,None,None,1,211.60000014305115,0
1628387996.4,-87.67300005,41.88132561,76,675,629,174270,76,9840,None,None,None,None,None,None,None,None,None,None,LTE+Sub6,LTE+5GS_LTE,0,None,None,1,211.60000014305115,1
1628387996.6,-87.67298353,41.88132577,76,675,629,174270,76,9840,None,None,None,None,None,None,None,None,None,None,LTE+Sub6,LTE+5GS_LTE,0,None,None,1,211.90000009536743,1
1628387996.7,-87.6729761,41.88132585,76,675,None,None,76,5330,76,9840,None,None,None,None,None,None,None,None,LTE,LTE+LTE,0,None,None,1,211.90000009536743,0
1628387996.9,-87.67295876,41.88132602,76,675,None,None,76,5330,76,9840,None,None,None,None,None,None,None,None,LTE,LTE+LTE,0,None,None,1,212.20000004768372,0
1628387997.0,-87.67295132,41.8813261,76,675,629,174270,76,9840,None,None,None,None,None,None,None,None,None,None,LTE+Sub6,LTE+5GS_LTE,0,None,None,1,212.20000004768372,1
1628387997.4,-87.6729145,41.8813267,76,675,629,174270,76,9840,None,None,None,None,None,None,None,None,None,None,LTE+Sub6,LTE+5GS_LTE,0,None,None,1,212.70000004768372,1
1628387997.5,-87.67290565,41.88132687,76,675,None,None,76,5330,76,9840,None,None,None,None,None,None,None,None,LTE,LTE+LTE,0,None,None,1,212.70000004768372,0
1628387997.7,-87.67288598,41.88132726,76,675,None,None,76,5330,76,9840,None,None,None,None,None,None,None,None,LTE,LTE+LTE,0,None,None,1,213.0,0
1628387997.8,-87.67287615,41.88132746,76,675,629,174270,76,9840,None,None,None,None,None,None,None,None,None,None,LTE+Sub6,LTE+5GS_LTE,0,None,None,1,213.0,1
1628387998.0,-87.67285648,41.88132785,76,675,629,174270,76,9840,None,None,None,None,None,None,None,None,None,None,LTE+Sub6,LTE+5GS_LTE,0,None,None,1,213.29999995231628,1
1628387998.1,-87.67284566,41.88132806,76,675,None,None,76,5330,76,9840,None,None,None,None,None,None,None,None,LTE,LTE+LTE,0,None,None,1,213.29999995231628,0
1628387998.4,-87.6728146,41.88132838,76,675,None,None,76,5330,76,9840,None,None,None,None,None,None,None,None,LTE,LTE+LTE,0,None,None,1,213.70000004768372,0
1628387998.5,-87.67280525,41.88132847,76,675,629,174270,76,9840,None,None,None,None,None,None,None,None,None,None,LTE+Sub6,LTE+5GS_LTE,0,None,None,1,213.70000004768372,1
1628387998.7,-87.67278447,41.88132866,76,675,629,174270,76,9840,None,None,None,None,None,None,None,None,None,None,LTE+Sub6,LTE+5GS_LTE,0,None,None,1,214.0,1
1628387998.8,-87.67277408,41.88132876,76,675,None,None,76,5330,76,9840,None,None,None,None,None,None,None,None,LTE,LTE+LTE,0,None,None,1,214.0,0
1628387999.4,-87.67270918,41.88132934,76,675,None,None,76,5330,76,9840,None,None,None,None,None,None,None,None,LTE,LTE+LTE,0,None,None,1,214.70000004768372,0
1628387999.5,-87.67269933,41.88132942,76,675,629,174270,76,9840,None,None,None,None,None,None,None,None,None,None,LTE+Sub6,LTE+5GS_LTE,0,None,None,1,214.70000004768372,1
1628387999.8,-87.67266652,41.88132969,76,675,629,174270,76,9840,None,None,None,None,None,None,None,None,None,None,LTE+Sub6,LTE+5GS_LTE,0,None,None,1,215.10000014305115,1
1628387999.9,-87.67265449,41.88132979,76,675,None,None,76,5330,76,9840,None,None,None,None,None,None,None,None,LTE,LTE+LTE,0,None,None,1,215.10000014305115,0
1628388000.1,-87.67263262,41.88132997,76,675,None,None,76,5330,76,9840,None,None,None,None,None,None,None,None,LTE,LTE+LTE,0,None,None,1,215.40000009536743,0
1628388000.2,-87.67262344,41.88133012,76,675,629,174270,76,9840,None,None,None,None,None,None,None,None,None,None,LTE+Sub6,LTE+5GS_LTE,0,None,None,1,215.40000009536743,1
1628388003.6,-87.67223225,41.88134625,76,675,629,174270,76,9840,None,None,None,None,None,None,None,None,None,None,LTE+Sub6,LTE+5GS_LTE,0,None,None,1,218.90000009536743,1
1628388003.7,-87.67222274,41.88134662,76,675,8,174270,76,9840,None,None,None,None,None,None,None,None,None,None,LTE+Sub6,LTE+5GS_LTE,0,None,None,1,218.90000009536743,0
1628388006.0,-87.67205522,41.8813548,76,675,None,None,76,5330,76,9840,None,None,None,None,None,None,None,None,LTE,LTE+LTE,0,None,None,1,221.29999995231628,0
1628388006.1,-87.67204865,41.88135513,76,675,629,174270,76,9840,None,None,None,None,None,None,None,None,None,None,LTE+Sub6,LTE+5GS_LTE,0,None,None,1,221.29999995231628,1
1628388006.4,-87.67203019,41.88135797,76,675,629,174270,76,9840,None,None,None,None,None,None,None,None,None,None,LTE+Sub6,LTE+5GS_LTE,0,None,None,1,221.70000004768372,1
1628388006.5,-87.6720244,41.88135894,76,675,None,None,76,5330,76,9840,None,None,None,None,None,None,None,None,LTE,LTE+LTE,0,None,None,1,221.70000004768372,0
1628388017.0,-87.67170537,41.88172134,76,675,None,None,76,5330,76,9840,None,None,None,None,None,None,None,None,LTE,LTE+LTE,0,None,None,1,232.29999995231628,0
1628388017.1,-87.67170488,41.8817277,76,675,629,174270,76,9840,None,None,None,None,None,None,None,None,None,None,LTE+Sub6,LTE+5GS_LTE,0,None,None,1,232.29999995231628,1
1628388017.3,-87.67170547,41.88173956,76,675,629,174270,76,9840,None,None,None,None,None,None,None,None,None,None,LTE+Sub6,LTE+5GS_LTE,0,None,None,1,232.60000014305115,1
1628388017.4,-87.67170587,41.88174585,76,675,None,None,76,5330,76,9840,None,None,None,None,None,None,None,None,LTE,LTE+LTE,0,None,None,1,232.60000014305115,0
1628388019.0,-87.67171495,41.88184888,76,675,None,None,76,5330,76,9840,None,None,None,None,None,None,None,None,LTE,LTE+LTE,0,None,None,1,234.29999995231628,0
1628388019.1,-87.67171573,41.88185618,76,675,629,174270,76,9840,None,None,None,None,None,None,None,None,None,None,LTE+Sub6,LTE+5GS_LTE,0,None,None,1,234.29999995231628,1
1628388019.4,-87.67171744,41.88187598,76,675,629,174270,76,9840,None,None,None,None,None,None,None,None,None,None,LTE+Sub6,LTE+5GS_LTE,0,None,None,1,234.70000004768372,1
1628388019.5,-87.67171793,41.88188191,76,675,None,None,76,5330,76,9840,None,None,None,None,None,None,None,None,LTE,LTE+LTE,0,None,None,1,234.70000004768372,0
1628388021.0,-87.67172072,41.88197841,76,675,None,None,76,5330,76,9840,None,None,None,None,None,None,None,None,LTE,LTE+LTE,0,None,None,1,236.29999995231628,0
1628388021.1,-87.67172063,41.88198535,76,675,629,174270,76,9840,None,None,None,None,None,None,None,None,None,None,LTE+Sub6,LTE+5GS_LTE,0,None,None,1,236.29999995231628,1
1628388021.3,-87.67172054,41.88199658,76,675,629,174270,76,9840,None,None,None,None,None,None,None,None,None,None,LTE+Sub6,LTE+5GS_LTE,0,None,None,1,236.60000014305115,1
1628388021.4,-87.6717205,41.88200216,76,675,None,None,76,5330,76,9840,None,None,None,None,None,None,None,None,LTE,LTE+LTE,0,None,None,1,236.60000014305115,0
1628388022.6,-87.67171999,41.88206912,76,675,None,None,76,5330,76,9840,None,None,None,None,None,None,None,None,LTE,LTE+LTE,0,None,None,1,237.90000009536743,0
1628388022.7,-87.67171996,41.88207414,76,675,629,174270,76,9840,None,None,None,None,None,None,None,None,None,None,LTE+Sub6,LTE+5GS_LTE,0,None,None,1,237.90000009536743,1
1628388023.0,-87.67171983,41.88209088,76,675,629,174270,76,9840,None,None,None,None,None,None,None,None,None,None,LTE+Sub6,LTE+5GS_LTE,0,None,None,1,238.29999995231628,1
1628388023.1,-87.67171978,41.88209702,76,675,None,None,76,5330,76,9840,None,None,None,None,None,None,None,None,LTE,LTE+LTE,0,None,None,1,238.29999995231628,0
1628388023.6,-87.67171973,41.88211438,76,675,None,None,76,5330,76,9840,None,None,None,None,None,None,None,None,LTE,LTE+LTE,0,None,None,1,238.90000009536743,0
1628388023.7,-87.67171972,41.88211747,76,675,629,174270,76,9840,None,None,None,None,None,None,None,None,None,None,LTE+Sub6,LTE+5GS_LTE,0,None,None,1,238.90000009536743,1
1628388023.9,-87.6717197,41.88212467,76,675,629,174270,76,9840,None,None,None,None,None,None,None,None,None,None,LTE+Sub6,LTE+5GS_LTE,0,None,None,1,239.20000004768372,1
1628388024.0,-87.67171969,41.88212776,76,675,None,None,76,5330,76,9840,None,None,None,None,None,None,None,None,LTE,LTE+LTE,0,None,None,1,239.20000004768372,0
1628388024.3,-87.671721,41.88213582,76,675,None,None,76,5330,76,9840,None,None,None,None,None,None,None,None,LTE,LTE+LTE,0,None,None,1,239.60000014305115,0
1628388024.4,-87.6717217,41.8821379,76,675,629,174270,76,9840,None,None,None,None,None,None,None,None,None,None,LTE+Sub6,LTE+5GS_LTE,0,None,None,1,239.60000014305115,1
1628388024.6,-87.6717231,41.88214205,76,675,629,174270,76,9840,None,None,None,None,None,None,None,None,None,None,LTE+Sub6,LTE+5GS_LTE,0,None,None,1,239.90000009536743,1
1628388024.7,-87.67172372,41.88214392,76,675,None,None,76,5330,76,9840,None,None,None,None,None,None,None,None,LTE,LTE+LTE,0,None,None,1,239.90000009536743,0
1628388024.9,-87.67172519,41.88214828,76,675,None,None,76,5330,76,9840,None,None,None,None,None,None,None,None,LTE,LTE+LTE,0,None,None,1,240.20000004768372,0
1628388025.0,-87.67172581,41.88215015,76,675,629,174270,76,9840,None,None,None,None,None,None,None,None,None,None,LTE+Sub6,LTE+5GS_LTE,0,None,None,1,240.20000004768372,1
1628388025.3,-87.67172701,41.88215446,76,675,629,174270,76,9840,None,None,None,None,None,None,None,None,None,None,LTE+Sub6,LTE+5GS_LTE,0,None,None,1,240.60000014305115,1
1628388025.4,-87.67172712,41.88215525,76,675,None,None,76,5330,76,9840,None,None,None,None,None,None,None,None,LTE,LTE+LTE,0,None,None,1,240.60000014305115,0
1628388025.9,-87.67172763,41.88215922,76,675,None,None,76,5330,76,9840,None,None,None,None,None,None,None,None,LTE,LTE+LTE,0,None,None,1,241.20000004768372,0
1628388026.0,-87.67172772,41.88215994,76,675,629,174270,76,9840,None,None,None,None,None,None,None,None,None,None,LTE+Sub6,LTE+5GS_LTE,0,None,None,1,241.20000004768372,1
1628388026.3,-87.67172783,41.88216239,76,675,629,174270,76,9840,None,None,None,None,None,None,None,None,None,None,LTE+Sub6,LTE+5GS_LTE,0,None,None,1,241.60000014305115,1
1628388026.4,-87.67172781,41.88216318,76,675,None,None,76,5330,76,9840,None,None,None,None,None,None,None,None,LTE,LTE+LTE,0,None,None,1,241.60000014305115,0
1628388026.6,-87.67172777,41.88216475,76,675,None,None,76,5330,76,9840,None,None,None,None,None,None,None,None,LTE,LTE+LTE,0,None,None,1,241.90000009536743,0
1628388026.7,-87.67172775,41.88216546,76,675,629,174270,76,9840,None,None,None,None,None,None,None,None,None,None,LTE+Sub6,LTE+5GS_LTE,0,None,None,1,241.90000009536743,1
1628388027.0,-87.67172768,41.88216782,76,675,629,174270,76,9840,None,None,None,None,None,None,None,None,None,None,LTE+Sub6,LTE+5GS_LTE,0,None,None,1,242.29999995231628,1
1628388027.1,-87.67172765,41.88216868,76,675,None,None,76,5330,76,9840,None,None,None,None,None,None,None,None,LTE,LTE+LTE,0,None,None,1,242.29999995231628,0
1628388027.3,-87.67172765,41.88216874,76,675,None,None,76,5330,76,9840,None,None,None,None,None,None,None,None,LTE,LTE+LTE,0,None,None,1,242.60000014305115,0
1628388027.4,-87.67172764,41.88216873,76,675,629,174270,76,9840,None,None,None,None,None,None,None,None,None,None,LTE+Sub6,LTE+5GS_LTE,0,None,None,1,242.60000014305115,1
1628388027.6,-87.67172764,41.88216872,76,675,629,174270,76,9840,None,None,None,None,None,None,None,None,None,None,LTE+Sub6,LTE+5GS_LTE,0,None,None,1,242.90000009536743,1
1628388027.7,-87.67172764,41.88216871,76,675,None,None,76,5330,76,9840,None,None,None,None,None,None,None,None,LTE,LTE+LTE,0,None,None,1,242.90000009536743,0
1628388028.0,-87.67172763,41.88216868,76,675,None,None,76,5330,76,9840,None,None,None,None,None,None,None,None,LTE,LTE+LTE,0,None,None,1,243.29999995231628,0
1628388028.1,-87.67172763,41.88216867,76,675,629,174270,76,9840,None,None,None,None,None,None,None,None,None,None,LTE+Sub6,LTE+5GS_LTE,0,None,None,1,243.29999995231628,1
1628388028.3,-87.67172763,41.88216867,76,675,629,174270,76,9840,None,None,None,None,None,None,None,None,None,None,LTE+Sub6,LTE+5GS_LTE,0,None,None,1,243.60000014305115,1
1628388028.4,-87.67172763,41.88216867,76,675,None,None,76,5330,76,9840,None,None,None,None,None,None,None,None,LTE,LTE+LTE,0,None,None,1,243.60000014305115,0
1628388028.9,-87.67172763,41.88216867,76,675,None,None,76,5330,76,9840,None,None,None,None,None,None,None,None,LTE,LTE+LTE,0,None,None,1,244.20000004768372,0
1628388029.0,-87.67172763,41.88216867,76,675,629,174270,76,9840,None,None,None,None,None,None,None,None,None,None,LTE+Sub6,LTE+5GS_LTE,0,None,None,1,244.20000004768372,1
1628388029.3,-87.67172763,41.88216867,76,675,629,174270,76,9840,None,None,None,None,None,None,None,None,None,None,LTE+Sub6,LTE+5GS_LTE,0,None,None,1,244.60000014305115,1
1628388029.4,-87.67172763,41.88216867,76,675,None,None,76,5330,76,9840,None,None,None,None,None,None,None,None,LTE,LTE+LTE,0,None,None,1,244.60000014305115,0
1628388029.9,-87.67172763,41.88216867,76,675,None,None,76,5330,76,9840,None,None,None,None,None,None,None,None,LTE,LTE+LTE,0,None,None,1,245.20000004768372,0
1628388030.0,-87.67172763,41.88216867,76,675,629,174270,76,9840,None,None,None,None,None,None,None,None,None,None,LTE+Sub6,LTE+5GS_LTE,0,None,None,1,245.20000004768372,1
1628388030.2,-87.67172763,41.88216867,76,675,629,174270,76,9840,None,None,None,None,None,None,None,None,None,None,LTE+Sub6,LTE+5GS_LTE,0,None,None,1,245.5,1
1628388030.3,-87.67172763,41.88216867,76,675,None,None,76,5330,76,9840,None,None,None,None,None,None,None,None,LTE,LTE+LTE,0,None,None,1,245.5,0
1628388033.4,-87.67172763,41.88216867,76,675,None,None,76,5330,76,9840,None,None,None,None,None,None,None,None,LTE,LTE+LTE,0,None,None,1,248.70000004768372,0
1628388033.5,-87.67172763,41.88216867,76,675,629,174270,76,9840,None,None,None,None,None,None,None,None,None,None,LTE+Sub6,LTE+5GS_LTE,0,None,None,1,248.70000004768372,1
1628388033.7,-87.67172763,41.88216867,76,675,629,174270,76,9840,None,None,None,None,None,None,None,None,None,None,LTE+Sub6,LTE+5GS_LTE,0,None,None,1,249.0,1
1628388033.8,-87.67172763,41.88216867,76,675,None,None,76,5330,76,9840,None,None,None,None,None,None,None,None,LTE,LTE+LTE,0,None,None,1,249.0,0
1628388034.1,-87.67172763,41.88216867,76,675,None,None,76,5330,76,9840,None,None,None,None,None,None,None,None,LTE,LTE+LTE,0,None,None,1,249.40000009536743,0
1628388034.2,-87.67172763,41.88216867,76,675,629,174270,76,9840,None,None,None,None,None,None,None,None,None,None,LTE+Sub6,LTE+5GS_LTE,0,None,None,1,249.40000009536743,1
1628388034.4,-87.67172763,41.88216867,76,675,629,174270,76,9840,None,None,None,None,None,None,None,None,None,None,LTE+Sub6,LTE+5GS_LTE,0,None,None,1,249.70000004768372,1
1628388034.5,-87.67172763,41.88216867,76,675,None,None,76,5330,76,9840,None,None,None,None,None,None,None,None,LTE,LTE+LTE,0,None,None,1,249.70000004768372,0
1628388035.0,-87.67172763,41.88216867,76,675,None,None,76,5330,76,9840,None,None,None,None,None,None,None,None,LTE,LTE+LTE,0,None,None,1,250.29999995231628,0
1628388035.1,-87.67172763,41.88216867,76,675,629,174270,76,9840,None,None,None,None,None,None,None,None,None,None,LTE+Sub6,LTE+5GS_LTE,0,None,None,1,250.29999995231628,1
1628388035.4,-87.67172763,41.88216867,76,675,629,174270,76,9840,None,None,None,None,None,None,None,None,None,None,LTE+Sub6,LTE+5GS_LTE,0,None,None,1,250.70000004768372,1
1628388035.5,-87.67172763,41.88216867,76,675,None,None,76,5330,76,9840,None,None,None,None,None,None,None,None,LTE,LTE+LTE,0,None,None,1,250.70000004768372,0
1628388036.7,-87.67172691,41.88216902,76,675,None,None,76,5330,76,9840,None,None,None,None,None,None,None,None,LTE,LTE+LTE,0,None,None,1,252.0,0
1628388036.8,-87.67172678,41.88216908,76,675,629,174270,76,9840,None,None,None,None,None,None,None,None,None,None,LTE+Sub6,LTE+5GS_LTE,0,None,None,1,252.0,1
1628388037.0,-87.67172653,41.8821692,76,675,629,174270,76,9840,None,None,None,None,None,None,None,None,None,None,LTE+Sub6,LTE+5GS_LTE,0,None,None,1,252.29999995231628,1
1628388037.1,-87.67172639,41.88216926,76,675,None,None,76,5330,76,9840,None,None,None,None,None,None,None,None,LTE,LTE+LTE,0,None,None,1,252.29999995231628,0
1628388037.4,-87.67172683,41.88217467,76,675,None,None,76,5330,76,9840,None,None,None,None,None,None,None,None,LTE,LTE+LTE,0,None,None,1,252.70000004768372,0
1628388037.5,-87.67172697,41.88217635,76,675,629,174270,76,9840,None,None,None,None,None,None,None,None,None,None,LTE+Sub6,LTE+5GS_LTE,0,None,None,1,252.70000004768372,1
1628388037.7,-87.67172728,41.88218008,76,675,629,174270,76,9840,None,None,None,None,None,None,None,None,None,None,LTE+Sub6,LTE+5GS_LTE,0,None,None,1,253.0,1
1628388037.8,-87.67172743,41.88218194,76,675,None,None,76,5330,76,9840,None,None,None,None,None,None,None,None,LTE,LTE+LTE,0,None,None,1,253.0,0
1628388038.0,-87.67172774,41.88218567,76,675,None,None,76,5330,76,9840,None,None,None,None,None,None,None,None,LTE,LTE+LTE,0,None,None,1,253.29999995231628,0
1628388038.1,-87.67172791,41.88218772,76,675,629,174270,76,9840,None,None,None,None,None,None,None,None,None,None,LTE+Sub6,LTE+5GS_LTE,0,None,None,1,253.29999995231628,1
1628388038.4,-87.67172885,41.88219795,76,675,629,174270,76,9840,None,None,None,None,None,None,None,None,None,None,LTE+Sub6,LTE+5GS_LTE,0,None,None,1,253.70000004768372,1
1628388038.5,-87.67172915,41.88220124,76,675,None,None,76,5330,76,9840,None,None,None,None,None,None,None,None,LTE,LTE+LTE,0,None,None,1,253.70000004768372,0
1628388038.7,-87.67172982,41.88220854,76,675,None,None,76,5330,76,9840,None,None,None,None,None,None,None,None,LTE,LTE+LTE,0,None,None,1,254.0,0
1628388038.8,-87.67173016,41.8822122,76,675,629,174270,76,9840,None,None,None,None,None,None,None,None,None,None,LTE+Sub6,LTE+5GS_LTE,0,None,None,1,254.0,1
1628388039.0,-87.67173083,41.8822195,76,675,629,174270,76,9840,None,None,None,None,None,None,None,None,None,None,LTE+Sub6,LTE+5GS_LTE,0,None,None,1,254.29999995231628,1
1628388039.1,-87.6717312,41.88222352,76,675,None,None,76,5330,76,9840,None,None,None,None,None,None,None,None,LTE,LTE+LTE,0,None,None,1,254.29999995231628,0
1628388039.7,-87.67173495,41.88225123,76,675,None,None,76,5330,76,9840,None,None,None,None,None,None,None,None,LTE,LTE+LTE,0,None,None,1,255.0,0
1628388039.8,-87.67173559,41.88225596,76,675,629,174270,76,9840,None,None,None,None,None,None,None,None,None,None,LTE+Sub6,LTE+5GS_LTE,0,None,None,1,255.0,1
1628388040.0,-87.67173688,41.88226543,76,675,629,174270,76,9840,None,None,None,None,None,None,None,None,None,None,LTE+Sub6,LTE+5GS_LTE,0,None,None,1,255.29999995231628,1
1628388040.1,-87.67173759,41.88227063,76,675,None,None,76,5330,76,9840,None,None,None,None,None,None,None,None,LTE,LTE+LTE,0,None,None,1,255.29999995231628,0
1628388041.5,-87.6717394,41.88235157,76,675,None,None,76,5330,76,9840,None,None,None,None,None,None,None,None,LTE,LTE+LTE,0,None,None,1,256.7999999523163,0
1628388041.6,-87.67173932,41.882359,76,675,629,174270,76,9840,None,None,None,None,None,None,None,None,None,None,LTE+Sub6,LTE+5GS_LTE,0,None,None,1,256.7999999523163,1
1628388041.8,-87.67173918,41.88237183,76,675,629,174270,76,9840,None,None,None,None,None,None,None,None,None,None,LTE+Sub6,LTE+5GS_LTE,0,None,None,1,257.10000014305115,1
1628388041.9,-87.67173909,41.88237926,76,675,None,None,76,5330,76,9840,None,None,None,None,None,None,None,None,LTE,LTE+LTE,0,None,None,1,257.10000014305115,0
1628388043.9,-87.6717417,41.88253164,76,675,None,None,76,5330,76,9840,None,None,None,None,None,None,None,None,LTE,LTE+LTE,0,None,None,1,259.2000000476837,0
1628388044.0,-87.67174184,41.88253859,76,675,629,174270,76,9840,None,None,None,None,None,None,None,None,None,None,LTE+Sub6,LTE+5GS_LTE,0,None,None,1,259.2000000476837,1
1628388044.2,-87.67174213,41.88255447,76,675,629,174270,76,9840,None,None,None,None,None,None,None,None,None,None,LTE+Sub6,LTE+5GS_LTE,0,None,None,1,259.5,1
1628388044.3,-87.67174229,41.88256358,76,675,None,None,76,5330,76,9840,None,None,None,None,None,None,None,None,LTE,LTE+LTE,0,None,None,1,259.5,0
1628388044.6,-87.67174272,41.88258841,76,675,None,None,76,5330,76,9840,None,None,None,None,None,None,None,None,LTE,LTE+LTE,0,None,None,1,259.90000009536743,0
1628388044.7,-87.67174285,41.88259586,76,675,629,174270,76,9840,None,None,None,None,None,None,None,None,None,None,LTE+Sub6,LTE+5GS_LTE,0,None,None,1,259.90000009536743,1
1628388044.9,-87.67174315,41.88261325,76,675,629,174270,76,9840,None,None,None,None,None,None,None,None,None,None,LTE+Sub6,LTE+5GS_LTE,0,None,None,1,260.2000000476837,1
1628388045.0,-87.67174327,41.8826207,76,675,None,None,76,5330,76,9840,None,None,None,None,None,None,None,None,LTE,LTE+LTE,0,None,None,1,260.2000000476837,0
1628388045.2,-87.67174376,41.88263633,76,675,None,None,76,5330,76,9840,None,None,None,None,None,None,None,None,LTE,LTE+LTE,0,None,None,1,260.5,0
1628388045.3,-87.67174432,41.88264526,76,675,629,174270,76,9840,None,None,None,None,None,None,None,None,None,None,LTE+Sub6,LTE+5GS_LTE,0,None,None,1,260.5,1
1628388045.6,-87.67174582,41.88266962,76,675,629,174270,76,9840,None,None,None,None,None,None,None,None,None,None,LTE+Sub6,LTE+5GS_LTE,0,None,None,1,260.90000009536743,1
1628388045.7,-87.67174628,41.88267692,76,675,None,None,76,5330,76,9840,None,None,None,None,None,None,None,None,LTE,LTE+LTE,0,None,None,1,260.90000009536743,0
1628388046.2,-87.67174859,41.88271725,76,675,None,None,76,5330,76,9840,None,None,None,None,None,None,None,None,LTE,LTE+LTE,0,None,None,1,261.5,0
1628388046.3,-87.67174887,41.88272582,76,675,629,174270,76,9840,None,None,None,None,None,None,None,None,None,None,LTE+Sub6,LTE+5GS_LTE,0,None,None,1,261.5,1
1628388046.6,-87.67174963,41.88274918,76,675,629,174270,76,9840,None,None,None,None,None,None,None,None,None,None,LTE+Sub6,LTE+5GS_LTE,0,None,None,1,261.90000009536743,1
1628388046.7,-87.67174986,41.88275619,76,675,None,None,76,5330,76,9840,None,None,None,None,None,None,None,None,LTE,LTE+LTE,0,None,None,1,261.90000009536743,0
1628388047.2,-87.67175105,41.88279432,76,675,None,None,76,5330,76,9840,None,None,None,None,None,None,None,None,LTE,LTE+LTE,0,None,None,1,262.5,0
1628388047.3,-87.67175122,41.88280282,76,675,629,174270,76,9840,None,None,None,None,None,None,None,None,None,None,LTE+Sub6,LTE+5GS_LTE,0,None,None,1,262.5,1
1628388047.5,-87.67175152,41.88281751,76,675,629,174270,76,9840,None,None,None,None,None,None,None,None,None,None,LTE+Sub6,LTE+5GS_LTE,0,None,None,1,262.7999999523163,1
1628388047.6,-87.6717517,41.88282602,76,675,None,None,76,5330,76,9840,None,None,None,None,None,None,None,None,LTE,LTE+LTE,0,None,None,1,262.7999999523163,0
1628388047.9,-87.67175218,41.88284921,76,675,None,None,76,5330,76,9840,None,None,None,None,None,None,None,None,LTE,LTE+LTE,0,None,None,1,263.2000000476837,0
1628388048.0,-87.67175232,41.88285617,76,675,629,174270,76,9840,None,None,None,None,None,None,None,None,None,None,LTE+Sub6,LTE+5GS_LTE,0,None,None,1,263.2000000476837,1
1628388048.2,-87.67175286,41.88287145,76,675,629,174270,76,9840,None,None,None,None,None,None,None,None,None,None,LTE+Sub6,LTE+5GS_LTE,0,None,None,1,263.5,1
1628388048.3,-87.67175339,41.88287968,76,675,None,None,76,5330,76,9840,None,None,None,None,None,None,None,None,LTE,LTE+LTE,0,None,None,1,263.5,0
1628388051.5,-87.67176273,41.88306967,76,675,None,None,76,5330,76,9840,None,None,None,None,None,None,None,None,LTE,LTE+LTE,0,None,None,1,266.7999999523163,0
1628388051.6,-87.67176307,41.88307387,76,675,629,174270,76,9840,None,None,None,None,None,None,None,None,None,None,LTE+Sub6,LTE+5GS_LTE,0,None,None,1,266.7999999523163,1
1628388051.9,-87.67176401,41.88308534,76,675,629,174270,76,9840,None,None,None,None,None,None,None,None,None,None,LTE+Sub6,LTE+5GS_LTE,0,None,None,1,267.2000000476837,1
1628388052.0,-87.67176429,41.88308878,76,675,None,None,76,5330,76,9840,None,None,None,None,None,None,None,None,LTE,LTE+LTE,0,None,None,1,267.2000000476837,0
1628388055.6,-87.67189513,41.88320029,76,675,None,None,76,5330,76,9840,None,None,None,None,None,None,None,None,LTE,LTE+LTE,0,None,None,1,270.90000009536743,0
1628388055.7,-87.67190083,41.88320136,76,675,629,174270,76,9840,None,None,None,None,None,None,None,None,None,None,LTE+Sub6,LTE+5GS_LTE,0,None,None,1,270.90000009536743,1
1628388055.9,-87.67191413,41.88320385,76,675,629,174270,76,9840,None,None,None,None,None,None,None,None,None,None,LTE+Sub6,LTE+5GS_LTE,0,None,None,1,271.2000000476837,1
1628388056.0,-87.67191983,41.88320492,76,675,None,None,76,5330,76,9840,None,None,None,None,None,None,None,None,LTE,LTE+LTE,0,None,None,1,271.2000000476837,0
1628388056.9,-87.67198949,41.88321207,76,675,None,None,76,5330,76,9840,None,None,None,None,None,None,None,None,LTE,LTE+LTE,0,None,None,1,272.2000000476837,0
1628388057.0,-87.67199665,41.88321273,76,675,629,174270,76,9840,None,None,None,None,None,None,None,None,None,None,LTE+Sub6,LTE+5GS_LTE,0,None,None,1,272.2000000476837,1
1628388057.3,-87.67202135,41.88321459,76,675,629,174270,76,9840,None,None,None,None,None,None,None,None,None,None,LTE+Sub6,LTE+5GS_LTE,0,None,None,1,272.60000014305115,1
1628388057.4,-87.67202983,41.8832151,76,675,None,None,76,5330,76,9840,None,None,None,None,None,None,None,None,LTE,LTE+LTE,0,None,None,1,272.60000014305115,0
1628388057.6,-87.67204679,41.88321614,76,675,None,None,76,5330,76,9840,None,None,None,None,None,None,None,None,LTE,LTE+LTE,0,None,None,1,272.90000009536743,0
1628388057.7,-87.67205442,41.8832166,76,675,629,174270,76,9840,None,None,None,None,None,None,None,None,None,None,LTE+Sub6,LTE+5GS_LTE,0,None,None,1,272.90000009536743,1
1628388057.9,-87.67207222,41.88321769,76,675,629,174270,76,9840,None,None,None,None,None,None,None,None,None,None,LTE+Sub6,LTE+5GS_LTE,0,None,None,1,273.2000000476837,1
1628388058.0,-87.67207985,41.88321815,76,675,None,None,76,5330,76,9840,None,None,None,None,None,None,None,None,LTE,LTE+LTE,0,None,None,1,273.2000000476837,0
1628388058.9,-87.67216444,41.8832195,76,675,None,None,76,5330,76,9840,None,None,None,None,None,None,None,None,LTE,LTE+LTE,0,None,None,1,274.2000000476837,0
1628388059.0,-87.67217295,41.88321957,76,675,629,174270,76,9840,None,None,None,None,None,None,None,None,None,None,LTE+Sub6,LTE+5GS_LTE,0,None,None,1,274.2000000476837,1
1628388059.3,-87.67220318,41.88321962,76,675,629,174270,76,9840,None,None,None,None,None,None,None,None,None,None,LTE+Sub6,LTE+5GS_LTE,0,None,None,1,274.60000014305115,1
1628388059.4,-87.6722132,41.88321958,76,675,None,None,76,5330,76,9840,None,None,None,None,None,None,None,None,LTE,LTE+LTE,0,None,None,1,274.60000014305115,0
1628388059.9,-87.67226332,41.88321939,76,675,None,None,76,5330,76,9840,None,None,None,None,None,None,None,None,LTE,LTE+LTE,0,None,None,1,275.2000000476837,0
1628388060.0,-87.67227234,41.88321935,76,675,629,174270,76,9840,None,None,None,None,None,None,None,None,None,None,LTE+Sub6,LTE+5GS_LTE,0,None,None,1,275.2000000476837,1
1628388060.2,-87.67229299,41.88321928,76,675,629,174270,76,9840,None,None,None,None,None,None,None,None,None,None,LTE+Sub6,LTE+5GS_LTE,0,None,None,1,275.5,1
1628388060.3,-87.67230512,41.88321925,76,675,None,None,76,5330,76,9840,None,None,None,None,None,None,None,None,LTE,LTE+LTE,0,None,None,1,275.5,0
1628388060.9,-87.67237129,41.88321907,76,675,None,None,76,5330,76,9840,None,None,None,None,None,None,None,None,LTE,LTE+LTE,0,None,None,1,276.2000000476837,0
1628388061.0,-87.67238122,41.88321905,76,675,629,174270,76,9840,None,None,None,None,None,None,None,None,None,None,LTE+Sub6,LTE+5GS_LTE,0,None,None,1,276.2000000476837,1
1628388061.2,-87.6724035,41.88321884,76,675,629,174270,76,9840,None,None,None,None,None,None,None,None,None,None,LTE+Sub6,LTE+5GS_LTE,0,None,None,1,276.5,1
1628388061.3,-87.67241594,41.88321862,76,675,None,None,76,5330,76,9840,None,None,None,None,None,None,None,None,LTE,LTE+LTE,0,None,None,1,276.5,0
1628388062.2,-87.67251726,41.88321677,76,675,None,None,76,5330,76,9840,None,None,None,None,None,None,None,None,LTE,LTE+LTE,0,None,None,1,277.5,0
1628388062.3,-87.67253061,41.88321655,76,675,629,174270,76,9840,None,None,None,None,None,None,None,None,None,None,LTE+Sub6,LTE+5GS_LTE,0,None,None,1,277.5,1
1628388062.6,-87.67256702,41.88321593,76,675,629,174270,76,9840,None,None,None,None,None,None,None,None,None,None,LTE+Sub6,LTE+5GS_LTE,0,None,None,1,277.90000009536743,1
1628388062.7,-87.67257794,41.88321574,76,675,None,None,76,5330,76,9840,None,None,None,None,None,None,None,None,LTE,LTE+LTE,0,None,None,1,277.90000009536743,0
1628388066.5,-87.67306612,41.88321426,76,675,None,None,76,5330,76,9840,None,None,None,None,None,None,None,None,LTE,LTE+LTE,0,None,None,1,281.7999999523163,0
1628388066.6,-87.67307982,41.8832142,76,675,629,174270,76,9840,None,None,None,None,None,None,None,None,None,None,LTE+Sub6,LTE+5GS_LTE,0,None,None,1,281.7999999523163,1
1628388066.9,-87.67311718,41.88321406,76,675,629,174270,76,9840,None,None,None,None,None,None,None,None,None,None,LTE+Sub6,LTE+5GS_LTE,0,None,None,1,282.2000000476837,1
1628388067.0,-87.67312839,41.88321401,76,675,None,None,76,5330,76,9840,None,None,None,None,None,None,None,None,LTE,LTE+LTE,0,None,None,1,282.2000000476837,0
1628388067.7,-87.67322596,41.88321151,76,675,None,None,76,5330,76,9840,None,None,None,None,None,None,None,None,LTE,LTE+LTE,0,None,None,1,283.0,0
1628388067.8,-87.67324054,41.88321102,76,675,629,174270,76,9840,None,None,None,None,None,None,None,None,None,None,LTE+Sub6,LTE+5GS_LTE,0,None,None,1,283.0,1
1628388068.1,-87.67328572,41.8832095,76,675,629,174270,76,9840,None,None,None,None,None,None,None,None,None,None,LTE+Sub6,LTE+5GS_LTE,0,None,None,1,283.40000009536743,1
1628388068.2,-87.673296,41.88320941,76,675,None,None,76,5330,76,9840,None,None,None,None,None,None,None,None,LTE,LTE+LTE,0,None,None,1,283.40000009536743,0
1628388068.4,-87.67332297,41.88320919,76,675,None,None,76,5330,76,9840,None,None,None,None,None,None,None,None,LTE,LTE+LTE,0,None,None,1,283.7000000476837,0
1628388068.5,-87.67333453,41.88320909,76,675,629,174270,76,9840,None,None,None,None,None,None,None,None,None,None,LTE+Sub6,LTE+5GS_LTE,0,None,None,1,283.7000000476837,1
1628388068.7,-87.67336022,41.88320887,76,675,629,174270,76,9840,None,None,None,None,None,None,None,None,None,None,LTE+Sub6,LTE+5GS_LTE,0,None,None,1,284.0,1
1628388068.8,-87.67337307,41.88320877,76,675,None,None,76,5330,76,9840,None,None,None,None,None,None,None,None,LTE,LTE+LTE,0,None,None,1,284.0,0
1628388069.4,-87.67345105,41.88320796,76,675,None,None,76,5330,76,9840,None,None,None,None,None,None,None,None,LTE,LTE+LTE,0,None,None,1,284.7000000476837,0
1628388069.5,-87.67346291,41.88320781,76,675,629,174270,76,9840,None,None,None,None,None,None,None,None,None,None,LTE+Sub6,LTE+5GS_LTE,0,None,None,1,284.7000000476837,1
1628388069.7,-87.67348925,41.88320749,76,675,629,174270,76,9840,None,None,None,None,None,None,None,None,None,None,LTE+Sub6,LTE+5GS_LTE,0,None,None,1,285.0,1
1628388069.8,-87.67350242,41.88320732,76,675,None,None,76,5330,76,9840,None,None,None,None,None,None,None,None,LTE,LTE+LTE,0,None,None,1,285.0,0
1628388070.3,-87.67356815,41.88320657,76,675,None,None,76,5330,76,9840,None,None,None,None,None,None,None,None,LTE,LTE+LTE,0,None,None,1,285.60000014305115,0
1628388070.4,-87.67358125,41.88320644,76,675,629,174270,76,9840,None,None,None,None,None,None,None,None,None,None,LTE+Sub6,LTE+5GS_LTE,0,None,None,1,285.60000014305115,1
1628388070.7,-87.67361923,41.88320607,76,675,629,174270,76,9840,None,None,None,None,None,None,None,None,None,None,LTE+Sub6,LTE+5GS_LTE,0,None,None,1,286.0,1
1628388070.8,-87.67363233,41.88320595,76,675,None,None,76,5330,76,9840,None,None,None,None,None,None,None,None,LTE,LTE+LTE,0,None,None,1,286.0,0
1628388071.0,-87.67365852,41.8832057,76,675,None,None,76,5330,76,9840,None,None,None,None,None,None,None,None,LTE,LTE+LTE,0,None,None,1,286.2999999523163,0
1628388071.1,-87.67367293,41.88320556,76,675,629,174270,76,9840,None,None,None,None,None,None,None,None,None,None,LTE+Sub6,LTE+5GS_LTE,0,None,None,1,286.2999999523163,1
1628388071.4,-87.67371167,41.88320458,76,675,629,174270,76,9840,None,None,None,None,None,None,None,None,None,None,LTE+Sub6,LTE+5GS_LTE,0,None,None,1,286.7000000476837,1
1628388071.5,-87.67372372,41.88320425,76,675,None,None,76,5330,76,9840,None,None,None,None,None,None,None,None,LTE,LTE+LTE,0,None,None,1,286.7000000476837,0
1628388071.7,-87.6737505,41.88320352,76,675,None,None,76,5330,76,9840,None,None,None,None,None,None,None,None,LTE,LTE+LTE,0,None,None,1,287.0,0
1628388071.8,-87.67376389,41.88320316,76,675,629,174270,76,9840,None,None,None,None,None,None,None,None,None,None,LTE+Sub6,LTE+5GS_LTE,0,None,None,1,287.0,1
1628388072.1,-87.67380539,41.88320203,76,675,629,174270,76,9840,None,None,None,None,None,None,None,None,None,None,LTE+Sub6,LTE+5GS_LTE,0,None,None,1,287.40000009536743,1
1628388072.2,-87.67381714,41.88320182,76,675,None,None,76,5330,76,9840,None,None,None,None,None,None,None,None,LTE,LTE+LTE,0,None,None,1,287.40000009536743,0
1628388072.4,-87.67384433,41.88320142,76,675,None,None,76,5330,76,9840,None,None,None,None,None,None,None,None,LTE,LTE+LTE,0,None,None,1,287.7000000476837,0
1628388072.5,-87.67385599,41.88320124,76,675,629,174270,76,9840,None,None,None,None,None,None,None,None,None,None,LTE+Sub6,LTE+5GS_LTE,0,None,None,1,287.7000000476837,1
1628388072.8,-87.67389484,41.88320066,76,675,629,174270,76,9840,None,None,None,None,None,None,None,None,None,None,LTE+Sub6,LTE+5GS_LTE,0,None,None,1,288.10000014305115,1
1628388072.9,-87.67390909,41.88320045,76,675,None,None,76,5330,76,9840,None,None,None,None,None,None,None,None,LTE,LTE+LTE,0,None,None,1,288.10000014305115,0
1628388073.1,-87.67393499,41.88320006,76,675,None,None,76,5330,76,9840,None,None,None,None,None,None,None,None,LTE,LTE+LTE,0,None,None,1,288.40000009536743,0
1628388073.2,-87.67394539,41.88319993,76,675,629,174270,76,9840,None,None,None,None,None,None,None,None,None,None,LTE+Sub6,LTE+5GS_LTE,0,None,None,1,288.40000009536743,1
1628388073.5,-87.67398446,41.88319949,76,675,629,174270,76,9840,None,None,None,None,None,None,None,None,None,None,LTE+Sub6,LTE+5GS_LTE,0,None,None,1,288.7999999523163,1
1628388073.6,-87.67399879,41.88319932,76,675,None,None,76,5330,76,9840,None,None,None,None,None,None,None,None,LTE,LTE+LTE,0,None,None,1,288.7999999523163,0
1628388073.8,-87.67402353,41.88319904,76,675,None,None,76,5330,76,9840,None,None,None,None,None,None,None,None,LTE,LTE+LTE,0,None,None,1,289.10000014305115,0
1628388073.9,-87.67403786,41.88319888,76,675,629,174270,76,9840,None,None,None,None,None,None,None,None,None,None,LTE+Sub6,LTE+5GS_LTE,0,None,None,1,289.10000014305115,1
1628388127.5,-87.6766487,41.88143167,76,675,629,174270,76,9840,None,None,None,None,None,None,None,None,None,None,LTE+Sub6,LTE+5GS_LTE,0,None,None,1,342.7999999523163,1
1628388127.6,-87.67664867,41.88143174,76,675,None,None,76,5330,76,9840,None,None,None,None,None,None,None,None,LTE,LTE+LTE,0,None,None,1,342.7999999523163,0
1628388128.1,-87.67664857,41.88143206,76,675,None,None,76,5330,76,9840,None,None,None,None,None,None,None,None,LTE,LTE+LTE,0,None,None,1,343.40000009536743,0
1628388128.2,-87.67664856,41.88143209,76,675,629,174270,76,9840,None,None,None,None,None,None,None,None,None,None,LTE+Sub6,LTE+5GS_LTE,0,None,None,1,343.40000009536743,1
1628388128.5,-87.67664855,41.88143208,76,675,629,174270,76,9840,None,None,None,None,None,None,None,None,None,None,LTE+Sub6,LTE+5GS_LTE,0,None,None,1,343.7999999523163,1
1628388128.6,-87.67664855,41.88143208,76,675,None,None,76,5330,76,9840,None,None,None,None,None,None,None,None,LTE,LTE+LTE,0,None,None,1,343.7999999523163,0
1628388128.8,-87.67664855,41.88143208,76,675,None,None,76,5330,76,9840,None,None,None,None,None,None,None,None,LTE,LTE+LTE,0,None,None,1,344.10000014305115,0
1628388128.9,-87.67664854,41.88143207,76,675,629,174270,76,9840,None,None,None,None,None,None,None,None,None,None,LTE+Sub6,LTE+5GS_LTE,0,None,None,1,344.10000014305115,1
1628388129.2,-87.67664854,41.88143207,76,675,629,174270,76,9840,None,None,None,None,None,None,None,None,None,None,LTE+Sub6,LTE+5GS_LTE,0,None,None,1,344.5,1
1628388129.3,-87.67664854,41.88143207,76,675,None,None,76,5330,76,9840,None,None,None,None,None,None,None,None,LTE,LTE+LTE,0,None,None,1,344.5,0
1628388129.5,-87.67664854,41.88143207,76,675,None,None,76,5330,76,9840,None,None,None,None,None,None,None,None,LTE,LTE+LTE,0,None,None,1,344.7999999523163,0
1628388129.6,-87.67664854,41.88143207,76,675,629,174270,76,9840,None,None,None,None,None,None,None,None,None,None,LTE+Sub6,LTE+5GS_LTE,0,None,None,1,344.7999999523163,1
1628388129.9,-87.67664854,41.88143207,76,675,629,174270,76,9840,None,None,None,None,None,None,None,None,None,None,LTE+Sub6,LTE+5GS_LTE,0,None,None,1,345.2000000476837,1
1628388130.0,-87.67664854,41.88143207,76,675,None,None,76,5330,76,9840,None,None,None,None,None,None,None,None,LTE,LTE+LTE,0,None,None,1,345.2000000476837,0
1628388130.5,-87.67664854,41.88143207,76,675,None,None,76,5330,76,9840,None,None,None,None,None,None,None,None,LTE,LTE+LTE,0,None,None,1,345.7999999523163,0
1628388130.6,-87.67664854,41.88143207,76,675,629,174270,76,9840,None,None,None,None,None,None,None,None,None,None,LTE+Sub6,LTE+5GS_LTE,0,None,None,1,345.7999999523163,1
1628388130.9,-87.67664854,41.88143207,76,675,629,174270,76,9840,None,None,None,None,None,None,None,None,None,None,LTE+Sub6,LTE+5GS_LTE,0,None,None,1,346.2000000476837,1
1628388131.0,-87.67664854,41.88143207,76,675,None,None,76,5330,76,9840,None,None,None,None,None,None,None,None,LTE,LTE+LTE,0,None,None,1,346.2000000476837,0
1628388131.2,-87.67664854,41.88143207,76,675,None,None,76,5330,76,9840,None,None,None,None,None,None,None,None,LTE,LTE+LTE,0,None,None,1,346.5,0
1628388131.3,-87.67664854,41.88143207,76,675,629,174270,76,9840,None,None,None,None,None,None,None,None,None,None,LTE+Sub6,LTE+5GS_LTE,0,None,None,1,346.5,1
1628388131.6,-87.67664854,41.88143207,76,675,629,174270,76,9840,None,None,None,None,None,None,None,None,None,None,LTE+Sub6,LTE+5GS_LTE,0,None,None,1,346.90000009536743,1
1628388131.7,-87.67664854,41.88143207,76,675,None,None,76,5330,76,9840,None,None,None,None,None,None,None,None,LTE,LTE+LTE,0,None,None,1,346.90000009536743,0
1628388132.0,-87.67664854,41.88143207,76,675,None,None,76,5330,76,9840,None,None,None,None,None,None,None,None,LTE,LTE+LTE,0,None,None,1,347.2999999523163,0
1628388132.1,-87.67664854,41.88143207,76,675,629,174270,76,9840,None,None,None,None,None,None,None,None,None,None,LTE+Sub6,LTE+5GS_LTE,0,None,None,1,347.2999999523163,1
1628388132.4,-87.67664854,41.88143207,76,675,629,174270,76,9840,None,None,None,None,None,None,None,None,None,None,LTE+Sub6,LTE+5GS_LTE,0,None,None,1,347.7000000476837,1
1628388132.5,-87.67664854,41.88143207,76,675,None,None,76,5330,76,9840,None,None,None,None,None,None,None,None,LTE,LTE+LTE,0,None,None,1,347.7000000476837,0
1628388132.7,-87.67664854,41.88143207,76,675,None,None,76,5330,76,9840,None,None,None,None,None,None,None,None,LTE,LTE+LTE,0,None,None,1,348.0,0
1628388132.8,-87.67664854,41.88143207,76,675,629,174270,76,9840,None,None,None,None,None,None,None,None,None,None,LTE+Sub6,LTE+5GS_LTE,0,None,None,1,348.0,1
1628388133.1,-87.67664854,41.88143207,76,675,629,174270,76,9840,None,None,None,None,None,None,None,None,None,None,LTE+Sub6,LTE+5GS_LTE,0,None,None,1,348.40000009536743,1
1628388133.2,-87.67664854,41.88143207,76,675,None,None,76,5330,76,9840,None,None,None,None,None,None,None,None,LTE,LTE+LTE,0,None,None,1,348.40000009536743,0
1628388133.8,-87.67664854,41.88143207,76,675,None,None,76,5330,76,9840,None,None,None,None,None,None,None,None,LTE,LTE+LTE,0,None,None,1,349.10000014305115,0
1628388133.9,-87.67664854,41.88143207,76,675,629,174270,76,9840,None,None,None,None,None,None,None,None,None,None,LTE+Sub6,LTE+5GS_LTE,0,None,None,1,349.10000014305115,1
1628388134.1,-87.67664854,41.88143207,76,675,629,174270,76,9840,None,None,None,None,None,None,None,None,None,None,LTE+Sub6,LTE+5GS_LTE,0,None,None,1,349.40000009536743,1
1628388134.2,-87.67664854,41.88143207,76,675,None,None,76,5330,76,9840,None,None,None,None,None,None,None,None,LTE,LTE+LTE,0,None,None,1,349.40000009536743,0
1628388134.5,-87.67664854,41.88143207,76,675,None,None,76,5330,76,9840,None,None,None,None,None,None,None,None,LTE,LTE+LTE,0,None,None,1,349.7999999523163,0
1628388134.6,-87.67664854,41.88143207,76,675,629,174270,76,9840,None,None,None,None,None,None,None,None,None,None,LTE+Sub6,LTE+5GS_LTE,0,None,None,1,349.7999999523163,1
1628388134.9,-87.67664854,41.88143207,76,675,629,174270,76,9840,None,None,None,None,None,None,None,None,None,None,LTE+Sub6,LTE+5GS_LTE,0,None,None,1,350.2000000476837,1
1628388135.0,-87.67664854,41.88143207,76,675,None,None,76,5330,76,9840,None,None,None,None,None,None,None,None,LTE,LTE+LTE,0,None,None,1,350.2000000476837,0
1628388135.5,-87.67664854,41.88143207,76,675,None,None,76,5330,76,9840,None,None,None,None,None,None,None,None,LTE,LTE+LTE,0,None,None,1,350.7999999523163,0
1628388135.6,-87.67664854,41.88143207,76,675,629,174270,76,9840,None,None,None,None,None,None,None,None,None,None,LTE+Sub6,LTE+5GS_LTE,0,None,None,1,350.7999999523163,1
1628388135.9,-87.67664854,41.88143207,76,675,629,174270,76,9840,None,None,None,None,None,None,None,None,None,None,LTE+Sub6,LTE+5GS_LTE,0,None,None,1,351.2000000476837,1
1628388136.0,-87.67664854,41.88143207,76,675,None,None,76,5330,76,9840,None,None,None,None,None,None,None,None,LTE,LTE+LTE,0,None,None,1,351.2000000476837,0
1628388136.3,-87.67664854,41.88143207,76,675,None,None,76,5330,76,9840,None,None,None,None,None,None,None,None,LTE,LTE+LTE,0,None,None,1,351.60000014305115,0
1628388136.4,-87.67664854,41.88143207,76,675,629,174270,76,9840,None,None,None,None,None,None,None,None,None,None,LTE+Sub6,LTE+5GS_LTE,0,None,None,1,351.60000014305115,1
1628388136.7,-87.67664854,41.88143207,76,675,629,174270,76,9840,None,None,None,None,None,None,None,None,None,None,LTE+Sub6,LTE+5GS_LTE,0,None,None,1,352.0,1
1628388136.8,-87.67664854,41.88143207,76,675,None,None,76,5330,76,9840,None,None,None,None,None,None,None,None,LTE,LTE+LTE,0,None,None,1,352.0,0
1628388137.0,-87.67664854,41.88143207,76,675,None,None,76,5330,76,9840,None,None,None,None,None,None,None,None,LTE,LTE+LTE,0,None,None,1,352.2999999523163,0
1628388137.1,-87.67664854,41.88143207,76,675,629,174270,76,9840,None,None,None,None,None,None,None,None,None,None,LTE+Sub6,LTE+5GS_LTE,0,None,None,1,352.2999999523163,1
1628388137.4,-87.67664854,41.88143207,76,675,629,174270,76,9840,None,None,None,None,None,None,None,None,None,None,LTE+Sub6,LTE+5GS_LTE,0,None,None,1,352.7000000476837,1
1628388137.5,-87.67664854,41.88143207,76,675,None,None,76,5330,76,9840,None,None,None,None,None,None,None,None,LTE,LTE+LTE,0,None,None,1,352.7000000476837,0
1628388137.8,-87.67664854,41.88143207,76,675,None,None,76,5330,76,9840,None,None,None,None,None,None,None,None,LTE,LTE+LTE,0,None,None,1,353.10000014305115,0
1628388137.9,-87.67664854,41.88143207,76,675,629,174270,76,9840,None,None,None,None,None,None,None,None,None,None,LTE+Sub6,LTE+5GS_LTE,0,None,None,1,353.10000014305115,1
1628388138.1,-87.67664854,41.88143207,76,675,629,174270,76,9840,None,None,None,None,None,None,None,None,None,None,LTE+Sub6,LTE+5GS_LTE,0,None,None,1,353.40000009536743,1
1628388138.2,-87.67664854,41.88143207,76,675,None,None,76,5330,76,9840,None,None,None,None,None,None,None,None,LTE,LTE+LTE,0,None,None,1,353.40000009536743,0
1628388138.5,-87.67664854,41.88143207,76,675,None,None,76,5330,76,9840,None,None,None,None,None,None,None,None,LTE,LTE+LTE,0,None,None,1,353.7999999523163,0
1628388138.6,-87.67664854,41.88143207,76,675,629,174270,76,9840,None,None,None,None,None,None,None,None,None,None,LTE+Sub6,LTE+5GS_LTE,0,None,None,1,353.7999999523163,1
1628388138.8,-87.67664854,41.88143207,76,675,629,174270,76,9840,None,None,None,None,None,None,None,None,None,None,LTE+Sub6,LTE+5GS_LTE,0,None,None,1,354.10000014305115,1
1628388138.9,-87.67664854,41.88143207,76,675,None,None,76,5330,76,9840,None,None,None,None,None,None,None,None,LTE,LTE+LTE,0,None,None,1,354.10000014305115,0
1628388139.5,-87.67664854,41.88143207,76,675,None,None,76,5330,76,9840,None,None,None,None,None,None,None,None,LTE,LTE+LTE,0,None,None,1,354.7999999523163,0
1628388139.6,-87.67664854,41.88143207,76,675,629,174270,76,9840,None,None,None,None,None,None,None,None,None,None,LTE+Sub6,LTE+5GS_LTE,0,None,None,1,354.7999999523163,1
1628388139.9,-87.67664854,41.88143207,76,675,629,174270,76,9840,None,None,None,None,None,None,None,None,None,None,LTE+Sub6,LTE+5GS_LTE,0,None,None,1,355.2000000476837,1
1628388140.0,-87.67664854,41.88143207,76,675,None,None,76,5330,76,9840,None,None,None,None,None,None,None,None,LTE,LTE+LTE,0,None,None,1,355.2000000476837,0
1628388140.7,-87.67664854,41.88143207,76,675,None,None,76,5330,76,9840,None,None,None,None,None,None,None,None,LTE,LTE+LTE,0,None,None,1,356.0,0
1628388140.8,-87.67664854,41.88143207,76,675,629,174270,76,9840,None,None,None,None,None,None,None,None,None,None,LTE+Sub6,LTE+5GS_LTE,0,None,None,1,356.0,1
1628388141.1,-87.67664854,41.88143207,76,675,629,174270,76,9840,None,None,None,None,None,None,None,None,None,None,LTE+Sub6,LTE+5GS_LTE,0,None,None,1,356.40000009536743,1
1628388141.2,-87.67664854,41.88143207,76,675,None,None,76,5330,76,9840,None,None,None,None,None,None,None,None,LTE,LTE+LTE,0,None,None,1,356.40000009536743,0
1628388141.4,-87.67664854,41.88143207,76,675,None,None,76,5330,76,9840,None,None,None,None,None,None,None,None,LTE,LTE+LTE,0,None,None,1,356.7000000476837,0
1628388141.5,-87.67664854,41.88143207,76,675,629,174270,76,9840,None,None,None,None,None,None,None,None,None,None,LTE+Sub6,LTE+5GS_LTE,0,None,None,1,356.7000000476837,1
1628388141.8,-87.67664854,41.88143207,76,675,629,174270,76,9840,None,None,None,None,None,None,None,None,None,None,LTE+Sub6,LTE+5GS_LTE,0,None,None,1,357.10000014305115,1
1628388141.9,-87.67664854,41.88143207,76,675,None,None,76,5330,76,9840,None,None,None,None,None,None,None,None,LTE,LTE+LTE,0,None,None,1,357.10000014305115,0
1628388142.4,-87.67664854,41.88143207,76,675,None,None,76,5330,76,9840,None,None,None,None,None,None,None,None,LTE,LTE+LTE,0,None,None,1,357.7000000476837,0
1628388142.5,-87.67664854,41.88143207,76,675,629,174270,76,9840,None,None,None,None,None,None,None,None,None,None,LTE+Sub6,LTE+5GS_LTE,0,None,None,1,357.7000000476837,1
1628388142.7,-87.67664854,41.88143207,76,675,629,174270,76,9840,None,None,None,None,None,None,None,None,None,None,LTE+Sub6,LTE+5GS_LTE,0,None,None,1,358.0,1
1628388142.8,-87.67664854,41.88143207,76,675,None,None,76,5330,76,9840,None,None,None,None,None,None,None,None,LTE,LTE+LTE,0,None,None,1,358.0,0
1628388143.4,-87.67664854,41.88143207,76,675,None,None,76,5330,76,9840,None,None,None,None,None,None,None,None,LTE,LTE+LTE,0,None,None,1,358.7000000476837,0
1628388143.5,-87.67664854,41.88143207,76,675,629,174270,76,9840,None,None,None,None,None,None,None,None,None,None,LTE+Sub6,LTE+5GS_LTE,0,None,None,1,358.7000000476837,1
1628388143.8,-87.67664854,41.88143207,76,675,629,174270,76,9840,None,None,None,None,None,None,None,None,None,None,LTE+Sub6,LTE+5GS_LTE,0,None,None,1,359.10000014305115,1
1628388143.9,-87.67664854,41.88143207,76,675,None,None,76,5330,76,9840,None,None,None,None,None,None,None,None,LTE,LTE+LTE,0,None,None,1,359.10000014305115,0
1628388144.1,-87.67664854,41.88143207,76,675,None,None,76,5330,76,9840,None,None,None,None,None,None,None,None,LTE,LTE+LTE,0,None,None,1,359.40000009536743,0
1628388144.2,-87.67664854,41.88143207,76,675,629,174270,76,9840,None,None,None,None,None,None,None,None,None,None,LTE+Sub6,LTE+5GS_LTE,0,None,None,1,359.40000009536743,1
1628388144.5,-87.67664854,41.88143207,76,675,629,174270,76,9840,None,None,None,None,None,None,None,None,None,None,LTE+Sub6,LTE+5GS_LTE,0,None,None,1,359.7999999523163,1
1628388144.6,-87.67664854,41.88143207,76,675,None,None,76,5330,76,9840,None,None,None,None,None,None,None,None,LTE,LTE+LTE,0,None,None,1,359.7999999523163,0
1628388144.8,-87.67664854,41.88143207,76,675,None,None,76,5330,76,9840,None,None,None,None,None,None,None,None,LTE,LTE+LTE,0,None,None,1,360.10000014305115,0
1628388144.9,-87.67664854,41.88143207,76,675,629,174270,76,9840,None,None,None,None,None,None,None,None,None,None,LTE+Sub6,LTE+5GS_LTE,0,None,None,1,360.10000014305115,1
1628388145.2,-87.67664854,41.88143207,76,675,629,174270,76,9840,None,None,None,None,None,None,None,None,None,None,LTE+Sub6,LTE+5GS_LTE,0,None,None,1,360.5,1
1628388145.3,-87.67664854,41.88143207,76,675,None,None,76,5330,76,9840,None,None,None,None,None,None,None,None,LTE,LTE+LTE,0,None,None,1,360.5,0
1628388145.6,-87.67664854,41.88143207,76,675,None,None,76,5330,76,9840,None,None,None,None,None,None,None,None,LTE,LTE+LTE,0,None,None,1,360.90000009536743,0
1628388145.7,-87.67664854,41.88143207,76,675,629,174270,76,9840,None,None,None,None,None,None,None,None,None,None,LTE+Sub6,LTE+5GS_LTE,0,None,None,1,360.90000009536743,1
1628388145.9,-87.67664854,41.88143207,76,675,629,174270,76,9840,None,None,None,None,None,None,None,None,None,None,LTE+Sub6,LTE+5GS_LTE,0,None,None,1,361.2000000476837,1
1628388146.0,-87.67664854,41.88143207,76,675,None,None,76,5330,76,9840,None,None,None,None,None,None,None,None,LTE,LTE+LTE,0,None,None,1,361.2000000476837,0
1628388146.6,-87.67664854,41.88143207,76,675,None,None,76,5330,76,9840,None,None,None,None,None,None,None,None,LTE,LTE+LTE,0,None,None,1,361.90000009536743,0
1628388146.7,-87.67664854,41.88143207,76,675,629,174270,76,9840,None,None,None,None,None,None,None,None,None,None,LTE+Sub6,LTE+5GS_LTE,0,None,None,1,361.90000009536743,1
1628388146.9,-87.67664854,41.88143207,76,675,629,174270,76,9840,None,None,None,None,None,None,None,None,None,None,LTE+Sub6,LTE+5GS_LTE,0,None,None,1,362.2000000476837,1
1628388147.0,-87.67664854,41.88143207,76,675,None,None,76,5330,76,9840,None,None,None,None,None,None,None,None,LTE,LTE+LTE,0,None,None,1,362.2000000476837,0
1628388147.7,-87.67664854,41.88143207,76,675,None,None,76,5330,76,9840,None,None,None,None,None,None,None,None,LTE,LTE+LTE,0,None,None,1,363.0,0
1628388147.8,-87.67664854,41.88143207,76,675,629,174270,76,9840,None,None,None,None,None,None,None,None,None,None,LTE+Sub6,LTE+5GS_LTE,0,None,None,1,363.0,1
1628388148.1,-87.67664854,41.88143207,76,675,629,174270,76,9840,None,None,None,None,None,None,None,None,None,None,LTE+Sub6,LTE+5GS_LTE,0,None,None,1,363.40000009536743,1
1628388148.2,-87.67664854,41.88143207,76,675,None,None,76,5330,76,9840,None,None,None,None,None,None,None,None,LTE,LTE+LTE,0,None,None,1,363.40000009536743,0
1628388148.8,-87.67664854,41.88143207,76,675,None,None,76,5330,76,9840,None,None,None,None,None,None,None,None,LTE,LTE+LTE,0,None,None,1,364.10000014305115,0
1628388148.9,-87.67664854,41.88143207,76,675,629,174270,76,9840,None,None,None,None,None,None,None,None,None,None,LTE+Sub6,LTE+5GS_LTE,0,None,None,1,364.10000014305115,1
1628388155.0,-87.67664854,41.88143207,76,675,629,174270,76,9840,None,None,None,None,None,None,None,None,None,None,LTE+Sub6,LTE+5GS_LTE,0,None,None,1,370.2999999523163,1
1628388155.1,-87.67664854,41.88143207,None,None,None,None,None,None,None,None,None,None,None,None,None,None,None,None,None,None,0,None,None,1,370.2999999523163,0
1628388155.3,-87.67664854,41.88143207,76,675,None,None,None,None,None,None,None,None,None,None,None,None,None,None,LTE,LTE,0,None,None,1,370.60000014305115,0
1628388155.4,-87.67664854,41.88143207,76,675,629,174270,76,9840,None,None,None,None,None,None,None,None,None,None,LTE+Sub6,LTE+5GS_LTE,0,None,None,1,370.60000014305115,1
1628388155.6,-87.67664854,41.88143207,76,675,629,174270,76,9840,None,None,None,None,None,None,None,None,None,None,LTE+Sub6,LTE+5GS_LTE,0,None,None,1,370.90000009536743,1
1628388155.7,-87.67664854,41.88143207,76,675,None,None,76,5330,76,9840,None,None,None,None,None,None,None,None,LTE,LTE+LTE,0,None,None,1,370.90000009536743,0
1628388156.2,-87.67664854,41.88143207,76,675,None,None,76,5330,76,9840,None,None,None,None,None,None,None,None,LTE,LTE+LTE,0,None,None,1,371.5,0
1628388156.3,-87.67664854,41.88143207,76,675,629,174270,76,9840,None,None,None,None,None,None,None,None,None,None,LTE+Sub6,LTE+5GS_LTE,0,None,None,1,371.5,1
1628388156.6,-87.67664854,41.88143207,76,675,629,174270,76,9840,None,None,None,None,None,None,None,None,None,None,LTE+Sub6,LTE+5GS_LTE,0,None,None,1,371.90000009536743,1
1628388156.7,-87.67664854,41.88143207,76,675,None,None,76,5330,76,9840,None,None,None,None,None,None,None,None,LTE,LTE+LTE,0,None,None,1,371.90000009536743,0
1628388157.3,-87.67664854,41.88143207,76,675,None,None,76,5330,76,9840,None,None,None,None,None,None,None,None,LTE,LTE+LTE,0,None,None,1,372.60000014305115,0
1628388157.4,-87.67664854,41.88143207,76,675,629,174270,76,9840,None,None,None,None,None,None,None,None,None,None,LTE+Sub6,LTE+5GS_LTE,0,None,None,1,372.60000014305115,1
1628388157.7,-87.67664854,41.88143207,76,675,629,174270,76,9840,None,None,None,None,None,None,None,None,None,None,LTE+Sub6,LTE+5GS_LTE,0,None,None,1,373.0,1
1628388157.8,-87.67664854,41.88143207,76,675,None,None,76,5330,76,9840,None,None,None,None,None,None,None,None,LTE,LTE+LTE,0,None,None,1,373.0,0
1628388158.0,-87.67664854,41.88143207,76,675,None,None,76,5330,76,9840,None,None,None,None,None,None,None,None,LTE,LTE+LTE,0,None,None,1,373.2999999523163,0
1628388158.1,-87.67664854,41.88143207,76,675,629,174270,76,9840,None,None,None,None,None,None,None,None,None,None,LTE+Sub6,LTE+5GS_LTE,0,None,None,1,373.2999999523163,1
1628388158.4,-87.67664854,41.88143207,76,675,629,174270,76,9840,None,None,None,None,None,None,None,None,None,None,LTE+Sub6,LTE+5GS_LTE,0,None,None,1,373.7000000476837,1
1628388158.5,-87.67664854,41.88143207,76,675,None,None,76,5330,76,9840,None,None,None,None,None,None,None,None,LTE,LTE+LTE,0,None,None,1,373.7000000476837,0
1628388158.7,-87.67664854,41.88143207,76,675,None,None,76,5330,76,9840,None,None,None,None,None,None,None,None,LTE,LTE+LTE,0,None,None,1,374.0,0
1628388158.8,-87.67664854,41.88143207,76,675,629,174270,76,9840,None,None,None,None,None,None,None,None,None,None,LTE+Sub6,LTE+5GS_LTE,0,None,None,1,374.0,1
1628388159.1,-87.67664854,41.88143207,76,675,629,174270,76,9840,None,None,None,None,None,None,None,None,None,None,LTE+Sub6,LTE+5GS_LTE,0,None,None,1,374.40000009536743,1
1628388159.2,-87.67664973,41.88143148,76,675,None,None,76,5330,76,9840,None,None,None,None,None,None,None,None,LTE,LTE+LTE,0,None,None,1,374.40000009536743,0
1628388159.4,-87.67665284,41.88142992,76,675,None,None,76,5330,76,9840,None,None,None,None,None,None,None,None,LTE,LTE+LTE,0,None,None,1,374.7000000476837,0
1628388159.5,-87.67665417,41.88142926,76,675,629,174270,76,9840,None,None,None,None,None,None,None,None,None,None,LTE+Sub6,LTE+5GS_LTE,0,None,None,1,374.7000000476837,1
1628388159.8,-87.67665862,41.88142704,76,675,629,174270,76,9840,None,None,None,None,None,None,None,None,None,None,LTE+Sub6,LTE+5GS_LTE,0,None,None,1,375.10000014305115,1
1628388159.9,-87.67666025,41.88142622,76,675,None,None,76,5330,76,9840,None,None,None,None,None,None,None,None,LTE,LTE+LTE,0,None,None,1,375.10000014305115,0
1628388160.1,-87.67666321,41.88142474,76,675,None,None,76,5330,76,9840,None,None,None,None,None,None,None,None,LTE,LTE+LTE,0,None,None,1,375.40000009536743,0
1628388160.2,-87.67666292,41.88142323,76,675,629,174270,76,9840,None,None,None,None,None,None,None,None,None,None,LTE+Sub6,LTE+5GS_LTE,0,None,None,1,375.40000009536743,1
1628388160.4,-87.67666159,41.8814189,76,675,629,174270,76,9840,None,None,None,None,None,None,None,None,None,None,LTE+Sub6,LTE+5GS_LTE,0,None,None,1,375.7000000476837,1
1628388160.5,-87.67666102,41.88141704,76,675,None,None,76,5330,76,9840,None,None,None,None,None,None,None,None,LTE,LTE+LTE,0,None,None,1,375.7000000476837,0
1628388160.8,-87.67665913,41.88141085,76,675,None,None,76,5330,76,9840,None,None,None,None,None,None,None,None,LTE,LTE+LTE,0,None,None,1,376.10000014305115,0
1628388160.9,-87.67665843,41.88140858,76,675,629,174270,76,9840,None,None,None,None,None,None,None,None,None,None,LTE+Sub6,LTE+5GS_LTE,0,None,None,1,376.10000014305115,1
1628388161.1,-87.67665717,41.88140446,76,675,629,174270,76,9840,None,None,None,None,None,None,None,None,None,None,LTE+Sub6,LTE+5GS_LTE,0,None,None,1,376.40000009536743,1
1628388161.2,-87.67665619,41.88140225,76,675,None,None,76,5330,76,9840,None,None,None,None,None,None,None,None,LTE,LTE+LTE,0,None,None,1,376.40000009536743,0
1628388161.8,-87.67664669,41.88138314,76,675,None,None,76,5330,76,9840,None,None,None,None,None,None,None,None,LTE,LTE+LTE,0,None,None,1,377.10000014305115,0
1628388161.9,-87.67664495,41.88137964,76,675,629,174270,76,9840,None,None,None,None,None,None,None,None,None,None,LTE+Sub6,LTE+5GS_LTE,0,None,None,1,377.10000014305115,1
1628388193.7,-87.67275417,41.88127722,76,675,629,174270,76,9840,None,None,None,None,None,None,None,None,None,None,LTE+Sub6,LTE+5GS_LTE,0,None,None,1,409.0,1
1628388193.8,-87.67274058,41.88127776,76,675,None,None,76,5330,76,9840,None,None,None,None,None,None,None,None,LTE,LTE+LTE,0,None,None,1,409.0,0
1628388194.3,-87.67266811,41.88128057,76,675,None,None,76,5330,76,9840,None,None,None,None,None,None,None,None,LTE,LTE+LTE,0,None,None,1,409.60000014305115,0
1628388194.4,-87.67265285,41.88128114,76,675,629,174270,76,9840,None,None,None,None,None,None,None,None,None,None,LTE+Sub6,LTE+5GS_LTE,0,None,None,1,409.60000014305115,1
1628388194.7,-87.67260861,41.8812828,76,675,629,174270,76,9840,None,None,None,None,None,None,None,None,None,None,LTE+Sub6,LTE+5GS_LTE,0,None,None,1,410.0,1
1628388194.8,-87.67259335,41.88128338,76,675,None,None,76,5330,76,9840,None,None,None,None,None,None,None,None,LTE,LTE+LTE,0,None,None,1,410.0,0
1628388195.0,-87.67256284,41.88128452,76,675,None,None,76,5330,76,9840,None,None,None,None,None,None,None,None,LTE,LTE+LTE,0,None,None,1,410.2999999523163,0
1628388195.1,-87.67254606,41.88128515,76,675,629,174270,76,9840,None,None,None,None,None,None,None,None,None,None,LTE+Sub6,LTE+5GS_LTE,0,None,None,1,410.2999999523163,1
1628388195.4,-87.67250752,41.8812856,76,675,629,174270,76,9840,None,None,None,None,None,None,None,None,None,None,LTE+Sub6,LTE+5GS_LTE,0,None,None,1,410.7000000476837,1
1628388195.5,-87.67249604,41.88128572,76,675,None,None,76,5330,76,9840,None,None,None,None,None,None,None,None,LTE,LTE+LTE,0,None,None,1,410.7000000476837,0
1628388195.7,-87.67247052,41.88128599,76,675,None,None,76,5330,76,9840,None,None,None,None,None,None,None,None,LTE,LTE+LTE,0,None,None,1,411.0,0
1628388195.8,-87.67245776,41.88128613,76,675,629,174270,76,9840,None,None,None,None,None,None,None,None,None,None,LTE+Sub6,LTE+5GS_LTE,0,None,None,1,411.0,1
1628388198.2,-87.67216145,41.88129006,76,675,629,174270,76,9840,None,None,None,None,None,None,None,None,None,None,LTE+Sub6,LTE+5GS_LTE,0,None,None,1,413.5,1
1628388198.3,-87.67214926,41.88129035,76,675,8,174270,76,9840,None,None,None,None,None,None,None,None,None,None,LTE+Sub6,LTE+5GS_LTE,0,None,None,1,413.5,0
1628388213.3,-87.67173954,41.88190837,76,675,None,None,76,5330,76,9840,None,None,None,None,None,None,None,None,LTE,LTE+LTE,0,None,None,1,428.60000014305115,0
1628388213.4,-87.67173968,41.88191519,76,675,629,174270,76,9840,None,None,None,None,None,None,None,None,None,None,LTE+Sub6,LTE+5GS_LTE,0,None,None,1,428.60000014305115,1
1628388213.7,-87.67174007,41.88193495,76,675,629,174270,76,9840,None,None,None,None,None,None,None,None,None,None,LTE+Sub6,LTE+5GS_LTE,0,None,None,1,429.0,1
1628388213.8,-87.6717402,41.88194177,76,675,None,None,76,5330,76,9840,None,None,None,None,None,None,None,None,LTE,LTE+LTE,0,None,None,1,429.0,0
1628388215.7,-87.67174491,41.88205545,76,675,None,None,76,5330,76,9840,None,None,None,None,None,None,None,None,LTE,LTE+LTE,0,None,None,1,431.0,0
1628388215.8,-87.67174503,41.88206045,76,675,629,174270,76,9840,None,None,None,None,None,None,None,None,None,None,LTE+Sub6,LTE+5GS_LTE,0,None,None,1,431.0,1
1628388216.1,-87.6717454,41.88207593,76,675,629,174270,76,9840,None,None,None,None,None,None,None,None,None,None,LTE+Sub6,LTE+5GS_LTE,0,None,None,1,431.40000009536743,1
1628388216.2,-87.67174554,41.88207876,76,675,None,None,76,5330,76,9840,None,None,None,None,None,None,None,None,LTE,LTE+LTE,0,None,None,1,431.40000009536743,0
1628388216.4,-87.67174591,41.88208574,76,675,None,None,76,5330,76,9840,None,None,None,None,None,None,None,None,LTE,LTE+LTE,0,None,None,1,431.7000000476837,0
1628388216.5,-87.67174607,41.88208873,76,675,629,174270,76,9840,None,None,None,None,None,None,None,None,None,None,LTE+Sub6,LTE+5GS_LTE,0,None,None,1,431.7000000476837,1
1628388216.7,-87.67174643,41.88209538,76,675,629,174270,76,9840,None,None,None,None,None,None,None,None,None,None,LTE+Sub6,LTE+5GS_LTE,0,None,None,1,432.0,1
1628388216.8,-87.67174661,41.88209871,76,675,None,None,76,5330,76,9840,None,None,None,None,None,None,None,None,LTE,LTE+LTE,0,None,None,1,432.0,0
1628388217.4,-87.67174789,41.88211541,76,675,None,None,76,5330,76,9840,None,None,None,None,None,None,None,None,LTE,LTE+LTE,0,None,None,1,432.7000000476837,0
1628388217.5,-87.67174812,41.88211732,76,675,629,174270,76,9840,None,None,None,None,None,None,None,None,None,None,LTE+Sub6,LTE+5GS_LTE,0,None,None,1,432.7000000476837,1
1628388217.7,-87.67174863,41.88212156,76,675,629,174270,76,9840,None,None,None,None,None,None,None,None,None,None,LTE+Sub6,LTE+5GS_LTE,0,None,None,1,433.0,1
1628388217.8,-87.67174889,41.88212368,76,675,None,None,76,5330,76,9840,None,None,None,None,None,None,None,None,LTE,LTE+LTE,0,None,None,1,433.0,0
1628388218.0,-87.6717494,41.88212792,76,675,None,None,76,5330,76,9840,None,None,None,None,None,None,None,None,LTE,LTE+LTE,0,None,None,1,433.2999999523163,0
1628388218.1,-87.67174968,41.88213025,76,675,629,174270,76,9840,None,None,None,None,None,None,None,None,None,None,LTE+Sub6,LTE+5GS_LTE,0,None,None,1,433.2999999523163,1
1628388218.4,-87.67175064,41.88213377,76,675,629,174270,76,9840,None,None,None,None,None,None,None,None,None,None,LTE+Sub6,LTE+5GS_LTE,0,None,None,1,433.7000000476837,1
1628388218.5,-87.67175094,41.88213473,76,675,None,None,76,5330,76,9840,None,None,None,None,None,None,None,None,LTE,LTE+LTE,0,None,None,1,433.7000000476837,0
1628388219.7,-87.67175364,41.88214767,76,675,None,None,76,5330,76,9840,None,None,None,None,None,None,None,None,LTE,LTE+LTE,0,None,None,1,435.0,0
1628388219.8,-87.67175372,41.88214877,76,675,629,174270,76,9840,None,None,None,None,None,None,None,None,None,None,LTE+Sub6,LTE+5GS_LTE,0,None,None,1,435.0,1
1628388220.0,-87.6717539,41.88215096,76,675,629,174270,76,9840,None,None,None,None,None,None,None,None,None,None,LTE+Sub6,LTE+5GS_LTE,0,None,None,1,435.2999999523163,1
1628388220.1,-87.67175399,41.88215216,76,675,None,None,76,5330,76,9840,None,None,None,None,None,None,None,None,LTE,LTE+LTE,0,None,None,1,435.2999999523163,0
1628388232.2,-87.67175834,41.8821626,76,675,None,None,76,5330,76,9840,None,None,None,None,None,None,None,None,LTE,LTE+LTE,0,None,None,1,447.5,0
1628388232.3,-87.6717584,41.88216441,76,675,629,174270,76,9840,None,None,None,None,None,None,None,None,None,None,LTE+Sub6,LTE+5GS_LTE,0,None,None,1,447.5,1
1628388232.5,-87.6717585,41.88216754,76,675,629,174270,76,9840,None,None,None,None,None,None,None,None,None,None,LTE+Sub6,LTE+5GS_LTE,0,None,None,1,447.7999999523163,1
1628388232.6,-87.67175856,41.88216935,76,675,None,None,76,5330,76,9840,None,None,None,None,None,None,None,None,LTE,LTE+LTE,0,None,None,1,447.7999999523163,0
1628388232.8,-87.67175866,41.88217248,76,675,None,None,76,5330,76,9840,None,None,None,None,None,None,None,None,LTE,LTE+LTE,0,None,None,1,448.10000014305115,0
1628388232.9,-87.67175872,41.88217429,76,675,629,174270,76,9840,None,None,None,None,None,None,None,None,None,None,LTE+Sub6,LTE+5GS_LTE,0,None,None,1,448.10000014305115,1
1628388233.2,-87.67175887,41.88217907,76,675,629,174270,76,9840,None,None,None,None,None,None,None,None,None,None,LTE+Sub6,LTE+5GS_LTE,0,None,None,1,448.5,1
1628388233.3,-87.67175909,41.88218176,76,675,None,None,76,5330,76,9840,None,None,None,None,None,None,None,None,LTE,LTE+LTE,0,None,None,1,448.5,0
1628388233.8,-87.67176093,41.88219838,76,675,None,None,76,5330,76,9840,None,None,None,None,None,None,None,None,LTE,LTE+LTE,0,None,None,1,449.10000014305115,0
1628388233.9,-87.67176135,41.88220211,76,675,629,174270,76,9840,None,None,None,None,None,None,None,None,None,None,LTE+Sub6,LTE+5GS_LTE,0,None,None,1,449.10000014305115,1
1628388234.2,-87.6717623,41.88221222,76,675,629,174270,76,9840,None,None,None,None,None,None,None,None,None,None,LTE+Sub6,LTE+5GS_LTE,0,None,None,1,449.5,1
1628388234.3,-87.67176255,41.8822169,76,675,None,None,76,5330,76,9840,None,None,None,None,None,None,None,None,LTE,LTE+LTE,0,None,None,1,449.5,0
1628388234.8,-87.67176368,41.88223777,76,675,None,None,76,5330,76,9840,None,None,None,None,None,None,None,None,LTE,LTE+LTE,0,None,None,1,450.10000014305115,0
1628388234.9,-87.67176394,41.88224245,76,675,629,174270,76,9840,None,None,None,None,None,None,None,None,None,None,LTE+Sub6,LTE+5GS_LTE,0,None,None,1,450.10000014305115,1
1628388235.2,-87.67176465,41.88225568,76,675,629,174270,76,9840,None,None,None,None,None,None,None,None,None,None,LTE+Sub6,LTE+5GS_LTE,0,None,None,1,450.5,1
1628388235.3,-87.67176497,41.88226158,76,675,None,None,76,5330,76,9840,None,None,None,None,None,None,None,None,LTE,LTE+LTE,0,None,None,1,450.5,0
1628388236.0,-87.67176698,41.88229857,76,675,None,None,76,5330,76,9840,None,None,None,None,None,None,None,None,LTE,LTE+LTE,0,None,None,1,451.2999999523163,0
1628388236.1,-87.6717673,41.88230447,76,675,629,174270,76,9840,None,None,None,None,None,None,None,None,None,None,LTE+Sub6,LTE+5GS_LTE,0,None,None,1,451.2999999523163,1
1628388236.4,-87.67176807,41.8823243,76,675,629,174270,76,9840,None,None,None,None,None,None,None,None,None,None,LTE+Sub6,LTE+5GS_LTE,0,None,None,1,451.7000000476837,1
1628388236.5,-87.67176831,41.88233056,76,675,None,None,76,5330,76,9840,None,None,None,None,None,None,None,None,LTE,LTE+LTE,0,None,None,1,451.7000000476837,0
1628388237.4,-87.67177076,41.88239433,76,675,None,None,76,5330,76,9840,None,None,None,None,None,None,None,None,LTE,LTE+LTE,0,None,None,1,452.7000000476837,0
1628388237.5,-87.67177101,41.88240074,76,675,629,174270,76,9840,None,None,None,None,None,None,None,None,None,None,LTE+Sub6,LTE+5GS_LTE,0,None,None,1,452.7000000476837,1
1628388237.8,-87.67177185,41.88242213,76,675,629,174270,76,9840,None,None,None,None,None,None,None,None,None,None,LTE+Sub6,LTE+5GS_LTE,0,None,None,1,453.10000014305115,1
1628388237.9,-87.67177215,41.88242998,76,675,None,None,76,5330,76,9840,None,None,None,None,None,None,None,None,LTE,LTE+LTE,0,None,None,1,453.10000014305115,0
1628388238.1,-87.67177271,41.88244424,76,675,None,None,76,5330,76,9840,None,None,None,None,None,None,None,None,LTE,LTE+LTE,0,None,None,1,453.40000009536743,0
1628388238.2,-87.67177299,41.88245074,76,675,629,174270,76,9840,None,None,None,None,None,None,None,None,None,None,LTE+Sub6,LTE+5GS_LTE,0,None,None,1,453.40000009536743,1
1628388238.4,-87.67177376,41.88246809,76,675,629,174270,76,9840,None,None,None,None,None,None,None,None,None,None,LTE+Sub6,LTE+5GS_LTE,0,None,None,1,453.7000000476837,1
1628388238.5,-87.67177409,41.88247553,76,675,None,None,76,5330,76,9840,None,None,None,None,None,None,None,None,LTE,LTE+LTE,0,None,None,1,453.7000000476837,0
1628388239.1,-87.67177631,41.88252595,76,675,None,None,76,5330,76,9840,None,None,None,None,None,None,None,None,LTE,LTE+LTE,0,None,None,1,454.40000009536743,0
1628388239.2,-87.67177671,41.88253283,76,675,629,174270,76,9840,None,None,None,None,None,None,None,None,None,None,LTE+Sub6,LTE+5GS_LTE,0,None,None,1,454.40000009536743,1
1628388239.5,-87.67177838,41.88255896,76,675,629,174270,76,9840,None,None,None,None,None,None,None,None,None,None,LTE+Sub6,LTE+5GS_LTE,0,None,None,1,454.7999999523163,1
1628388239.6,-87.67177899,41.88256854,76,675,None,None,76,5330,76,9840,None,None,None,None,None,None,None,None,LTE,LTE+LTE,0,None,None,1,454.7999999523163,0
1628388239.8,-87.67178004,41.88258509,76,675,None,None,76,5330,76,9840,None,None,None,None,None,None,None,None,LTE,LTE+LTE,0,None,None,1,455.10000014305115,0
1628388239.9,-87.67178065,41.88259467,76,675,629,174270,76,9840,None,None,None,None,None,None,None,None,None,None,LTE+Sub6,LTE+5GS_LTE,0,None,None,1,455.10000014305115,1
1628388240.2,-87.67178213,41.88261943,76,675,629,174270,76,9840,None,None,None,None,None,None,None,None,None,None,LTE+Sub6,LTE+5GS_LTE,0,None,None,1,455.5,1
1628388240.3,-87.67178254,41.88262823,76,675,None,None,76,5330,76,9840,None,None,None,None,None,None,None,None,LTE,LTE+LTE,0,None,None,1,455.5,0
1628388240.8,-87.67178435,41.88266743,76,675,None,None,76,5330,76,9840,None,None,None,None,None,None,None,None,LTE,LTE+LTE,0,None,None,1,456.10000014305115,0
1628388240.9,-87.67178476,41.88267623,76,675,629,174270,76,9840,None,None,None,None,None,None,None,None,None,None,LTE+Sub6,LTE+5GS_LTE,0,None,None,1,456.10000014305115,1
1628388241.1,-87.6717855,41.88269223,76,675,629,174270,76,9840,None,None,None,None,None,None,None,None,None,None,LTE+Sub6,LTE+5GS_LTE,0,None,None,1,456.40000009536743,1
1628388241.2,-87.67178583,41.88269943,76,675,None,None,76,5330,76,9840,None,None,None,None,None,None,None,None,LTE,LTE+LTE,0,None,None,1,456.40000009536743,0
1628388242.4,-87.67178882,41.88280944,76,675,None,None,76,5330,76,9840,None,None,None,None,None,None,None,None,LTE,LTE+LTE,0,None,None,1,457.7000000476837,0
1628388242.5,-87.67178901,41.88281641,76,675,629,174270,76,9840,None,None,None,None,None,None,None,None,None,None,LTE+Sub6,LTE+5GS_LTE,0,None,None,1,457.7000000476837,1
1628388242.8,-87.67178967,41.88283966,76,675,629,174270,76,9840,None,None,None,None,None,None,None,None,None,None,LTE+Sub6,LTE+5GS_LTE,0,None,None,1,458.10000014305115,1
1628388242.9,-87.67178991,41.88284818,76,675,None,None,76,5330,76,9840,None,None,None,None,None,None,None,None,LTE,LTE+LTE,0,None,None,1,458.10000014305115,0
1628388243.1,-87.67179035,41.88286368,76,675,None,None,76,5330,76,9840,None,None,None,None,None,None,None,None,LTE,LTE+LTE,0,None,None,1,458.40000009536743,0
1628388243.2,-87.67179066,41.88287053,76,675,629,174270,76,9840,None,None,None,None,None,None,None,None,None,None,LTE+Sub6,LTE+5GS_LTE,0,None,None,1,458.40000009536743,1
1628388243.4,-87.67179142,41.88288649,76,675,629,174270,76,9840,None,None,None,None,None,None,None,None,None,None,LTE+Sub6,LTE+5GS_LTE,0,None,None,1,458.7000000476837,1
1628388243.5,-87.67179174,41.88289333,76,675,None,None,76,5330,76,9840,None,None,None,None,None,None,None,None,LTE,LTE+LTE,0,None,None,1,458.7000000476837,0
1628388243.7,-87.67179246,41.88290852,76,675,None,None,76,5330,76,9840,None,None,None,None,None,None,None,None,LTE,LTE+LTE,0,None,None,1,459.0,0
1628388243.8,-87.67179282,41.88291612,76,675,629,174270,76,9840,None,None,None,None,None,None,None,None,None,None,LTE+Sub6,LTE+5GS_LTE,0,None,None,1,459.0,1
1628388244.1,-87.67179394,41.88293968,76,675,629,174270,76,9840,None,None,None,None,None,None,None,None,None,None,LTE+Sub6,LTE+5GS_LTE,0,None,None,1,459.40000009536743,1
1628388244.2,-87.67179415,41.88294516,76,675,None,None,76,5330,76,9840,None,None,None,None,None,None,None,None,LTE,LTE+LTE,0,None,None,1,459.40000009536743,0
1628388245.1,-87.6717964,41.88300647,76,675,None,None,76,5330,76,9840,None,None,None,None,None,None,None,None,LTE,LTE+LTE,0,None,None,1,460.40000009536743,0
1628388245.2,-87.67179683,41.88301128,76,675,629,174270,76,9840,None,None,None,None,None,None,None,None,None,None,LTE+Sub6,LTE+5GS_LTE,0,None,None,1,460.40000009536743,1
1628388245.4,-87.67179818,41.8830234,76,675,629,174270,76,9840,None,None,None,None,None,None,None,None,None,None,LTE+Sub6,LTE+5GS_LTE,0,None,None,1,460.7000000476837,1
1628388245.5,-87.67179875,41.8830286,76,675,None,None,76,5330,76,9840,None,None,None,None,None,None,None,None,LTE,LTE+LTE,0,None,None,1,460.7000000476837,0
1628388245.7,-87.67180003,41.88304014,76,675,None,None,76,5330,76,9840,None,None,None,None,None,None,None,None,LTE,LTE+LTE,0,None,None,1,461.0,0
1628388245.8,-87.67180067,41.88304591,76,675,629,174270,76,9840,None,None,None,None,None,None,None,None,None,None,LTE+Sub6,LTE+5GS_LTE,0,None,None,1,461.0,1
1628388246.1,-87.67180265,41.8830638,76,675,629,174270,76,9840,None,None,None,None,None,None,None,None,None,None,LTE+Sub6,LTE+5GS_LTE,0,None,None,1,461.40000009536743,1
1628388246.2,-87.6718041,41.88306855,76,675,None,None,76,5330,76,9840,None,None,None,None,None,None,None,None,LTE,LTE+LTE,0,None,None,1,461.40000009536743,0
1628388246.7,-87.67181455,41.8830937,76,675,None,None,76,5330,76,9840,None,None,None,None,None,None,None,None,LTE,LTE+LTE,0,None,None,1,462.0,0
1628388246.8,-87.67181665,41.88309873,76,675,629,174270,76,9840,None,None,None,None,None,None,None,None,None,None,LTE+Sub6,LTE+5GS_LTE,0,None,None,1,462.0,1
1628388247.1,-87.67182313,41.88311432,76,675,629,174270,76,9840,None,None,None,None,None,None,None,None,None,None,LTE+Sub6,LTE+5GS_LTE,0,None,None,1,462.40000009536743,1
1628388247.2,-87.67182707,41.88311704,76,675,None,None,76,5330,76,9840,None,None,None,None,None,None,None,None,LTE,LTE+LTE,0,None,None,1,462.40000009536743,0
1628388247.4,-87.67183687,41.88312286,76,675,None,None,76,5330,76,9840,None,None,None,None,None,None,None,None,LTE,LTE+LTE,0,None,None,1,462.7000000476837,0
1628388247.5,-87.67184107,41.88312536,76,675,629,174270,76,9840,None,None,None,None,None,None,None,None,None,None,LTE+Sub6,LTE+5GS_LTE,0,None,None,1,462.7000000476837,1
1628388247.7,-87.6718504,41.88313091,76,675,629,174270,76,9840,None,None,None,None,None,None,None,None,None,None,LTE+Sub6,LTE+5GS_LTE,0,None,None,1,463.0,1
1628388247.8,-87.67185507,41.88313368,76,675,None,None,76,5330,76,9840,None,None,None,None,None,None,None,None,LTE,LTE+LTE,0,None,None,1,463.0,0
1628388249.7,-87.67195474,41.88317695,76,675,None,None,76,5330,76,9840,None,None,None,None,None,None,None,None,LTE,LTE+LTE,0,None,None,1,465.0,0
1628388249.8,-87.67196131,41.88317809,76,675,629,174270,76,9840,None,None,None,None,None,None,None,None,None,None,LTE+Sub6,LTE+5GS_LTE,0,None,None,1,465.0,1
1628388250.1,-87.67198166,41.88318165,76,675,629,174270,76,9840,None,None,None,None,None,None,None,None,None,None,LTE+Sub6,LTE+5GS_LTE,0,None,None,1,465.40000009536743,1
1628388250.2,-87.67198757,41.88318269,76,675,None,None,76,5330,76,9840,None,None,None,None,None,None,None,None,LTE,LTE+LTE,0,None,None,1,465.40000009536743,0
1628388250.7,-87.67203386,41.88318326,76,675,None,None,76,5330,76,9840,None,None,None,None,None,None,None,None,LTE,LTE+LTE,0,None,None,1,466.0,0
1628388250.8,-87.67204317,41.88318336,76,675,629,174270,76,9840,None,None,None,None,None,None,None,None,None,None,LTE+Sub6,LTE+5GS_LTE,0,None,None,1,466.0,1
1628388251.1,-87.67207204,41.88318365,76,675,629,174270,76,9840,None,None,None,None,None,None,None,None,None,None,LTE+Sub6,LTE+5GS_LTE,0,None,None,1,466.40000009536743,1
1628388251.2,-87.67207935,41.88318336,76,675,None,None,76,5330,76,9840,None,None,None,None,None,None,None,None,LTE,LTE+LTE,0,None,None,1,466.40000009536743,0
1628388251.4,-87.67209851,41.88318246,76,675,None,None,76,5330,76,9840,None,None,None,None,None,None,None,None,LTE,LTE+LTE,0,None,None,1,466.7000000476837,0
1628388251.5,-87.67210672,41.88318208,76,675,629,174270,76,9840,None,None,None,None,None,None,None,None,None,None,LTE+Sub6,LTE+5GS_LTE,0,None,None,1,466.7000000476837,1
1628388251.7,-87.67212496,41.88318122,76,675,629,174270,76,9840,None,None,None,None,None,None,None,None,None,None,LTE+Sub6,LTE+5GS_LTE,0,None,None,1,467.0,1
1628388251.8,-87.67213408,41.88318079,76,675,None,None,76,5330,76,9840,None,None,None,None,None,None,None,None,LTE,LTE+LTE,0,None,None,1,467.0,0
1628388252.1,-87.67216236,41.88317946,76,675,None,None,76,5330,76,9840,None,None,None,None,None,None,None,None,LTE,LTE+LTE,0,None,None,1,467.40000009536743,0
1628388252.2,-87.67217131,41.8831796,76,675,629,174270,76,9840,None,None,None,None,None,None,None,None,None,None,LTE+Sub6,LTE+5GS_LTE,0,None,None,1,467.40000009536743,1
1628388252.4,-87.67219243,41.88318007,76,675,629,174270,76,9840,None,None,None,None,None,None,None,None,None,None,LTE+Sub6,LTE+5GS_LTE,0,None,None,1,467.7000000476837,1
1628388252.5,-87.67220148,41.88318027,76,675,None,None,76,5330,76,9840,None,None,None,None,None,None,None,None,LTE,LTE+LTE,0,None,None,1,467.7000000476837,0
1628388252.7,-87.67222159,41.88318072,76,675,None,None,76,5330,76,9840,None,None,None,None,None,None,None,None,LTE,LTE+LTE,0,None,None,1,468.0,0
1628388252.8,-87.67223165,41.88318094,76,675,629,174270,76,9840,None,None,None,None,None,None,None,None,None,None,LTE+Sub6,LTE+5GS_LTE,0,None,None,1,468.0,1
1628388253.1,-87.67226282,41.88318164,76,675,629,174270,76,9840,None,None,None,None,None,None,None,None,None,None,LTE+Sub6,LTE+5GS_LTE,0,None,None,1,468.40000009536743,1
1628388253.2,-87.67227144,41.88318147,76,675,None,None,76,5330,76,9840,None,None,None,None,None,None,None,None,LTE,LTE+LTE,0,None,None,1,468.40000009536743,0
1628388253.4,-87.67229426,41.8831809,76,675,None,None,76,5330,76,9840,None,None,None,None,None,None,None,None,LTE,LTE+LTE,0,None,None,1,468.7000000476837,0
1628388253.5,-87.67230404,41.88318066,76,675,629,174270,76,9840,None,None,None,None,None,None,None,None,None,None,LTE+Sub6,LTE+5GS_LTE,0,None,None,1,468.7000000476837,1
1628388253.8,-87.67233665,41.88317985,76,675,629,174270,76,9840,None,None,None,None,None,None,None,None,None,None,LTE+Sub6,LTE+5GS_LTE,0,None,None,1,469.10000014305115,1
1628388253.9,-87.67234861,41.88317956,76,675,None,None,76,5330,76,9840,None,None,None,None,None,None,None,None,LTE,LTE+LTE,0,None,None,1,469.10000014305115,0
1628388255.0,-87.6724698,41.88317446,76,675,None,None,76,5330,76,9840,None,None,None,None,None,None,None,None,LTE,LTE+LTE,0,None,None,1,470.2999999523163,0
1628388255.1,-87.67248209,41.88317389,76,675,629,174270,76,9840,None,None,None,None,None,None,None,None,None,None,LTE+Sub6,LTE+5GS_LTE,0,None,None,1,470.2999999523163,1
1628388255.4,-87.6725138,41.8831726,76,675,629,174270,76,9840,None,None,None,None,None,None,None,None,None,None,LTE+Sub6,LTE+5GS_LTE,0,None,None,1,470.7000000476837,1
1628388255.5,-87.67252362,41.8831722,76,675,None,None,76,5330,76,9840,None,None,None,None,None,None,None,None,LTE,LTE+LTE,0,None,None,1,470.7000000476837,0
1628388255.7,-87.67254544,41.88317132,76,675,None,None,76,5330,76,9840,None,None,None,None,None,None,None,None,LTE,LTE+LTE,0,None,None,1,471.0,0
1628388255.8,-87.67255636,41.88317088,76,675,629,174270,76,9840,None,None,None,None,None,None,None,None,None,None,LTE+Sub6,LTE+5GS_LTE,0,None,None,1,471.0,1
1628388256.0,-87.67257818,41.88316999,76,675,629,174270,76,9840,None,None,None,None,None,None,None,None,None,None,LTE+Sub6,LTE+5GS_LTE,0,None,None,1,471.2999999523163,1
1628388256.1,-87.67259019,41.88316951,76,675,None,None,76,5330,76,9840,None,None,None,None,None,None,None,None,LTE,LTE+LTE,0,None,None,1,471.2999999523163,0
1628388257.4,-87.67272616,41.88316258,76,675,None,None,76,5330,76,9840,None,None,None,None,None,None,None,None,LTE,LTE+LTE,0,None,None,1,472.7000000476837,0
1628388257.5,-87.67273539,41.88316242,76,675,629,174270,76,9840,None,None,None,None,None,None,None,None,None,None,LTE+Sub6,LTE+5GS_LTE,0,None,None,1,472.7000000476837,1
1628388257.7,-87.67275589,41.88316205,76,675,629,174270,76,9840,None,None,None,None,None,None,None,None,None,None,LTE+Sub6,LTE+5GS_LTE,0,None,None,1,473.0,1
1628388257.8,-87.67276615,41.88316186,76,675,None,None,76,5330,76,9840,None,None,None,None,None,None,None,None,LTE,LTE+LTE,0,None,None,1,473.0,0
1628388259.3,-87.67292162,41.88315641,76,675,None,None,76,5330,76,9840,None,None,None,None,None,None,None,None,LTE,LTE+LTE,0,None,None,1,474.60000014305115,0
1628388259.4,-87.67293211,41.88315609,76,675,629,174270,76,9840,None,None,None,None,None,None,None,None,None,None,LTE+Sub6,LTE+5GS_LTE,0,None,None,1,474.60000014305115,1
1628388259.6,-87.67295309,41.88315547,76,675,629,174270,76,9840,None,None,None,None,None,None,None,None,None,None,LTE+Sub6,LTE+5GS_LTE,0,None,None,1,474.90000009536743,1
1628388259.7,-87.67296253,41.88315518,76,675,None,None,76,5330,76,9840,None,None,None,None,None,None,None,None,LTE,LTE+LTE,0,None,None,1,474.90000009536743,0
1628388260.3,-87.67302652,41.88315347,76,675,None,None,76,5330,76,9840,None,None,None,None,None,None,None,None,LTE,LTE+LTE,0,None,None,1,475.60000014305115,0
1628388260.4,-87.67303702,41.88315328,76,675,629,174270,76,9840,None,None,None,None,None,None,None,None,None,None,LTE+Sub6,LTE+5GS_LTE,0,None,None,1,475.60000014305115,1
1628388260.6,-87.67305801,41.8831529,76,675,629,174270,76,9840,None,None,None,None,None,None,None,None,None,None,LTE+Sub6,LTE+5GS_LTE,0,None,None,1,475.90000009536743,1
1628388260.7,-87.67306745,41.88315273,76,675,None,None,76,5330,76,9840,None,None,None,None,None,None,None,None,LTE,LTE+LTE,0,None,None,1,475.90000009536743,0
1628388260.9,-87.67308949,41.88315233,76,675,None,None,76,5330,76,9840,None,None,None,None,None,None,None,None,LTE,LTE+LTE,0,None,None,1,476.2000000476837,0
1628388261.0,-87.67309894,41.88315216,76,675,629,174270,76,9840,None,None,None,None,None,None,None,None,None,None,LTE+Sub6,LTE+5GS_LTE,0,None,None,1,476.2000000476837,1
1628388261.3,-87.67312964,41.88315185,76,675,629,174270,76,9840,None,None,None,None,None,None,None,None,None,None,LTE+Sub6,LTE+5GS_LTE,0,None,None,1,476.60000014305115,1
1628388261.4,-87.67313912,41.88315182,76,675,None,None,76,5330,76,9840,None,None,None,None,None,None,None,None,LTE,LTE+LTE,0,None,None,1,476.60000014305115,0
1628388261.6,-87.67315807,41.88315176,76,675,None,None,76,5330,76,9840,None,None,None,None,None,None,None,None,LTE,LTE+LTE,0,None,None,1,476.90000009536743,0
1628388261.7,-87.6731666,41.88315173,76,675,629,174270,76,9840,None,None,None,None,None,None,None,None,None,None,LTE+Sub6,LTE+5GS_LTE,0,None,None,1,476.90000009536743,1
1628388262.0,-87.67319504,41.88315164,76,675,629,174270,76,9840,None,None,None,None,None,None,None,None,None,None,LTE+Sub6,LTE+5GS_LTE,0,None,None,1,477.2999999523163,1
1628388262.1,-87.67320546,41.88315161,76,675,None,None,76,5330,76,9840,None,None,None,None,None,None,None,None,LTE,LTE+LTE,0,None,None,1,477.2999999523163,0
1628388262.3,-87.67322305,41.88315156,76,675,None,None,76,5330,76,9840,None,None,None,None,None,None,None,None,LTE,LTE+LTE,0,None,None,1,477.60000014305115,0
1628388262.4,-87.67323228,41.88315153,76,675,629,174270,76,9840,None,None,None,None,None,None,None,None,None,None,LTE+Sub6,LTE+5GS_LTE,0,None,None,1,477.60000014305115,1
1628388262.6,-87.67325074,41.88315148,76,675,629,174270,76,9840,None,None,None,None,None,None,None,None,None,None,LTE+Sub6,LTE+5GS_LTE,0,None,None,1,477.90000009536743,1
1628388262.7,-87.67325905,41.88315146,76,675,None,None,76,5330,76,9840,None,None,None,None,None,None,None,None,LTE,LTE+LTE,0,None,None,1,477.90000009536743,0
1628388263.0,-87.67328674,41.88315138,76,675,None,None,76,5330,76,9840,None,None,None,None,None,None,None,None,LTE,LTE+LTE,0,None,None,1,478.2999999523163,0
1628388263.1,-87.67329689,41.88315136,76,675,629,174270,76,9840,None,None,None,None,None,None,None,None,None,None,LTE+Sub6,LTE+5GS_LTE,0,None,None,1,478.2999999523163,1
1628388263.3,-87.67331304,41.88315164,76,675,629,174270,76,9840,None,None,None,None,None,None,None,None,None,None,LTE+Sub6,LTE+5GS_LTE,0,None,None,1,478.60000014305115,1
1628388263.4,-87.67332099,41.88315181,76,675,None,None,76,5330,76,9840,None,None,None,None,None,None,None,None,LTE,LTE+LTE,0,None,None,1,478.60000014305115,0
1628388263.7,-87.67334403,41.88315228,76,675,None,None,76,5330,76,9840,None,None,None,None,None,None,None,None,LTE,LTE+LTE,0,None,None,1,479.0,0
1628388263.8,-87.67335198,41.88315244,76,675,629,174270,76,9840,None,None,None,None,None,None,None,None,None,None,LTE+Sub6,LTE+5GS_LTE,0,None,None,1,479.0,1
1628388264.1,-87.67337661,41.88315295,76,675,629,174270,76,9840,None,None,None,None,None,None,None,None,None,None,LTE+Sub6,LTE+5GS_LTE,0,None,None,1,479.40000009536743,1
1628388264.2,-87.67338376,41.8831531,76,675,None,None,76,5330,76,9840,None,None,None,None,None,None,None,None,LTE,LTE+LTE,0,None,None,1,479.40000009536743,0
1628388264.8,-87.67344427,41.88315456,76,675,None,None,76,5330,76,9840,None,None,None,None,None,None,None,None,LTE,LTE+LTE,0,None,None,1,480.10000014305115,0
1628388264.9,-87.67345544,41.88315483,76,675,629,174270,76,9840,None,None,None,None,None,None,None,None,None,None,LTE+Sub6,LTE+5GS_LTE,0,None,None,1,480.10000014305115,1
1628388265.2,-87.67348356,41.88315546,76,675,629,174270,76,9840,None,None,None,None,None,None,None,None,None,None,LTE+Sub6,LTE+5GS_LTE,0,None,None,1,480.5,1
1628388265.3,-87.67349424,41.88315563,76,675,None,None,76,5330,76,9840,None,None,None,None,None,None,None,None,LTE,LTE+LTE,0,None,None,1,480.5,0
1628388265.5,-87.67351268,41.88315593,76,675,None,None,76,5330,76,9840,None,None,None,None,None,None,None,None,LTE,LTE+LTE,0,None,None,1,480.7999999523163,0
1628388265.6,-87.67352336,41.8831561,76,675,629,174270,76,9840,None,None,None,None,None,None,None,None,None,None,LTE+Sub6,LTE+5GS_LTE,0,None,None,1,480.7999999523163,1
1628388265.9,-87.67355248,41.88315657,76,675,629,174270,76,9840,None,None,None,None,None,None,None,None,None,None,LTE+Sub6,LTE+5GS_LTE,0,None,None,1,481.2000000476837,1
1628388266.0,-87.67356121,41.88315671,76,675,None,None,76,5330,76,9840,None,None,None,None,None,None,None,None,LTE,LTE+LTE,0,None,None,1,481.2000000476837,0
1628388266.2,-87.67357999,41.88315693,76,675,None,None,76,5330,76,9840,None,None,None,None,None,None,None,None,LTE,LTE+LTE,0,None,None,1,481.5,0
1628388266.3,-87.67359127,41.88315697,76,675,629,174270,76,9840,None,None,None,None,None,None,None,None,None,None,LTE+Sub6,LTE+5GS_LTE,0,None,None,1,481.5,1
1628388266.6,-87.67362206,41.88315708,76,675,629,174270,76,9840,None,None,None,None,None,None,None,None,None,None,LTE+Sub6,LTE+5GS_LTE,0,None,None,1,481.90000009536743,1
1628388266.7,-87.67363129,41.88315712,76,675,None,None,76,5330,76,9840,None,None,None,None,None,None,None,None,LTE,LTE+LTE,0,None,None,1,481.90000009536743,0
1628388266.9,-87.67365284,41.88315719,76,675,None,None,76,5330,76,9840,None,None,None,None,None,None,None,None,LTE,LTE+LTE,0,None,None,1,482.2000000476837,0
1628388267.0,-87.67366207,41.88315723,76,675,629,174270,76,9840,None,None,None,None,None,None,None,None,None,None,LTE+Sub6,LTE+5GS_LTE,0,None,None,1,482.2000000476837,1
1628388267.2,-87.67368227,41.88315723,76,675,629,174270,76,9840,None,None,None,None,None,None,None,None,None,None,LTE+Sub6,LTE+5GS_LTE,0,None,None,1,482.5,1
1628388267.3,-87.67369509,41.88315711,76,675,None,None,76,5330,76,9840,None,None,None,None,None,None,None,None,LTE,LTE+LTE,0,None,None,1,482.5,0
1628388267.6,-87.67373006,41.8831568,76,675,None,None,76,5330,76,9840,None,None,None,None,None,None,None,None,LTE,LTE+LTE,0,None,None,1,482.90000009536743,0
1628388267.7,-87.67374055,41.8831567,76,675,629,174270,76,9840,None,None,None,None,None,None,None,None,None,None,LTE+Sub6,LTE+5GS_LTE,0,None,None,1,482.90000009536743,1
1628388267.9,-87.67376503,41.88315648,76,675,629,174270,76,9840,None,None,None,None,None,None,None,None,None,None,LTE+Sub6,LTE+5GS_LTE,0,None,None,1,483.2000000476837,1
1628388268.0,-87.67377553,41.88315639,76,675,None,None,76,5330,76,9840,None,None,None,None,None,None,None,None,LTE,LTE+LTE,0,None,None,1,483.2000000476837,0
1628388268.3,-87.6738122,41.88315613,76,675,None,None,76,5330,76,9840,None,None,None,None,None,None,None,None,LTE,LTE+LTE,0,None,None,1,483.60000014305115,0
1628388268.4,-87.67382416,41.88315607,76,675,629,174270,76,9840,None,None,None,None,None,None,None,None,None,None,LTE+Sub6,LTE+5GS_LTE,0,None,None,1,483.60000014305115,1
1628388268.6,-87.67384808,41.88315593,76,675,629,174270,76,9840,None,None,None,None,None,None,None,None,None,None,LTE+Sub6,LTE+5GS_LTE,0,None,None,1,483.90000009536743,1
1628388268.7,-87.67385884,41.88315587,76,675,None,None,76,5330,76,9840,None,None,None,None,None,None,None,None,LTE,LTE+LTE,0,None,None,1,483.90000009536743,0
1628388269.3,-87.67393257,41.88315482,76,675,None,None,76,5330,76,9840,None,None,None,None,None,None,None,None,LTE,LTE+LTE,0,None,None,1,484.60000014305115,0
1628388269.4,-87.67394497,41.88315439,76,675,629,174270,76,9840,None,None,None,None,None,None,None,None,None,None,LTE+Sub6,LTE+5GS_LTE,0,None,None,1,484.60000014305115,1
1628388275.6,-87.6747417,41.88314413,76,675,629,174270,76,9840,None,None,None,None,None,None,None,None,None,None,LTE+Sub6,LTE+5GS_LTE,0,None,None,1,490.90000009536743,1
1628388275.7,-87.67475447,41.88314412,None,None,None,None,None,None,None,None,None,None,None,None,None,None,None,None,None,None,0,None,None,1,490.90000009536743,0
1628388276.5,-87.67486799,41.88314527,76,675,None,None,None,None,None,None,None,None,None,None,None,None,None,None,LTE,LTE,0,None,None,1,491.7999999523163,0
1628388276.6,-87.67488359,41.88314561,76,675,629,174270,76,9840,None,None,None,None,None,None,None,None,None,None,LTE+Sub6,LTE+5GS_LTE,0,None,None,1,491.7999999523163,1
1628388312.8,-87.6766703,41.88153288,76,675,629,174270,76,9840,None,None,None,None,None,None,None,None,None,None,LTE+Sub6,LTE+5GS_LTE,0,None,None,1,528.1000001430511,1
1628388312.9,-87.67666975,41.88152605,76,675,None,None,76,5330,76,9840,None,None,None,None,None,None,None,None,LTE,LTE+LTE,0,None,None,1,528.1000001430511,0
1628388313.0,-87.6766693,41.88152046,76,675,None,None,76,5330,76,9840,None,None,None,None,None,None,None,None,LTE,LTE+LTE,0,None,None,1,528.2999999523163,0
1628388313.1,-87.67666875,41.88151363,76,675,629,174270,76,9840,None,None,None,None,None,None,None,None,None,None,LTE+Sub6,LTE+5GS_LTE,0,None,None,1,528.2999999523163,1
1628388323.9,-87.67666379,41.88144331,76,675,629,174270,76,9840,None,None,None,None,None,None,None,None,None,None,LTE+Sub6,LTE+5GS_LTE,0,None,None,1,539.2000000476837,1
1628388324.0,-87.67666379,41.88144331,76,675,None,None,76,5330,76,9840,None,None,None,None,None,None,None,None,LTE,LTE+LTE,0,None,None,1,539.2000000476837,0
1628388324.2,-87.67666379,41.88144331,76,675,None,None,76,5330,76,9840,None,None,None,None,None,None,None,None,LTE,LTE+LTE,0,None,None,1,539.5,0
1628388324.3,-87.67666379,41.88144331,76,675,629,174270,76,9840,None,None,None,None,None,None,None,None,None,None,LTE+Sub6,LTE+5GS_LTE,0,None,None,1,539.5,1
1628388328.4,-87.67666379,41.88144331,76,675,629,174270,76,9840,None,None,None,None,None,None,None,None,None,None,LTE+Sub6,LTE+5GS_LTE,0,None,None,1,543.7000000476837,1
1628388328.5,-87.67666379,41.88144331,76,675,None,None,76,5330,76,9840,None,None,None,None,None,None,None,None,LTE,LTE+LTE,0,None,None,1,543.7000000476837,0
1628388328.7,-87.67666379,41.88144331,76,675,None,None,76,5330,76,9840,None,None,None,None,None,None,None,None,LTE,LTE+LTE,0,None,None,1,544.0,0
1628388328.8,-87.67666379,41.88144331,76,675,629,174270,76,9840,None,None,None,None,None,None,None,None,None,None,LTE+Sub6,LTE+5GS_LTE,0,None,None,1,544.0,1
1628388329.1,-87.67666379,41.88144331,76,675,629,174270,76,9840,None,None,None,None,None,None,None,None,None,None,LTE+Sub6,LTE+5GS_LTE,0,None,None,1,544.4000000953674,1
1628388329.2,-87.67666379,41.88144331,76,675,None,None,76,5330,76,9840,None,None,None,None,None,None,None,None,LTE,LTE+LTE,0,None,None,1,544.4000000953674,0
1628388329.4,-87.67666379,41.88144331,76,675,None,None,76,5330,76,9840,None,None,None,None,None,None,None,None,LTE,LTE+LTE,0,None,None,1,544.7000000476837,0
1628388329.5,-87.67666379,41.88144331,76,675,629,174270,76,9840,None,None,None,None,None,None,None,None,None,None,LTE+Sub6,LTE+5GS_LTE,0,None,None,1,544.7000000476837,1
1628388333.0,-87.67666379,41.88144331,76,675,629,174270,76,9840,None,None,None,None,None,None,None,None,None,None,LTE+Sub6,LTE+5GS_LTE,0,None,None,1,548.2999999523163,1
1628388333.1,-87.67666379,41.88144331,76,675,None,None,76,5330,76,9840,None,None,None,None,None,None,None,None,LTE,LTE+LTE,0,None,None,1,548.2999999523163,0
1628388333.2,-87.67666379,41.88144331,76,675,None,None,76,5330,76,9840,None,None,None,None,None,None,None,None,LTE,LTE+LTE,0,None,None,1,548.5,0
1628388333.3,-87.67666379,41.88144331,76,675,629,174270,76,9840,None,None,None,None,None,None,None,None,None,None,LTE+Sub6,LTE+5GS_LTE,0,None,None,1,548.5,1
1628388333.6,-87.67666379,41.88144331,76,675,629,174270,76,9840,None,None,None,None,None,None,None,None,None,None,LTE+Sub6,LTE+5GS_LTE,0,None,None,1,548.9000000953674,1
1628388333.7,-87.67666379,41.88144331,76,675,None,None,76,5330,76,9840,None,None,None,None,None,None,None,None,LTE,LTE+LTE,0,None,None,1,548.9000000953674,0
1628388334.2,-87.67666379,41.88144331,76,675,None,None,76,5330,76,9840,None,None,None,None,None,None,None,None,LTE,LTE+LTE,0,None,None,1,549.5,0
1628388334.3,-87.67666379,41.88144331,76,675,629,174270,76,9840,None,None,None,None,None,None,None,None,None,None,LTE+Sub6,LTE+5GS_LTE,0,None,None,1,549.5,1
1628388334.7,-87.67666379,41.88144331,76,675,629,174270,76,9840,None,None,None,None,None,None,None,None,None,None,LTE+Sub6,LTE+5GS_LTE,0,None,None,1,550.0,1
1628388334.8,-87.67666379,41.88144331,76,675,None,None,76,5330,76,9840,None,None,None,None,None,None,None,None,LTE,LTE+LTE,0,None,None,1,550.0,0
1628388335.3,-87.67666379,41.88144331,76,675,None,None,76,5330,76,9840,None,None,None,None,None,None,None,None,LTE,LTE+LTE,0,None,None,1,550.6000001430511,0
1628388335.4,-87.67666379,41.88144331,76,675,629,174270,76,9840,None,None,None,None,None,None,None,None,None,None,LTE+Sub6,LTE+5GS_LTE,0,None,None,1,550.6000001430511,1
1628388338.7,-87.67666602,41.88143995,76,675,629,174270,76,9840,None,None,None,None,None,None,None,None,None,None,LTE+Sub6,LTE+5GS_LTE,0,None,None,1,554.0,1
1628388338.8,-87.6766661,41.88144,76,675,None,None,76,5330,76,9840,None,None,None,None,None,None,None,None,LTE,LTE+LTE,0,None,None,1,554.0,0
1628388339.0,-87.67666627,41.88144011,76,675,None,None,76,5330,76,9840,None,None,None,None,None,None,None,None,LTE,LTE+LTE,0,None,None,1,554.2999999523163,0
1628388339.1,-87.67666636,41.88144017,76,675,629,174270,76,9840,None,None,None,None,None,None,None,None,None,None,LTE+Sub6,LTE+5GS_LTE,0,None,None,1,554.2999999523163,1
1628388342.2,-87.6766663,41.88144014,76,675,629,174270,76,9840,None,None,None,None,None,None,None,None,None,None,LTE+Sub6,LTE+5GS_LTE,0,None,None,1,557.5,1
1628388342.3,-87.6766663,41.88144014,76,675,None,None,76,5330,76,9840,None,None,None,None,None,None,None,None,LTE,LTE+LTE,0,None,None,1,557.5,0
1628388342.5,-87.6766663,41.88144014,76,675,None,None,76,5330,76,9840,None,None,None,None,None,None,None,None,LTE,LTE+LTE,0,None,None,1,557.7999999523163,0
1628388342.6,-87.6766663,41.88144014,76,675,629,174270,76,9840,None,None,None,None,None,None,None,None,None,None,LTE+Sub6,LTE+5GS_LTE,0,None,None,1,557.7999999523163,1
1628388342.9,-87.6766663,41.88144014,76,675,629,174270,76,9840,None,None,None,None,None,None,None,None,None,None,LTE+Sub6,LTE+5GS_LTE,0,None,None,1,558.2000000476837,1
1628388343.0,-87.6766663,41.88144014,76,675,None,None,76,5330,76,9840,None,None,None,None,None,None,None,None,LTE,LTE+LTE,0,None,None,1,558.2000000476837,0
1628388343.6,-87.6766663,41.88144014,76,675,None,None,76,5330,76,9840,None,None,None,None,None,None,None,None,LTE,LTE+LTE,0,None,None,1,558.9000000953674,0
1628388343.7,-87.6766663,41.88144014,76,675,629,174270,76,9840,None,None,None,None,None,None,None,None,None,None,LTE+Sub6,LTE+5GS_LTE,0,None,None,1,558.9000000953674,1
1628388352.1,-87.6766663,41.88144014,76,675,629,174270,76,9840,None,None,None,None,None,None,None,None,None,None,LTE+Sub6,LTE+5GS_LTE,0,None,None,1,567.4000000953674,1
1628388352.2,-87.67666647,41.88143997,76,675,None,None,76,5330,76,9840,None,None,None,None,None,None,None,None,LTE,LTE+LTE,0,None,None,1,567.4000000953674,0
1628388352.3,-87.67666711,41.88143933,76,675,None,None,76,5330,76,9840,None,None,None,None,None,None,None,None,LTE,LTE+LTE,0,None,None,1,567.6000001430511,0
1628388352.4,-87.67666768,41.88143874,76,675,629,174270,76,9840,None,None,None,None,None,None,None,None,None,None,LTE+Sub6,LTE+5GS_LTE,0,None,None,1,567.6000001430511,1
1628388393.3,-87.67194399,41.88132233,76,675,629,174270,76,9840,None,None,None,None,None,None,None,None,None,None,LTE+Sub6,LTE+5GS_LTE,0,None,None,1,608.6000001430511,1
1628388393.4,-87.67193308,41.88132293,76,675,811,174270,76,9840,None,None,None,None,None,None,None,None,None,None,LTE+Sub6,LTE+5GS_LTE,0,None,None,1,608.6000001430511,0
1628388394.0,-87.67186869,41.88132648,76,675,None,None,76,5330,76,9840,None,None,None,None,None,None,None,None,LTE,LTE+LTE,0,None,None,1,609.2999999523163,0
1628388394.1,-87.67185669,41.88132714,76,675,629,174270,76,9840,None,None,None,None,None,None,None,None,None,None,LTE+Sub6,LTE+5GS_LTE,0,None,None,1,609.2999999523163,1
1628388394.3,-87.67184164,41.88133095,76,675,629,174270,76,9840,None,None,None,None,None,None,None,None,None,None,LTE+Sub6,LTE+5GS_LTE,0,None,None,1,609.6000001430511,1
1628388394.4,-87.67183388,41.88133303,76,675,None,None,76,5330,76,9840,None,None,None,None,None,None,None,None,LTE,LTE+LTE,0,None,None,1,609.6000001430511,0
1628388405.0,-87.67172232,41.88205295,76,675,None,None,76,5330,76,9840,None,None,None,None,None,None,None,None,LTE,LTE+LTE,0,None,None,1,620.2999999523163,0
1628388405.1,-87.6717228,41.88206102,76,675,629,174270,76,9840,None,None,None,None,None,None,None,None,None,None,LTE+Sub6,LTE+5GS_LTE,0,None,None,1,620.2999999523163,1
1628388405.4,-87.67172539,41.88207729,76,675,629,174270,76,9840,None,None,None,None,None,None,None,None,None,None,LTE+Sub6,LTE+5GS_LTE,0,None,None,1,620.7000000476837,1
1628388405.5,-87.67172624,41.88208216,76,675,None,None,76,5330,76,9840,None,None,None,None,None,None,None,None,LTE,LTE+LTE,0,None,None,1,620.7000000476837,0
1628388406.0,-87.67173096,41.88210922,76,675,None,None,76,5330,76,9840,None,None,None,None,None,None,None,None,LTE,LTE+LTE,0,None,None,1,621.2999999523163,0
1628388406.1,-87.671732,41.88211518,76,675,629,174270,76,9840,None,None,None,None,None,None,None,None,None,None,LTE+Sub6,LTE+5GS_LTE,0,None,None,1,621.2999999523163,1
1628388406.4,-87.67173272,41.88212702,76,675,629,174270,76,9840,None,None,None,None,None,None,None,None,None,None,LTE+Sub6,LTE+5GS_LTE,0,None,None,1,621.7000000476837,1
1628388406.5,-87.67173287,41.88213043,76,675,None,None,76,5330,76,9840,None,None,None,None,None,None,None,None,LTE,LTE+LTE,0,None,None,1,621.7000000476837,0
1628388407.4,-87.67173469,41.88215876,76,675,None,None,76,5330,76,9840,None,None,None,None,None,None,None,None,LTE,LTE+LTE,0,None,None,1,622.7000000476837,0
1628388407.5,-87.67173494,41.88216027,76,675,629,174270,76,9840,None,None,None,None,None,None,None,None,None,None,LTE+Sub6,LTE+5GS_LTE,0,None,None,1,622.7000000476837,1
1628388407.7,-87.6717355,41.88216361,76,675,629,174270,76,9840,None,None,None,None,None,None,None,None,None,None,LTE+Sub6,LTE+5GS_LTE,0,None,None,1,623.0,1
1628388407.8,-87.67173577,41.88216529,76,675,None,None,76,5330,76,9840,None,None,None,None,None,None,None,None,LTE,LTE+LTE,0,None,None,1,623.0,0
1628388408.5,-87.67173679,41.88217409,76,675,None,None,76,5330,76,9840,None,None,None,None,None,None,None,None,LTE,LTE+LTE,0,None,None,1,623.7999999523163,0
1628388408.6,-87.67173682,41.88217509,76,675,629,174270,76,9840,None,None,None,None,None,None,None,None,None,None,LTE+Sub6,LTE+5GS_LTE,0,None,None,1,623.7999999523163,1
1628388408.8,-87.67173688,41.88217681,76,675,629,174270,76,9840,None,None,None,None,None,None,None,None,None,None,LTE+Sub6,LTE+5GS_LTE,0,None,None,1,624.1000001430511,1
1628388408.9,-87.67173692,41.88217781,76,675,None,None,76,5330,76,9840,None,None,None,None,None,None,None,None,LTE,LTE+LTE,0,None,None,1,624.1000001430511,0
1628388409.2,-87.67173698,41.88217966,76,675,None,None,76,5330,76,9840,None,None,None,None,None,None,None,None,LTE,LTE+LTE,0,None,None,1,624.5,0
1628388409.3,-87.67173697,41.88217957,76,675,629,174270,76,9840,None,None,None,None,None,None,None,None,None,None,LTE+Sub6,LTE+5GS_LTE,0,None,None,1,624.5,1
1628388409.5,-87.67173696,41.88217942,76,675,629,174270,76,9840,None,None,None,None,None,None,None,None,None,None,LTE+Sub6,LTE+5GS_LTE,0,None,None,1,624.7999999523163,1
1628388409.6,-87.67173695,41.88217933,76,675,None,None,76,5330,76,9840,None,None,None,None,None,None,None,None,LTE,LTE+LTE,0,None,None,1,624.7999999523163,0
1628388410.9,-87.67173825,41.88218447,76,675,None,None,76,5330,76,9840,None,None,None,None,None,None,None,None,LTE,LTE+LTE,0,None,None,1,626.2000000476837,0
1628388411.0,-87.6717384,41.88218512,76,675,629,174270,76,9840,None,None,None,None,None,None,None,None,None,None,LTE+Sub6,LTE+5GS_LTE,0,None,None,1,626.2000000476837,1
1628388411.2,-87.67173856,41.88218597,76,675,629,174270,76,9840,None,None,None,None,None,None,None,None,None,None,LTE+Sub6,LTE+5GS_LTE,0,None,None,1,626.5,1
1628388411.3,-87.67173846,41.88218582,76,675,None,None,76,5330,76,9840,None,None,None,None,None,None,None,None,LTE,LTE+LTE,0,None,None,1,626.5,0
1628388411.8,-87.671738,41.88218517,76,675,None,None,76,5330,76,9840,None,None,None,None,None,None,None,None,LTE,LTE+LTE,0,None,None,1,627.1000001430511,0
1628388411.9,-87.6717379,41.88218503,76,675,629,174270,76,9840,None,None,None,None,None,None,None,None,None,None,LTE+Sub6,LTE+5GS_LTE,0,None,None,1,627.1000001430511,1
1628388412.2,-87.6717377,41.88218475,76,675,629,174270,76,9840,None,None,None,None,None,None,None,None,None,None,LTE+Sub6,LTE+5GS_LTE,0,None,None,1,627.5,1
1628388412.3,-87.6717377,41.88218476,76,675,None,None,76,5330,76,9840,None,None,None,None,None,None,None,None,LTE,LTE+LTE,0,None,None,1,627.5,0
1628388412.5,-87.6717377,41.88218477,76,675,None,None,76,5330,76,9840,None,None,None,None,None,None,None,None,LTE,LTE+LTE,0,None,None,1,627.7999999523163,0
1628388412.6,-87.6717377,41.88218478,76,675,629,174270,76,9840,None,None,None,None,None,None,None,None,None,None,LTE+Sub6,LTE+5GS_LTE,0,None,None,1,627.7999999523163,1
1628388412.9,-87.67173771,41.8821848,76,675,629,174270,76,9840,None,None,None,None,None,None,None,None,None,None,LTE+Sub6,LTE+5GS_LTE,0,None,None,1,628.2000000476837,1
1628388413.0,-87.67173771,41.8821848,76,675,None,None,76,5330,76,9840,None,None,None,None,None,None,None,None,LTE,LTE+LTE,0,None,None,1,628.2000000476837,0
1628388413.2,-87.67173771,41.88218481,76,675,None,None,76,5330,76,9840,None,None,None,None,None,None,None,None,LTE,LTE+LTE,0,None,None,1,628.5,0
1628388413.3,-87.67173771,41.88218481,76,675,629,174270,76,9840,None,None,None,None,None,None,None,None,None,None,LTE+Sub6,LTE+5GS_LTE,0,None,None,1,628.5,1
1628388413.5,-87.67173771,41.88218481,76,675,629,174270,76,9840,None,None,None,None,None,None,None,None,None,None,LTE+Sub6,LTE+5GS_LTE,0,None,None,1,628.7999999523163,1
1628388413.6,-87.67173771,41.88218481,76,675,None,None,76,5330,76,9840,None,None,None,None,None,None,None,None,LTE,LTE+LTE,0,None,None,1,628.7999999523163,0
1628388414.3,-87.67173771,41.88218481,76,675,None,None,76,5330,76,9840,None,None,None,None,None,None,None,None,LTE,LTE+LTE,0,None,None,1,629.6000001430511,0
1628388414.4,-87.67173771,41.88218481,76,675,629,174270,76,9840,None,None,None,None,None,None,None,None,None,None,LTE+Sub6,LTE+5GS_LTE,0,None,None,1,629.6000001430511,1
1628388414.6,-87.67173771,41.88218481,76,675,629,174270,76,9840,None,None,None,None,None,None,None,None,None,None,LTE+Sub6,LTE+5GS_LTE,0,None,None,1,629.9000000953674,1
1628388414.7,-87.67173771,41.88218481,76,675,None,None,76,5330,76,9840,None,None,None,None,None,None,None,None,LTE,LTE+LTE,0,None,None,1,629.9000000953674,0
1628388415.3,-87.67173771,41.88218481,76,675,None,None,76,5330,76,9840,None,None,None,None,None,None,None,None,LTE,LTE+LTE,0,None,None,1,630.6000001430511,0
1628388415.4,-87.67173771,41.88218481,76,675,629,174270,76,9840,None,None,None,None,None,None,None,None,None,None,LTE+Sub6,LTE+5GS_LTE,0,None,None,1,630.6000001430511,1
1628388415.6,-87.67173771,41.88218481,76,675,629,174270,76,9840,None,None,None,None,None,None,None,None,None,None,LTE+Sub6,LTE+5GS_LTE,0,None,None,1,630.9000000953674,1
1628388415.7,-87.67173771,41.88218481,76,675,None,None,76,5330,76,9840,None,None,None,None,None,None,None,None,LTE,LTE+LTE,0,None,None,1,630.9000000953674,0
1628388415.9,-87.67173771,41.88218481,76,675,None,None,76,5330,76,9840,None,None,None,None,None,None,None,None,LTE,LTE+LTE,0,None,None,1,631.2000000476837,0
1628388416.0,-87.67173771,41.88218481,76,675,629,174270,76,9840,None,None,None,None,None,None,None,None,None,None,LTE+Sub6,LTE+5GS_LTE,0,None,None,1,631.2000000476837,1
1628388416.3,-87.67173771,41.88218481,76,675,629,174270,76,9840,None,None,None,None,None,None,None,None,None,None,LTE+Sub6,LTE+5GS_LTE,0,None,None,1,631.6000001430511,1
1628388416.4,-87.67173771,41.88218481,76,675,None,None,76,5330,76,9840,None,None,None,None,None,None,None,None,LTE,LTE+LTE,0,None,None,1,631.6000001430511,0
1628388416.6,-87.67173771,41.88218481,76,675,None,None,76,5330,76,9840,None,None,None,None,None,None,None,None,LTE,LTE+LTE,0,None,None,1,631.9000000953674,0
1628388416.7,-87.67173771,41.88218481,76,675,629,174270,76,9840,None,None,None,None,None,None,None,None,None,None,LTE+Sub6,LTE+5GS_LTE,0,None,None,1,631.9000000953674,1
1628388416.9,-87.67173771,41.88218481,76,675,629,174270,76,9840,None,None,None,None,None,None,None,None,None,None,LTE+Sub6,LTE+5GS_LTE,0,None,None,1,632.2000000476837,1
1628388417.0,-87.67173771,41.88218481,76,675,None,None,76,5330,76,9840,None,None,None,None,None,None,None,None,LTE,LTE+LTE,0,None,None,1,632.2000000476837,0
1628388417.3,-87.67173771,41.88218481,76,675,None,None,76,5330,76,9840,None,None,None,None,None,None,None,None,LTE,LTE+LTE,0,None,None,1,632.6000001430511,0
1628388417.4,-87.67173771,41.88218481,76,675,629,174270,76,9840,None,None,None,None,None,None,None,None,None,None,LTE+Sub6,LTE+5GS_LTE,0,None,None,1,632.6000001430511,1
1628388417.6,-87.67173771,41.88218481,76,675,629,174270,76,9840,None,None,None,None,None,None,None,None,None,None,LTE+Sub6,LTE+5GS_LTE,0,None,None,1,632.9000000953674,1
1628388417.7,-87.67173771,41.88218481,76,675,None,None,76,5330,76,9840,None,None,None,None,None,None,None,None,LTE,LTE+LTE,0,None,None,1,632.9000000953674,0
1628388418.3,-87.67173771,41.88218481,76,675,None,None,76,5330,76,9840,None,None,None,None,None,None,None,None,LTE,LTE+LTE,0,None,None,1,633.6000001430511,0
1628388418.4,-87.67173771,41.88218481,76,675,629,174270,76,9840,None,None,None,None,None,None,None,None,None,None,LTE+Sub6,LTE+5GS_LTE,0,None,None,1,633.6000001430511,1
1628388418.6,-87.67173771,41.88218481,76,675,629,174270,76,9840,None,None,None,None,None,None,None,None,None,None,LTE+Sub6,LTE+5GS_LTE,0,None,None,1,633.9000000953674,1
1628388418.7,-87.67173771,41.88218481,76,675,None,None,76,5330,76,9840,None,None,None,None,None,None,None,None,LTE,LTE+LTE,0,None,None,1,633.9000000953674,0
1628388419.4,-87.67173771,41.88218481,76,675,None,None,76,5330,76,9840,None,None,None,None,None,None,None,None,LTE,LTE+LTE,0,None,None,1,634.7000000476837,0
1628388419.5,-87.67173771,41.88218481,76,675,629,174270,76,9840,None,None,None,None,None,None,None,None,None,None,LTE+Sub6,LTE+5GS_LTE,0,None,None,1,634.7000000476837,1
1628388419.7,-87.67173771,41.88218481,76,675,629,174270,76,9840,None,None,None,None,None,None,None,None,None,None,LTE+Sub6,LTE+5GS_LTE,0,None,None,1,635.0,1
1628388419.8,-87.67173771,41.88218481,76,675,None,None,76,5330,76,9840,None,None,None,None,None,None,None,None,LTE,LTE+LTE,0,None,None,1,635.0,0
1628388420.3,-87.67173771,41.88218481,76,675,None,None,76,5330,76,9840,None,None,None,None,None,None,None,None,LTE,LTE+LTE,0,None,None,1,635.6000001430511,0
1628388420.4,-87.67173771,41.88218481,76,675,629,174270,76,9840,None,None,None,None,None,None,None,None,None,None,LTE+Sub6,LTE+5GS_LTE,0,None,None,1,635.6000001430511,1
1628388420.6,-87.67173771,41.88218481,76,675,629,174270,76,9840,None,None,None,None,None,None,None,None,None,None,LTE+Sub6,LTE+5GS_LTE,0,None,None,1,635.9000000953674,1
1628388420.7,-87.67173771,41.88218481,76,675,None,None,76,5330,76,9840,None,None,None,None,None,None,None,None,LTE,LTE+LTE,0,None,None,1,635.9000000953674,0
1628388421.3,-87.67173771,41.88218481,76,675,None,None,76,5330,76,9840,None,None,None,None,None,None,None,None,LTE,LTE+LTE,0,None,None,1,636.6000001430511,0
1628388421.4,-87.67173771,41.88218481,76,675,629,174270,76,9840,None,None,None,None,None,None,None,None,None,None,LTE+Sub6,LTE+5GS_LTE,0,None,None,1,636.6000001430511,1
1628388421.6,-87.67173771,41.88218481,76,675,629,174270,76,9840,None,None,None,None,None,None,None,None,None,None,LTE+Sub6,LTE+5GS_LTE,0,None,None,1,636.9000000953674,1
1628388421.7,-87.67173771,41.88218481,76,675,None,None,76,5330,76,9840,None,None,None,None,None,None,None,None,LTE,LTE+LTE,0,None,None,1,636.9000000953674,0
1628388422.0,-87.67173771,41.88218481,76,675,None,None,76,5330,76,9840,None,None,None,None,None,None,None,None,LTE,LTE+LTE,0,None,None,1,637.2999999523163,0
1628388422.1,-87.67173771,41.88218481,76,675,629,174270,76,9840,None,None,None,None,None,None,None,None,None,None,LTE+Sub6,LTE+5GS_LTE,0,None,None,1,637.2999999523163,1
1628388422.3,-87.67173771,41.88218481,76,675,629,174270,76,9840,None,None,None,None,None,None,None,None,None,None,LTE+Sub6,LTE+5GS_LTE,0,None,None,1,637.6000001430511,1
1628388422.4,-87.67173771,41.88218481,76,675,None,None,76,5330,76,9840,None,None,None,None,None,None,None,None,LTE,LTE+LTE,0,None,None,1,637.6000001430511,0
1628388423.0,-87.67173771,41.88218481,76,675,None,None,76,5330,76,9840,None,None,None,None,None,None,None,None,LTE,LTE+LTE,0,None,None,1,638.2999999523163,0
1628388423.1,-87.67173771,41.88218481,76,675,629,174270,76,9840,None,None,None,None,None,None,None,None,None,None,LTE+Sub6,LTE+5GS_LTE,0,None,None,1,638.2999999523163,1
1628388423.3,-87.67173771,41.88218481,76,675,629,174270,76,9840,None,None,None,None,None,None,None,None,None,None,LTE+Sub6,LTE+5GS_LTE,0,None,None,1,638.6000001430511,1
1628388423.4,-87.67173771,41.88218481,76,675,None,None,76,5330,76,9840,None,None,None,None,None,None,None,None,LTE,LTE+LTE,0,None,None,1,638.6000001430511,0
1628388423.9,-87.67173771,41.88218481,76,675,None,None,76,5330,76,9840,None,None,None,None,None,None,None,None,LTE,LTE+LTE,0,None,None,1,639.2000000476837,0
1628388424.0,-87.67173771,41.88218481,76,675,629,174270,76,9840,None,None,None,None,None,None,None,None,None,None,LTE+Sub6,LTE+5GS_LTE,0,None,None,1,639.2000000476837,1
1628388424.2,-87.67173771,41.88218481,76,675,629,174270,76,9840,None,None,None,None,None,None,None,None,None,None,LTE+Sub6,LTE+5GS_LTE,0,None,None,1,639.5,1
1628388424.3,-87.67173771,41.88218481,76,675,None,None,76,5330,76,9840,None,None,None,None,None,None,None,None,LTE,LTE+LTE,0,None,None,1,639.5,0
1628388424.9,-87.67173771,41.88218481,76,675,None,None,76,5330,76,9840,None,None,None,None,None,None,None,None,LTE,LTE+LTE,0,None,None,1,640.2000000476837,0
1628388425.0,-87.67173771,41.88218481,76,675,629,174270,76,9840,None,None,None,None,None,None,None,None,None,None,LTE+Sub6,LTE+5GS_LTE,0,None,None,1,640.2000000476837,1
1628388425.2,-87.67173771,41.88218481,76,675,629,174270,76,9840,None,None,None,None,None,None,None,None,None,None,LTE+Sub6,LTE+5GS_LTE,0,None,None,1,640.5,1
1628388425.3,-87.67173771,41.88218481,76,675,None,None,76,5330,76,9840,None,None,None,None,None,None,None,None,LTE,LTE+LTE,0,None,None,1,640.5,0
1628388425.8,-87.67173771,41.88218481,76,675,None,None,76,5330,76,9840,None,None,None,None,None,None,None,None,LTE,LTE+LTE,0,None,None,1,641.1000001430511,0
1628388425.9,-87.67173771,41.88218481,76,675,629,174270,76,9840,None,None,None,None,None,None,None,None,None,None,LTE+Sub6,LTE+5GS_LTE,0,None,None,1,641.1000001430511,1
1628388426.2,-87.67173828,41.88218576,76,675,629,174270,76,9840,None,None,None,None,None,None,None,None,None,None,LTE+Sub6,LTE+5GS_LTE,0,None,None,1,641.5,1
1628388426.3,-87.67173898,41.88218691,76,675,None,None,76,5330,76,9840,None,None,None,None,None,None,None,None,LTE,LTE+LTE,0,None,None,1,641.5,0
1628388426.5,-87.67174018,41.88218891,76,675,None,None,76,5330,76,9840,None,None,None,None,None,None,None,None,LTE,LTE+LTE,0,None,None,1,641.7999999523163,0
1628388426.6,-87.67174087,41.88219007,76,675,629,174270,76,9840,None,None,None,None,None,None,None,None,None,None,LTE+Sub6,LTE+5GS_LTE,0,None,None,1,641.7999999523163,1
1628388426.9,-87.67174277,41.88219322,76,675,629,174270,76,9840,None,None,None,None,None,None,None,None,None,None,LTE+Sub6,LTE+5GS_LTE,0,None,None,1,642.2000000476837,1
1628388427.0,-87.67174334,41.88219416,76,675,None,None,76,5330,76,9840,None,None,None,None,None,None,None,None,LTE,LTE+LTE,0,None,None,1,642.2000000476837,0
1628388428.2,-87.67174362,41.88222053,76,675,None,None,76,5330,76,9840,None,None,None,None,None,None,None,None,LTE,LTE+LTE,0,None,None,1,643.5,0
1628388428.3,-87.67174286,41.88222498,76,675,629,174270,76,9840,None,None,None,None,None,None,None,None,None,None,LTE+Sub6,LTE+5GS_LTE,0,None,None,1,643.5,1
1628388428.5,-87.67174155,41.88223267,76,675,629,174270,76,9840,None,None,None,None,None,None,None,None,None,None,LTE+Sub6,LTE+5GS_LTE,0,None,None,1,643.7999999523163,1
1628388428.6,-87.67174079,41.88223713,76,675,None,None,76,5330,76,9840,None,None,None,None,None,None,None,None,LTE,LTE+LTE,0,None,None,1,643.7999999523163,0
1628388428.8,-87.67173948,41.88224482,76,675,None,None,76,5330,76,9840,None,None,None,None,None,None,None,None,LTE,LTE+LTE,0,None,None,1,644.1000001430511,0
1628388428.9,-87.67173872,41.88224927,76,675,629,174270,76,9840,None,None,None,None,None,None,None,None,None,None,LTE+Sub6,LTE+5GS_LTE,0,None,None,1,644.1000001430511,1
1628388429.2,-87.67173715,41.88226108,76,675,629,174270,76,9840,None,None,None,None,None,None,None,None,None,None,LTE+Sub6,LTE+5GS_LTE,0,None,None,1,644.5,1
1628388429.3,-87.67173707,41.88226639,76,675,None,None,76,5330,76,9840,None,None,None,None,None,None,None,None,LTE,LTE+LTE,0,None,None,1,644.5,0
1628388430.0,-87.67173655,41.88229971,76,675,None,None,76,5330,76,9840,None,None,None,None,None,None,None,None,LTE,LTE+LTE,0,None,None,1,645.2999999523163,0
1628388430.1,-87.67173647,41.88230502,76,675,629,174270,76,9840,None,None,None,None,None,None,None,None,None,None,LTE+Sub6,LTE+5GS_LTE,0,None,None,1,645.2999999523163,1
1628388430.3,-87.67173606,41.88231657,76,675,629,174270,76,9840,None,None,None,None,None,None,None,None,None,None,LTE+Sub6,LTE+5GS_LTE,0,None,None,1,645.6000001430511,1
1628388430.4,-87.67173581,41.88232298,76,675,None,None,76,5330,76,9840,None,None,None,None,None,None,None,None,LTE,LTE+LTE,0,None,None,1,645.6000001430511,0
1628388433.6,-87.67173607,41.88256956,76,675,None,None,76,5330,76,9840,None,None,None,None,None,None,None,None,LTE,LTE+LTE,0,None,None,1,648.9000000953674,0
1628388433.7,-87.67173635,41.88257686,76,675,629,174270,76,9840,None,None,None,None,None,None,None,None,None,None,LTE+Sub6,LTE+5GS_LTE,0,None,None,1,648.9000000953674,1
1628388433.9,-87.67173698,41.8825939,76,675,629,174270,76,9840,None,None,None,None,None,None,None,None,None,None,LTE+Sub6,LTE+5GS_LTE,0,None,None,1,649.2000000476837,1
1628388434.0,-87.67173725,41.88260121,76,675,None,None,76,5330,76,9840,None,None,None,None,None,None,None,None,LTE,LTE+LTE,0,None,None,1,649.2000000476837,0
1628388434.7,-87.671737,41.88266692,76,675,None,None,76,5330,76,9840,None,None,None,None,None,None,None,None,LTE,LTE+LTE,0,None,None,1,650.0,0
1628388434.8,-87.67173681,41.88267689,76,675,629,174270,76,9840,None,None,None,None,None,None,None,None,None,None,LTE+Sub6,LTE+5GS_LTE,0,None,None,1,650.0,1
1628388435.1,-87.67173623,41.8827078,76,675,629,174270,76,9840,None,None,None,None,None,None,None,None,None,None,LTE+Sub6,LTE+5GS_LTE,0,None,None,1,650.4000000953674,1
1628388435.2,-87.6717364,41.8827148,76,675,None,None,76,5330,76,9840,None,None,None,None,None,None,None,None,LTE,LTE+LTE,0,None,None,1,650.4000000953674,0
1628388435.4,-87.67173699,41.88273278,76,675,None,None,76,5330,76,9840,None,None,None,None,None,None,None,None,LTE,LTE+LTE,0,None,None,1,650.7000000476837,0
1628388435.5,-87.67173724,41.88274049,76,675,629,174270,76,9840,None,None,None,None,None,None,None,None,None,None,LTE+Sub6,LTE+5GS_LTE,0,None,None,1,650.7000000476837,1
1628388435.7,-87.67173779,41.88275762,76,675,629,174270,76,9840,None,None,None,None,None,None,None,None,None,None,LTE+Sub6,LTE+5GS_LTE,0,None,None,1,651.0,1
1628388435.8,-87.67173807,41.88276619,76,675,None,None,76,5330,76,9840,None,None,None,None,None,None,None,None,LTE,LTE+LTE,0,None,None,1,651.0,0
1628388436.1,-87.67173893,41.88279274,76,675,None,None,76,5330,76,9840,None,None,None,None,None,None,None,None,LTE,LTE+LTE,0,None,None,1,651.4000000953674,0
1628388436.2,-87.67173917,41.88280011,76,675,629,174270,76,9840,None,None,None,None,None,None,None,None,None,None,LTE+Sub6,LTE+5GS_LTE,0,None,None,1,651.4000000953674,1
1628388436.4,-87.67173971,41.88281708,76,675,629,174270,76,9840,None,None,None,None,None,None,None,None,None,None,LTE+Sub6,LTE+5GS_LTE,0,None,None,1,651.7000000476837,1
1628388436.5,-87.67173994,41.88282436,76,675,None,None,76,5330,76,9840,None,None,None,None,None,None,None,None,LTE,LTE+LTE,0,None,None,1,651.7000000476837,0
1628388437.0,-87.67174123,41.88286477,76,675,None,None,76,5330,76,9840,None,None,None,None,None,None,None,None,LTE,LTE+LTE,0,None,None,1,652.2999999523163,0
1628388437.1,-87.67174152,41.88287366,76,675,629,174270,76,9840,None,None,None,None,None,None,None,None,None,None,LTE+Sub6,LTE+5GS_LTE,0,None,None,1,652.2999999523163,1
1628388437.4,-87.67174236,41.88289569,76,675,629,174270,76,9840,None,None,None,None,None,None,None,None,None,None,LTE+Sub6,LTE+5GS_LTE,0,None,None,1,652.7000000476837,1
1628388437.5,-87.67174261,41.88290226,76,675,None,None,76,5330,76,9840,None,None,None,None,None,None,None,None,LTE,LTE+LTE,0,None,None,1,652.7000000476837,0
1628388439.1,-87.67174813,41.88301268,76,675,None,None,76,5330,76,9840,None,None,None,None,None,None,None,None,LTE,LTE+LTE,0,None,None,1,654.4000000953674,0
1628388439.2,-87.67174838,41.88301742,76,675,629,174270,76,9840,None,None,None,None,None,None,None,None,None,None,LTE+Sub6,LTE+5GS_LTE,0,None,None,1,654.4000000953674,1
1628388439.4,-87.67174893,41.88302814,76,675,629,174270,76,9840,None,None,None,None,None,None,None,None,None,None,LTE+Sub6,LTE+5GS_LTE,0,None,None,1,654.7000000476837,1
1628388439.5,-87.67174917,41.88303273,76,675,None,None,76,5330,76,9840,None,None,None,None,None,None,None,None,LTE,LTE+LTE,0,None,None,1,654.7000000476837,0
1628388440.1,-87.67175076,41.88306385,76,675,None,None,76,5330,76,9840,None,None,None,None,None,None,None,None,LTE,LTE+LTE,0,None,None,1,655.4000000953674,0
1628388440.2,-87.67175109,41.88306723,76,675,629,174270,76,9840,None,None,None,None,None,None,None,None,None,None,LTE+Sub6,LTE+5GS_LTE,0,None,None,1,655.4000000953674,1
1628388440.4,-87.671752,41.88307586,76,675,629,174270,76,9840,None,None,None,None,None,None,None,None,None,None,LTE+Sub6,LTE+5GS_LTE,0,None,None,1,655.7000000476837,1
1628388440.5,-87.67175238,41.88307956,76,675,None,None,76,5330,76,9840,None,None,None,None,None,None,None,None,LTE,LTE+LTE,0,None,None,1,655.7000000476837,0
1628388441.0,-87.67175454,41.88310009,76,675,None,None,76,5330,76,9840,None,None,None,None,None,None,None,None,LTE,LTE+LTE,0,None,None,1,656.2999999523163,0
1628388441.1,-87.67175501,41.88310461,76,675,629,174270,76,9840,None,None,None,None,None,None,None,None,None,None,LTE+Sub6,LTE+5GS_LTE,0,None,None,1,656.2999999523163,1
1628388441.4,-87.67175846,41.88311561,76,675,629,174270,76,9840,None,None,None,None,None,None,None,None,None,None,LTE+Sub6,LTE+5GS_LTE,0,None,None,1,656.7000000476837,1
1628388441.5,-87.67175954,41.88311889,76,675,None,None,76,5330,76,9840,None,None,None,None,None,None,None,None,LTE,LTE+LTE,0,None,None,1,656.7000000476837,0
1628388441.7,-87.67176194,41.88312616,76,675,None,None,76,5330,76,9840,None,None,None,None,None,None,None,None,LTE,LTE+LTE,0,None,None,1,657.0,0
1628388441.8,-87.67176314,41.8831298,76,675,629,174270,76,9840,None,None,None,None,None,None,None,None,None,None,LTE+Sub6,LTE+5GS_LTE,0,None,None,1,657.0,1
1628388442.0,-87.67176554,41.88313707,76,675,629,174270,76,9840,None,None,None,None,None,None,None,None,None,None,LTE+Sub6,LTE+5GS_LTE,0,None,None,1,657.2999999523163,1
1628388442.1,-87.67176686,41.88314107,76,675,None,None,76,5330,76,9840,None,None,None,None,None,None,None,None,LTE,LTE+LTE,0,None,None,1,657.2999999523163,0
1628388445.7,-87.67194198,41.88322143,76,675,None,None,76,5330,76,9840,None,None,None,None,None,None,None,None,LTE,LTE+LTE,0,None,None,1,661.0,0
1628388445.8,-87.67194973,41.88322214,76,675,629,174270,76,9840,None,None,None,None,None,None,None,None,None,None,LTE+Sub6,LTE+5GS_LTE,0,None,None,1,661.0,1
1628388446.1,-87.67197375,41.88322433,76,675,629,174270,76,9840,None,None,None,None,None,None,None,None,None,None,LTE+Sub6,LTE+5GS_LTE,0,None,None,1,661.4000000953674,1
1628388446.2,-87.67198074,41.8832247,76,675,None,None,76,5330,76,9840,None,None,None,None,None,None,None,None,LTE,LTE+LTE,0,None,None,1,661.4000000953674,0
1628388446.9,-87.67203601,41.88322593,76,675,None,None,76,5330,76,9840,None,None,None,None,None,None,None,None,LTE,LTE+LTE,0,None,None,1,662.2000000476837,0
1628388447.0,-87.67204301,41.88322608,76,675,629,174270,76,9840,None,None,None,None,None,None,None,None,None,None,LTE+Sub6,LTE+5GS_LTE,0,None,None,1,662.2000000476837,1
1628388447.2,-87.67205858,41.88322643,76,675,629,174270,76,9840,None,None,None,None,None,None,None,None,None,None,LTE+Sub6,LTE+5GS_LTE,0,None,None,1,662.5,1
1628388447.3,-87.67206714,41.88322662,76,675,None,None,76,5330,76,9840,None,None,None,None,None,None,None,None,LTE,LTE+LTE,0,None,None,1,662.5,0
1628388447.8,-87.67212928,41.88322801,76,675,None,None,76,5330,76,9840,None,None,None,None,None,None,None,None,LTE,LTE+LTE,0,None,None,1,663.1000001430511,0
1628388447.9,-87.67214324,41.88322832,76,675,629,174270,76,9840,None,None,None,None,None,None,None,None,None,None,LTE+Sub6,LTE+5GS_LTE,0,None,None,1,663.1000001430511,1
1628388448.2,-87.67217692,41.88322873,76,675,629,174270,76,9840,None,None,None,None,None,None,None,None,None,None,LTE+Sub6,LTE+5GS_LTE,0,None,None,1,663.5,1
1628388448.3,-87.67218836,41.88322852,76,675,None,None,76,5330,76,9840,None,None,None,None,None,None,None,None,LTE,LTE+LTE,0,None,None,1,663.5,0
1628388448.5,-87.67220813,41.88322814,76,675,None,None,76,5330,76,9840,None,None,None,None,None,None,None,None,LTE,LTE+LTE,0,None,None,1,663.7999999523163,0
1628388448.6,-87.67221957,41.88322792,76,675,629,174270,76,9840,None,None,None,None,None,None,None,None,None,None,LTE+Sub6,LTE+5GS_LTE,0,None,None,1,663.7999999523163,1
1628388448.8,-87.67223933,41.88322755,76,675,629,174270,76,9840,None,None,None,None,None,None,None,None,None,None,LTE+Sub6,LTE+5GS_LTE,0,None,None,1,664.1000001430511,1
1628388448.9,-87.67225078,41.88322733,76,675,None,None,76,5330,76,9840,None,None,None,None,None,None,None,None,LTE,LTE+LTE,0,None,None,1,664.1000001430511,0
1628388449.2,-87.67228053,41.88322675,76,675,None,None,76,5330,76,9840,None,None,None,None,None,None,None,None,LTE,LTE+LTE,0,None,None,1,664.5,0
1628388449.3,-87.67229337,41.88322645,76,675,629,174270,76,9840,None,None,None,None,None,None,None,None,None,None,LTE+Sub6,LTE+5GS_LTE,0,None,None,1,664.5,1
1628388449.5,-87.67231554,41.88322595,76,675,629,174270,76,9840,None,None,None,None,None,None,None,None,None,None,LTE+Sub6,LTE+5GS_LTE,0,None,None,1,664.7999999523163,1
1628388449.6,-87.67232837,41.88322566,76,675,None,None,76,5330,76,9840,None,None,None,None,None,None,None,None,LTE,LTE+LTE,0,None,None,1,664.7999999523163,0
1628388449.8,-87.67235054,41.88322515,76,675,None,None,76,5330,76,9840,None,None,None,None,None,None,None,None,LTE,LTE+LTE,0,None,None,1,665.1000001430511,0
1628388449.9,-87.67236338,41.88322486,76,675,629,174270,76,9840,None,None,None,None,None,None,None,None,None,None,LTE+Sub6,LTE+5GS_LTE,0,None,None,1,665.1000001430511,1
1628388450.2,-87.67239696,41.883224,76,675,629,174270,76,9840,None,None,None,None,None,None,None,None,None,None,LTE+Sub6,LTE+5GS_LTE,0,None,None,1,665.5,1
1628388450.3,-87.67240944,41.88322358,76,675,None,None,76,5330,76,9840,None,None,None,None,None,None,None,None,LTE,LTE+LTE,0,None,None,1,665.5,0
1628388450.5,-87.672431,41.88322286,76,675,None,None,76,5330,76,9840,None,None,None,None,None,None,None,None,LTE,LTE+LTE,0,None,None,1,665.7999999523163,0
1628388450.6,-87.67244348,41.88322244,76,675,629,174270,76,9840,None,None,None,None,None,None,None,None,None,None,LTE+Sub6,LTE+5GS_LTE,0,None,None,1,665.7999999523163,1
1628388450.9,-87.67247753,41.8832213,76,675,629,174270,76,9840,None,None,None,None,None,None,None,None,None,None,LTE+Sub6,LTE+5GS_LTE,0,None,None,1,666.2000000476837,1
1628388451.0,-87.67248774,41.88322096,76,675,None,None,76,5330,76,9840,None,None,None,None,None,None,None,None,LTE,LTE+LTE,0,None,None,1,666.2000000476837,0
1628388451.2,-87.67250966,41.88322037,76,675,None,None,76,5330,76,9840,None,None,None,None,None,None,None,None,LTE,LTE+LTE,0,None,None,1,666.5,0
1628388451.3,-87.67252313,41.88322032,76,675,629,174270,76,9840,None,None,None,None,None,None,None,None,None,None,LTE+Sub6,LTE+5GS_LTE,0,None,None,1,666.5,1
1628388451.5,-87.67254641,41.88322024,76,675,629,174270,76,9840,None,None,None,None,None,None,None,None,None,None,LTE+Sub6,LTE+5GS_LTE,0,None,None,1,666.7999999523163,1
1628388451.6,-87.67255988,41.88322019,76,675,None,None,76,5330,76,9840,None,None,None,None,None,None,None,None,LTE,LTE+LTE,0,None,None,1,666.7999999523163,0
1628388451.9,-87.67259664,41.88322006,76,675,None,None,76,5330,76,9840,None,None,None,None,None,None,None,None,LTE,LTE+LTE,0,None,None,1,667.2000000476837,0
1628388452.0,-87.67260766,41.88322002,76,675,629,174270,76,9840,None,None,None,None,None,None,None,None,None,None,LTE+Sub6,LTE+5GS_LTE,0,None,None,1,667.2000000476837,1
1628388452.2,-87.67263193,41.88321972,76,675,629,174270,76,9840,None,None,None,None,None,None,None,None,None,None,LTE+Sub6,LTE+5GS_LTE,0,None,None,1,667.5,1
1628388452.3,-87.67264508,41.88321938,76,675,None,None,76,5330,76,9840,None,None,None,None,None,None,None,None,LTE,LTE+LTE,0,None,None,1,667.5,0
1628388452.6,-87.67268095,41.88321846,76,675,None,None,76,5330,76,9840,None,None,None,None,None,None,None,None,LTE,LTE+LTE,0,None,None,1,667.9000000953674,0
1628388452.7,-87.67269171,41.88321818,76,675,629,174270,76,9840,None,None,None,None,None,None,None,None,None,None,LTE+Sub6,LTE+5GS_LTE,0,None,None,1,667.9000000953674,1
1628388452.9,-87.67271682,41.88321754,76,675,629,174270,76,9840,None,None,None,None,None,None,None,None,None,None,LTE+Sub6,LTE+5GS_LTE,0,None,None,1,668.2000000476837,1
1628388453.0,-87.67272758,41.88321726,76,675,None,None,76,5330,76,9840,None,None,None,None,None,None,None,None,LTE,LTE+LTE,0,None,None,1,668.2000000476837,0
1628388455.2,-87.67299033,41.88320287,76,675,None,None,76,5330,76,9840,None,None,None,None,None,None,None,None,LTE,LTE+LTE,0,None,None,1,670.5,0
1628388455.3,-87.67300243,41.8832019,76,675,629,174270,76,9840,None,None,None,None,None,None,None,None,None,None,LTE+Sub6,LTE+5GS_LTE,0,None,None,1,670.5,1
1628388455.6,-87.67303544,41.88319928,76,675,629,174270,76,9840,None,None,None,None,None,None,None,None,None,None,LTE+Sub6,LTE+5GS_LTE,0,None,None,1,670.9000000953674,1
1628388455.7,-87.67304534,41.88319849,76,675,None,None,76,5330,76,9840,None,None,None,None,None,None,None,None,LTE,LTE+LTE,0,None,None,1,670.9000000953674,0
1628388455.9,-87.67306845,41.88319665,76,675,None,None,76,5330,76,9840,None,None,None,None,None,None,None,None,LTE,LTE+LTE,0,None,None,1,671.2000000476837,0
1628388456.0,-87.67307835,41.88319586,76,675,629,174270,76,9840,None,None,None,None,None,None,None,None,None,None,LTE+Sub6,LTE+5GS_LTE,0,None,None,1,671.2000000476837,1
1628388456.3,-87.67311208,41.88319378,76,675,629,174270,76,9840,None,None,None,None,None,None,None,None,None,None,LTE+Sub6,LTE+5GS_LTE,0,None,None,1,671.6000001430511,1
1628388456.4,-87.67312286,41.88319327,76,675,None,None,76,5330,76,9840,None,None,None,None,None,None,None,None,LTE,LTE+LTE,0,None,None,1,671.6000001430511,0
1628388456.9,-87.67317676,41.88319073,76,675,None,None,76,5330,76,9840,None,None,None,None,None,None,None,None,LTE,LTE+LTE,0,None,None,1,672.2000000476837,0
1628388457.0,-87.67318646,41.88319027,76,675,629,174270,76,9840,None,None,None,None,None,None,None,None,None,None,LTE+Sub6,LTE+5GS_LTE,0,None,None,1,672.2000000476837,1
1628388457.2,-87.67320817,41.88318957,76,675,629,174270,76,9840,None,None,None,None,None,None,None,None,None,None,LTE+Sub6,LTE+5GS_LTE,0,None,None,1,672.5,1
1628388457.3,-87.67322026,41.8831895,76,675,None,None,76,5330,76,9840,None,None,None,None,None,None,None,None,LTE,LTE+LTE,0,None,None,1,672.5,0
1628388457.8,-87.67327412,41.8831892,76,675,None,None,76,5330,76,9840,None,None,None,None,None,None,None,None,LTE,LTE+LTE,0,None,None,1,673.1000001430511,0
1628388457.9,-87.67328621,41.88318913,76,675,629,174270,76,9840,None,None,None,None,None,None,None,None,None,None,LTE+Sub6,LTE+5GS_LTE,0,None,None,1,673.1000001430511,1
1628388458.2,-87.67331709,41.88318924,76,675,629,174270,76,9840,None,None,None,None,None,None,None,None,None,None,LTE+Sub6,LTE+5GS_LTE,0,None,None,1,673.5,1
1628388458.3,-87.67332941,41.88318978,76,675,None,None,76,5330,76,9840,None,None,None,None,None,None,None,None,LTE,LTE+LTE,0,None,None,1,673.5,0
1628388759.0,-87.67556636,41.88130016,76,675,None,None,76,5330,76,9840,None,None,None,None,None,None,None,None,LTE,LTE+LTE,0,None,None,1,974.2999999523163,0
1628388759.1,-87.67554984,41.88130056,76,675,629,174270,76,9840,None,None,None,None,None,None,None,None,None,None,LTE+Sub6,LTE+5GS_LTE,0,None,None,1,974.2999999523163,1
1628388769.9,-87.67381746,41.88131903,76,675,629,174270,76,9840,None,None,None,None,None,None,None,None,None,None,LTE+Sub6,LTE+5GS_LTE,0,None,None,1,985.2000000476837,1
1628388770.0,-87.67380264,41.88131953,76,675,None,None,76,5330,76,9840,None,None,None,None,None,None,None,None,LTE,LTE+LTE,0,None,None,1,985.2000000476837,0
1628388770.3,-87.67375165,41.88132029,76,675,None,None,76,5330,76,9840,None,None,None,None,None,None,None,None,LTE,LTE+LTE,0,None,None,1,985.6000001430511,0
1628388770.4,-87.67373522,41.88132031,76,675,629,174270,76,9840,None,None,None,None,None,None,None,None,None,None,LTE+Sub6,LTE+5GS_LTE,0,None,None,1,985.6000001430511,1
1628388770.7,-87.67368757,41.88132037,76,675,629,174270,76,9840,None,None,None,None,None,None,None,None,None,None,LTE+Sub6,LTE+5GS_LTE,0,None,None,1,986.0,1
1628388770.8,-87.67367114,41.88132039,76,675,None,None,76,5330,76,9840,None,None,None,None,None,None,None,None,LTE,LTE+LTE,0,None,None,1,986.0,0
1628388771.0,-87.67363829,41.88132043,76,675,None,None,76,5330,76,9840,None,None,None,None,None,None,None,None,LTE,LTE+LTE,0,None,None,1,986.2999999523163,0
1628388771.1,-87.67362021,41.88132046,76,675,629,174270,76,9840,None,None,None,None,None,None,None,None,None,None,LTE+Sub6,LTE+5GS_LTE,0,None,None,1,986.2999999523163,1
1628388771.4,-87.67357243,41.88132093,76,675,629,174270,76,9840,None,None,None,None,None,None,None,None,None,None,LTE+Sub6,LTE+5GS_LTE,0,None,None,1,986.7000000476837,1
1628388771.5,-87.67355811,41.88132107,76,675,None,None,76,5330,76,9840,None,None,None,None,None,None,None,None,LTE,LTE+LTE,0,None,None,1,986.7000000476837,0
1628388771.8,-87.67351038,41.88132155,76,675,None,None,76,5330,76,9840,None,None,None,None,None,None,None,None,LTE,LTE+LTE,0,None,None,1,987.1000001430511,0
1628388771.9,-87.67349288,41.88132173,76,675,629,174270,76,9840,None,None,None,None,None,None,None,None,None,None,LTE+Sub6,LTE+5GS_LTE,0,None,None,1,987.1000001430511,1
1628388772.2,-87.67344673,41.88132215,76,675,629,174270,76,9840,None,None,None,None,None,None,None,None,None,None,LTE+Sub6,LTE+5GS_LTE,0,None,None,1,987.5,1
1628388772.3,-87.67342921,41.88132225,76,675,None,None,76,5330,76,9840,None,None,None,None,None,None,None,None,LTE,LTE+LTE,0,None,None,1,987.5,0
1628388772.5,-87.67339896,41.88132243,76,675,None,None,76,5330,76,9840,None,None,None,None,None,None,None,None,LTE,LTE+LTE,0,None,None,1,987.7999999523163,0
1628388772.6,-87.67338144,41.88132254,76,675,629,174270,76,9840,None,None,None,None,None,None,None,None,None,None,LTE+Sub6,LTE+5GS_LTE,0,None,None,1,987.7999999523163,1
1628388772.9,-87.67333366,41.88132283,76,675,629,174270,76,9840,None,None,None,None,None,None,None,None,None,None,LTE+Sub6,LTE+5GS_LTE,0,None,None,1,988.2000000476837,1
1628388773.0,-87.67331933,41.88132292,76,675,None,None,76,5330,76,9840,None,None,None,None,None,None,None,None,LTE,LTE+LTE,0,None,None,1,988.2000000476837,0
1628388773.3,-87.67327113,41.88132363,76,675,None,None,76,5330,76,9840,None,None,None,None,None,None,None,None,LTE,LTE+LTE,0,None,None,1,988.6000001430511,0
1628388773.4,-87.67325495,41.88132397,76,675,629,174270,76,9840,None,None,None,None,None,None,None,None,None,None,LTE+Sub6,LTE+5GS_LTE,0,None,None,1,988.6000001430511,1
1628388773.6,-87.67322259,41.88132466,76,675,629,174270,76,9840,None,None,None,None,None,None,None,None,None,None,LTE+Sub6,LTE+5GS_LTE,0,None,None,1,988.9000000953674,1
1628388773.7,-87.67320803,41.88132497,76,675,None,None,76,5330,76,9840,None,None,None,None,None,None,None,None,LTE,LTE+LTE,0,None,None,1,988.9000000953674,0
1628388774.0,-87.67315949,41.88132601,76,675,None,None,76,5330,76,9840,None,None,None,None,None,None,None,None,LTE,LTE+LTE,0,None,None,1,989.2999999523163,0
1628388774.1,-87.67314169,41.88132639,76,675,629,174270,76,9840,None,None,None,None,None,None,None,None,None,None,LTE+Sub6,LTE+5GS_LTE,0,None,None,1,989.2999999523163,1
1628388774.4,-87.67309341,41.8813267,76,675,629,174270,76,9840,None,None,None,None,None,None,None,None,None,None,LTE+Sub6,LTE+5GS_LTE,0,None,None,1,989.7000000476837,1
1628388774.5,-87.67307894,41.88132677,76,675,None,None,76,5330,76,9840,None,None,None,None,None,None,None,None,LTE,LTE+LTE,0,None,None,1,989.7000000476837,0
1628388775.2,-87.67296646,41.88132742,76,675,None,None,76,5330,76,9840,None,None,None,None,None,None,None,None,LTE,LTE+LTE,0,None,None,1,990.5,0
1628388775.3,-87.67294896,41.88132767,76,675,629,174270,76,9840,None,None,None,None,None,None,None,None,None,None,LTE+Sub6,LTE+5GS_LTE,0,None,None,1,990.5,1
1628388775.6,-87.67290124,41.88132835,76,675,629,174270,76,9840,None,None,None,None,None,None,None,None,None,None,LTE+Sub6,LTE+5GS_LTE,0,None,None,1,990.9000000953674,1
1628388775.7,-87.67288693,41.88132856,76,675,None,None,76,5330,76,9840,None,None,None,None,None,None,None,None,LTE,LTE+LTE,0,None,None,1,990.9000000953674,0
1628388775.9,-87.67285352,41.88132904,76,675,None,None,76,5330,76,9840,None,None,None,None,None,None,None,None,LTE,LTE+LTE,0,None,None,1,991.2000000476837,0
1628388776.0,-87.67283921,41.88132924,76,675,629,174270,76,9840,None,None,None,None,None,None,None,None,None,None,LTE+Sub6,LTE+5GS_LTE,0,None,None,1,991.2000000476837,1
1628388776.3,-87.67279284,41.88132984,76,675,629,174270,76,9840,None,None,None,None,None,None,None,None,None,None,LTE+Sub6,LTE+5GS_LTE,0,None,None,1,991.6000001430511,1
1628388776.4,-87.67277856,41.88133,76,675,None,None,76,5330,76,9840,None,None,None,None,None,None,None,None,LTE,LTE+LTE,0,None,None,1,991.6000001430511,0
1628388776.6,-87.67275001,41.88133033,76,675,None,None,76,5330,76,9840,None,None,None,None,None,None,None,None,LTE,LTE+LTE,0,None,None,1,991.9000000953674,0
1628388776.7,-87.67273717,41.88133047,76,675,629,174270,76,9840,None,None,None,None,None,None,None,None,None,None,LTE+Sub6,LTE+5GS_LTE,0,None,None,1,991.9000000953674,1
1628388777.0,-87.67269435,41.88133097,76,675,629,174270,76,9840,None,None,None,None,None,None,None,None,None,None,LTE+Sub6,LTE+5GS_LTE,0,None,None,1,992.2999999523163,1
1628388777.1,-87.67267864,41.88133115,76,675,None,None,76,5330,76,9840,None,None,None,None,None,None,None,None,LTE,LTE+LTE,0,None,None,1,992.2999999523163,0
1628388777.7,-87.67258463,41.88133248,76,675,None,None,76,5330,76,9840,None,None,None,None,None,None,None,None,LTE,LTE+LTE,0,None,None,1,993.0,0
1628388777.8,-87.67256836,41.88133271,76,675,629,174270,76,9840,None,None,None,None,None,None,None,None,None,None,LTE+Sub6,LTE+5GS_LTE,0,None,None,1,993.0,1
1628388778.1,-87.67251791,41.88133345,76,675,629,174270,76,9840,None,None,None,None,None,None,None,None,None,None,LTE+Sub6,LTE+5GS_LTE,0,None,None,1,993.4000000953674,1
1628388778.2,-87.67250695,41.88133357,76,675,None,None,76,5330,76,9840,None,None,None,None,None,None,None,None,LTE,LTE+LTE,0,None,None,1,993.4000000953674,0
1628388778.4,-87.67247819,41.88133387,76,675,None,None,76,5330,76,9840,None,None,None,None,None,None,None,None,LTE,LTE+LTE,0,None,None,1,993.7000000476837,0
1628388778.5,-87.67246586,41.881334,76,675,629,174270,76,9840,None,None,None,None,None,None,None,None,None,None,LTE+Sub6,LTE+5GS_LTE,0,None,None,1,993.7000000476837,1
1628388778.8,-87.67242477,41.88133444,76,675,629,174270,76,9840,None,None,None,None,None,None,None,None,None,None,LTE+Sub6,LTE+5GS_LTE,0,None,None,1,994.1000001430511,1
1628388778.9,-87.6724097,41.8813346,76,675,None,None,76,5330,76,9840,None,None,None,None,None,None,None,None,LTE,LTE+LTE,0,None,None,1,994.1000001430511,0
1628388781.0,-87.67214427,41.88133942,76,675,None,None,76,5330,76,9840,None,None,None,None,None,None,None,None,LTE,LTE+LTE,0,None,None,1,996.2999999523163,0
1628388781.1,-87.67213089,41.88133961,76,675,629,174270,76,9840,None,None,None,None,None,None,None,None,None,None,LTE+Sub6,LTE+5GS_LTE,0,None,None,1,996.2999999523163,1
1628388781.4,-87.67209874,41.88134044,76,675,629,174270,76,9840,None,None,None,None,None,None,None,None,None,None,LTE+Sub6,LTE+5GS_LTE,0,None,None,1,996.7000000476837,1
1628388781.5,-87.67208914,41.88134069,76,675,None,None,76,5330,76,9840,None,None,None,None,None,None,None,None,LTE,LTE+LTE,0,None,None,1,996.7000000476837,0
1628388783.2,-87.67192997,41.88134762,76,675,None,None,76,5330,76,9840,None,None,None,None,None,None,None,None,LTE,LTE+LTE,0,None,None,1,998.5,0
1628388783.3,-87.67192176,41.88134947,76,675,629,174270,76,9840,None,None,None,None,None,None,None,None,None,None,LTE+Sub6,LTE+5GS_LTE,0,None,None,1,998.5,1
1628388783.5,-87.67190758,41.88135266,76,675,629,174270,76,9840,None,None,None,None,None,None,None,None,None,None,LTE+Sub6,LTE+5GS_LTE,0,None,None,1,998.7999999523163,1
1628388783.6,-87.67189937,41.8813545,76,675,None,None,76,5330,76,9840,None,None,None,None,None,None,None,None,LTE,LTE+LTE,0,None,None,1,998.7999999523163,0
1628388790.9,-87.67174203,41.88187684,76,675,None,None,None,None,None,None,None,None,None,None,None,None,None,None,LTE,LTE,0,None,None,1,1006.2000000476837,0
1628388791.0,-87.67174199,41.88188497,76,675,629,174270,76,9840,None,None,None,None,None,None,None,None,None,None,LTE+Sub6,LTE+5GS_LTE,0,None,None,1,1006.2000000476837,1
1628388791.3,-87.67174292,41.88191092,76,675,629,174270,76,9840,None,None,None,None,None,None,None,None,None,None,LTE+Sub6,LTE+5GS_LTE,0,None,None,1,1006.6000001430511,1
1628388791.4,-87.67174353,41.88191867,76,675,None,None,76,5330,76,9840,None,None,None,None,None,None,None,None,LTE,LTE+LTE,0,None,None,1,1006.6000001430511,0
1628388794.3,-87.67175051,41.88209797,76,675,None,None,76,5330,76,9840,None,None,None,None,None,None,None,None,LTE,LTE+LTE,0,None,None,1,1009.6000001430511,0
1628388794.4,-87.67175063,41.88210023,76,675,629,174270,76,9840,None,None,None,None,None,None,None,None,None,None,LTE+Sub6,LTE+5GS_LTE,0,None,None,1,1009.6000001430511,1
1628388794.7,-87.67175095,41.88210679,76,675,629,174270,76,9840,None,None,None,None,None,None,None,None,None,None,LTE+Sub6,LTE+5GS_LTE,0,None,None,1,1010.0,1
1628388794.8,-87.67175106,41.88210904,76,675,None,None,76,5330,76,9840,None,None,None,None,None,None,None,None,LTE,LTE+LTE,0,None,None,1,1010.0,0
1628388796.3,-87.6717528,41.88214114,76,675,None,None,76,5330,76,9840,None,None,None,None,None,None,None,None,LTE,LTE+LTE,0,None,None,1,1011.6000001430511,0
1628388796.4,-87.67175294,41.88214234,76,675,629,174270,76,9840,None,None,None,None,None,None,None,None,None,None,LTE+Sub6,LTE+5GS_LTE,0,None,None,1,1011.6000001430511,1
1628388796.7,-87.67175332,41.8821458,76,675,629,174270,76,9840,None,None,None,None,None,None,None,None,None,None,LTE+Sub6,LTE+5GS_LTE,0,None,None,1,1012.0,1
1628388796.8,-87.67175345,41.882147,76,675,None,None,76,5330,76,9840,None,None,None,None,None,None,None,None,LTE,LTE+LTE,0,None,None,1,1012.0,0
1628388798.3,-87.67175357,41.88215049,76,675,None,None,76,5330,76,9840,None,None,None,None,None,None,None,None,LTE,LTE+LTE,0,None,None,1,1013.6000001430511,0
1628388798.4,-87.67175341,41.88215098,76,675,629,174270,76,9840,None,None,None,None,None,None,None,None,None,None,LTE+Sub6,LTE+5GS_LTE,0,None,None,1,1013.6000001430511,1
1628388798.6,-87.67175309,41.88215195,76,675,629,174270,76,9840,None,None,None,None,None,None,None,None,None,None,LTE+Sub6,LTE+5GS_LTE,0,None,None,1,1013.9000000953674,1
1628388798.7,-87.67175294,41.88215239,76,675,None,None,76,5330,76,9840,None,None,None,None,None,None,None,None,LTE,LTE+LTE,0,None,None,1,1013.9000000953674,0
1628388799.0,-87.67175246,41.88215384,76,675,None,None,76,5330,76,9840,None,None,None,None,None,None,None,None,LTE,LTE+LTE,0,None,None,1,1014.2999999523163,0
1628388799.1,-87.67175228,41.88215437,76,675,629,174270,76,9840,None,None,None,None,None,None,None,None,None,None,LTE+Sub6,LTE+5GS_LTE,0,None,None,1,1014.2999999523163,1
1628388799.3,-87.67175222,41.88215452,76,675,629,174270,76,9840,None,None,None,None,None,None,None,None,None,None,LTE+Sub6,LTE+5GS_LTE,0,None,None,1,1014.6000001430511,1
1628388799.4,-87.67175221,41.88215452,76,675,None,None,76,5330,76,9840,None,None,None,None,None,None,None,None,LTE,LTE+LTE,0,None,None,1,1014.6000001430511,0
1628388800.1,-87.67175215,41.88215453,76,675,None,None,76,5330,76,9840,None,None,None,None,None,None,None,None,LTE,LTE+LTE,0,None,None,1,1015.4000000953674,0
1628388800.2,-87.67175215,41.88215453,76,675,629,174270,76,9840,None,None,None,None,None,None,None,None,None,None,LTE+Sub6,LTE+5GS_LTE,0,None,None,1,1015.4000000953674,1
1628388800.5,-87.67175215,41.88215453,76,675,629,174270,76,9840,None,None,None,None,None,None,None,None,None,None,LTE+Sub6,LTE+5GS_LTE,0,None,None,1,1015.7999999523163,1
1628388800.6,-87.67175215,41.88215453,76,675,None,None,76,5330,76,9840,None,None,None,None,None,None,None,None,LTE,LTE+LTE,0,None,None,1,1015.7999999523163,0
1628388801.1,-87.67175215,41.88215453,76,675,None,None,76,5330,76,9840,None,None,None,None,None,None,None,None,LTE,LTE+LTE,0,None,None,1,1016.4000000953674,0
1628388801.2,-87.67175215,41.88215453,76,675,629,174270,76,9840,None,None,None,None,None,None,None,None,None,None,LTE+Sub6,LTE+5GS_LTE,0,None,None,1,1016.4000000953674,1
1628388801.5,-87.67175215,41.88215453,76,675,629,174270,76,9840,None,None,None,None,None,None,None,None,None,None,LTE+Sub6,LTE+5GS_LTE,0,None,None,1,1016.7999999523163,1
1628388801.6,-87.67175215,41.88215453,76,675,None,None,76,5330,76,9840,None,None,None,None,None,None,None,None,LTE,LTE+LTE,0,None,None,1,1016.7999999523163,0
1628388801.8,-87.67175215,41.88215453,76,675,None,None,76,5330,76,9840,None,None,None,None,None,None,None,None,LTE,LTE+LTE,0,None,None,1,1017.1000001430511,0
1628388801.9,-87.67175215,41.88215453,76,675,629,174270,76,9840,None,None,None,None,None,None,None,None,None,None,LTE+Sub6,LTE+5GS_LTE,0,None,None,1,1017.1000001430511,1
1628388802.2,-87.67175215,41.88215453,76,675,629,174270,76,9840,None,None,None,None,None,None,None,None,None,None,LTE+Sub6,LTE+5GS_LTE,0,None,None,1,1017.5,1
1628388802.3,-87.67175215,41.88215453,76,675,None,None,76,5330,76,9840,None,None,None,None,None,None,None,None,LTE,LTE+LTE,0,None,None,1,1017.5,0
1628388802.8,-87.67175215,41.88215453,76,675,None,None,76,5330,76,9840,None,None,None,None,None,None,None,None,LTE,LTE+LTE,0,None,None,1,1018.1000001430511,0
1628388802.9,-87.67175215,41.88215453,76,675,629,174270,76,9840,None,None,None,None,None,None,None,None,None,None,LTE+Sub6,LTE+5GS_LTE,0,None,None,1,1018.1000001430511,1
1628388803.1,-87.67175215,41.88215453,76,675,629,174270,76,9840,None,None,None,None,None,None,None,None,None,None,LTE+Sub6,LTE+5GS_LTE,0,None,None,1,1018.4000000953674,1
1628388803.2,-87.67175215,41.88215453,76,675,None,None,76,5330,76,9840,None,None,None,None,None,None,None,None,LTE,LTE+LTE,0,None,None,1,1018.4000000953674,0
1628388803.5,-87.67175215,41.88215453,76,675,None,None,76,5330,76,9840,None,None,None,None,None,None,None,None,LTE,LTE+LTE,0,None,None,1,1018.7999999523163,0
1628388803.6,-87.67175215,41.88215453,76,675,629,174270,76,9840,None,None,None,None,None,None,None,None,None,None,LTE+Sub6,LTE+5GS_LTE,0,None,None,1,1018.7999999523163,1
1628388803.9,-87.67175215,41.88215453,76,675,629,174270,76,9840,None,None,None,None,None,None,None,None,None,None,LTE+Sub6,LTE+5GS_LTE,0,None,None,1,1019.2000000476837,1
1628388804.0,-87.67175215,41.88215453,76,675,None,None,76,5330,76,9840,None,None,None,None,None,None,None,None,LTE,LTE+LTE,0,None,None,1,1019.2000000476837,0
1628388804.2,-87.67175215,41.88215453,76,675,None,None,76,5330,76,9840,None,None,None,None,None,None,None,None,LTE,LTE+LTE,0,None,None,1,1019.5,0
1628388804.3,-87.67175215,41.88215453,76,675,629,174270,76,9840,None,None,None,None,None,None,None,None,None,None,LTE+Sub6,LTE+5GS_LTE,0,None,None,1,1019.5,1
1628388804.5,-87.67175215,41.88215453,76,675,629,174270,76,9840,None,None,None,None,None,None,None,None,None,None,LTE+Sub6,LTE+5GS_LTE,0,None,None,1,1019.7999999523163,1
1628388804.6,-87.67175215,41.88215453,76,675,None,None,76,5330,76,9840,None,None,None,None,None,None,None,None,LTE,LTE+LTE,0,None,None,1,1019.7999999523163,0
1628388804.9,-87.67175215,41.88215453,76,675,None,None,76,5330,76,9840,None,None,None,None,None,None,None,None,LTE,LTE+LTE,0,None,None,1,1020.2000000476837,0
1628388805.0,-87.67175215,41.88215453,76,675,629,174270,76,9840,None,None,None,None,None,None,None,None,None,None,LTE+Sub6,LTE+5GS_LTE,0,None,None,1,1020.2000000476837,1
1628388805.2,-87.67175215,41.88215453,76,675,629,174270,76,9840,None,None,None,None,None,None,None,None,None,None,LTE+Sub6,LTE+5GS_LTE,0,None,None,1,1020.5,1
1628388805.3,-87.67175215,41.88215453,76,675,None,None,76,5330,76,9840,None,None,None,None,None,None,None,None,LTE,LTE+LTE,0,None,None,1,1020.5,0
1628388805.6,-87.67175215,41.88215453,76,675,None,None,76,5330,76,9840,None,None,None,None,None,None,None,None,LTE,LTE+LTE,0,None,None,1,1020.9000000953674,0
1628388805.7,-87.67175215,41.88215453,76,675,629,174270,76,9840,None,None,None,None,None,None,None,None,None,None,LTE+Sub6,LTE+5GS_LTE,0,None,None,1,1020.9000000953674,1
1628388805.9,-87.67175215,41.88215453,76,675,629,174270,76,9840,None,None,None,None,None,None,None,None,None,None,LTE+Sub6,LTE+5GS_LTE,0,None,None,1,1021.2000000476837,1
1628388806.0,-87.67175215,41.88215453,76,675,None,None,76,5330,76,9840,None,None,None,None,None,None,None,None,LTE,LTE+LTE,0,None,None,1,1021.2000000476837,0
1628388806.2,-87.67175215,41.88215453,76,675,None,None,76,5330,76,9840,None,None,None,None,None,None,None,None,LTE,LTE+LTE,0,None,None,1,1021.5,0
1628388806.3,-87.67175215,41.88215453,76,675,629,174270,76,9840,None,None,None,None,None,None,None,None,None,None,LTE+Sub6,LTE+5GS_LTE,0,None,None,1,1021.5,1
1628388806.6,-87.67175215,41.88215453,76,675,629,174270,76,9840,None,None,None,None,None,None,None,None,None,None,LTE+Sub6,LTE+5GS_LTE,0,None,None,1,1021.9000000953674,1
1628388806.7,-87.67175215,41.88215453,76,675,None,None,76,5330,76,9840,None,None,None,None,None,None,None,None,LTE,LTE+LTE,0,None,None,1,1021.9000000953674,0
1628388807.2,-87.67175215,41.88215453,76,675,None,None,76,5330,76,9840,None,None,None,None,None,None,None,None,LTE,LTE+LTE,0,None,None,1,1022.5,0
1628388807.3,-87.67175215,41.88215453,76,675,629,174270,76,9840,None,None,None,None,None,None,None,None,None,None,LTE+Sub6,LTE+5GS_LTE,0,None,None,1,1022.5,1
1628388807.5,-87.67175215,41.88215453,76,675,629,174270,76,9840,None,None,None,None,None,None,None,None,None,None,LTE+Sub6,LTE+5GS_LTE,0,None,None,1,1022.7999999523163,1
1628388807.6,-87.67175215,41.88215453,76,675,None,None,76,5330,76,9840,None,None,None,None,None,None,None,None,LTE,LTE+LTE,0,None,None,1,1022.7999999523163,0
1628388808.1,-87.67175215,41.88215453,76,675,None,None,76,5330,76,9840,None,None,None,None,None,None,None,None,LTE,LTE+LTE,0,None,None,1,1023.4000000953674,0
1628388808.2,-87.67175215,41.88215453,76,675,629,174270,76,9840,None,None,None,None,None,None,None,None,None,None,LTE+Sub6,LTE+5GS_LTE,0,None,None,1,1023.4000000953674,1
1628388808.5,-87.67175215,41.88215453,76,675,629,174270,76,9840,None,None,None,None,None,None,None,None,None,None,LTE+Sub6,LTE+5GS_LTE,0,None,None,1,1023.7999999523163,1
1628388808.6,-87.67175215,41.88215453,76,675,None,None,76,5330,76,9840,None,None,None,None,None,None,None,None,LTE,LTE+LTE,0,None,None,1,1023.7999999523163,0
1628388809.1,-87.67175215,41.88215453,76,675,None,None,76,5330,76,9840,None,None,None,None,None,None,None,None,LTE,LTE+LTE,0,None,None,1,1024.4000000953674,0
1628388809.2,-87.67175215,41.88215453,76,675,629,174270,76,9840,None,None,None,None,None,None,None,None,None,None,LTE+Sub6,LTE+5GS_LTE,0,None,None,1,1024.4000000953674,1
1628388809.5,-87.67175215,41.88215453,76,675,629,174270,76,9840,None,None,None,None,None,None,None,None,None,None,LTE+Sub6,LTE+5GS_LTE,0,None,None,1,1024.7999999523163,1
1628388809.6,-87.67175215,41.88215453,76,675,None,None,76,5330,76,9840,None,None,None,None,None,None,None,None,LTE,LTE+LTE,0,None,None,1,1024.7999999523163,0
1628388810.1,-87.67175215,41.88215453,76,675,None,None,76,5330,76,9840,None,None,None,None,None,None,None,None,LTE,LTE+LTE,0,None,None,1,1025.4000000953674,0
1628388810.2,-87.67175215,41.88215453,76,675,629,174270,76,9840,None,None,None,None,None,None,None,None,None,None,LTE+Sub6,LTE+5GS_LTE,0,None,None,1,1025.4000000953674,1
1628388810.4,-87.67175215,41.88215453,76,675,629,174270,76,9840,None,None,None,None,None,None,None,None,None,None,LTE+Sub6,LTE+5GS_LTE,0,None,None,1,1025.7000000476837,1
1628388810.5,-87.67175215,41.88215453,76,675,None,None,76,5330,76,9840,None,None,None,None,None,None,None,None,LTE,LTE+LTE,0,None,None,1,1025.7000000476837,0
1628388810.8,-87.67175215,41.88215453,76,675,None,None,76,5330,76,9840,None,None,None,None,None,None,None,None,LTE,LTE+LTE,0,None,None,1,1026.1000001430511,0
1628388810.9,-87.67175215,41.88215453,76,675,629,174270,76,9840,None,None,None,None,None,None,None,None,None,None,LTE+Sub6,LTE+5GS_LTE,0,None,None,1,1026.1000001430511,1
1628388811.1,-87.67175215,41.88215453,76,675,629,174270,76,9840,None,None,None,None,None,None,None,None,None,None,LTE+Sub6,LTE+5GS_LTE,0,None,None,1,1026.4000000953674,1
1628388811.2,-87.67175215,41.88215453,76,675,None,None,76,5330,76,9840,None,None,None,None,None,None,None,None,LTE,LTE+LTE,0,None,None,1,1026.4000000953674,0
1628388811.8,-87.67175215,41.88215453,76,675,None,None,76,5330,76,9840,None,None,None,None,None,None,None,None,LTE,LTE+LTE,0,None,None,1,1027.1000001430511,0
1628388811.9,-87.67175215,41.88215453,76,675,629,174270,76,9840,None,None,None,None,None,None,None,None,None,None,LTE+Sub6,LTE+5GS_LTE,0,None,None,1,1027.1000001430511,1
1628388812.2,-87.67175215,41.88215453,76,675,629,174270,76,9840,None,None,None,None,None,None,None,None,None,None,LTE+Sub6,LTE+5GS_LTE,0,None,None,1,1027.5,1
1628388812.3,-87.67175215,41.88215453,76,675,None,None,76,5330,76,9840,None,None,None,None,None,None,None,None,LTE,LTE+LTE,0,None,None,1,1027.5,0
1628388812.6,-87.67175215,41.88215453,76,675,None,None,76,5330,76,9840,None,None,None,None,None,None,None,None,LTE,LTE+LTE,0,None,None,1,1027.9000000953674,0
1628388812.7,-87.67175215,41.88215453,76,675,629,174270,76,9840,None,None,None,None,None,None,None,None,None,None,LTE+Sub6,LTE+5GS_LTE,0,None,None,1,1027.9000000953674,1
1628388812.9,-87.67175215,41.88215453,76,675,629,174270,76,9840,None,None,None,None,None,None,None,None,None,None,LTE+Sub6,LTE+5GS_LTE,0,None,None,1,1028.2000000476837,1
1628388813.0,-87.67175215,41.88215453,76,675,None,None,76,5330,76,9840,None,None,None,None,None,None,None,None,LTE,LTE+LTE,0,None,None,1,1028.2000000476837,0
1628388813.5,-87.67175215,41.88215453,76,675,None,None,76,5330,76,9840,None,None,None,None,None,None,None,None,LTE,LTE+LTE,0,None,None,1,1028.7999999523163,0
1628388813.6,-87.67175215,41.88215453,76,675,629,174270,76,9840,None,None,None,None,None,None,None,None,None,None,LTE+Sub6,LTE+5GS_LTE,0,None,None,1,1028.7999999523163,1
1628388813.9,-87.67175215,41.88215453,76,675,629,174270,76,9840,None,None,None,None,None,None,None,None,None,None,LTE+Sub6,LTE+5GS_LTE,0,None,None,1,1029.2000000476837,1
1628388814.0,-87.67175215,41.88215453,76,675,None,None,76,5330,76,9840,None,None,None,None,None,None,None,None,LTE,LTE+LTE,0,None,None,1,1029.2000000476837,0
1628388814.2,-87.67175215,41.88215453,76,675,None,None,76,5330,76,9840,None,None,None,None,None,None,None,None,LTE,LTE+LTE,0,None,None,1,1029.5,0
1628388814.3,-87.67175215,41.88215453,76,675,629,174270,76,9840,None,None,None,None,None,None,None,None,None,None,LTE+Sub6,LTE+5GS_LTE,0,None,None,1,1029.5,1
1628388814.6,-87.67175215,41.88215453,76,675,629,174270,76,9840,None,None,None,None,None,None,None,None,None,None,LTE+Sub6,LTE+5GS_LTE,0,None,None,1,1029.9000000953674,1
1628388814.7,-87.67175215,41.88215453,76,675,None,None,76,5330,76,9840,None,None,None,None,None,None,None,None,LTE,LTE+LTE,0,None,None,1,1029.9000000953674,0
1628388814.9,-87.67175215,41.88215453,76,675,None,None,76,5330,76,9840,None,None,None,None,None,None,None,None,LTE,LTE+LTE,0,None,None,1,1030.2000000476837,0
1628388815.0,-87.67175215,41.88215453,76,675,629,174270,76,9840,None,None,None,None,None,None,None,None,None,None,LTE+Sub6,LTE+5GS_LTE,0,None,None,1,1030.2000000476837,1
1628388815.3,-87.67175215,41.88215453,76,675,629,174270,76,9840,None,None,None,None,None,None,None,None,None,None,LTE+Sub6,LTE+5GS_LTE,0,None,None,1,1030.6000001430511,1
1628388815.4,-87.67175215,41.88215453,76,675,None,None,76,5330,76,9840,None,None,None,None,None,None,None,None,LTE,LTE+LTE,0,None,None,1,1030.6000001430511,0
1628388815.6,-87.67175215,41.88215453,76,675,None,None,76,5330,76,9840,None,None,None,None,None,None,None,None,LTE,LTE+LTE,0,None,None,1,1030.9000000953674,0
1628388815.7,-87.67175215,41.88215453,76,675,629,174270,76,9840,None,None,None,None,None,None,None,None,None,None,LTE+Sub6,LTE+5GS_LTE,0,None,None,1,1030.9000000953674,1
1628388816.0,-87.67175215,41.88215453,76,675,629,174270,76,9840,None,None,None,None,None,None,None,None,None,None,LTE+Sub6,LTE+5GS_LTE,0,None,None,1,1031.2999999523163,1
1628388816.1,-87.67175215,41.88215453,76,675,None,None,76,5330,76,9840,None,None,None,None,None,None,None,None,LTE,LTE+LTE,0,None,None,1,1031.2999999523163,0
1628388816.3,-87.67175215,41.88215453,76,675,None,None,76,5330,76,9840,None,None,None,None,None,None,None,None,LTE,LTE+LTE,0,None,None,1,1031.6000001430511,0
1628388816.4,-87.67175215,41.88215453,76,675,629,174270,76,9840,None,None,None,None,None,None,None,None,None,None,LTE+Sub6,LTE+5GS_LTE,0,None,None,1,1031.6000001430511,1
1628388816.6,-87.67175215,41.88215453,76,675,629,174270,76,9840,None,None,None,None,None,None,None,None,None,None,LTE+Sub6,LTE+5GS_LTE,0,None,None,1,1031.9000000953674,1
1628388816.7,-87.67175215,41.88215453,76,675,None,None,76,5330,76,9840,None,None,None,None,None,None,None,None,LTE,LTE+LTE,0,None,None,1,1031.9000000953674,0
1628388817.4,-87.6717499,41.88215483,76,675,None,None,76,5330,76,9840,None,None,None,None,None,None,None,None,LTE,LTE+LTE,0,None,None,1,1032.7000000476837,0
1628388817.5,-87.67174918,41.88215493,76,675,629,174270,76,9840,None,None,None,None,None,None,None,None,None,None,LTE+Sub6,LTE+5GS_LTE,0,None,None,1,1032.7000000476837,1
1628388817.7,-87.67174757,41.88215514,76,675,629,174270,76,9840,None,None,None,None,None,None,None,None,None,None,LTE+Sub6,LTE+5GS_LTE,0,None,None,1,1033.0,1
1628388817.8,-87.67174677,41.88215525,76,675,None,None,76,5330,76,9840,None,None,None,None,None,None,None,None,LTE,LTE+LTE,0,None,None,1,1033.0,0
1628388818.1,-87.67174428,41.88215558,76,675,None,None,76,5330,76,9840,None,None,None,None,None,None,None,None,LTE,LTE+LTE,0,None,None,1,1033.4000000953674,0
1628388818.2,-87.67174417,41.88215584,76,675,629,174270,76,9840,None,None,None,None,None,None,None,None,None,None,LTE+Sub6,LTE+5GS_LTE,0,None,None,1,1033.4000000953674,1
1628388818.4,-87.6717443,41.88215656,76,675,629,174270,76,9840,None,None,None,None,None,None,None,None,None,None,LTE+Sub6,LTE+5GS_LTE,0,None,None,1,1033.7000000476837,1
1628388818.5,-87.67174436,41.88215687,76,675,None,None,76,5330,76,9840,None,None,None,None,None,None,None,None,LTE,LTE+LTE,0,None,None,1,1033.7000000476837,0
1628388820.0,-87.67174641,41.882175,76,675,None,None,76,5330,76,9840,None,None,None,None,None,None,None,None,LTE,LTE+LTE,0,None,None,1,1035.2999999523163,0
1628388820.1,-87.67174661,41.882177,76,675,629,174270,76,9840,None,None,None,None,None,None,None,None,None,None,LTE+Sub6,LTE+5GS_LTE,0,None,None,1,1035.2999999523163,1
1628388820.4,-87.67174575,41.88218831,76,675,629,174270,76,9840,None,None,None,None,None,None,None,None,None,None,LTE+Sub6,LTE+5GS_LTE,0,None,None,1,1035.7000000476837,1
1628388820.5,-87.67174547,41.88219189,76,675,None,None,76,5330,76,9840,None,None,None,None,None,None,None,None,LTE,LTE+LTE,0,None,None,1,1035.7000000476837,0
1628388822.3,-87.6717459,41.88228427,76,675,None,None,76,5330,76,9840,None,None,None,None,None,None,None,None,LTE,LTE+LTE,0,None,None,1,1037.6000001430511,0
1628388822.4,-87.67174617,41.88229101,76,675,629,174270,76,9840,None,None,None,None,None,None,None,None,None,None,LTE+Sub6,LTE+5GS_LTE,0,None,None,1,1037.6000001430511,1
1628388822.7,-87.67174696,41.88231058,76,675,629,174270,76,9840,None,None,None,None,None,None,None,None,None,None,LTE+Sub6,LTE+5GS_LTE,0,None,None,1,1038.0,1
1628388822.8,-87.67174723,41.88231732,76,675,None,None,76,5330,76,9840,None,None,None,None,None,None,None,None,LTE,LTE+LTE,0,None,None,1,1038.0,0
1628388823.4,-87.67174919,41.8823609,76,675,None,None,76,5330,76,9840,None,None,None,None,None,None,None,None,LTE,LTE+LTE,0,None,None,1,1038.7000000476837,0
1628388823.5,-87.67174954,41.88236773,76,675,629,174270,76,9840,None,None,None,None,None,None,None,None,None,None,LTE+Sub6,LTE+5GS_LTE,0,None,None,1,1038.7000000476837,1
1628388823.7,-87.6717503,41.88238289,76,675,629,174270,76,9840,None,None,None,None,None,None,None,None,None,None,LTE+Sub6,LTE+5GS_LTE,0,None,None,1,1039.0,1
1628388823.8,-87.67175068,41.88239047,76,675,None,None,76,5330,76,9840,None,None,None,None,None,None,None,None,LTE,LTE+LTE,0,None,None,1,1039.0,0
1628388826.1,-87.6717563,41.88257733,76,675,None,None,76,5330,76,9840,None,None,None,None,None,None,None,None,LTE,LTE+LTE,0,None,None,1,1041.4000000953674,0
1628388826.2,-87.67175655,41.88258394,76,675,629,174270,76,9840,None,None,None,None,None,None,None,None,None,None,LTE+Sub6,LTE+5GS_LTE,0,None,None,1,1041.4000000953674,1
1628388826.4,-87.67175727,41.88260135,76,675,629,174270,76,9840,None,None,None,None,None,None,None,None,None,None,LTE+Sub6,LTE+5GS_LTE,0,None,None,1,1041.7000000476837,1
1628388826.5,-87.67175759,41.88260881,76,675,None,None,76,5330,76,9840,None,None,None,None,None,None,None,None,LTE,LTE+LTE,0,None,None,1,1041.7000000476837,0
1628388826.8,-87.67175862,41.88263367,76,675,None,None,76,5330,76,9840,None,None,None,None,None,None,None,None,LTE,LTE+LTE,0,None,None,1,1042.1000001430511,0
1628388826.9,-87.671759,41.88264279,76,675,629,174270,76,9840,None,None,None,None,None,None,None,None,None,None,LTE+Sub6,LTE+5GS_LTE,0,None,None,1,1042.1000001430511,1
1628388827.1,-87.6717597,41.88265936,76,675,629,174270,76,9840,None,None,None,None,None,None,None,None,None,None,LTE+Sub6,LTE+5GS_LTE,0,None,None,1,1042.4000000953674,1
1628388827.2,-87.67175996,41.88266584,76,675,None,None,76,5330,76,9840,None,None,None,None,None,None,None,None,LTE,LTE+LTE,0,None,None,1,1042.4000000953674,0
1628388828.9,-87.67176228,41.88279794,76,675,None,None,76,5330,76,9840,None,None,None,None,None,None,None,None,LTE,LTE+LTE,0,None,None,1,1044.2000000476837,0
1628388829.0,-87.6717622,41.88280462,76,675,629,174270,76,9840,None,None,None,None,None,None,None,None,None,None,LTE+Sub6,LTE+5GS_LTE,0,None,None,1,1044.2000000476837,1
1628388829.2,-87.6717625,41.88281902,76,675,629,174270,76,9840,None,None,None,None,None,None,None,None,None,None,LTE+Sub6,LTE+5GS_LTE,0,None,None,1,1044.5,1
1628388829.3,-87.67176307,41.88282659,76,675,None,None,76,5330,76,9840,None,None,None,None,None,None,None,None,LTE,LTE+LTE,0,None,None,1,1044.5,0
1628388830.2,-87.67176735,41.88288672,76,675,None,None,76,5330,76,9840,None,None,None,None,None,None,None,None,LTE,LTE+LTE,0,None,None,1,1045.5,0
1628388830.3,-87.6717675,41.8828936,76,675,629,174270,76,9840,None,None,None,None,None,None,None,None,None,None,LTE+Sub6,LTE+5GS_LTE,0,None,None,1,1045.5,1
1628388830.6,-87.67176792,41.88291234,76,675,629,174270,76,9840,None,None,None,None,None,None,None,None,None,None,LTE+Sub6,LTE+5GS_LTE,0,None,None,1,1045.9000000953674,1
1628388830.7,-87.67176805,41.88291796,76,675,None,None,76,5330,76,9840,None,None,None,None,None,None,None,None,LTE,LTE+LTE,0,None,None,1,1045.9000000953674,0
1628388832.3,-87.67176917,41.88301579,76,675,None,None,76,5330,76,9840,None,None,None,None,None,None,None,None,LTE,LTE+LTE,0,None,None,1,1047.6000001430511,0
1628388832.4,-87.6717693,41.8830217,76,675,629,174270,76,9840,None,None,None,None,None,None,None,None,None,None,LTE+Sub6,LTE+5GS_LTE,0,None,None,1,1047.6000001430511,1
1628388832.6,-87.67176955,41.88303351,76,675,629,174270,76,9840,None,None,None,None,None,None,None,None,None,None,LTE+Sub6,LTE+5GS_LTE,0,None,None,1,1047.9000000953674,1
1628388832.7,-87.67176966,41.88303882,76,675,None,None,76,5330,76,9840,None,None,None,None,None,None,None,None,LTE,LTE+LTE,0,None,None,1,1047.9000000953674,0
1628388832.9,-87.67176992,41.88305123,76,675,None,None,76,5330,76,9840,None,None,None,None,None,None,None,None,LTE,LTE+LTE,0,None,None,1,1048.2000000476837,0
1628388833.0,-87.67177004,41.88305654,76,675,629,174270,76,9840,None,None,None,None,None,None,None,None,None,None,LTE+Sub6,LTE+5GS_LTE,0,None,None,1,1048.2000000476837,1
1628388833.3,-87.67177149,41.88307331,76,675,629,174270,76,9840,None,None,None,None,None,None,None,None,None,None,LTE+Sub6,LTE+5GS_LTE,0,None,None,1,1048.6000001430511,1
1628388833.4,-87.67177229,41.88307862,76,675,None,None,76,5330,76,9840,None,None,None,None,None,None,None,None,LTE,LTE+LTE,0,None,None,1,1048.6000001430511,0
1628388834.0,-87.67177701,41.88310997,76,675,None,None,76,5330,76,9840,None,None,None,None,None,None,None,None,LTE,LTE+LTE,0,None,None,1,1049.2999999523163,0
1628388834.1,-87.67177789,41.88311582,76,675,629,174270,76,9840,None,None,None,None,None,None,None,None,None,None,LTE+Sub6,LTE+5GS_LTE,0,None,None,1,1049.2999999523163,1
1628388834.4,-87.6717857,41.883131,76,675,629,174270,76,9840,None,None,None,None,None,None,None,None,None,None,LTE+Sub6,LTE+5GS_LTE,0,None,None,1,1049.7000000476837,1
1628388834.5,-87.67178816,41.88313554,76,675,None,None,76,5330,76,9840,None,None,None,None,None,None,None,None,LTE,LTE+LTE,0,None,None,1,1049.7000000476837,0
1628388835.0,-87.67180182,41.88316075,76,675,None,None,76,5330,76,9840,None,None,None,None,None,None,None,None,LTE,LTE+LTE,0,None,None,1,1050.2999999523163,0
1628388835.1,-87.67180482,41.88316629,76,675,629,174270,76,9840,None,None,None,None,None,None,None,None,None,None,LTE+Sub6,LTE+5GS_LTE,0,None,None,1,1050.2999999523163,1
1628388835.4,-87.67182272,41.88317677,76,675,629,174270,76,9840,None,None,None,None,None,None,None,None,None,None,LTE+Sub6,LTE+5GS_LTE,0,None,None,1,1050.7000000476837,1
1628388835.5,-87.67182829,41.88317982,76,675,None,None,76,5330,76,9840,None,None,None,None,None,None,None,None,LTE,LTE+LTE,0,None,None,1,1050.7000000476837,0
1628388835.7,-87.67184068,41.88318659,76,675,None,None,76,5330,76,9840,None,None,None,None,None,None,None,None,LTE,LTE+LTE,0,None,None,1,1051.0,0
1628388835.8,-87.67184688,41.88318997,76,675,629,174270,76,9840,None,None,None,None,None,None,None,None,None,None,LTE+Sub6,LTE+5GS_LTE,0,None,None,1,1051.0,1
1628388836.1,-87.67186608,41.88320046,76,675,629,174270,76,9840,None,None,None,None,None,None,None,None,None,None,LTE+Sub6,LTE+5GS_LTE,0,None,None,1,1051.4000000953674,1
1628388836.2,-87.67187341,41.883202,76,675,None,None,76,5330,76,9840,None,None,None,None,None,None,None,None,LTE,LTE+LTE,0,None,None,1,1051.4000000953674,0
1628388838.2,-87.67206602,41.88322109,76,675,None,None,76,5330,76,9840,None,None,None,None,None,None,None,None,LTE,LTE+LTE,0,None,None,1,1053.5,0
1628388838.3,-87.67207955,41.88322096,76,675,629,174270,76,9840,None,None,None,None,None,None,None,None,None,None,LTE+Sub6,LTE+5GS_LTE,0,None,None,1,1053.5,1
1628388838.5,-87.67210292,41.88322074,76,675,629,174270,76,9840,None,None,None,None,None,None,None,None,None,None,LTE+Sub6,LTE+5GS_LTE,0,None,None,1,1053.7999999523163,1
1628388838.6,-87.67211645,41.88322061,76,675,None,None,76,5330,76,9840,None,None,None,None,None,None,None,None,LTE,LTE+LTE,0,None,None,1,1053.7999999523163,0
1628388841.9,-87.67256788,41.88320999,76,675,None,None,76,5330,76,9840,None,None,None,None,None,None,None,None,LTE,LTE+LTE,0,None,None,1,1057.2000000476837,0
1628388842.0,-87.67258117,41.88320983,76,675,629,174270,76,9840,None,None,None,None,None,None,None,None,None,None,LTE+Sub6,LTE+5GS_LTE,0,None,None,1,1057.2000000476837,1
1628388842.3,-87.67262702,41.88320904,76,675,629,174270,76,9840,None,None,None,None,None,None,None,None,None,None,LTE+Sub6,LTE+5GS_LTE,0,None,None,1,1057.6000001430511,1
1628388842.4,-87.67264269,41.8832087,76,675,None,None,76,5330,76,9840,None,None,None,None,None,None,None,None,LTE,LTE+LTE,0,None,None,1,1057.6000001430511,0
1628388842.6,-87.67267404,41.88320803,76,675,None,None,76,5330,76,9840,None,None,None,None,None,None,None,None,LTE,LTE+LTE,0,None,None,1,1057.9000000953674,0
1628388842.7,-87.67268815,41.88320773,76,675,629,174270,76,9840,None,None,None,None,None,None,None,None,None,None,LTE+Sub6,LTE+5GS_LTE,0,None,None,1,1057.9000000953674,1
1628388842.9,-87.67272107,41.88320703,76,675,629,174270,76,9840,None,None,None,None,None,None,None,None,None,None,LTE+Sub6,LTE+5GS_LTE,0,None,None,1,1058.2000000476837,1
1628388843.0,-87.67273518,41.88320672,76,675,None,None,76,5330,76,9840,None,None,None,None,None,None,None,None,LTE,LTE+LTE,0,None,None,1,1058.2000000476837,0
1628388844.6,-87.67299625,41.88320139,76,675,None,None,76,5330,76,9840,None,None,None,None,None,None,None,None,LTE,LTE+LTE,0,None,None,1,1059.9000000953674,0
1628388844.7,-87.67301108,41.88320101,76,675,629,174270,76,9840,None,None,None,None,None,None,None,None,None,None,LTE+Sub6,LTE+5GS_LTE,0,None,None,1,1059.9000000953674,1
1628388844.9,-87.67304569,41.88320013,76,675,629,174270,76,9840,None,None,None,None,None,None,None,None,None,None,LTE+Sub6,LTE+5GS_LTE,0,None,None,1,1060.2000000476837,1
1628388845.0,-87.67306052,41.88319975,76,675,None,None,76,5330,76,9840,None,None,None,None,None,None,None,None,LTE,LTE+LTE,0,None,None,1,1060.2000000476837,0
1628388845.5,-87.67314181,41.88319867,76,675,None,None,76,5330,76,9840,None,None,None,None,None,None,None,None,LTE,LTE+LTE,0,None,None,1,1060.7999999523163,0
1628388845.6,-87.67315962,41.88319851,76,675,629,174270,76,9840,None,None,None,None,None,None,None,None,None,None,LTE+Sub6,LTE+5GS_LTE,0,None,None,1,1060.7999999523163,1
1628388845.9,-87.67320818,41.88319806,76,675,629,174270,76,9840,None,None,None,None,None,None,None,None,None,None,LTE+Sub6,LTE+5GS_LTE,0,None,None,1,1061.2000000476837,1
1628388846.0,-87.67322275,41.88319793,76,675,None,None,76,5330,76,9840,None,None,None,None,None,None,None,None,LTE,LTE+LTE,0,None,None,1,1061.2000000476837,0
1628388846.6,-87.67332011,41.88319402,76,675,None,None,76,5330,76,9840,None,None,None,None,None,None,None,None,LTE,LTE+LTE,0,None,None,1,1061.9000000953674,0
1628388846.7,-87.67333473,41.88319332,76,675,629,174270,76,9840,None,None,None,None,None,None,None,None,None,None,LTE+Sub6,LTE+5GS_LTE,0,None,None,1,1061.9000000953674,1
1628388846.9,-87.67336882,41.88319168,76,675,629,174270,76,9840,None,None,None,None,None,None,None,None,None,None,LTE+Sub6,LTE+5GS_LTE,0,None,None,1,1062.2000000476837,1
1628388847.0,-87.67338344,41.88319098,76,675,None,None,76,5330,76,9840,None,None,None,None,None,None,None,None,LTE,LTE+LTE,0,None,None,1,1062.2000000476837,0
1628388847.3,-87.67343362,41.88318951,76,675,None,None,76,5330,76,9840,None,None,None,None,None,None,None,None,LTE,LTE+LTE,0,None,None,1,1062.6000001430511,0
1628388847.4,-87.67344978,41.88318922,76,675,629,174270,76,9840,None,None,None,None,None,None,None,None,None,None,LTE+Sub6,LTE+5GS_LTE,0,None,None,1,1062.6000001430511,1
1628388847.7,-87.67349664,41.8831884,76,675,629,174270,76,9840,None,None,None,None,None,None,None,None,None,None,LTE+Sub6,LTE+5GS_LTE,0,None,None,1,1063.0,1
1628388847.8,-87.67351279,41.88318811,76,675,None,None,76,5330,76,9840,None,None,None,None,None,None,None,None,LTE,LTE+LTE,0,None,None,1,1063.0,0
1628388848.4,-87.67361072,41.88318631,76,675,None,None,76,5330,76,9840,None,None,None,None,None,None,None,None,LTE,LTE+LTE,0,None,None,1,1063.7000000476837,0
1628388848.5,-87.67362557,41.88318602,76,675,629,174270,76,9840,None,None,None,None,None,None,None,None,None,None,LTE+Sub6,LTE+5GS_LTE,0,None,None,1,1063.7000000476837,1
1628388848.8,-87.67367509,41.88318506,76,675,629,174270,76,9840,None,None,None,None,None,None,None,None,None,None,LTE+Sub6,LTE+5GS_LTE,0,None,None,1,1064.1000001430511,1
1628388848.9,-87.67369325,41.88318471,76,675,None,None,76,5330,76,9840,None,None,None,None,None,None,None,None,LTE,LTE+LTE,0,None,None,1,1064.1000001430511,0
1628388849.1,-87.67372626,41.88318407,76,675,None,None,76,5330,76,9840,None,None,None,None,None,None,None,None,LTE,LTE+LTE,0,None,None,1,1064.4000000953674,0
1628388849.2,-87.67374041,41.88318372,76,675,629,174270,76,9840,None,None,None,None,None,None,None,None,None,None,LTE+Sub6,LTE+5GS_LTE,0,None,None,1,1064.4000000953674,1
1628388849.5,-87.67378757,41.88318257,76,675,629,174270,76,9840,None,None,None,None,None,None,None,None,None,None,LTE+Sub6,LTE+5GS_LTE,0,None,None,1,1064.7999999523163,1
1628388849.6,-87.67380486,41.88318215,76,675,None,None,76,5330,76,9840,None,None,None,None,None,None,None,None,LTE,LTE+LTE,0,None,None,1,1064.7999999523163,0
1628388849.8,-87.67383473,41.88318142,76,675,None,None,76,5330,76,9840,None,None,None,None,None,None,None,None,LTE,LTE+LTE,0,None,None,1,1065.1000001430511,0
1628388849.9,-87.67385202,41.883181,76,675,629,174270,76,9840,None,None,None,None,None,None,None,None,None,None,LTE+Sub6,LTE+5GS_LTE,0,None,None,1,1065.1000001430511,1
1628388906.9,-87.67663696,41.88145938,76,675,629,174270,76,9840,None,None,None,None,None,None,None,None,None,None,LTE+Sub6,LTE+5GS_LTE,0,None,None,1,1122.2000000476837,1
1628388907.0,-87.67663696,41.88145938,76,675,None,None,76,5330,76,9840,None,None,None,None,None,None,None,None,LTE,LTE+LTE,0,None,None,1,1122.2000000476837,0
1628388913.1,-87.67663696,41.88145938,76,675,None,None,76,5330,76,9840,None,None,None,None,None,None,None,None,LTE,LTE+LTE,0,None,None,1,1128.4000000953674,0
1628388913.2,-87.67663669,41.88145823,76,675,629,174270,76,9840,None,None,None,None,None,None,None,None,None,None,LTE+Sub6,LTE+5GS_LTE,0,None,None,1,1128.4000000953674,1
1628388913.5,-87.67663553,41.88145328,76,675,629,174270,76,9840,None,None,None,None,None,None,None,None,None,None,LTE+Sub6,LTE+5GS_LTE,0,None,None,1,1128.7999999523163,1
1628388913.6,-87.67663511,41.88145147,76,675,None,None,76,5330,76,9840,None,None,None,None,None,None,None,None,LTE,LTE+LTE,0,None,None,1,1128.7999999523163,0
1628388930.5,-87.67664246,41.88140704,76,675,None,None,76,5330,76,9840,None,None,None,None,None,None,None,None,LTE,LTE+LTE,0,None,None,1,1145.7999999523163,0
1628388930.6,-87.6766425,41.88140666,76,675,629,174270,76,9840,None,None,None,None,None,None,None,None,None,None,LTE+Sub6,LTE+5GS_LTE,0,None,None,1,1145.7999999523163,1
1628388935.3,-87.67664258,41.88140501,76,675,629,174270,76,9840,None,None,None,None,None,None,None,None,None,None,LTE+Sub6,LTE+5GS_LTE,0,None,None,1,1150.6000001430511,1
1628388935.4,-87.67664258,41.88140501,76,675,None,None,76,5330,76,9840,None,None,None,None,None,None,None,None,LTE,LTE+LTE,0,None,None,1,1150.6000001430511,0
1628388941.0,-87.67662753,41.88135555,76,675,None,None,76,5330,76,9840,None,None,None,None,None,None,None,None,LTE,LTE+LTE,0,None,None,1,1156.2999999523163,0
1628388941.1,-87.67662734,41.88135206,76,675,629,174270,76,9840,None,None,None,None,None,None,None,None,None,None,LTE+Sub6,LTE+5GS_LTE,0,None,None,1,1156.2999999523163,1
1628388956.3,-87.67503114,41.88128529,76,675,629,174270,76,9840,None,None,None,None,None,None,None,None,None,None,LTE+Sub6,LTE+5GS_LTE,0,None,None,1,1171.6000001430511,1
1628388956.4,-87.67501819,41.8812855,76,675,None,None,76,5330,76,9840,None,None,None,None,None,None,None,None,LTE,LTE+LTE,0,None,None,1,1171.6000001430511,0
1628388956.9,-87.67495343,41.88128656,76,675,None,None,76,5330,76,9840,None,None,None,None,None,None,None,None,LTE,LTE+LTE,0,None,None,1,1172.2000000476837,0
1628388957.0,-87.67494177,41.88128675,76,675,629,174270,76,9840,None,None,None,None,None,None,None,None,None,None,LTE+Sub6,LTE+5GS_LTE,0,None,None,1,1172.2000000476837,1
1628388964.0,-87.67402516,41.88129947,76,675,629,174270,76,9840,None,None,None,None,None,None,None,None,None,None,LTE+Sub6,LTE+5GS_LTE,0,None,None,1,1179.2999999523163,1
1628388964.1,-87.67401006,41.88129945,76,675,None,None,76,5330,76,9840,None,None,None,None,None,None,None,None,LTE,LTE+LTE,0,None,None,1,1179.2999999523163,0
1628388964.4,-87.67396857,41.88129966,76,675,None,None,76,5330,76,9840,None,None,None,None,None,None,None,None,LTE,LTE+LTE,0,None,None,1,1179.7000000476837,0
1628388964.5,-87.67395612,41.88129973,76,675,629,174270,76,9840,None,None,None,None,None,None,None,None,None,None,LTE+Sub6,LTE+5GS_LTE,0,None,None,1,1179.7000000476837,1
1628388964.7,-87.67392844,41.88129988,76,675,629,174270,76,9840,None,None,None,None,None,None,None,None,None,None,LTE+Sub6,LTE+5GS_LTE,0,None,None,1,1180.0,1
1628388964.8,-87.6739146,41.88129996,76,675,None,None,76,5330,76,9840,None,None,None,None,None,None,None,None,LTE,LTE+LTE,0,None,None,1,1180.0,0
1628388965.1,-87.6738717,41.88130019,76,675,None,None,76,5330,76,9840,None,None,None,None,None,None,None,None,LTE,LTE+LTE,0,None,None,1,1180.4000000953674,0
1628388965.2,-87.67385899,41.88130008,76,675,629,174270,76,9840,None,None,None,None,None,None,None,None,None,None,LTE+Sub6,LTE+5GS_LTE,0,None,None,1,1180.4000000953674,1
1628388971.9,-87.67293143,41.88130619,76,675,629,174270,76,9840,None,None,None,None,None,None,None,None,None,None,LTE+Sub6,LTE+5GS_LTE,0,None,None,1,1187.2000000476837,1
1628388972.0,-87.67291937,41.88130627,76,675,None,None,76,5330,76,9840,None,None,None,None,None,None,None,None,LTE,LTE+LTE,0,None,None,1,1187.2000000476837,0
1628388972.6,-87.67283956,41.88130708,76,675,None,None,76,5330,76,9840,None,None,None,None,None,None,None,None,LTE,LTE+LTE,0,None,None,1,1187.9000000953674,0
1628388972.7,-87.67282785,41.88130721,76,675,629,174270,76,9840,None,None,None,None,None,None,None,None,None,None,LTE+Sub6,LTE+5GS_LTE,0,None,None,1,1187.9000000953674,1
1628388973.0,-87.67278884,41.88130764,76,675,629,174270,76,9840,None,None,None,None,None,None,None,None,None,None,LTE+Sub6,LTE+5GS_LTE,0,None,None,1,1188.2999999523163,1
1628388973.1,-87.67277453,41.8813078,76,675,None,None,76,5330,76,9840,None,None,None,None,None,None,None,None,LTE,LTE+LTE,0,None,None,1,1188.2999999523163,0
1628388973.3,-87.67275099,41.88130813,76,675,None,None,76,5330,76,9840,None,None,None,None,None,None,None,None,LTE,LTE+LTE,0,None,None,1,1188.6000001430511,0
1628388973.4,-87.67273864,41.88130831,76,675,629,174270,76,9840,None,None,None,None,None,None,None,None,None,None,LTE+Sub6,LTE+5GS_LTE,0,None,None,1,1188.6000001430511,1
1628388973.7,-87.67270281,41.88130884,76,675,629,174270,76,9840,None,None,None,None,None,None,None,None,None,None,LTE+Sub6,LTE+5GS_LTE,0,None,None,1,1189.0,1
1628388973.8,-87.67269045,41.88130902,76,675,None,None,76,5330,76,9840,None,None,None,None,None,None,None,None,LTE,LTE+LTE,0,None,None,1,1189.0,0
1628388974.1,-87.67265215,41.88130957,76,675,None,None,76,5330,76,9840,None,None,None,None,None,None,None,None,LTE,LTE+LTE,0,None,None,1,1189.4000000953674,0
1628388974.2,-87.67264124,41.88130976,76,675,629,174270,76,9840,None,None,None,None,None,None,None,None,None,None,LTE+Sub6,LTE+5GS_LTE,0,None,None,1,1189.4000000953674,1
1628388977.6,-87.67224739,41.88132455,76,675,629,174270,76,9840,None,None,None,None,None,None,None,None,None,None,LTE+Sub6,LTE+5GS_LTE,0,None,None,1,1192.9000000953674,1
1628388977.7,-87.67223818,41.88132505,76,675,8,174270,76,9840,None,None,None,None,None,None,None,None,None,None,LTE+Sub6,LTE+5GS_LTE,0,None,None,1,1192.9000000953674,0
1628388984.8,-87.67190486,41.88134199,258,675,None,None,258,5330,258,9820,None,None,None,None,None,None,None,None,LTE,LTE+LTE,0,None,None,1,1200.1000001430511,0
1628388984.9,-87.67190372,41.88134212,258,675,629,174270,258,9820,None,None,None,None,None,None,None,None,None,None,LTE+Sub6,LTE+5GS_LTE,0,None,None,1,1200.1000001430511,1
1628388985.1,-87.67190165,41.88134236,258,675,629,174270,258,9820,None,None,None,None,None,None,None,None,None,None,LTE+Sub6,LTE+5GS_LTE,0,None,None,1,1200.4000000953674,1
1628388985.2,-87.67190076,41.88134242,258,675,None,None,258,5330,258,9820,None,None,None,None,None,None,None,None,LTE,LTE+LTE,0,None,None,1,1200.4000000953674,0
1628388986.3,-87.67188945,41.88134346,258,675,None,None,258,5330,258,9820,None,None,None,None,None,None,None,None,LTE,LTE+LTE,0,None,None,1,1201.6000001430511,0
1628388986.4,-87.67188819,41.88134377,258,675,629,174270,258,9820,None,None,None,None,None,None,None,None,None,None,LTE+Sub6,LTE+5GS_LTE,0,None,None,1,1201.6000001430511,1
1628388986.6,-87.67188567,41.88134437,258,675,629,174270,258,9820,None,None,None,None,None,None,None,None,None,None,LTE+Sub6,LTE+5GS_LTE,0,None,None,1,1201.9000000953674,1
1628388986.7,-87.67188453,41.88134464,258,675,None,None,258,5330,258,9820,None,None,None,None,None,None,None,None,LTE,LTE+LTE,0,None,None,1,1201.9000000953674,0
1628388998.4,-87.6717247,41.88187152,76,675,None,None,76,5330,76,9840,None,None,None,None,None,None,None,None,LTE,LTE+LTE,0,None,None,1,1213.7000000476837,0
1628388998.5,-87.67172505,41.88187683,76,675,629,174270,76,9840,None,None,None,None,None,None,None,None,None,None,LTE+Sub6,LTE+5GS_LTE,0,None,None,1,1213.7000000476837,1
1628388998.7,-87.67172583,41.88188864,76,675,629,174270,76,9840,None,None,None,None,None,None,None,None,None,None,LTE+Sub6,LTE+5GS_LTE,0,None,None,1,1214.0,1
1628388998.8,-87.67172622,41.88189455,76,675,None,None,76,5330,76,9840,None,None,None,None,None,None,None,None,LTE,LTE+LTE,0,None,None,1,1214.0,0
1628388999.5,-87.67172893,41.88193183,76,675,None,None,76,5330,76,9840,None,None,None,None,None,None,None,None,LTE,LTE+LTE,0,None,None,1,1214.7999999523163,0
1628388999.6,-87.67172936,41.88193715,76,675,629,174270,76,9840,None,None,None,None,None,None,None,None,None,None,LTE+Sub6,LTE+5GS_LTE,0,None,None,1,1214.7999999523163,1
1628388999.8,-87.6717301,41.88194634,76,675,629,174270,76,9840,None,None,None,None,None,None,None,None,None,None,LTE+Sub6,LTE+5GS_LTE,0,None,None,1,1215.1000001430511,1
1628388999.9,-87.67173053,41.88195166,76,675,None,None,76,5330,76,9840,None,None,None,None,None,None,None,None,LTE,LTE+LTE,0,None,None,1,1215.1000001430511,0
1628389002.5,-87.67173469,41.88204438,76,675,None,None,76,5330,76,9840,None,None,None,None,None,None,None,None,LTE,LTE+LTE,0,None,None,1,1217.7999999523163,0
1628389002.6,-87.67173472,41.88204699,76,675,629,174270,76,9840,None,None,None,None,None,None,None,None,None,None,LTE+Sub6,LTE+5GS_LTE,0,None,None,1,1217.7999999523163,1
1628389002.9,-87.67173478,41.8820541,76,675,629,174270,76,9840,None,None,None,None,None,None,None,None,None,None,LTE+Sub6,LTE+5GS_LTE,0,None,None,1,1218.2000000476837,1
1628389003.0,-87.6717348,41.88205623,76,675,None,None,76,5330,76,9840,None,None,None,None,None,None,None,None,LTE,LTE+LTE,0,None,None,1,1218.2000000476837,0
1628389003.2,-87.67173485,41.88206037,76,675,None,None,76,5330,76,9840,None,None,None,None,None,None,None,None,LTE,LTE+LTE,0,None,None,1,1218.5,0
1628389003.3,-87.67173488,41.88206215,76,675,629,174270,76,9840,None,None,None,None,None,None,None,None,None,None,LTE+Sub6,LTE+5GS_LTE,0,None,None,1,1218.5,1
1628389003.5,-87.67173494,41.88206523,76,675,629,174270,76,9840,None,None,None,None,None,None,None,None,None,None,LTE+Sub6,LTE+5GS_LTE,0,None,None,1,1218.7999999523163,1
1628389003.6,-87.67173498,41.88206701,76,675,None,None,76,5330,76,9840,None,None,None,None,None,None,None,None,LTE,LTE+LTE,0,None,None,1,1218.7999999523163,0
1628389003.9,-87.67173507,41.88207187,76,675,None,None,76,5330,76,9840,None,None,None,None,None,None,None,None,LTE,LTE+LTE,0,None,None,1,1219.2000000476837,0
1628389004.0,-87.6717351,41.88207333,76,675,629,174270,76,9840,None,None,None,None,None,None,None,None,None,None,LTE+Sub6,LTE+5GS_LTE,0,None,None,1,1219.2000000476837,1
1628389004.2,-87.67173516,41.88207594,76,675,629,174270,76,9840,None,None,None,None,None,None,None,None,None,None,LTE+Sub6,LTE+5GS_LTE,0,None,None,1,1219.5,1
1628389004.3,-87.67173519,41.88207687,76,675,None,None,76,5330,76,9840,None,None,None,None,None,None,None,None,LTE,LTE+LTE,0,None,None,1,1219.5,0
1628389005.5,-87.671736,41.88208458,76,675,None,None,76,5330,76,9840,None,None,None,None,None,None,None,None,LTE,LTE+LTE,0,None,None,1,1220.7999999523163,0
1628389005.6,-87.67173618,41.88208484,76,675,629,174270,76,9840,None,None,None,None,None,None,None,None,None,None,LTE+Sub6,LTE+5GS_LTE,0,None,None,1,1220.7999999523163,1
1628389005.9,-87.67173667,41.88208557,76,675,629,174270,76,9840,None,None,None,None,None,None,None,None,None,None,LTE+Sub6,LTE+5GS_LTE,0,None,None,1,1221.2000000476837,1
1628389006.0,-87.67173682,41.88208578,76,675,None,None,76,5330,76,9840,None,None,None,None,None,None,None,None,LTE,LTE+LTE,0,None,None,1,1221.2000000476837,0
1628389006.5,-87.67173697,41.88208607,76,675,None,None,76,5330,76,9840,None,None,None,None,None,None,None,None,LTE,LTE+LTE,0,None,None,1,1221.7999999523163,0
1628389006.6,-87.67173696,41.88208607,76,675,629,174270,76,9840,None,None,None,None,None,None,None,None,None,None,LTE+Sub6,LTE+5GS_LTE,0,None,None,1,1221.7999999523163,1
1628389006.8,-87.67173694,41.88208608,76,675,629,174270,76,9840,None,None,None,None,None,None,None,None,None,None,LTE+Sub6,LTE+5GS_LTE,0,None,None,1,1222.1000001430511,1
1628389006.9,-87.67173693,41.88208608,76,675,None,None,76,5330,76,9840,None,None,None,None,None,None,None,None,LTE,LTE+LTE,0,None,None,1,1222.1000001430511,0
1628389007.2,-87.6717369,41.88208608,76,675,None,None,76,5330,76,9840,None,None,None,None,None,None,None,None,LTE,LTE+LTE,0,None,None,1,1222.5,0
1628389007.3,-87.6717369,41.88208608,76,675,629,174270,76,9840,None,None,None,None,None,None,None,None,None,None,LTE+Sub6,LTE+5GS_LTE,0,None,None,1,1222.5,1
1628389007.6,-87.6717369,41.88208608,76,675,629,174270,76,9840,None,None,None,None,None,None,None,None,None,None,LTE+Sub6,LTE+5GS_LTE,0,None,None,1,1222.9000000953674,1
1628389007.7,-87.6717369,41.88208608,76,675,None,None,76,5330,76,9840,None,None,None,None,None,None,None,None,LTE,LTE+LTE,0,None,None,1,1222.9000000953674,0
1628389007.9,-87.6717369,41.88208608,76,675,None,None,76,5330,76,9840,None,None,None,None,None,None,None,None,LTE,LTE+LTE,0,None,None,1,1223.2000000476837,0
1628389008.0,-87.6717369,41.88208608,76,675,629,174270,76,9840,None,None,None,None,None,None,None,None,None,None,LTE+Sub6,LTE+5GS_LTE,0,None,None,1,1223.2000000476837,1
1628389008.2,-87.671737,41.88208647,76,675,629,174270,76,9840,None,None,None,None,None,None,None,None,None,None,LTE+Sub6,LTE+5GS_LTE,0,None,None,1,1223.5,1
1628389008.3,-87.67173714,41.88208701,76,675,None,None,76,5330,76,9840,None,None,None,None,None,None,None,None,LTE,LTE+LTE,0,None,None,1,1223.5,0
1628389009.7,-87.67173889,41.88209456,76,675,None,None,76,5330,76,9840,None,None,None,None,None,None,None,None,LTE,LTE+LTE,0,None,None,1,1225.0,0
1628389009.8,-87.67173902,41.8820952,76,675,629,174270,76,9840,None,None,None,None,None,None,None,None,None,None,LTE+Sub6,LTE+5GS_LTE,0,None,None,1,1225.0,1
1628389010.1,-87.67173941,41.88209719,76,675,629,174270,76,9840,None,None,None,None,None,None,None,None,None,None,LTE+Sub6,LTE+5GS_LTE,0,None,None,1,1225.4000000953674,1
1628389010.2,-87.67173947,41.8820976,76,675,None,None,76,5330,76,9840,None,None,None,None,None,None,None,None,LTE,LTE+LTE,0,None,None,1,1225.4000000953674,0
1628389011.1,-87.67174011,41.88210211,76,675,None,None,76,5330,76,9840,None,None,None,None,None,None,None,None,LTE,LTE+LTE,0,None,None,1,1226.4000000953674,0
1628389011.2,-87.67174011,41.88210253,76,675,629,174270,76,9840,None,None,None,None,None,None,None,None,None,None,LTE+Sub6,LTE+5GS_LTE,0,None,None,1,1226.4000000953674,1
1628389011.4,-87.67173993,41.88210366,76,675,629,174270,76,9840,None,None,None,None,None,None,None,None,None,None,LTE+Sub6,LTE+5GS_LTE,0,None,None,1,1226.7000000476837,1
1628389011.5,-87.67173985,41.88210415,76,675,None,None,76,5330,76,9840,None,None,None,None,None,None,None,None,LTE,LTE+LTE,0,None,None,1,1226.7000000476837,0
1628389012.7,-87.67173937,41.88210967,76,675,None,None,76,5330,76,9840,None,None,None,None,None,None,None,None,LTE,LTE+LTE,0,None,None,1,1228.0,0
1628389012.8,-87.67173939,41.88211003,76,675,629,174270,76,9840,None,None,None,None,None,None,None,None,None,None,LTE+Sub6,LTE+5GS_LTE,0,None,None,1,1228.0,1
1628389013.0,-87.67173941,41.88211077,76,675,629,174270,76,9840,None,None,None,None,None,None,None,None,None,None,LTE+Sub6,LTE+5GS_LTE,0,None,None,1,1228.2999999523163,1
1628389013.1,-87.67173943,41.88211117,76,675,None,None,76,5330,76,9840,None,None,None,None,None,None,None,None,LTE,LTE+LTE,0,None,None,1,1228.2999999523163,0
1628389015.5,-87.67173951,41.88214771,76,675,None,None,76,5330,76,9840,None,None,None,None,None,None,None,None,LTE,LTE+LTE,0,None,None,1,1230.7999999523163,0
1628389015.6,-87.67173946,41.88215106,76,675,629,174270,76,9840,None,None,None,None,None,None,None,None,None,None,LTE+Sub6,LTE+5GS_LTE,0,None,None,1,1230.7999999523163,1
1628389015.9,-87.67173932,41.88216019,76,675,629,174270,76,9840,None,None,None,None,None,None,None,None,None,None,LTE+Sub6,LTE+5GS_LTE,0,None,None,1,1231.2000000476837,1
1628389016.0,-87.67173928,41.88216293,76,675,None,None,76,5330,76,9840,None,None,None,None,None,None,None,None,LTE,LTE+LTE,0,None,None,1,1231.2000000476837,0
1628389016.2,-87.67173909,41.88216984,76,675,None,None,76,5330,76,9840,None,None,None,None,None,None,None,None,LTE,LTE+LTE,0,None,None,1,1231.5,0
1628389016.3,-87.67173889,41.88217431,76,675,629,174270,76,9840,None,None,None,None,None,None,None,None,None,None,LTE+Sub6,LTE+5GS_LTE,0,None,None,1,1231.5,1
1628389016.6,-87.67173836,41.88218652,76,675,629,174270,76,9840,None,None,None,None,None,None,None,None,None,None,LTE+Sub6,LTE+5GS_LTE,0,None,None,1,1231.9000000953674,1
1628389016.7,-87.6717382,41.88219018,76,675,None,None,76,5330,76,9840,None,None,None,None,None,None,None,None,LTE,LTE+LTE,0,None,None,1,1231.9000000953674,0
1628389016.9,-87.67173783,41.88219873,76,675,None,None,76,5330,76,9840,None,None,None,None,None,None,None,None,LTE,LTE+LTE,0,None,None,1,1232.2000000476837,0
1628389017.0,-87.67173767,41.88220239,76,675,629,174270,76,9840,None,None,None,None,None,None,None,None,None,None,LTE+Sub6,LTE+5GS_LTE,0,None,None,1,1232.2000000476837,1
1628389017.3,-87.67173745,41.88221592,76,675,629,174270,76,9840,None,None,None,None,None,None,None,None,None,None,LTE+Sub6,LTE+5GS_LTE,0,None,None,1,1232.6000001430511,1
1628389017.4,-87.67173746,41.88222081,76,675,None,None,76,5330,76,9840,None,None,None,None,None,None,None,None,LTE,LTE+LTE,0,None,None,1,1232.6000001430511,0
1628389018.0,-87.67173756,41.88224967,76,675,None,None,76,5330,76,9840,None,None,None,None,None,None,None,None,LTE,LTE+LTE,0,None,None,1,1233.2999999523163,0
1628389018.1,-87.67173757,41.88225505,76,675,629,174270,76,9840,None,None,None,None,None,None,None,None,None,None,LTE+Sub6,LTE+5GS_LTE,0,None,None,1,1233.2999999523163,1
1628389018.3,-87.67173775,41.88226599,76,675,629,174270,76,9840,None,None,None,None,None,None,None,None,None,None,LTE+Sub6,LTE+5GS_LTE,0,None,None,1,1233.6000001430511,1
1628389018.4,-87.67173787,41.88227198,76,675,None,None,76,5330,76,9840,None,None,None,None,None,None,None,None,LTE,LTE+LTE,0,None,None,1,1233.6000001430511,0
1628389019.0,-87.67173854,41.88230732,76,675,None,None,76,5330,76,9840,None,None,None,None,None,None,None,None,LTE,LTE+LTE,0,None,None,1,1234.2999999523163,0
1628389019.1,-87.67173867,41.88231391,76,675,629,174270,76,9840,None,None,None,None,None,None,None,None,None,None,LTE+Sub6,LTE+5GS_LTE,0,None,None,1,1234.2999999523163,1
1628389019.3,-87.67173922,41.88232717,76,675,629,174270,76,9840,None,None,None,None,None,None,None,None,None,None,LTE+Sub6,LTE+5GS_LTE,0,None,None,1,1234.6000001430511,1
1628389019.4,-87.67173951,41.88233384,76,675,None,None,76,5330,76,9840,None,None,None,None,None,None,None,None,LTE,LTE+LTE,0,None,None,1,1234.6000001430511,0
1628389020.0,-87.6717412,41.88237316,76,675,None,None,76,5330,76,9840,None,None,None,None,None,None,None,None,LTE,LTE+LTE,0,None,None,1,1235.2999999523163,0
1628389020.1,-87.67174151,41.88238049,76,675,629,174270,76,9840,None,None,None,None,None,None,None,None,None,None,LTE+Sub6,LTE+5GS_LTE,0,None,None,1,1235.2999999523163,1
1628389020.4,-87.67174213,41.88240028,76,675,629,174270,76,9840,None,None,None,None,None,None,None,None,None,None,LTE+Sub6,LTE+5GS_LTE,0,None,None,1,1235.7000000476837,1
1628389020.5,-87.67174232,41.88240642,76,675,None,None,76,5330,76,9840,None,None,None,None,None,None,None,None,LTE,LTE+LTE,0,None,None,1,1235.7000000476837,0
1628389020.7,-87.67174275,41.88242008,76,675,None,None,76,5330,76,9840,None,None,None,None,None,None,None,None,LTE,LTE+LTE,0,None,None,1,1236.0,0
1628389020.8,-87.67174296,41.8824269,76,675,629,174270,76,9840,None,None,None,None,None,None,None,None,None,None,LTE+Sub6,LTE+5GS_LTE,0,None,None,1,1236.0,1
1628389021.1,-87.67174362,41.88244807,76,675,629,174270,76,9840,None,None,None,None,None,None,None,None,None,None,LTE+Sub6,LTE+5GS_LTE,0,None,None,1,1236.4000000953674,1
1628389021.2,-87.67174381,41.88245421,76,675,None,None,76,5330,76,9840,None,None,None,None,None,None,None,None,LTE,LTE+LTE,0,None,None,1,1236.4000000953674,0
1628389021.9,-87.67174523,41.88251371,76,675,None,None,76,5330,76,9840,None,None,None,None,None,None,None,None,LTE,LTE+LTE,0,None,None,1,1237.2000000476837,0
1628389022.0,-87.67174541,41.88252129,76,675,629,174270,76,9840,None,None,None,None,None,None,None,None,None,None,LTE+Sub6,LTE+5GS_LTE,0,None,None,1,1237.2000000476837,1
1628389022.2,-87.67174597,41.8825368,76,675,629,174270,76,9840,None,None,None,None,None,None,None,None,None,None,LTE+Sub6,LTE+5GS_LTE,0,None,None,1,1237.5,1
1628389022.3,-87.67174643,41.88254539,76,675,None,None,76,5330,76,9840,None,None,None,None,None,None,None,None,LTE,LTE+LTE,0,None,None,1,1237.5,0
1628389022.9,-87.67174894,41.8825922,76,675,None,None,76,5330,76,9840,None,None,None,None,None,None,None,None,LTE,LTE+LTE,0,None,None,1,1238.2000000476837,0
1628389023.0,-87.67174932,41.88259923,76,675,629,174270,76,9840,None,None,None,None,None,None,None,None,None,None,LTE+Sub6,LTE+5GS_LTE,0,None,None,1,1238.2000000476837,1
1628389023.2,-87.67175005,41.88261379,76,675,629,174270,76,9840,None,None,None,None,None,None,None,None,None,None,LTE+Sub6,LTE+5GS_LTE,0,None,None,1,1238.5,1
1628389023.3,-87.67175042,41.88262196,76,675,None,None,76,5330,76,9840,None,None,None,None,None,None,None,None,LTE,LTE+LTE,0,None,None,1,1238.5,0
1628389024.5,-87.67175456,41.88270975,76,675,None,None,76,5330,76,9840,None,None,None,None,None,None,None,None,LTE,LTE+LTE,0,None,None,1,1239.7999999523163,0
1628389024.6,-87.67175498,41.88271774,76,675,629,174270,76,9840,None,None,None,None,None,None,None,None,None,None,LTE+Sub6,LTE+5GS_LTE,0,None,None,1,1239.7999999523163,1
1628389024.9,-87.67175612,41.88273954,76,675,629,174270,76,9840,None,None,None,None,None,None,None,None,None,None,LTE+Sub6,LTE+5GS_LTE,0,None,None,1,1240.2000000476837,1
1628389025.0,-87.67175646,41.88274609,76,675,None,None,76,5330,76,9840,None,None,None,None,None,None,None,None,LTE,LTE+LTE,0,None,None,1,1240.2000000476837,0
1628389025.2,-87.67175716,41.88276017,76,675,None,None,76,5330,76,9840,None,None,None,None,None,None,None,None,LTE,LTE+LTE,0,None,None,1,1240.5,0
1628389025.3,-87.67175752,41.88276877,76,675,629,174270,76,9840,None,None,None,None,None,None,None,None,None,None,LTE+Sub6,LTE+5GS_LTE,0,None,None,1,1240.5,1
1628389025.6,-87.67175851,41.88279223,76,675,629,174270,76,9840,None,None,None,None,None,None,None,None,None,None,LTE+Sub6,LTE+5GS_LTE,0,None,None,1,1240.9000000953674,1
1628389025.7,-87.67175881,41.88279927,76,675,None,None,76,5330,76,9840,None,None,None,None,None,None,None,None,LTE,LTE+LTE,0,None,None,1,1240.9000000953674,0
1628389026.9,-87.6717624,41.88289115,76,675,None,None,76,5330,76,9840,None,None,None,None,None,None,None,None,LTE,LTE+LTE,0,None,None,1,1242.2000000476837,0
1628389027.0,-87.67176265,41.88289788,76,675,629,174270,76,9840,None,None,None,None,None,None,None,None,None,None,LTE+Sub6,LTE+5GS_LTE,0,None,None,1,1242.2000000476837,1
1628389027.2,-87.67176326,41.88291197,76,675,629,174270,76,9840,None,None,None,None,None,None,None,None,None,None,LTE+Sub6,LTE+5GS_LTE,0,None,None,1,1242.5,1
1628389027.3,-87.67176372,41.88292,76,675,None,None,76,5330,76,9840,None,None,None,None,None,None,None,None,LTE,LTE+LTE,0,None,None,1,1242.5,0
1628389027.5,-87.67176451,41.88293387,76,675,None,None,76,5330,76,9840,None,None,None,None,None,None,None,None,LTE,LTE+LTE,0,None,None,1,1242.7999999523163,0
1628389027.6,-87.67176497,41.8829419,76,675,629,174270,76,9840,None,None,None,None,None,None,None,None,None,None,LTE+Sub6,LTE+5GS_LTE,0,None,None,1,1242.7999999523163,1
1628389027.9,-87.67176621,41.88296381,76,675,629,174270,76,9840,None,None,None,None,None,None,None,None,None,None,LTE+Sub6,LTE+5GS_LTE,0,None,None,1,1243.2000000476837,1
1628389028.0,-87.67176659,41.88297038,76,675,None,None,76,5330,76,9840,None,None,None,None,None,None,None,None,LTE,LTE+LTE,0,None,None,1,1243.2000000476837,0
1628389030.6,-87.67178313,41.88312612,76,675,None,None,76,5330,76,9840,None,None,None,None,None,None,None,None,LTE,LTE+LTE,0,None,None,1,1245.9000000953674,0
1628389030.7,-87.67178469,41.88313077,76,675,629,174270,76,9840,None,None,None,None,None,None,None,None,None,None,LTE+Sub6,LTE+5GS_LTE,0,None,None,1,1245.9000000953674,1
1628389030.9,-87.67178835,41.88314161,76,675,629,174270,76,9840,None,None,None,None,None,None,None,None,None,None,LTE+Sub6,LTE+5GS_LTE,0,None,None,1,1246.2000000476837,1
1628389031.0,-87.67178991,41.88314626,76,675,None,None,76,5330,76,9840,None,None,None,None,None,None,None,None,LTE,LTE+LTE,0,None,None,1,1246.2000000476837,0
1628389032.4,-87.67186148,41.88319899,76,675,None,None,76,5330,76,9840,None,None,None,None,None,None,None,None,LTE,LTE+LTE,0,None,None,1,1247.7000000476837,0
1628389032.5,-87.67186813,41.88320098,76,675,629,174270,76,9840,None,None,None,None,None,None,None,None,None,None,LTE+Sub6,LTE+5GS_LTE,0,None,None,1,1247.7000000476837,1
1628389032.8,-87.67189031,41.88320761,76,675,629,174270,76,9840,None,None,None,None,None,None,None,None,None,None,LTE+Sub6,LTE+5GS_LTE,0,None,None,1,1248.1000001430511,1
1628389032.9,-87.67189844,41.88321005,76,675,None,None,76,5330,76,9840,None,None,None,None,None,None,None,None,LTE,LTE+LTE,0,None,None,1,1248.1000001430511,0
1628389035.5,-87.67216628,41.88322628,76,675,None,None,76,5330,76,9840,None,None,None,None,None,None,None,None,LTE,LTE+LTE,0,None,None,1,1250.7999999523163,0
1628389035.6,-87.67217946,41.88322607,76,675,629,174270,76,9840,None,None,None,None,None,None,None,None,None,None,LTE+Sub6,LTE+5GS_LTE,0,None,None,1,1250.7999999523163,1
1628389035.8,-87.67220223,41.88322569,76,675,629,174270,76,9840,None,None,None,None,None,None,None,None,None,None,LTE+Sub6,LTE+5GS_LTE,0,None,None,1,1251.1000001430511,1
1628389035.9,-87.67221541,41.88322547,76,675,None,None,76,5330,76,9840,None,None,None,None,None,None,None,None,LTE,LTE+LTE,0,None,None,1,1251.1000001430511,0
1628389037.8,-87.67246686,41.88321866,76,675,None,None,76,5330,76,9840,None,None,None,None,None,None,None,None,LTE,LTE+LTE,0,None,None,1,1253.1000001430511,0
1628389037.9,-87.67248279,41.88321848,76,675,629,174270,76,9840,None,None,None,None,None,None,None,None,None,None,LTE+Sub6,LTE+5GS_LTE,0,None,None,1,1253.1000001430511,1
1628389038.1,-87.67251176,41.88321816,76,675,629,174270,76,9840,None,None,None,None,None,None,None,None,None,None,LTE+Sub6,LTE+5GS_LTE,0,None,None,1,1253.4000000953674,1
1628389038.2,-87.6725247,41.8832182,76,675,None,None,76,5330,76,9840,None,None,None,None,None,None,None,None,LTE,LTE+LTE,0,None,None,1,1253.4000000953674,0
1628389041.7,-87.67303618,41.883218,76,675,None,None,76,5330,76,9840,None,None,None,None,None,None,None,None,LTE,LTE+LTE,0,None,None,1,1257.0,0
1628389041.8,-87.67305097,41.88321778,76,675,629,174270,76,9840,None,None,None,None,None,None,None,None,None,None,LTE+Sub6,LTE+5GS_LTE,0,None,None,1,1257.0,1
1628389042.1,-87.67309683,41.88321711,76,675,629,174270,76,9840,None,None,None,None,None,None,None,None,None,None,LTE+Sub6,LTE+5GS_LTE,0,None,None,1,1257.4000000953674,1
1628389042.2,-87.67310887,41.88321696,76,675,None,None,76,5330,76,9840,None,None,None,None,None,None,None,None,LTE,LTE+LTE,0,None,None,1,1257.4000000953674,0
1628389042.7,-87.67318612,41.88321622,76,675,None,None,76,5330,76,9840,None,None,None,None,None,None,None,None,LTE,LTE+LTE,0,None,None,1,1258.0,0
1628389042.8,-87.67320157,41.88321607,76,675,629,174270,76,9840,None,None,None,None,None,None,None,None,None,None,LTE+Sub6,LTE+5GS_LTE,0,None,None,1,1258.0,1
1628389043.1,-87.67324947,41.88321562,76,675,629,174270,76,9840,None,None,None,None,None,None,None,None,None,None,LTE+Sub6,LTE+5GS_LTE,0,None,None,1,1258.4000000953674,1
1628389043.2,-87.67326304,41.88321537,76,675,None,None,76,5330,76,9840,None,None,None,None,None,None,None,None,LTE,LTE+LTE,0,None,None,1,1258.4000000953674,0
1628389043.7,-87.67333697,41.88321347,76,675,None,None,76,5330,76,9840,None,None,None,None,None,None,None,None,LTE,LTE+LTE,0,None,None,1,1259.0,0
1628389043.8,-87.67335176,41.88321309,76,675,629,174270,76,9840,None,None,None,None,None,None,None,None,None,None,LTE+Sub6,LTE+5GS_LTE,0,None,None,1,1259.0,1
1628389044.1,-87.67339759,41.8832119,76,675,629,174270,76,9840,None,None,None,None,None,None,None,None,None,None,LTE+Sub6,LTE+5GS_LTE,0,None,None,1,1259.4000000953674,1
1628389044.2,-87.67341107,41.88321158,76,675,None,None,76,5330,76,9840,None,None,None,None,None,None,None,None,LTE,LTE+LTE,0,None,None,1,1259.4000000953674,0
1628389044.7,-87.67349355,41.88321053,76,675,None,None,76,5330,76,9840,None,None,None,None,None,None,None,None,LTE,LTE+LTE,0,None,None,1,1260.0,0
1628389044.8,-87.67351004,41.88321032,76,675,629,174270,76,9840,None,None,None,None,None,None,None,None,None,None,LTE+Sub6,LTE+5GS_LTE,0,None,None,1,1260.0,1
1628389095.3,-87.67666345,41.8815472,76,675,629,174270,76,9840,None,None,None,None,None,None,None,None,None,None,LTE+Sub6,LTE+5GS_LTE,0,None,None,1,1310.6000001430511,1
1628389095.4,-87.67666169,41.88154372,76,675,None,None,76,5330,76,9840,None,None,None,None,None,None,None,None,LTE,LTE+LTE,0,None,None,1,1310.6000001430511,0
1628389096.1,-87.67664932,41.88151937,76,675,None,None,76,5330,76,9840,None,None,None,None,None,None,None,None,LTE,LTE+LTE,0,None,None,1,1311.4000000953674,0
1628389096.2,-87.67664904,41.88151732,76,675,629,174270,76,9840,None,None,None,None,None,None,None,None,None,None,LTE+Sub6,LTE+5GS_LTE,0,None,None,1,1311.4000000953674,1
1628389100.9,-87.67664212,41.88146715,76,675,629,174270,76,9840,None,None,None,None,None,None,None,None,None,None,LTE+Sub6,LTE+5GS_LTE,0,None,None,1,1316.2000000476837,1
1628389101.0,-87.67664213,41.88146725,76,675,None,None,76,5330,76,9840,None,None,None,None,None,None,None,None,LTE,LTE+LTE,0,None,None,1,1316.2000000476837,0
1628389101.5,-87.67664216,41.88146738,76,675,None,None,76,5330,76,9840,None,None,None,None,None,None,None,None,LTE,LTE+LTE,0,None,None,1,1316.7999999523163,0
1628389101.6,-87.67664216,41.88146738,76,675,629,174270,76,9840,None,None,None,None,None,None,None,None,None,None,LTE+Sub6,LTE+5GS_LTE,0,None,None,1,1316.7999999523163,1
1628389101.8,-87.67664216,41.88146738,76,675,629,174270,76,9840,None,None,None,None,None,None,None,None,None,None,LTE+Sub6,LTE+5GS_LTE,0,None,None,1,1317.1000001430511,1
1628389101.9,-87.67664216,41.88146738,76,675,None,None,76,5330,76,9840,None,None,None,None,None,None,None,None,LTE,LTE+LTE,0,None,None,1,1317.1000001430511,0
1628389102.5,-87.67664216,41.88146738,76,675,None,None,76,5330,76,9840,None,None,None,None,None,None,None,None,LTE,LTE+LTE,0,None,None,1,1317.7999999523163,0
1628389102.6,-87.67664216,41.88146738,76,675,629,174270,76,9840,None,None,None,None,None,None,None,None,None,None,LTE+Sub6,LTE+5GS_LTE,0,None,None,1,1317.7999999523163,1
1628389102.9,-87.67664216,41.88146738,76,675,629,174270,76,9840,None,None,None,None,None,None,None,None,None,None,LTE+Sub6,LTE+5GS_LTE,0,None,None,1,1318.2000000476837,1
1628389103.0,-87.67664216,41.88146738,76,675,None,None,76,5330,76,9840,None,None,None,None,None,None,None,None,LTE,LTE+LTE,0,None,None,1,1318.2000000476837,0
1628389103.2,-87.67664216,41.88146738,76,675,None,None,76,5330,76,9840,None,None,None,None,None,None,None,None,LTE,LTE+LTE,0,None,None,1,1318.5,0
1628389103.3,-87.67664216,41.88146738,76,675,629,174270,76,9840,None,None,None,None,None,None,None,None,None,None,LTE+Sub6,LTE+5GS_LTE,0,None,None,1,1318.5,1
1628389103.6,-87.67664216,41.88146738,76,675,629,174270,76,9840,None,None,None,None,None,None,None,None,None,None,LTE+Sub6,LTE+5GS_LTE,0,None,None,1,1318.9000000953674,1
1628389103.7,-87.67664216,41.88146738,76,675,None,None,76,5330,76,9840,None,None,None,None,None,None,None,None,LTE,LTE+LTE,0,None,None,1,1318.9000000953674,0
1628389103.9,-87.67664216,41.88146738,76,675,None,None,76,5330,76,9840,None,None,None,None,None,None,None,None,LTE,LTE+LTE,0,None,None,1,1319.2000000476837,0
1628389104.0,-87.67664216,41.88146738,76,675,629,174270,76,9840,None,None,None,None,None,None,None,None,None,None,LTE+Sub6,LTE+5GS_LTE,0,None,None,1,1319.2000000476837,1
1628389110.2,-87.67664216,41.88146738,76,675,629,174270,76,9840,None,None,None,None,None,None,None,None,None,None,LTE+Sub6,LTE+5GS_LTE,0,None,None,1,1325.5,1
1628389110.3,-87.67664216,41.88146738,None,None,None,None,None,None,None,None,None,None,None,None,None,None,None,None,None,None,0,None,None,1,1325.5,0
1628389110.5,-87.67664216,41.88146738,76,675,None,None,None,None,None,None,None,None,None,None,None,None,None,None,LTE,LTE,0,None,None,1,1325.7999999523163,0
1628389110.6,-87.67664216,41.88146738,76,675,629,174270,76,9840,None,None,None,None,None,None,None,None,None,None,LTE+Sub6,LTE+5GS_LTE,0,None,None,1,1325.7999999523163,1
1628389110.9,-87.67664216,41.88146738,76,675,629,174270,76,9840,None,None,None,None,None,None,None,None,None,None,LTE+Sub6,LTE+5GS_LTE,0,None,None,1,1326.2000000476837,1
1628389111.0,-87.67664216,41.88146738,76,675,None,None,76,5330,76,9840,None,None,None,None,None,None,None,None,LTE,LTE+LTE,0,None,None,1,1326.2000000476837,0
1628389111.7,-87.67664216,41.88146738,76,675,None,None,76,5330,76,9840,None,None,None,None,None,None,None,None,LTE,LTE+LTE,0,None,None,1,1327.0,0
1628389111.8,-87.67664216,41.88146738,76,675,629,174270,76,9840,None,None,None,None,None,None,None,None,None,None,LTE+Sub6,LTE+5GS_LTE,0,None,None,1,1327.0,1
1628389112.1,-87.67664216,41.88146738,76,675,629,174270,76,9840,None,None,None,None,None,None,None,None,None,None,LTE+Sub6,LTE+5GS_LTE,0,None,None,1,1327.4000000953674,1
1628389112.2,-87.67664216,41.88146738,76,675,None,None,76,5330,76,9840,None,None,None,None,None,None,None,None,LTE,LTE+LTE,0,None,None,1,1327.4000000953674,0
1628389112.4,-87.67664216,41.88146738,76,675,None,None,76,5330,76,9840,None,None,None,None,None,None,None,None,LTE,LTE+LTE,0,None,None,1,1327.7000000476837,0
1628389112.5,-87.67664216,41.88146738,76,675,629,174270,76,9840,None,None,None,None,None,None,None,None,None,None,LTE+Sub6,LTE+5GS_LTE,0,None,None,1,1327.7000000476837,1
1628389112.8,-87.67664216,41.88146738,76,675,629,174270,76,9840,None,None,None,None,None,None,None,None,None,None,LTE+Sub6,LTE+5GS_LTE,0,None,None,1,1328.1000001430511,1
1628389112.9,-87.67664216,41.88146738,76,675,None,None,76,5330,76,9840,None,None,None,None,None,None,None,None,LTE,LTE+LTE,0,None,None,1,1328.1000001430511,0
1628389113.2,-87.67664216,41.88146738,76,675,None,None,76,5330,76,9840,None,None,None,None,None,None,None,None,LTE,LTE+LTE,0,None,None,1,1328.5,0
1628389113.3,-87.67664216,41.88146738,76,675,629,174270,76,9840,None,None,None,None,None,None,None,None,None,None,LTE+Sub6,LTE+5GS_LTE,0,None,None,1,1328.5,1
1628389113.6,-87.67664216,41.88146738,76,675,629,174270,76,9840,None,None,None,None,None,None,None,None,None,None,LTE+Sub6,LTE+5GS_LTE,0,None,None,1,1328.9000000953674,1
1628389113.7,-87.67664216,41.88146738,76,675,None,None,76,5330,76,9840,None,None,None,None,None,None,None,None,LTE,LTE+LTE,0,None,None,1,1328.9000000953674,0
1628389114.9,-87.67664216,41.88146738,76,675,None,None,76,5330,76,9840,None,None,None,None,None,None,None,None,LTE,LTE+LTE,0,None,None,1,1330.2000000476837,0
1628389115.0,-87.67664216,41.88146738,76,675,629,174270,76,9840,None,None,None,None,None,None,None,None,None,None,LTE+Sub6,LTE+5GS_LTE,0,None,None,1,1330.2000000476837,1
1628389115.2,-87.67664216,41.88146738,76,675,629,174270,76,9840,None,None,None,None,None,None,None,None,None,None,LTE+Sub6,LTE+5GS_LTE,0,None,None,1,1330.5,1
1628389115.3,-87.67664216,41.88146738,76,675,None,None,76,5330,76,9840,None,None,None,None,None,None,None,None,LTE,LTE+LTE,0,None,None,1,1330.5,0
1628389115.6,-87.67664216,41.88146738,76,675,None,None,76,5330,76,9840,None,None,None,None,None,None,None,None,LTE,LTE+LTE,0,None,None,1,1330.9000000953674,0
1628389115.7,-87.67664216,41.88146738,76,675,629,174270,76,9840,None,None,None,None,None,None,None,None,None,None,LTE+Sub6,LTE+5GS_LTE,0,None,None,1,1330.9000000953674,1
1628389116.0,-87.67664216,41.88146738,76,675,629,174270,76,9840,None,None,None,None,None,None,None,None,None,None,LTE+Sub6,LTE+5GS_LTE,0,None,None,1,1331.2999999523163,1
1628389116.1,-87.67664216,41.88146738,76,675,None,None,76,5330,76,9840,None,None,None,None,None,None,None,None,LTE,LTE+LTE,0,None,None,1,1331.2999999523163,0
1628389116.3,-87.67664216,41.88146738,76,675,None,None,76,5330,76,9840,None,None,None,None,None,None,None,None,LTE,LTE+LTE,0,None,None,1,1331.6000001430511,0
1628389116.4,-87.67664216,41.88146738,76,675,629,174270,76,9840,None,None,None,None,None,None,None,None,None,None,LTE+Sub6,LTE+5GS_LTE,0,None,None,1,1331.6000001430511,1
1628389116.7,-87.67664216,41.88146738,76,675,629,174270,76,9840,None,None,None,None,None,None,None,None,None,None,LTE+Sub6,LTE+5GS_LTE,0,None,None,1,1332.0,1
1628389116.8,-87.67664216,41.88146738,76,675,None,None,76,5330,76,9840,None,None,None,None,None,None,None,None,LTE,LTE+LTE,0,None,None,1,1332.0,0
1628389117.0,-87.67664216,41.88146738,76,675,None,None,76,5330,76,9840,None,None,None,None,None,None,None,None,LTE,LTE+LTE,0,None,None,1,1332.2999999523163,0
1628389117.1,-87.67664216,41.88146738,76,675,629,174270,76,9840,None,None,None,None,None,None,None,None,None,None,LTE+Sub6,LTE+5GS_LTE,0,None,None,1,1332.2999999523163,1
1628389117.4,-87.67664216,41.88146738,76,675,629,174270,76,9840,None,None,None,None,None,None,None,None,None,None,LTE+Sub6,LTE+5GS_LTE,0,None,None,1,1332.7000000476837,1
1628389117.5,-87.67664216,41.88146738,76,675,None,None,76,5330,76,9840,None,None,None,None,None,None,None,None,LTE,LTE+LTE,0,None,None,1,1332.7000000476837,0
1628389117.7,-87.67664216,41.88146738,76,675,None,None,76,5330,76,9840,None,None,None,None,None,None,None,None,LTE,LTE+LTE,0,None,None,1,1333.0,0
1628389117.8,-87.67664216,41.88146738,76,675,629,174270,76,9840,None,None,None,None,None,None,None,None,None,None,LTE+Sub6,LTE+5GS_LTE,0,None,None,1,1333.0,1
1628389124.1,-87.67664216,41.88146738,76,675,629,174270,76,9840,None,None,None,None,None,None,None,None,None,None,LTE+Sub6,LTE+5GS_LTE,0,None,None,1,1339.4000000953674,1
1628389124.2,-87.67664216,41.88146738,None,None,None,None,None,None,None,None,None,None,None,None,None,None,None,None,None,None,0,None,None,1,1339.4000000953674,0
1628389124.6,-87.67664216,41.88146738,76,675,None,None,None,None,None,None,None,None,None,None,None,None,None,None,LTE,LTE,0,None,None,1,1339.9000000953674,0
1628389124.7,-87.67664216,41.88146738,76,675,629,174270,76,9840,None,None,None,None,None,None,None,None,None,None,LTE+Sub6,LTE+5GS_LTE,0,None,None,1,1339.9000000953674,1
1628389132.3,-87.67664216,41.88146738,76,675,629,174270,76,9840,None,None,None,None,None,None,None,None,None,None,LTE+Sub6,LTE+5GS_LTE,0,None,None,1,1347.6000001430511,1
1628389132.4,-87.67664216,41.88146738,76,675,None,None,76,5330,76,9840,None,None,None,None,None,None,None,None,LTE,LTE+LTE,0,None,None,1,1347.6000001430511,0
1628389133.9,-87.67664216,41.88146738,76,675,None,None,76,5330,76,9840,None,None,None,None,None,None,None,None,LTE,LTE+LTE,0,None,None,1,1349.2000000476837,0
1628389134.0,-87.67664216,41.88146738,76,675,629,174270,76,9840,None,None,None,None,None,None,None,None,None,None,LTE+Sub6,LTE+5GS_LTE,0,None,None,1,1349.2000000476837,1
1628389140.3,-87.67663105,41.88142213,76,675,629,174270,76,9840,None,None,None,None,None,None,None,None,None,None,LTE+Sub6,LTE+5GS_LTE,0,None,None,1,1355.6000001430511,1
1628389140.4,-87.67663082,41.88142031,None,None,None,None,None,None,None,None,None,None,None,None,None,None,None,None,None,None,0,None,None,1,1355.6000001430511,0
1628389140.9,-87.67662968,41.88141125,76,675,None,None,None,None,None,None,None,None,None,None,None,None,None,None,LTE,LTE,0,None,None,1,1356.2000000476837,0
1628389141.0,-87.67662947,41.88140961,76,675,629,174270,76,9840,None,None,None,None,None,None,None,None,None,None,LTE+Sub6,LTE+5GS_LTE,0,None,None,1,1356.2000000476837,1
1628389149.6,-87.67581502,41.88131969,76,675,629,174270,76,9840,None,None,None,None,None,None,None,None,None,None,LTE+Sub6,LTE+5GS_LTE,0,None,None,1,1364.9000000953674,1
1628389149.7,-87.67580132,41.8813199,76,675,None,None,76,5330,76,9840,None,None,None,None,None,None,None,None,LTE,LTE+LTE,0,None,None,1,1364.9000000953674,0
1628389149.8,-87.67578609,41.88132013,76,675,None,None,76,5330,76,9840,None,None,None,None,None,None,None,None,LTE,LTE+LTE,0,None,None,1,1365.1000001430511,0
1628389149.9,-87.67576933,41.88132039,76,675,629,174270,76,9840,None,None,None,None,None,None,None,None,None,None,LTE+Sub6,LTE+5GS_LTE,0,None,None,1,1365.1000001430511,1
1628389168.4,-87.6728155,41.88132716,76,675,629,174270,76,9840,None,None,None,None,None,None,None,None,None,None,LTE+Sub6,LTE+5GS_LTE,0,None,None,1,1383.7000000476837,1
1628389168.5,-87.67280147,41.88132743,76,675,None,None,76,5330,76,9840,None,None,None,None,None,None,None,None,LTE,LTE+LTE,0,None,None,1,1383.7000000476837,0
1628389168.7,-87.67277028,41.88132803,76,675,None,None,76,5330,76,9840,None,None,None,None,None,None,None,None,LTE,LTE+LTE,0,None,None,1,1384.0,0
1628389168.8,-87.67275469,41.88132833,76,675,629,174270,76,9840,None,None,None,None,None,None,None,None,None,None,LTE+Sub6,LTE+5GS_LTE,0,None,None,1,1384.0,1
1628389169.1,-87.67270635,41.88132926,76,675,629,174270,76,9840,None,None,None,None,None,None,None,None,None,None,LTE+Sub6,LTE+5GS_LTE,0,None,None,1,1384.4000000953674,1
1628389169.2,-87.67269278,41.88132944,76,675,None,None,76,5330,76,9840,None,None,None,None,None,None,None,None,LTE,LTE+LTE,0,None,None,1,1384.4000000953674,0
1628389169.4,-87.67266124,41.88132984,76,675,None,None,76,5330,76,9840,None,None,None,None,None,None,None,None,LTE,LTE+LTE,0,None,None,1,1384.7000000476837,0
1628389169.5,-87.67264772,41.88133001,76,675,629,174270,76,9840,None,None,None,None,None,None,None,None,None,None,LTE+Sub6,LTE+5GS_LTE,0,None,None,1,1384.7000000476837,1
1628389169.8,-87.67260267,41.88133058,76,675,629,174270,76,9840,None,None,None,None,None,None,None,None,None,None,LTE+Sub6,LTE+5GS_LTE,0,None,None,1,1385.1000001430511,1
1628389169.9,-87.67258615,41.88133078,76,675,None,None,76,5330,76,9840,None,None,None,None,None,None,None,None,LTE,LTE+LTE,0,None,None,1,1385.1000001430511,0
1628389170.1,-87.67255611,41.88133116,76,675,None,None,76,5330,76,9840,None,None,None,None,None,None,None,None,LTE,LTE+LTE,0,None,None,1,1385.4000000953674,0
1628389170.2,-87.6725443,41.88133101,76,675,629,174270,76,9840,None,None,None,None,None,None,None,None,None,None,LTE+Sub6,LTE+5GS_LTE,0,None,None,1,1385.4000000953674,1
1628389175.3,-87.67199348,41.88133578,76,675,629,174270,76,9840,None,None,None,None,None,None,None,None,None,None,LTE+Sub6,LTE+5GS_LTE,0,None,None,1,1390.6000001430511,1
1628389175.4,-87.67198557,41.88133629,76,675,811,174270,76,9840,None,None,None,None,None,None,None,None,None,None,LTE+Sub6,LTE+5GS_LTE,0,None,None,1,1390.6000001430511,0
1628389207.4,-87.67174967,41.88217785,76,675,None,None,76,5330,76,9840,None,None,None,None,None,None,None,None,LTE,LTE+LTE,0,None,None,1,1422.7000000476837,0
1628389207.5,-87.6717496,41.88218039,76,675,629,174270,76,9840,None,None,None,None,None,None,None,None,None,None,LTE+Sub6,LTE+5GS_LTE,0,None,None,1,1422.7000000476837,1
1628389207.7,-87.67174943,41.88218604,76,675,629,174270,76,9840,None,None,None,None,None,None,None,None,None,None,LTE+Sub6,LTE+5GS_LTE,0,None,None,1,1423.0,1
1628389207.8,-87.67174935,41.88218886,76,675,None,None,76,5330,76,9840,None,None,None,None,None,None,None,None,LTE,LTE+LTE,0,None,None,1,1423.0,0
1628389208.3,-87.67174925,41.88220638,76,675,None,None,76,5330,76,9840,None,None,None,None,None,None,None,None,LTE,LTE+LTE,0,None,None,1,1423.6000001430511,0
1628389208.4,-87.67174933,41.88221084,76,675,629,174270,76,9840,None,None,None,None,None,None,None,None,None,None,LTE+Sub6,LTE+5GS_LTE,0,None,None,1,1423.6000001430511,1
1628389208.6,-87.6717495,41.88221978,76,675,629,174270,76,9840,None,None,None,None,None,None,None,None,None,None,LTE+Sub6,LTE+5GS_LTE,0,None,None,1,1423.9000000953674,1
1628389208.7,-87.67174957,41.8822238,76,675,None,None,76,5330,76,9840,None,None,None,None,None,None,None,None,LTE,LTE+LTE,0,None,None,1,1423.9000000953674,0
1628389209.3,-87.67175014,41.88225322,76,675,None,None,76,5330,76,9840,None,None,None,None,None,None,None,None,LTE,LTE+LTE,0,None,None,1,1424.6000001430511,0
1628389209.4,-87.67175026,41.88225883,76,675,629,174270,76,9840,None,None,None,None,None,None,None,None,None,None,LTE+Sub6,LTE+5GS_LTE,0,None,None,1,1424.6000001430511,1
1628389209.6,-87.67175049,41.88227006,76,675,629,174270,76,9840,None,None,None,None,None,None,None,None,None,None,LTE+Sub6,LTE+5GS_LTE,0,None,None,1,1424.9000000953674,1
1628389209.7,-87.67175059,41.88227511,76,675,None,None,76,5330,76,9840,None,None,None,None,None,None,None,None,LTE,LTE+LTE,0,None,None,1,1424.9000000953674,0
1628389210.3,-87.67175139,41.88231082,76,675,None,None,76,5330,76,9840,None,None,None,None,None,None,None,None,LTE,LTE+LTE,0,None,None,1,1425.6000001430511,0
1628389210.4,-87.67175157,41.88231756,76,675,629,174270,76,9840,None,None,None,None,None,None,None,None,None,None,LTE+Sub6,LTE+5GS_LTE,0,None,None,1,1425.6000001430511,1
1628389210.7,-87.67175207,41.88233712,76,675,629,174270,76,9840,None,None,None,None,None,None,None,None,None,None,LTE+Sub6,LTE+5GS_LTE,0,None,None,1,1426.0,1
1628389210.8,-87.67175225,41.88234386,76,675,None,None,76,5330,76,9840,None,None,None,None,None,None,None,None,LTE,LTE+LTE,0,None,None,1,1426.0,0
1628389211.0,-87.67175259,41.88235735,76,675,None,None,76,5330,76,9840,None,None,None,None,None,None,None,None,LTE,LTE+LTE,0,None,None,1,1426.2999999523163,0
1628389211.1,-87.67175279,41.88236477,76,675,629,174270,76,9840,None,None,None,None,None,None,None,None,None,None,LTE+Sub6,LTE+5GS_LTE,0,None,None,1,1426.2999999523163,1
1628389211.4,-87.6717532,41.88238777,76,675,629,174270,76,9840,None,None,None,None,None,None,None,None,None,None,LTE+Sub6,LTE+5GS_LTE,0,None,None,1,1426.7000000476837,1
1628389211.5,-87.67175332,41.88239499,76,675,None,None,76,5330,76,9840,None,None,None,None,None,None,None,None,LTE,LTE+LTE,0,None,None,1,1426.7000000476837,0
1628389212.4,-87.67175459,41.88246825,76,675,None,None,76,5330,76,9840,None,None,None,None,None,None,None,None,LTE,LTE+LTE,0,None,None,1,1427.7000000476837,0
1628389212.5,-87.67175472,41.88247556,76,675,629,174270,76,9840,None,None,None,None,None,None,None,None,None,None,LTE+Sub6,LTE+5GS_LTE,0,None,None,1,1427.7000000476837,1
1628389212.7,-87.671755,41.88249181,76,675,629,174270,76,9840,None,None,None,None,None,None,None,None,None,None,LTE+Sub6,LTE+5GS_LTE,0,None,None,1,1428.0,1
1628389212.8,-87.67175514,41.88249993,76,675,None,None,76,5330,76,9840,None,None,None,None,None,None,None,None,LTE,LTE+LTE,0,None,None,1,1428.0,0
1628389213.8,-87.67175629,41.88258461,76,675,None,None,76,5330,76,9840,None,None,None,None,None,None,None,None,LTE,LTE+LTE,0,None,None,1,1429.1000001430511,0
1628389213.9,-87.6717564,41.88259426,76,675,629,174270,76,9840,None,None,None,None,None,None,None,None,None,None,LTE+Sub6,LTE+5GS_LTE,0,None,None,1,1429.1000001430511,1
1628389214.1,-87.67175661,41.88261182,76,675,629,174270,76,9840,None,None,None,None,None,None,None,None,None,None,LTE+Sub6,LTE+5GS_LTE,0,None,None,1,1429.4000000953674,1
1628389214.2,-87.67175696,41.8826196,76,675,None,None,76,5330,76,9840,None,None,None,None,None,None,None,None,LTE,LTE+LTE,0,None,None,1,1429.4000000953674,0
1628389214.5,-87.67175824,41.88264548,76,675,None,None,76,5330,76,9840,None,None,None,None,None,None,None,None,LTE,LTE+LTE,0,None,None,1,1429.7999999523163,0
1628389214.6,-87.67175871,41.88265497,76,675,629,174270,76,9840,None,None,None,None,None,None,None,None,None,None,LTE+Sub6,LTE+5GS_LTE,0,None,None,1,1429.7999999523163,1
1628389214.8,-87.67175952,41.88267136,76,675,629,174270,76,9840,None,None,None,None,None,None,None,None,None,None,LTE+Sub6,LTE+5GS_LTE,0,None,None,1,1430.1000001430511,1
1628389214.9,-87.67175999,41.88268085,76,675,None,None,76,5330,76,9840,None,None,None,None,None,None,None,None,LTE,LTE+LTE,0,None,None,1,1430.1000001430511,0
1628389215.1,-87.67176085,41.88269811,76,675,None,None,76,5330,76,9840,None,None,None,None,None,None,None,None,LTE,LTE+LTE,0,None,None,1,1430.4000000953674,0
1628389215.2,-87.67176114,41.88270557,76,675,629,174270,76,9840,None,None,None,None,None,None,None,None,None,None,LTE+Sub6,LTE+5GS_LTE,0,None,None,1,1430.4000000953674,1
1628389215.5,-87.67176208,41.88273034,76,675,629,174270,76,9840,None,None,None,None,None,None,None,None,None,None,LTE+Sub6,LTE+5GS_LTE,0,None,None,1,1430.7999999523163,1
1628389215.6,-87.67176242,41.88273942,76,675,None,None,76,5330,76,9840,None,None,None,None,None,None,None,None,LTE,LTE+LTE,0,None,None,1,1430.7999999523163,0
1628389217.8,-87.67177395,41.88292117,76,675,None,None,76,5330,76,9840,None,None,None,None,None,None,None,None,LTE,LTE+LTE,0,None,None,1,1433.1000001430511,0
1628389217.9,-87.67177472,41.88292991,76,675,629,174270,76,9840,None,None,None,None,None,None,None,None,None,None,LTE+Sub6,LTE+5GS_LTE,0,None,None,1,1433.1000001430511,1
1628389218.2,-87.67177646,41.88295268,76,675,629,174270,76,9840,None,None,None,None,None,None,None,None,None,None,LTE+Sub6,LTE+5GS_LTE,0,None,None,1,1433.5,1
1628389218.3,-87.67177676,41.88296097,76,675,None,None,76,5330,76,9840,None,None,None,None,None,None,None,None,LTE,LTE+LTE,0,None,None,1,1433.5,0
1628389220.1,-87.67178161,41.8830821,76,675,None,None,76,5330,76,9840,None,None,None,None,None,None,None,None,LTE,LTE+LTE,0,None,None,1,1435.4000000953674,0
1628389220.2,-87.67178239,41.88308645,76,675,629,174270,76,9840,None,None,None,None,None,None,None,None,None,None,LTE+Sub6,LTE+5GS_LTE,0,None,None,1,1435.4000000953674,1
1628389220.5,-87.67178606,41.88310213,76,675,629,174270,76,9840,None,None,None,None,None,None,None,None,None,None,LTE+Sub6,LTE+5GS_LTE,0,None,None,1,1435.7999999523163,1
1628389220.6,-87.67178741,41.88310788,76,675,None,None,76,5330,76,9840,None,None,None,None,None,None,None,None,LTE,LTE+LTE,0,None,None,1,1435.7999999523163,0
1628389222.1,-87.67183099,41.88317872,76,675,None,None,76,5330,76,9840,None,None,None,None,None,None,None,None,LTE,LTE+LTE,0,None,None,1,1437.4000000953674,0
1628389222.2,-87.67183611,41.88318112,76,675,629,174270,76,9840,None,None,None,None,None,None,None,None,None,None,LTE+Sub6,LTE+5GS_LTE,0,None,None,1,1437.4000000953674,1
1628389222.4,-87.67185034,41.88318698,76,675,629,174270,76,9840,None,None,None,None,None,None,None,None,None,None,LTE+Sub6,LTE+5GS_LTE,0,None,None,1,1437.7000000476837,1
1628389222.5,-87.67185644,41.88318949,76,675,None,None,76,5330,76,9840,None,None,None,None,None,None,None,None,LTE,LTE+LTE,0,None,None,1,1437.7000000476837,0
1628389222.7,-87.67186999,41.88319507,76,675,None,None,76,5330,76,9840,None,None,None,None,None,None,None,None,LTE,LTE+LTE,0,None,None,1,1438.0,0
1628389222.8,-87.67187677,41.88319786,76,675,629,174270,76,9840,None,None,None,None,None,None,None,None,None,None,LTE+Sub6,LTE+5GS_LTE,0,None,None,1,1438.0,1
1628389223.1,-87.67189777,41.8832065,76,675,629,174270,76,9840,None,None,None,None,None,None,None,None,None,None,LTE+Sub6,LTE+5GS_LTE,0,None,None,1,1438.4000000953674,1
1628389223.2,-87.67190534,41.88320766,76,675,None,None,76,5330,76,9840,None,None,None,None,None,None,None,None,LTE,LTE+LTE,0,None,None,1,1438.4000000953674,0
1628389224.1,-87.6719837,41.88321762,76,675,None,None,76,5330,76,9840,None,None,None,None,None,None,None,None,LTE,LTE+LTE,0,None,None,1,1439.4000000953674,0
1628389224.2,-87.67199176,41.88321795,76,675,629,174270,76,9840,None,None,None,None,None,None,None,None,None,None,LTE+Sub6,LTE+5GS_LTE,0,None,None,1,1439.4000000953674,1
1628389224.4,-87.67201479,41.88321796,76,675,629,174270,76,9840,None,None,None,None,None,None,None,None,None,None,LTE+Sub6,LTE+5GS_LTE,0,None,None,1,1439.7000000476837,1
1628389224.5,-87.67202466,41.88321796,76,675,None,None,76,5330,76,9840,None,None,None,None,None,None,None,None,LTE,LTE+LTE,0,None,None,1,1439.7000000476837,0
1628389224.8,-87.67205755,41.88321797,76,675,None,None,76,5330,76,9840,None,None,None,None,None,None,None,None,LTE,LTE+LTE,0,None,None,1,1440.1000001430511,0
1628389224.9,-87.67206962,41.88321797,76,675,629,174270,76,9840,None,None,None,None,None,None,None,None,None,None,LTE+Sub6,LTE+5GS_LTE,0,None,None,1,1440.1000001430511,1
1628389225.1,-87.67209155,41.88321798,76,675,629,174270,76,9840,None,None,None,None,None,None,None,None,None,None,LTE+Sub6,LTE+5GS_LTE,0,None,None,1,1440.4000000953674,1
1628389225.2,-87.67210251,41.88321811,76,675,None,None,76,5330,76,9840,None,None,None,None,None,None,None,None,LTE,LTE+LTE,0,None,None,1,1440.4000000953674,0
1628389225.4,-87.6721288,41.88321851,76,675,None,None,76,5330,76,9840,None,None,None,None,None,None,None,None,LTE,LTE+LTE,0,None,None,1,1440.7000000476837,0
1628389225.5,-87.67214007,41.88321868,76,675,629,174270,76,9840,None,None,None,None,None,None,None,None,None,None,LTE+Sub6,LTE+5GS_LTE,0,None,None,1,1440.7000000476837,1
1628389225.8,-87.67217764,41.88321925,76,675,629,174270,76,9840,None,None,None,None,None,None,None,None,None,None,LTE+Sub6,LTE+5GS_LTE,0,None,None,1,1441.1000001430511,1
1628389225.9,-87.67219141,41.88321946,76,675,None,None,76,5330,76,9840,None,None,None,None,None,None,None,None,LTE,LTE+LTE,0,None,None,1,1441.1000001430511,0
1628389226.5,-87.67226909,41.88321909,76,675,None,None,76,5330,76,9840,None,None,None,None,None,None,None,None,LTE,LTE+LTE,0,None,None,1,1441.7999999523163,0
1628389226.6,-87.67228399,41.88321885,76,675,629,174270,76,9840,None,None,None,None,None,None,None,None,None,None,LTE+Sub6,LTE+5GS_LTE,0,None,None,1,1441.7999999523163,1
1628389226.8,-87.67230973,41.88321845,76,675,629,174270,76,9840,None,None,None,None,None,None,None,None,None,None,LTE+Sub6,LTE+5GS_LTE,0,None,None,1,1442.1000001430511,1
1628389226.9,-87.67232463,41.88321821,76,675,None,None,76,5330,76,9840,None,None,None,None,None,None,None,None,LTE,LTE+LTE,0,None,None,1,1442.1000001430511,0
1628389230.9,-87.67296195,41.88320113,76,675,None,None,76,5330,76,9840,None,None,None,None,None,None,None,None,LTE,LTE+LTE,0,None,None,1,1446.2000000476837,0
1628389231.0,-87.67297712,41.88320089,76,675,629,174270,76,9840,None,None,None,None,None,None,None,None,None,None,LTE+Sub6,LTE+5GS_LTE,0,None,None,1,1446.2000000476837,1
1628389231.2,-87.67301044,41.88320047,76,675,629,174270,76,9840,None,None,None,None,None,None,None,None,None,None,LTE+Sub6,LTE+5GS_LTE,0,None,None,1,1446.5,1
1628389231.3,-87.67302837,41.88320037,76,675,None,None,76,5330,76,9840,None,None,None,None,None,None,None,None,LTE,LTE+LTE,0,None,None,1,1446.5,0
1628389231.5,-87.67305932,41.88320019,76,675,None,None,76,5330,76,9840,None,None,None,None,None,None,None,None,LTE,LTE+LTE,0,None,None,1,1446.7999999523163,0
1628389231.6,-87.67307724,41.88320008,76,675,629,174270,76,9840,None,None,None,None,None,None,None,None,None,None,LTE+Sub6,LTE+5GS_LTE,0,None,None,1,1446.7999999523163,1
1628389231.9,-87.67312612,41.8831998,76,675,629,174270,76,9840,None,None,None,None,None,None,None,None,None,None,LTE+Sub6,LTE+5GS_LTE,0,None,None,1,1447.2000000476837,1
1628389232.0,-87.67314078,41.88319971,76,675,None,None,76,5330,76,9840,None,None,None,None,None,None,None,None,LTE,LTE+LTE,0,None,None,1,1447.2000000476837,0
1628389232.2,-87.67317346,41.88319973,76,675,None,None,76,5330,76,9840,None,None,None,None,None,None,None,None,LTE,LTE+LTE,0,None,None,1,1447.5,0
1628389232.3,-87.67319153,41.88319995,76,675,629,174270,76,9840,None,None,None,None,None,None,None,None,None,None,LTE+Sub6,LTE+5GS_LTE,0,None,None,1,1447.5,1
1628389232.6,-87.67324082,41.88320056,76,675,629,174270,76,9840,None,None,None,None,None,None,None,None,None,None,LTE+Sub6,LTE+5GS_LTE,0,None,None,1,1447.9000000953674,1
1628389232.7,-87.67325561,41.88320074,76,675,None,None,76,5330,76,9840,None,None,None,None,None,None,None,None,LTE,LTE+LTE,0,None,None,1,1447.9000000953674,0
1628389232.9,-87.67329011,41.88320117,76,675,None,None,76,5330,76,9840,None,None,None,None,None,None,None,None,LTE,LTE+LTE,0,None,None,1,1448.2000000476837,0
1628389233.0,-87.6733049,41.88320135,76,675,629,174270,76,9840,None,None,None,None,None,None,None,None,None,None,LTE+Sub6,LTE+5GS_LTE,0,None,None,1,1448.2000000476837,1
1628389233.2,-87.6733367,41.88320152,76,675,629,174270,76,9840,None,None,None,None,None,None,None,None,None,None,LTE+Sub6,LTE+5GS_LTE,0,None,None,1,1448.5,1
1628389233.3,-87.67335311,41.88320137,76,675,None,None,76,5330,76,9840,None,None,None,None,None,None,None,None,LTE,LTE+LTE,0,None,None,1,1448.5,0
1628389233.6,-87.67339786,41.88320097,76,675,None,None,76,5330,76,9840,None,None,None,None,None,None,None,None,LTE,LTE+LTE,0,None,None,1,1448.9000000953674,0
1628389233.7,-87.67341128,41.88320085,76,675,629,174270,76,9840,None,None,None,None,None,None,None,None,None,None,LTE+Sub6,LTE+5GS_LTE,0,None,None,1,1448.9000000953674,1
1628389292.4,-87.67672285,41.88148992,76,675,629,174270,76,9840,None,None,None,None,None,None,None,None,None,None,LTE+Sub6,LTE+5GS_LTE,0,None,None,1,1507.7000000476837,1
1628389292.5,-87.67672223,41.88148729,76,675,None,None,76,5330,76,9840,None,None,None,None,None,None,None,None,LTE,LTE+LTE,0,None,None,1,1507.7000000476837,0
1628389292.7,-87.67672086,41.88148144,76,675,None,None,76,5330,76,9840,None,None,None,None,None,None,None,None,LTE,LTE+LTE,0,None,None,1,1508.0,0
1628389292.8,-87.67672017,41.88147852,76,675,629,174270,76,9840,None,None,None,None,None,None,None,None,None,None,LTE+Sub6,LTE+5GS_LTE,0,None,None,1,1508.0,1
1628389298.8,-87.67670759,41.88144132,76,675,629,174270,76,9840,None,None,None,None,None,None,None,None,None,None,LTE+Sub6,LTE+5GS_LTE,0,None,None,1,1514.1000001430511,1
1628389298.9,-87.67670759,41.88144132,None,None,None,None,None,None,None,None,None,None,None,None,None,None,None,None,None,None,0,None,None,1,1514.1000001430511,0
1628389299.3,-87.67670759,41.88144132,76,675,None,None,None,None,None,None,None,None,None,None,None,None,None,None,LTE,LTE,0,None,None,1,1514.6000001430511,0
1628389299.4,-87.67670759,41.88144132,76,675,629,174270,76,9840,None,None,None,None,None,None,None,None,None,None,LTE+Sub6,LTE+5GS_LTE,0,None,None,1,1514.6000001430511,1
1628389304.4,-87.67669923,41.88143596,76,675,629,174270,76,9840,None,None,None,None,None,None,None,None,None,None,LTE+Sub6,LTE+5GS_LTE,0,None,None,1,1519.7000000476837,1
1628389304.5,-87.67669923,41.88143596,76,675,None,None,76,5330,76,9840,None,None,None,None,None,None,None,None,LTE,LTE+LTE,0,None,None,1,1519.7000000476837,0
1628389304.7,-87.67669923,41.88143596,76,675,None,None,76,5330,76,9840,None,None,None,None,None,None,None,None,LTE,LTE+LTE,0,None,None,1,1520.0,0
1628389304.8,-87.67669923,41.88143596,76,675,629,174270,76,9840,None,None,None,None,None,None,None,None,None,None,LTE+Sub6,LTE+5GS_LTE,0,None,None,1,1520.0,1
1628389316.3,-87.67669888,41.88143486,76,675,629,174270,76,9840,None,None,None,None,None,None,None,None,None,None,LTE+Sub6,LTE+5GS_LTE,0,None,None,1,1531.6000001430511,1
1628389316.4,-87.67669864,41.88143413,None,None,None,None,None,None,None,None,None,None,None,None,None,None,None,None,None,None,0,None,None,1,1531.6000001430511,0
1628389316.9,-87.67669746,41.88143048,76,675,None,None,None,None,None,None,None,None,None,None,None,None,None,None,LTE,LTE,0,None,None,1,1532.2000000476837,0
1628389317.0,-87.67669725,41.88142982,76,675,629,174270,76,9840,None,None,None,None,None,None,None,None,None,None,LTE+Sub6,LTE+5GS_LTE,0,None,None,1,1532.2000000476837,1
1628389322.3,-87.67670203,41.88142902,76,675,629,174270,76,9840,None,None,None,None,None,None,None,None,None,None,LTE+Sub6,LTE+5GS_LTE,0,None,None,1,1537.6000001430511,1
1628389322.4,-87.67670202,41.88142902,76,675,None,None,76,5330,76,9840,None,None,None,None,None,None,None,None,LTE,LTE+LTE,0,None,None,1,1537.6000001430511,0
1628389322.5,-87.67670202,41.88142901,76,675,None,None,76,5330,76,9840,None,None,None,None,None,None,None,None,LTE,LTE+LTE,0,None,None,1,1537.7999999523163,0
1628389322.6,-87.67670201,41.88142901,76,675,629,174270,76,9840,None,None,None,None,None,None,None,None,None,None,LTE+Sub6,LTE+5GS_LTE,0,None,None,1,1537.7999999523163,1
1628389326.8,-87.67670196,41.88142898,76,675,629,174270,76,9840,None,None,None,None,None,None,None,None,None,None,LTE+Sub6,LTE+5GS_LTE,0,None,None,1,1542.1000001430511,1
1628389326.9,-87.67670196,41.88142898,76,675,None,None,76,5330,76,9840,None,None,None,None,None,None,None,None,LTE,LTE+LTE,0,None,None,1,1542.1000001430511,0
1628389327.2,-87.67670196,41.88142898,76,675,None,None,76,5330,76,9840,None,None,None,None,None,None,None,None,LTE,LTE+LTE,0,None,None,1,1542.5,0
1628389327.3,-87.67670196,41.88142898,76,675,629,174270,76,9840,None,None,None,None,None,None,None,None,None,None,LTE+Sub6,LTE+5GS_LTE,0,None,None,1,1542.5,1
1628389327.6,-87.67670196,41.88142898,76,675,629,174270,76,9840,None,None,None,None,None,None,None,None,None,None,LTE+Sub6,LTE+5GS_LTE,0,None,None,1,1542.9000000953674,1
1628389327.7,-87.67670196,41.88142898,76,675,None,None,76,5330,76,9840,None,None,None,None,None,None,None,None,LTE,LTE+LTE,0,None,None,1,1542.9000000953674,0
1628389328.4,-87.67670196,41.88142898,76,675,None,None,76,5330,76,9840,None,None,None,None,None,None,None,None,LTE,LTE+LTE,0,None,None,1,1543.7000000476837,0
1628389328.5,-87.67670196,41.88142898,76,675,629,174270,76,9840,None,None,None,None,None,None,None,None,None,None,LTE+Sub6,LTE+5GS_LTE,0,None,None,1,1543.7000000476837,1
1628389334.4,-87.67667755,41.8813697,76,675,629,174270,76,9840,None,None,None,None,None,None,None,None,None,None,LTE+Sub6,LTE+5GS_LTE,0,None,None,1,1549.7000000476837,1
1628389334.5,-87.67667495,41.88136696,76,675,None,None,76,5330,76,9840,None,None,None,None,None,None,None,None,LTE,LTE+LTE,0,None,None,1,1549.7000000476837,0
1628389334.7,-87.67666919,41.88136088,76,675,None,None,76,5330,76,9840,None,None,None,None,None,None,None,None,LTE,LTE+LTE,0,None,None,1,1550.0,0
1628389334.8,-87.6766663,41.88135783,76,675,629,174270,76,9840,None,None,None,None,None,None,None,None,None,None,LTE+Sub6,LTE+5GS_LTE,0,None,None,1,1550.0,1
1628389342.8,-87.67582215,41.88130571,76,675,629,174270,76,9840,None,None,None,None,None,None,None,None,None,None,LTE+Sub6,LTE+5GS_LTE,0,None,None,1,1558.1000001430511,1
1628389342.9,-87.67580559,41.88130686,76,675,None,None,76,5330,76,9840,None,None,None,None,None,None,None,None,LTE,LTE+LTE,0,None,None,1,1558.1000001430511,0
1628389343.0,-87.67579205,41.8813078,76,675,None,None,76,5330,76,9840,None,None,None,None,None,None,None,None,LTE,LTE+LTE,0,None,None,1,1558.2999999523163,0
1628389343.1,-87.67577549,41.88130895,76,675,629,174270,76,9840,None,None,None,None,None,None,None,None,None,None,LTE+Sub6,LTE+5GS_LTE,0,None,None,1,1558.2999999523163,1
1628389343.4,-87.67573463,41.88130964,76,675,629,174270,76,9840,None,None,None,None,None,None,None,None,None,None,LTE+Sub6,LTE+5GS_LTE,0,None,None,1,1558.7000000476837,1
1628389343.5,-87.67572201,41.8813098,76,675,None,None,76,5330,76,9840,None,None,None,None,None,None,None,None,LTE,LTE+LTE,0,None,None,1,1558.7000000476837,0
1628389343.7,-87.67569397,41.88131015,76,675,None,None,76,5330,76,9840,None,None,None,None,None,None,None,None,LTE,LTE+LTE,0,None,None,1,1559.0,0
1628389343.8,-87.67567995,41.88131033,76,675,629,174270,76,9840,None,None,None,None,None,None,None,None,None,None,LTE+Sub6,LTE+5GS_LTE,0,None,None,1,1559.0,1
1628389362.4,-87.67283869,41.88134296,76,675,629,174270,76,9840,None,None,None,None,None,None,None,None,None,None,LTE+Sub6,LTE+5GS_LTE,0,None,None,1,1577.7000000476837,1
1628389362.5,-87.67282433,41.88134319,76,675,None,None,76,5330,76,9840,None,None,None,None,None,None,None,None,LTE,LTE+LTE,0,None,None,1,1577.7000000476837,0
1628389362.7,-87.67279241,41.8813437,76,675,None,None,76,5330,76,9840,None,None,None,None,None,None,None,None,LTE,LTE+LTE,0,None,None,1,1578.0,0
1628389362.8,-87.67277645,41.88134395,76,675,629,174270,76,9840,None,None,None,None,None,None,None,None,None,None,LTE+Sub6,LTE+5GS_LTE,0,None,None,1,1578.0,1
1628389363.1,-87.67272698,41.88134474,76,675,629,174270,76,9840,None,None,None,None,None,None,None,None,None,None,LTE+Sub6,LTE+5GS_LTE,0,None,None,1,1578.4000000953674,1
1628389363.2,-87.67271499,41.88134516,76,675,None,None,76,5330,76,9840,None,None,None,None,None,None,None,None,LTE,LTE+LTE,0,None,None,1,1578.4000000953674,0
1628389363.9,-87.67260957,41.88134909,76,675,None,None,76,5330,76,9840,None,None,None,None,None,None,None,None,LTE,LTE+LTE,0,None,None,1,1579.2000000476837,0
1628389364.0,-87.67259621,41.88134959,76,675,629,174270,76,9840,None,None,None,None,None,None,None,None,None,None,LTE+Sub6,LTE+5GS_LTE,0,None,None,1,1579.2000000476837,1
1628389364.3,-87.67255067,41.88135145,76,675,629,174270,76,9840,None,None,None,None,None,None,None,None,None,None,LTE+Sub6,LTE+5GS_LTE,0,None,None,1,1579.6000001430511,1
1628389364.4,-87.67253521,41.88135213,76,675,None,None,76,5330,76,9840,None,None,None,None,None,None,None,None,LTE,LTE+LTE,0,None,None,1,1579.6000001430511,0
1628389364.6,-87.67250427,41.88135349,76,675,None,None,76,5330,76,9840,None,None,None,None,None,None,None,None,LTE,LTE+LTE,0,None,None,1,1579.9000000953674,0
1628389364.7,-87.67249035,41.88135411,76,675,629,174270,76,9840,None,None,None,None,None,None,None,None,None,None,LTE+Sub6,LTE+5GS_LTE,0,None,None,1,1579.9000000953674,1
1628389365.0,-87.67244395,41.88135615,76,675,629,174270,76,9840,None,None,None,None,None,None,None,None,None,None,LTE+Sub6,LTE+5GS_LTE,0,None,None,1,1580.2999999523163,1
1628389365.1,-87.67242694,41.8813569,76,675,None,None,76,5330,76,9840,None,None,None,None,None,None,None,None,LTE,LTE+LTE,0,None,None,1,1580.2999999523163,0
1628389377.7,-87.67172591,41.88186234,76,675,None,None,76,5330,76,9840,None,None,None,None,None,None,None,None,LTE,LTE+LTE,0,None,None,1,1593.0,0
1628389377.8,-87.67172599,41.88187025,76,675,629,174270,76,9840,None,None,None,None,None,None,None,None,None,None,LTE+Sub6,LTE+5GS_LTE,0,None,None,1,1593.0,1
1628389378.0,-87.67172615,41.88188608,76,675,629,174270,76,9840,None,None,None,None,None,None,None,None,None,None,LTE+Sub6,LTE+5GS_LTE,0,None,None,1,1593.2999999523163,1
1628389378.1,-87.67172623,41.88189478,76,675,None,None,76,5330,76,9840,None,None,None,None,None,None,None,None,LTE,LTE+LTE,0,None,None,1,1593.2999999523163,0
1628389381.5,-87.67173564,41.88213017,76,675,None,None,76,5330,76,9840,None,None,None,None,None,None,None,None,LTE,LTE+LTE,0,None,None,1,1596.7999999523163,0
1628389381.6,-87.67173604,41.88213562,76,675,629,174270,76,9840,None,None,None,None,None,None,None,None,None,None,LTE+Sub6,LTE+5GS_LTE,0,None,None,1,1596.7999999523163,1
1628389381.9,-87.67173712,41.88215045,76,675,629,174270,76,9840,None,None,None,None,None,None,None,None,None,None,LTE+Sub6,LTE+5GS_LTE,0,None,None,1,1597.2000000476837,1
1628389382.0,-87.67173744,41.8821549,76,675,None,None,76,5330,76,9840,None,None,None,None,None,None,None,None,LTE,LTE+LTE,0,None,None,1,1597.2000000476837,0
1628389382.2,-87.67173782,41.88216297,76,675,None,None,76,5330,76,9840,None,None,None,None,None,None,None,None,LTE,LTE+LTE,0,None,None,1,1597.5,0
1628389382.3,-87.67173775,41.88216632,76,675,629,174270,76,9840,None,None,None,None,None,None,None,None,None,None,LTE+Sub6,LTE+5GS_LTE,0,None,None,1,1597.5,1
1628389382.6,-87.67173756,41.88217546,76,675,629,174270,76,9840,None,None,None,None,None,None,None,None,None,None,LTE+Sub6,LTE+5GS_LTE,0,None,None,1,1597.9000000953674,1
1628389382.7,-87.6717375,41.88217821,76,675,None,None,76,5330,76,9840,None,None,None,None,None,None,None,None,LTE,LTE+LTE,0,None,None,1,1597.9000000953674,0
1628389384.0,-87.67173747,41.8822041,76,675,None,None,76,5330,76,9840,None,None,None,None,None,None,None,None,LTE,LTE+LTE,0,None,None,1,1599.2999999523163,0
1628389384.1,-87.6717375,41.88220572,76,675,629,174270,76,9840,None,None,None,None,None,None,None,None,None,None,LTE+Sub6,LTE+5GS_LTE,0,None,None,1,1599.2999999523163,1
1628389384.3,-87.67173775,41.88220601,76,675,629,174270,76,9840,None,None,None,None,None,None,None,None,None,None,LTE+Sub6,LTE+5GS_LTE,0,None,None,1,1599.6000001430511,1
1628389384.4,-87.67173791,41.8822058,76,675,None,None,76,5330,76,9840,None,None,None,None,None,None,None,None,LTE,LTE+LTE,0,None,None,1,1599.6000001430511,0
1628389385.6,-87.67173923,41.88220458,76,675,None,None,76,5330,76,9840,None,None,None,None,None,None,None,None,LTE,LTE+LTE,0,None,None,1,1600.9000000953674,0
1628389385.7,-87.67173926,41.88220462,76,675,629,174270,76,9840,None,None,None,None,None,None,None,None,None,None,LTE+Sub6,LTE+5GS_LTE,0,None,None,1,1600.9000000953674,1
1628389385.9,-87.67173933,41.88220472,76,675,629,174270,76,9840,None,None,None,None,None,None,None,None,None,None,LTE+Sub6,LTE+5GS_LTE,0,None,None,1,1601.2000000476837,1
1628389386.0,-87.67173936,41.88220477,76,675,None,None,76,5330,76,9840,None,None,None,None,None,None,None,None,LTE,LTE+LTE,0,None,None,1,1601.2000000476837,0
1628389386.6,-87.67173916,41.88220383,76,675,None,None,76,5330,76,9840,None,None,None,None,None,None,None,None,LTE,LTE+LTE,0,None,None,1,1601.9000000953674,0
1628389386.7,-87.67173911,41.88220364,76,675,629,174270,76,9840,None,None,None,None,None,None,None,None,None,None,LTE+Sub6,LTE+5GS_LTE,0,None,None,1,1601.9000000953674,1
1628389386.9,-87.671739,41.8822032,76,675,629,174270,76,9840,None,None,None,None,None,None,None,None,None,None,LTE+Sub6,LTE+5GS_LTE,0,None,None,1,1602.2000000476837,1
1628389387.0,-87.67173895,41.88220301,76,675,None,None,76,5330,76,9840,None,None,None,None,None,None,None,None,LTE,LTE+LTE,0,None,None,1,1602.2000000476837,0
1628389387.2,-87.67173886,41.88220261,76,675,None,None,76,5330,76,9840,None,None,None,None,None,None,None,None,LTE,LTE+LTE,0,None,None,1,1602.5,0
1628389387.3,-87.67173881,41.88220242,76,675,629,174270,76,9840,None,None,None,None,None,None,None,None,None,None,LTE+Sub6,LTE+5GS_LTE,0,None,None,1,1602.5,1
1628389387.6,-87.67173869,41.8822019,76,675,629,174270,76,9840,None,None,None,None,None,None,None,None,None,None,LTE+Sub6,LTE+5GS_LTE,0,None,None,1,1602.9000000953674,1
1628389387.7,-87.67173865,41.88220175,76,675,None,None,76,5330,76,9840,None,None,None,None,None,None,None,None,LTE,LTE+LTE,0,None,None,1,1602.9000000953674,0
1628389387.9,-87.67173857,41.88220139,76,675,None,None,76,5330,76,9840,None,None,None,None,None,None,None,None,LTE,LTE+LTE,0,None,None,1,1603.2000000476837,0
1628389388.0,-87.67173853,41.88220123,76,675,629,174270,76,9840,None,None,None,None,None,None,None,None,None,None,LTE+Sub6,LTE+5GS_LTE,0,None,None,1,1603.2000000476837,1
1628389388.2,-87.67173846,41.88220088,76,675,629,174270,76,9840,None,None,None,None,None,None,None,None,None,None,LTE+Sub6,LTE+5GS_LTE,0,None,None,1,1603.5,1
1628389388.3,-87.67173842,41.88220069,76,675,None,None,76,5330,76,9840,None,None,None,None,None,None,None,None,LTE,LTE+LTE,0,None,None,1,1603.5,0
1628389388.9,-87.6717382,41.88219961,76,675,None,None,76,5330,76,9840,None,None,None,None,None,None,None,None,LTE,LTE+LTE,0,None,None,1,1604.2000000476837,0
1628389389.0,-87.67173817,41.88219945,76,675,629,174270,76,9840,None,None,None,None,None,None,None,None,None,None,LTE+Sub6,LTE+5GS_LTE,0,None,None,1,1604.2000000476837,1
1628389389.2,-87.67173812,41.88219924,76,675,629,174270,76,9840,None,None,None,None,None,None,None,None,None,None,LTE+Sub6,LTE+5GS_LTE,0,None,None,1,1604.5,1
1628389389.3,-87.6717381,41.88219925,76,675,None,None,76,5330,76,9840,None,None,None,None,None,None,None,None,LTE,LTE+LTE,0,None,None,1,1604.5,0
1628389389.8,-87.67173804,41.88219931,76,675,None,None,76,5330,76,9840,None,None,None,None,None,None,None,None,LTE,LTE+LTE,0,None,None,1,1605.1000001430511,0
1628389389.9,-87.67173802,41.88219932,76,675,629,174270,76,9840,None,None,None,None,None,None,None,None,None,None,LTE+Sub6,LTE+5GS_LTE,0,None,None,1,1605.1000001430511,1
1628389390.2,-87.67173799,41.88219936,76,675,629,174270,76,9840,None,None,None,None,None,None,None,None,None,None,LTE+Sub6,LTE+5GS_LTE,0,None,None,1,1605.5,1
1628389390.3,-87.67173798,41.88219936,76,675,None,None,76,5330,76,9840,None,None,None,None,None,None,None,None,LTE,LTE+LTE,0,None,None,1,1605.5,0
1628389390.8,-87.67173798,41.88219936,76,675,None,None,76,5330,76,9840,None,None,None,None,None,None,None,None,LTE,LTE+LTE,0,None,None,1,1606.1000001430511,0
1628389390.9,-87.67173798,41.88219936,76,675,629,174270,76,9840,None,None,None,None,None,None,None,None,None,None,LTE+Sub6,LTE+5GS_LTE,0,None,None,1,1606.1000001430511,1
1628389391.1,-87.67173798,41.88219936,76,675,629,174270,76,9840,None,None,None,None,None,None,None,None,None,None,LTE+Sub6,LTE+5GS_LTE,0,None,None,1,1606.4000000953674,1
1628389391.2,-87.67173798,41.88219936,76,675,None,None,76,5330,76,9840,None,None,None,None,None,None,None,None,LTE,LTE+LTE,0,None,None,1,1606.4000000953674,0
1628389391.8,-87.67173798,41.88219936,76,675,None,None,76,5330,76,9840,None,None,None,None,None,None,None,None,LTE,LTE+LTE,0,None,None,1,1607.1000001430511,0
1628389391.9,-87.67173798,41.88219936,76,675,629,174270,76,9840,None,None,None,None,None,None,None,None,None,None,LTE+Sub6,LTE+5GS_LTE,0,None,None,1,1607.1000001430511,1
1628389392.1,-87.67173798,41.88219936,76,675,629,174270,76,9840,None,None,None,None,None,None,None,None,None,None,LTE+Sub6,LTE+5GS_LTE,0,None,None,1,1607.4000000953674,1
1628389392.2,-87.67173798,41.88219936,76,675,None,None,76,5330,76,9840,None,None,None,None,None,None,None,None,LTE,LTE+LTE,0,None,None,1,1607.4000000953674,0
1628389392.4,-87.67173798,41.88219936,76,675,None,None,76,5330,76,9840,None,None,None,None,None,None,None,None,LTE,LTE+LTE,0,None,None,1,1607.7000000476837,0
1628389392.5,-87.67173798,41.88219936,76,675,629,174270,76,9840,None,None,None,None,None,None,None,None,None,None,LTE+Sub6,LTE+5GS_LTE,0,None,None,1,1607.7000000476837,1
1628389392.8,-87.67173798,41.88219936,76,675,629,174270,76,9840,None,None,None,None,None,None,None,None,None,None,LTE+Sub6,LTE+5GS_LTE,0,None,None,1,1608.1000001430511,1
1628389392.9,-87.67173798,41.88219936,76,675,None,None,76,5330,76,9840,None,None,None,None,None,None,None,None,LTE,LTE+LTE,0,None,None,1,1608.1000001430511,0
1628389393.1,-87.67173798,41.88219936,76,675,None,None,76,5330,76,9840,None,None,None,None,None,None,None,None,LTE,LTE+LTE,0,None,None,1,1608.4000000953674,0
1628389393.2,-87.67173798,41.88219936,76,675,629,174270,76,9840,None,None,None,None,None,None,None,None,None,None,LTE+Sub6,LTE+5GS_LTE,0,None,None,1,1608.4000000953674,1
1628389393.4,-87.67173798,41.88219936,76,675,629,174270,76,9840,None,None,None,None,None,None,None,None,None,None,LTE+Sub6,LTE+5GS_LTE,0,None,None,1,1608.7000000476837,1
1628389393.5,-87.67173798,41.88219936,76,675,None,None,76,5330,76,9840,None,None,None,None,None,None,None,None,LTE,LTE+LTE,0,None,None,1,1608.7000000476837,0
1628389394.1,-87.67173798,41.88219936,76,675,None,None,76,5330,76,9840,None,None,None,None,None,None,None,None,LTE,LTE+LTE,0,None,None,1,1609.4000000953674,0
1628389394.2,-87.67173798,41.88219936,76,675,629,174270,76,9840,None,None,None,None,None,None,None,None,None,None,LTE+Sub6,LTE+5GS_LTE,0,None,None,1,1609.4000000953674,1
1628389394.4,-87.67173798,41.88219936,76,675,629,174270,76,9840,None,None,None,None,None,None,None,None,None,None,LTE+Sub6,LTE+5GS_LTE,0,None,None,1,1609.7000000476837,1
1628389394.5,-87.67173798,41.88219936,76,675,None,None,76,5330,76,9840,None,None,None,None,None,None,None,None,LTE,LTE+LTE,0,None,None,1,1609.7000000476837,0
1628389394.7,-87.67173798,41.88219936,76,675,None,None,76,5330,76,9840,None,None,None,None,None,None,None,None,LTE,LTE+LTE,0,None,None,1,1610.0,0
1628389394.8,-87.67173798,41.88219936,76,675,629,174270,76,9840,None,None,None,None,None,None,None,None,None,None,LTE+Sub6,LTE+5GS_LTE,0,None,None,1,1610.0,1
1628389395.1,-87.67173798,41.88219936,76,675,629,174270,76,9840,None,None,None,None,None,None,None,None,None,None,LTE+Sub6,LTE+5GS_LTE,0,None,None,1,1610.4000000953674,1
1628389395.2,-87.67173798,41.88219936,76,675,None,None,76,5330,76,9840,None,None,None,None,None,None,None,None,LTE,LTE+LTE,0,None,None,1,1610.4000000953674,0
1628389397.2,-87.67173798,41.88219936,76,675,None,None,76,5330,76,9840,None,None,None,None,None,None,None,None,LTE,LTE+LTE,0,None,None,1,1612.5,0
1628389397.3,-87.67173798,41.88219936,76,675,629,174270,76,9840,None,None,None,None,None,None,None,None,None,None,LTE+Sub6,LTE+5GS_LTE,0,None,None,1,1612.5,1
1628389397.6,-87.67173798,41.88219936,76,675,629,174270,76,9840,None,None,None,None,None,None,None,None,None,None,LTE+Sub6,LTE+5GS_LTE,0,None,None,1,1612.9000000953674,1
1628389397.7,-87.67173798,41.88219936,76,675,None,None,76,5330,76,9840,None,None,None,None,None,None,None,None,LTE,LTE+LTE,0,None,None,1,1612.9000000953674,0
1628389398.0,-87.67173798,41.88219936,76,675,None,None,76,5330,76,9840,None,None,None,None,None,None,None,None,LTE,LTE+LTE,0,None,None,1,1613.2999999523163,0
1628389398.1,-87.67173798,41.88219936,76,675,629,174270,76,9840,None,None,None,None,None,None,None,None,None,None,LTE+Sub6,LTE+5GS_LTE,0,None,None,1,1613.2999999523163,1
1628389398.3,-87.67173798,41.88219936,76,675,629,174270,76,9840,None,None,None,None,None,None,None,None,None,None,LTE+Sub6,LTE+5GS_LTE,0,None,None,1,1613.6000001430511,1
1628389398.4,-87.67173798,41.88219936,76,675,None,None,76,5330,76,9840,None,None,None,None,None,None,None,None,LTE,LTE+LTE,0,None,None,1,1613.6000001430511,0
1628389399.0,-87.67173798,41.88219936,76,675,None,None,76,5330,76,9840,None,None,None,None,None,None,None,None,LTE,LTE+LTE,0,None,None,1,1614.2999999523163,0
1628389399.1,-87.67173798,41.88219936,76,675,629,174270,76,9840,None,None,None,None,None,None,None,None,None,None,LTE+Sub6,LTE+5GS_LTE,0,None,None,1,1614.2999999523163,1
1628389399.4,-87.67173798,41.88219936,76,675,629,174270,76,9840,None,None,None,None,None,None,None,None,None,None,LTE+Sub6,LTE+5GS_LTE,0,None,None,1,1614.7000000476837,1
1628389399.5,-87.67173798,41.88219936,76,675,None,None,76,5330,76,9840,None,None,None,None,None,None,None,None,LTE,LTE+LTE,0,None,None,1,1614.7000000476837,0
1628389399.7,-87.67173798,41.88219936,76,675,None,None,76,5330,76,9840,None,None,None,None,None,None,None,None,LTE,LTE+LTE,0,None,None,1,1615.0,0
1628389399.8,-87.67173798,41.88219936,76,675,629,174270,76,9840,None,None,None,None,None,None,None,None,None,None,LTE+Sub6,LTE+5GS_LTE,0,None,None,1,1615.0,1
1628389400.0,-87.67173798,41.88219936,76,675,629,174270,76,9840,None,None,None,None,None,None,None,None,None,None,LTE+Sub6,LTE+5GS_LTE,0,None,None,1,1615.2999999523163,1
1628389400.1,-87.67173798,41.88219936,76,675,None,None,76,5330,76,9840,None,None,None,None,None,None,None,None,LTE,LTE+LTE,0,None,None,1,1615.2999999523163,0
1628389400.3,-87.67173798,41.88219936,76,675,None,None,76,5330,76,9840,None,None,None,None,None,None,None,None,LTE,LTE+LTE,0,None,None,1,1615.6000001430511,0
1628389400.4,-87.67173798,41.88219936,76,675,629,174270,76,9840,None,None,None,None,None,None,None,None,None,None,LTE+Sub6,LTE+5GS_LTE,0,None,None,1,1615.6000001430511,1
1628389400.7,-87.67173798,41.88219936,76,675,629,174270,76,9840,None,None,None,None,None,None,None,None,None,None,LTE+Sub6,LTE+5GS_LTE,0,None,None,1,1616.0,1
1628389400.8,-87.67173798,41.88219936,76,675,None,None,76,5330,76,9840,None,None,None,None,None,None,None,None,LTE,LTE+LTE,0,None,None,1,1616.0,0
1628389401.3,-87.67173808,41.88219947,76,675,None,None,76,5330,76,9840,None,None,None,None,None,None,None,None,LTE,LTE+LTE,0,None,None,1,1616.6000001430511,0
1628389401.4,-87.67173814,41.88219954,76,675,629,174270,76,9840,None,None,None,None,None,None,None,None,None,None,LTE+Sub6,LTE+5GS_LTE,0,None,None,1,1616.6000001430511,1
1628389401.7,-87.67173831,41.88219974,76,675,629,174270,76,9840,None,None,None,None,None,None,None,None,None,None,LTE+Sub6,LTE+5GS_LTE,0,None,None,1,1617.0,1
1628389401.8,-87.67173837,41.8821998,76,675,None,None,76,5330,76,9840,None,None,None,None,None,None,None,None,LTE,LTE+LTE,0,None,None,1,1617.0,0
1628389403.6,-87.6717411,41.88222972,76,675,None,None,76,5330,76,9840,None,None,None,None,None,None,None,None,LTE,LTE+LTE,0,None,None,1,1618.9000000953674,0
1628389403.7,-87.6717412,41.88223255,76,675,629,174270,76,9840,None,None,None,None,None,None,None,None,None,None,LTE+Sub6,LTE+5GS_LTE,0,None,None,1,1618.9000000953674,1
1628389404.0,-87.67174153,41.88224197,76,675,629,174270,76,9840,None,None,None,None,None,None,None,None,None,None,LTE+Sub6,LTE+5GS_LTE,0,None,None,1,1619.2999999523163,1
1628389404.1,-87.67174165,41.88224542,76,675,None,None,76,5330,76,9840,None,None,None,None,None,None,None,None,LTE,LTE+LTE,0,None,None,1,1619.2999999523163,0
1628389405.0,-87.67174426,41.88228666,76,675,None,None,76,5330,76,9840,None,None,None,None,None,None,None,None,LTE,LTE+LTE,0,None,None,1,1620.2999999523163,0
1628389405.1,-87.67174459,41.88229179,76,675,629,174270,76,9840,None,None,None,None,None,None,None,None,None,None,LTE+Sub6,LTE+5GS_LTE,0,None,None,1,1620.2999999523163,1
1628389405.4,-87.67174522,41.88230731,76,675,629,174270,76,9840,None,None,None,None,None,None,None,None,None,None,LTE+Sub6,LTE+5GS_LTE,0,None,None,1,1620.7000000476837,1
1628389405.5,-87.67174541,41.88231198,76,675,None,None,76,5330,76,9840,None,None,None,None,None,None,None,None,LTE,LTE+LTE,0,None,None,1,1620.7000000476837,0
1628389405.7,-87.67174582,41.88232235,76,675,None,None,76,5330,76,9840,None,None,None,None,None,None,None,None,LTE,LTE+LTE,0,None,None,1,1621.0,0
1628389405.8,-87.67174603,41.88232754,76,675,629,174270,76,9840,None,None,None,None,None,None,None,None,None,None,LTE+Sub6,LTE+5GS_LTE,0,None,None,1,1621.0,1
1628389406.1,-87.67174667,41.88234363,76,675,629,174270,76,9840,None,None,None,None,None,None,None,None,None,None,LTE+Sub6,LTE+5GS_LTE,0,None,None,1,1621.4000000953674,1
1628389406.2,-87.67174686,41.8823483,76,675,None,None,76,5330,76,9840,None,None,None,None,None,None,None,None,LTE,LTE+LTE,0,None,None,1,1621.4000000953674,0
1628389406.7,-87.67174872,41.88238283,76,675,None,None,76,5330,76,9840,None,None,None,None,None,None,None,None,LTE,LTE+LTE,0,None,None,1,1622.0,0
1628389406.8,-87.67174911,41.88238993,76,675,629,174270,76,9840,None,None,None,None,None,None,None,None,None,None,LTE+Sub6,LTE+5GS_LTE,0,None,None,1,1622.0,1
1628389407.1,-87.67175032,41.88241193,76,675,629,174270,76,9840,None,None,None,None,None,None,None,None,None,None,LTE+Sub6,LTE+5GS_LTE,0,None,None,1,1622.4000000953674,1
1628389407.2,-87.67175067,41.88241832,76,675,None,None,76,5330,76,9840,None,None,None,None,None,None,None,None,LTE,LTE+LTE,0,None,None,1,1622.4000000953674,0
1628389407.7,-87.67175243,41.88246332,76,675,None,None,76,5330,76,9840,None,None,None,None,None,None,None,None,LTE,LTE+LTE,0,None,None,1,1623.0,0
1628389407.8,-87.67175278,41.88247244,76,675,629,174270,76,9840,None,None,None,None,None,None,None,None,None,None,LTE+Sub6,LTE+5GS_LTE,0,None,None,1,1623.0,1
1628389408.1,-87.67175386,41.88250071,76,675,629,174270,76,9840,None,None,None,None,None,None,None,None,None,None,LTE+Sub6,LTE+5GS_LTE,0,None,None,1,1623.4000000953674,1
1628389408.2,-87.67175398,41.88250782,76,675,None,None,76,5330,76,9840,None,None,None,None,None,None,None,None,LTE,LTE+LTE,0,None,None,1,1623.4000000953674,0
1628389408.5,-87.67175444,41.88253448,76,675,None,None,76,5330,76,9840,None,None,None,None,None,None,None,None,LTE,LTE+LTE,0,None,None,1,1623.7999999523163,0
1628389408.6,-87.67175461,41.88254426,76,675,629,174270,76,9840,None,None,None,None,None,None,None,None,None,None,LTE+Sub6,LTE+5GS_LTE,0,None,None,1,1623.7999999523163,1
1628389408.8,-87.6717549,41.88256114,76,675,629,174270,76,9840,None,None,None,None,None,None,None,None,None,None,LTE+Sub6,LTE+5GS_LTE,0,None,None,1,1624.1000001430511,1
1628389408.9,-87.67175507,41.88257092,76,675,None,None,76,5330,76,9840,None,None,None,None,None,None,None,None,LTE,LTE+LTE,0,None,None,1,1624.1000001430511,0
1628389409.1,-87.67175537,41.88258869,76,675,None,None,76,5330,76,9840,None,None,None,None,None,None,None,None,LTE,LTE+LTE,0,None,None,1,1624.4000000953674,0
1628389409.2,-87.67175544,41.88259686,76,675,629,174270,76,9840,None,None,None,None,None,None,None,None,None,None,LTE+Sub6,LTE+5GS_LTE,0,None,None,1,1624.4000000953674,1
1628389409.5,-87.67175561,41.88262414,76,675,629,174270,76,9840,None,None,None,None,None,None,None,None,None,None,LTE+Sub6,LTE+5GS_LTE,0,None,None,1,1624.7999999523163,1
1628389409.6,-87.67175567,41.88263415,76,675,None,None,76,5330,76,9840,None,None,None,None,None,None,None,None,LTE,LTE+LTE,0,None,None,1,1624.7999999523163,0
1628389409.8,-87.67175578,41.88265143,76,675,None,None,76,5330,76,9840,None,None,None,None,None,None,None,None,LTE,LTE+LTE,0,None,None,1,1625.1000001430511,0
1628389409.9,-87.67175585,41.88266144,76,675,629,174270,76,9840,None,None,None,None,None,None,None,None,None,None,LTE+Sub6,LTE+5GS_LTE,0,None,None,1,1625.1000001430511,1
1628389410.2,-87.67175593,41.88268785,76,675,629,174270,76,9840,None,None,None,None,None,None,None,None,None,None,LTE+Sub6,LTE+5GS_LTE,0,None,None,1,1625.5,1
1628389410.3,-87.67175588,41.88269789,76,675,None,None,76,5330,76,9840,None,None,None,None,None,None,None,None,LTE,LTE+LTE,0,None,None,1,1625.5,0
1628389411.5,-87.67175598,41.88280358,76,675,None,None,76,5330,76,9840,None,None,None,None,None,None,None,None,LTE,LTE+LTE,0,None,None,1,1626.7999999523163,0
1628389411.6,-87.67175611,41.88281301,76,675,629,174270,76,9840,None,None,None,None,None,None,None,None,None,None,LTE+Sub6,LTE+5GS_LTE,0,None,None,1,1626.7999999523163,1
1628389411.9,-87.67175649,41.88283872,76,675,629,174270,76,9840,None,None,None,None,None,None,None,None,None,None,LTE+Sub6,LTE+5GS_LTE,0,None,None,1,1627.2000000476837,1
1628389412.0,-87.67175661,41.88284644,76,675,None,None,76,5330,76,9840,None,None,None,None,None,None,None,None,LTE,LTE+LTE,0,None,None,1,1627.2000000476837,0
1628389412.5,-87.671757,41.88288674,76,675,None,None,76,5330,76,9840,None,None,None,None,None,None,None,None,LTE,LTE+LTE,0,None,None,1,1627.7999999523163,0
1628389412.6,-87.67175707,41.88289541,76,675,629,174270,76,9840,None,None,None,None,None,None,None,None,None,None,LTE+Sub6,LTE+5GS_LTE,0,None,None,1,1627.7999999523163,1
1628389412.9,-87.67175725,41.88291906,76,675,629,174270,76,9840,None,None,None,None,None,None,None,None,None,None,LTE+Sub6,LTE+5GS_LTE,0,None,None,1,1628.2000000476837,1
1628389413.0,-87.67175731,41.88292615,76,675,None,None,76,5330,76,9840,None,None,None,None,None,None,None,None,LTE,LTE+LTE,0,None,None,1,1628.2000000476837,0
1628389413.9,-87.67175875,41.88299012,76,675,None,None,76,5330,76,9840,None,None,None,None,None,None,None,None,LTE,LTE+LTE,0,None,None,1,1629.2000000476837,0
1628389414.0,-87.6717589,41.88299632,76,675,629,174270,76,9840,None,None,None,None,None,None,None,None,None,None,LTE+Sub6,LTE+5GS_LTE,0,None,None,1,1629.2000000476837,1
1628389414.2,-87.67175918,41.88300893,76,675,629,174270,76,9840,None,None,None,None,None,None,None,None,None,None,LTE+Sub6,LTE+5GS_LTE,0,None,None,1,1629.5,1
1628389414.3,-87.67175926,41.88301564,76,675,None,None,76,5330,76,9840,None,None,None,None,None,None,None,None,LTE,LTE+LTE,0,None,None,1,1629.5,0
1628389415.0,-87.67175981,41.88305772,76,675,None,None,76,5330,76,9840,None,None,None,None,None,None,None,None,LTE,LTE+LTE,0,None,None,1,1630.2999999523163,0
1628389415.1,-87.6717599,41.88306443,76,675,629,174270,76,9840,None,None,None,None,None,None,None,None,None,None,LTE+Sub6,LTE+5GS_LTE,0,None,None,1,1630.2999999523163,1
1628389415.4,-87.67176067,41.88307814,76,675,629,174270,76,9840,None,None,None,None,None,None,None,None,None,None,LTE+Sub6,LTE+5GS_LTE,0,None,None,1,1630.7000000476837,1
1628389415.5,-87.67176092,41.8830821,76,675,None,None,76,5330,76,9840,None,None,None,None,None,None,None,None,LTE,LTE+LTE,0,None,None,1,1630.7000000476837,0
1628389419.2,-87.67179155,41.88319525,76,675,None,None,76,5330,76,9840,None,None,None,None,None,None,None,None,LTE,LTE+LTE,0,None,None,1,1634.5,0
1628389419.3,-87.67179525,41.88319854,76,675,629,174270,76,9840,None,None,None,None,None,None,None,None,None,None,LTE+Sub6,LTE+5GS_LTE,0,None,None,1,1634.5,1
1628389419.5,-87.67180163,41.88320422,76,675,629,174270,76,9840,None,None,None,None,None,None,None,None,None,None,LTE+Sub6,LTE+5GS_LTE,0,None,None,1,1634.7999999523163,1
1628389419.6,-87.67180532,41.88320751,76,675,None,None,76,5330,76,9840,None,None,None,None,None,None,None,None,LTE,LTE+LTE,0,None,None,1,1634.7999999523163,0
1628389420.8,-87.67185889,41.88323661,76,675,None,None,76,5330,76,9840,None,None,None,None,None,None,None,None,LTE,LTE+LTE,0,None,None,1,1636.1000001430511,0
1628389420.9,-87.67186479,41.88323885,76,675,629,174270,76,9840,None,None,None,None,None,None,None,None,None,None,LTE+Sub6,LTE+5GS_LTE,0,None,None,1,1636.1000001430511,1
1628389421.2,-87.6718814,41.88324328,76,675,629,174270,76,9840,None,None,None,None,None,None,None,None,None,None,LTE+Sub6,LTE+5GS_LTE,0,None,None,1,1636.5,1
1628389421.3,-87.67188877,41.88324349,76,675,None,None,76,5330,76,9840,None,None,None,None,None,None,None,None,LTE,LTE+LTE,0,None,None,1,1636.5,0
1628389422.5,-87.6719734,41.88324234,76,675,None,None,76,5330,76,9840,None,None,None,None,None,None,None,None,LTE,LTE+LTE,0,None,None,1,1637.7999999523163,0
1628389422.6,-87.67198218,41.88324155,76,675,629,174270,76,9840,None,None,None,None,None,None,None,None,None,None,LTE+Sub6,LTE+5GS_LTE,0,None,None,1,1637.7999999523163,1
1628389422.8,-87.67199735,41.88324018,76,675,629,174270,76,9840,None,None,None,None,None,None,None,None,None,None,LTE+Sub6,LTE+5GS_LTE,0,None,None,1,1638.1000001430511,1
1628389422.9,-87.67200613,41.8832394,76,675,None,None,76,5330,76,9840,None,None,None,None,None,None,None,None,LTE,LTE+LTE,0,None,None,1,1638.1000001430511,0
1628389423.4,-87.67204896,41.8832359,76,675,None,None,76,5330,76,9840,None,None,None,None,None,None,None,None,LTE,LTE+LTE,0,None,None,1,1638.7000000476837,0
1628389423.5,-87.67205705,41.88323528,76,675,629,174270,76,9840,None,None,None,None,None,None,None,None,None,None,LTE+Sub6,LTE+5GS_LTE,0,None,None,1,1638.7000000476837,1
1628389423.8,-87.67208401,41.88323322,76,675,629,174270,76,9840,None,None,None,None,None,None,None,None,None,None,LTE+Sub6,LTE+5GS_LTE,0,None,None,1,1639.1000001430511,1
1628389423.9,-87.6720939,41.88323246,76,675,None,None,76,5330,76,9840,None,None,None,None,None,None,None,None,LTE,LTE+LTE,0,None,None,1,1639.1000001430511,0
1628389424.2,-87.67212068,41.88323065,76,675,None,None,76,5330,76,9840,None,None,None,None,None,None,None,None,LTE,LTE+LTE,0,None,None,1,1639.5,0
1628389424.3,-87.67213157,41.88323014,76,675,629,174270,76,9840,None,None,None,None,None,None,None,None,None,None,LTE+Sub6,LTE+5GS_LTE,0,None,None,1,1639.5,1
1628389424.5,-87.67215036,41.88322927,76,675,629,174270,76,9840,None,None,None,None,None,None,None,None,None,None,LTE+Sub6,LTE+5GS_LTE,0,None,None,1,1639.7999999523163,1
1628389424.6,-87.67216124,41.88322876,76,675,None,None,76,5330,76,9840,None,None,None,None,None,None,None,None,LTE,LTE+LTE,0,None,None,1,1639.7999999523163,0
1628389426.0,-87.67230933,41.88322424,76,675,None,None,76,5330,76,9840,None,None,None,None,None,None,None,None,LTE,LTE+LTE,0,None,None,1,1641.2999999523163,0
1628389426.1,-87.6723217,41.88322397,76,675,629,174270,76,9840,None,None,None,None,None,None,None,None,None,None,LTE+Sub6,LTE+5GS_LTE,0,None,None,1,1641.2999999523163,1
1628389426.3,-87.67234549,41.88322366,76,675,629,174270,76,9840,None,None,None,None,None,None,None,None,None,None,LTE+Sub6,LTE+5GS_LTE,0,None,None,1,1641.6000001430511,1
1628389426.4,-87.67235749,41.88322352,76,675,None,None,76,5330,76,9840,None,None,None,None,None,None,None,None,LTE,LTE+LTE,0,None,None,1,1641.6000001430511,0
1628389426.6,-87.6723815,41.88322324,76,675,None,None,76,5330,76,9840,None,None,None,None,None,None,None,None,LTE,LTE+LTE,0,None,None,1,1641.9000000953674,0
1628389426.7,-87.67239231,41.88322311,76,675,629,174270,76,9840,None,None,None,None,None,None,None,None,None,None,LTE+Sub6,LTE+5GS_LTE,0,None,None,1,1641.9000000953674,1
1628389427.0,-87.67242832,41.88322268,76,675,629,174270,76,9840,None,None,None,None,None,None,None,None,None,None,LTE+Sub6,LTE+5GS_LTE,0,None,None,1,1642.2999999523163,1
1628389427.1,-87.67244153,41.88322253,76,675,None,None,76,5330,76,9840,None,None,None,None,None,None,None,None,LTE,LTE+LTE,0,None,None,1,1642.2999999523163,0
1628389427.3,-87.6724663,41.8832222,76,675,None,None,76,5330,76,9840,None,None,None,None,None,None,None,None,LTE,LTE+LTE,0,None,None,1,1642.6000001430511,0
1628389427.4,-87.67247874,41.88322204,76,675,629,174270,76,9840,None,None,None,None,None,None,None,None,None,None,LTE+Sub6,LTE+5GS_LTE,0,None,None,1,1642.6000001430511,1
1628389427.7,-87.67251478,41.88322156,76,675,629,174270,76,9840,None,None,None,None,None,None,None,None,None,None,LTE+Sub6,LTE+5GS_LTE,0,None,None,1,1643.0,1
1628389427.8,-87.67252721,41.8832214,76,675,None,None,76,5330,76,9840,None,None,None,None,None,None,None,None,LTE,LTE+LTE,0,None,None,1,1643.0,0
1628389430.7,-87.67292276,41.88321626,76,675,None,None,76,5330,76,9840,None,None,None,None,None,None,None,None,LTE,LTE+LTE,0,None,None,1,1646.0,0
1628389430.8,-87.67293664,41.88321601,76,675,629,174270,76,9840,None,None,None,None,None,None,None,None,None,None,LTE+Sub6,LTE+5GS_LTE,0,None,None,1,1646.0,1
1628389431.0,-87.6729644,41.88321549,76,675,629,174270,76,9840,None,None,None,None,None,None,None,None,None,None,LTE+Sub6,LTE+5GS_LTE,0,None,None,1,1646.2999999523163,1
1628389431.1,-87.67297967,41.88321521,76,675,None,None,76,5330,76,9840,None,None,None,None,None,None,None,None,LTE,LTE+LTE,0,None,None,1,1646.2999999523163,0
1628389431.7,-87.673067,41.88321352,76,675,None,None,76,5330,76,9840,None,None,None,None,None,None,None,None,LTE,LTE+LTE,0,None,None,1,1647.0,0
1628389431.8,-87.67308214,41.88321323,76,675,629,174270,76,9840,None,None,None,None,None,None,None,None,None,None,LTE+Sub6,LTE+5GS_LTE,0,None,None,1,1647.0,1
1628389432.0,-87.67311243,41.88321264,76,675,629,174270,76,9840,None,None,None,None,None,None,None,None,None,None,LTE+Sub6,LTE+5GS_LTE,0,None,None,1,1647.2999999523163,1
1628389432.1,-87.67312909,41.88321232,76,675,None,None,76,5330,76,9840,None,None,None,None,None,None,None,None,LTE,LTE+LTE,0,None,None,1,1647.2999999523163,0
1628389432.4,-87.67317272,41.88321154,76,675,None,None,76,5330,76,9840,None,None,None,None,None,None,None,None,LTE,LTE+LTE,0,None,None,1,1647.7000000476837,0
1628389432.5,-87.67318579,41.88321131,76,675,629,174270,76,9840,None,None,None,None,None,None,None,None,None,None,LTE+Sub6,LTE+5GS_LTE,0,None,None,1,1647.7000000476837,1
1628389432.7,-87.67321484,41.8832108,76,675,629,174270,76,9840,None,None,None,None,None,None,None,None,None,None,LTE+Sub6,LTE+5GS_LTE,0,None,None,1,1648.0,1
1628389432.8,-87.67322936,41.88321054,76,675,None,None,76,5330,76,9840,None,None,None,None,None,None,None,None,LTE,LTE+LTE,0,None,None,1,1648.0,0
1628389433.0,-87.67325841,41.88321003,76,675,None,None,76,5330,76,9840,None,None,None,None,None,None,None,None,LTE,LTE+LTE,0,None,None,1,1648.2999999523163,0
1628389433.1,-87.67327439,41.88320975,76,675,629,174270,76,9840,None,None,None,None,None,None,None,None,None,None,LTE+Sub6,LTE+5GS_LTE,0,None,None,1,1648.2999999523163,1
1628389433.4,-87.67331671,41.88320912,76,675,629,174270,76,9840,None,None,None,None,None,None,None,None,None,None,LTE+Sub6,LTE+5GS_LTE,0,None,None,1,1648.7000000476837,1
1628389433.5,-87.67332985,41.88320892,76,675,None,None,76,5330,76,9840,None,None,None,None,None,None,None,None,LTE,LTE+LTE,0,None,None,1,1648.7000000476837,0
1628389433.7,-87.67335905,41.88320849,76,675,None,None,76,5330,76,9840,None,None,None,None,None,None,None,None,LTE,LTE+LTE,0,None,None,1,1649.0,0
1628389433.8,-87.67337365,41.88320828,76,675,629,174270,76,9840,None,None,None,None,None,None,None,None,None,None,LTE+Sub6,LTE+5GS_LTE,0,None,None,1,1649.0,1
1628389434.1,-87.6734189,41.88320761,76,675,629,174270,76,9840,None,None,None,None,None,None,None,None,None,None,LTE+Sub6,LTE+5GS_LTE,0,None,None,1,1649.4000000953674,1
1628389434.2,-87.67343061,41.88320742,76,675,None,None,76,5330,76,9840,None,None,None,None,None,None,None,None,LTE,LTE+LTE,0,None,None,1,1649.4000000953674,0
1628389434.5,-87.67346904,41.88320681,76,675,None,None,76,5330,76,9840,None,None,None,None,None,None,None,None,LTE,LTE+LTE,0,None,None,1,1649.7999999523163,0
1628389434.6,-87.67348313,41.88320658,76,675,629,174270,76,9840,None,None,None,None,None,None,None,None,None,None,LTE+Sub6,LTE+5GS_LTE,0,None,None,1,1649.7999999523163,1
1628389440.9,-87.67438874,41.88319801,76,675,629,174270,76,9840,None,None,None,None,None,None,None,None,None,None,LTE+Sub6,LTE+5GS_LTE,0,None,None,1,1656.2000000476837,1
1628389441.0,-87.67440168,41.88319787,None,None,None,None,None,None,None,None,None,None,None,None,None,None,None,None,None,None,0,None,None,1,1656.2000000476837,0
1628389441.3,-87.67444712,41.8831978,76,675,None,None,None,None,None,None,None,None,None,None,None,None,None,None,LTE,LTE,0,None,None,1,1656.6000001430511,0
1628389441.4,-87.67446194,41.88319785,76,675,629,174270,76,9840,None,None,None,None,None,None,None,None,None,None,LTE+Sub6,LTE+5GS_LTE,0,None,None,1,1656.6000001430511,1
1628389492.9,-87.67665792,41.88145799,76,675,629,174270,76,9840,None,None,None,None,None,None,None,None,None,None,LTE+Sub6,LTE+5GS_LTE,0,None,None,1,1708.2000000476837,1
1628389493.0,-87.67665777,41.88145711,76,675,None,None,76,5330,76,9840,None,None,None,None,None,None,None,None,LTE,LTE+LTE,0,None,None,1,1708.2000000476837,0
1628389493.5,-87.67665755,41.88145593,76,675,None,None,76,5330,76,9840,None,None,None,None,None,None,None,None,LTE,LTE+LTE,0,None,None,1,1708.7999999523163,0
1628389493.6,-87.67665754,41.88145593,76,675,629,174270,76,9840,None,None,None,None,None,None,None,None,None,None,LTE+Sub6,LTE+5GS_LTE,0,None,None,1,1708.7999999523163,1
1628389499.9,-87.67665751,41.88145591,76,675,629,174270,76,9840,None,None,None,None,None,None,None,None,None,None,LTE+Sub6,LTE+5GS_LTE,0,None,None,1,1715.2000000476837,1
1628389500.0,-87.67665751,41.88145591,None,None,None,None,None,None,None,None,None,None,None,None,None,None,None,None,None,None,0,None,None,1,1715.2000000476837,0
1628389500.2,-87.67665751,41.88145591,76,675,None,None,None,None,None,None,None,None,None,None,None,None,None,None,LTE,LTE,0,None,None,1,1715.5,0
1628389500.3,-87.67665751,41.88145591,76,675,629,174270,76,9840,None,None,None,None,None,None,None,None,None,None,LTE+Sub6,LTE+5GS_LTE,0,None,None,1,1715.5,1
1628389514.6,-87.67664392,41.8814346,76,675,629,174270,76,9840,None,None,None,None,None,None,None,None,None,None,LTE+Sub6,LTE+5GS_LTE,0,None,None,1,1729.9000000953674,1
1628389514.7,-87.67664392,41.88143345,76,675,None,None,76,5330,76,9840,None,None,None,None,None,None,None,None,LTE,LTE+LTE,0,None,None,1,1729.9000000953674,0
1628389514.9,-87.67664393,41.88143079,76,675,None,None,76,5330,76,9840,None,None,None,None,None,None,None,None,LTE,LTE+LTE,0,None,None,1,1730.2000000476837,0
1628389515.0,-87.67664393,41.88142964,76,675,629,174270,76,9840,None,None,None,None,None,None,None,None,None,None,LTE+Sub6,LTE+5GS_LTE,0,None,None,1,1730.2000000476837,1
1628389521.3,-87.67660048,41.88131571,76,675,629,174270,76,9840,None,None,None,None,None,None,None,None,None,None,LTE+Sub6,LTE+5GS_LTE,0,None,None,1,1736.6000001430511,1
1628389521.4,-87.67659499,41.88131319,76,675,None,None,76,5330,76,9840,None,None,None,None,None,None,None,None,LTE,LTE+LTE,0,None,None,1,1736.6000001430511,0
1628389521.5,-87.67659004,41.88131093,76,675,None,None,76,5330,76,9840,None,None,None,None,None,None,None,None,LTE,LTE+LTE,0,None,None,1,1736.7999999523163,0
1628389521.6,-87.67658399,41.88130816,76,675,629,174270,76,9840,None,None,None,None,None,None,None,None,None,None,LTE+Sub6,LTE+5GS_LTE,0,None,None,1,1736.7999999523163,1
1628389526.0,-87.67609867,41.88127615,76,675,629,174270,76,9840,None,None,None,None,None,None,None,None,None,None,LTE+Sub6,LTE+5GS_LTE,0,None,None,1,1741.2999999523163,1
1628389526.1,-87.67608233,41.88127635,76,675,None,None,76,5330,76,9840,None,None,None,None,None,None,None,None,LTE,LTE+LTE,0,None,None,1,1741.2999999523163,0
1628389527.4,-87.67585987,41.88128424,76,675,None,None,76,5330,76,9840,None,None,None,None,None,None,None,None,LTE,LTE+LTE,0,None,None,1,1742.7000000476837,0
1628389527.5,-87.67584566,41.88128485,76,675,629,174270,76,9840,None,None,None,None,None,None,None,None,None,None,LTE+Sub6,LTE+5GS_LTE,0,None,None,1,1742.7000000476837,1
1628389527.8,-87.67579829,41.8812869,76,675,629,174270,76,9840,None,None,None,None,None,None,None,None,None,None,LTE+Sub6,LTE+5GS_LTE,0,None,None,1,1743.1000001430511,1
1628389527.9,-87.67578093,41.88128765,76,675,None,None,76,5330,76,9840,None,None,None,None,None,None,None,None,LTE,LTE+LTE,0,None,None,1,1743.1000001430511,0
1628389528.1,-87.67574935,41.88128902,76,675,None,None,76,5330,76,9840,None,None,None,None,None,None,None,None,LTE,LTE+LTE,0,None,None,1,1743.4000000953674,0
1628389528.2,-87.67573621,41.88128952,76,675,629,174270,76,9840,None,None,None,None,None,None,None,None,None,None,LTE+Sub6,LTE+5GS_LTE,0,None,None,1,1743.4000000953674,1
1628389552.9,-87.67210008,41.88135852,76,675,629,174270,76,9840,None,None,None,None,None,None,None,None,None,None,LTE+Sub6,LTE+5GS_LTE,0,None,None,1,1768.2000000476837,1
1628389553.0,-87.6720906,41.8813584,76,675,None,None,76,5330,76,9840,None,None,None,None,None,None,None,None,LTE,LTE+LTE,0,None,None,1,1768.2000000476837,0
1628389555.6,-87.67187656,41.88136677,76,675,None,None,76,5330,76,9840,None,None,None,None,None,None,None,None,LTE,LTE+LTE,0,None,None,1,1770.9000000953674,0
1628389555.7,-87.67187009,41.88136807,76,675,629,174270,76,9840,None,None,None,None,None,None,None,None,None,None,LTE+Sub6,LTE+5GS_LTE,0,None,None,1,1770.9000000953674,1
1628389555.9,-87.671855,41.88137108,76,675,629,174270,76,9840,None,None,None,None,None,None,None,None,None,None,LTE+Sub6,LTE+5GS_LTE,0,None,None,1,1771.2000000476837,1
1628389556.0,-87.67184853,41.88137238,76,675,None,None,76,5330,76,9840,None,None,None,None,None,None,None,None,LTE,LTE+LTE,0,None,None,1,1771.2000000476837,0
1628389564.3,-87.67174716,41.88194323,76,675,None,None,76,5330,76,9840,None,None,None,None,None,None,None,None,LTE,LTE+LTE,0,None,None,1,1779.6000001430511,0
1628389564.4,-87.67174756,41.88195179,76,675,629,174270,76,9840,None,None,None,None,None,None,None,None,None,None,LTE+Sub6,LTE+5GS_LTE,0,None,None,1,1779.6000001430511,1
1628389564.8,-87.67174913,41.88198518,76,675,629,174270,76,9840,None,None,None,None,None,None,None,None,None,None,LTE+Sub6,LTE+5GS_LTE,0,None,None,1,1780.1000001430511,1
1628389564.9,-87.67174957,41.8819946,76,675,None,None,76,5330,76,9840,None,None,None,None,None,None,None,None,LTE,LTE+LTE,0,None,None,1,1780.1000001430511,0
1628389565.8,-87.67175018,41.88206016,76,675,None,None,76,5330,76,9840,None,None,None,None,None,None,None,None,LTE,LTE+LTE,0,None,None,1,1781.1000001430511,0
1628389565.9,-87.67175014,41.88206785,76,675,629,174270,76,9840,None,None,None,None,None,None,None,None,None,None,LTE+Sub6,LTE+5GS_LTE,0,None,None,1,1781.1000001430511,1
1628389566.1,-87.67175008,41.88208184,76,675,629,174270,76,9840,None,None,None,None,None,None,None,None,None,None,LTE+Sub6,LTE+5GS_LTE,0,None,None,1,1781.4000000953674,1
1628389566.2,-87.67175005,41.88208814,76,675,None,None,76,5330,76,9840,None,None,None,None,None,None,None,None,LTE,LTE+LTE,0,None,None,1,1781.4000000953674,0
1628389567.5,-87.67175148,41.8821531,76,675,None,None,76,5330,76,9840,None,None,None,None,None,None,None,None,LTE,LTE+LTE,0,None,None,1,1782.7999999523163,0
1628389567.6,-87.67175147,41.88215614,76,675,629,174270,76,9840,None,None,None,None,None,None,None,None,None,None,LTE+Sub6,LTE+5GS_LTE,0,None,None,1,1782.7999999523163,1
1628389567.9,-87.67175142,41.88216442,76,675,629,174270,76,9840,None,None,None,None,None,None,None,None,None,None,LTE+Sub6,LTE+5GS_LTE,0,None,None,1,1783.2000000476837,1
1628389568.0,-87.67175141,41.88216691,76,675,None,None,76,5330,76,9840,None,None,None,None,None,None,None,None,LTE,LTE+LTE,0,None,None,1,1783.2000000476837,0
1628389568.3,-87.67175185,41.88217357,76,675,None,None,76,5330,76,9840,None,None,None,None,None,None,None,None,LTE,LTE+LTE,0,None,None,1,1783.6000001430511,0
1628389568.4,-87.67175222,41.88217487,76,675,629,174270,76,9840,None,None,None,None,None,None,None,None,None,None,LTE+Sub6,LTE+5GS_LTE,0,None,None,1,1783.6000001430511,1
1628389568.6,-87.67175294,41.88217747,76,675,629,174270,76,9840,None,None,None,None,None,None,None,None,None,None,LTE+Sub6,LTE+5GS_LTE,0,None,None,1,1783.9000000953674,1
1628389568.7,-87.67175327,41.88217864,76,675,None,None,76,5330,76,9840,None,None,None,None,None,None,None,None,LTE,LTE+LTE,0,None,None,1,1783.9000000953674,0
1628389569.3,-87.67175477,41.88218493,76,675,None,None,76,5330,76,9840,None,None,None,None,None,None,None,None,LTE,LTE+LTE,0,None,None,1,1784.6000001430511,0
1628389569.4,-87.67175478,41.88218544,76,675,629,174270,76,9840,None,None,None,None,None,None,None,None,None,None,LTE+Sub6,LTE+5GS_LTE,0,None,None,1,1784.6000001430511,1
1628389569.6,-87.67175479,41.88218645,76,675,629,174270,76,9840,None,None,None,None,None,None,None,None,None,None,LTE+Sub6,LTE+5GS_LTE,0,None,None,1,1784.9000000953674,1
1628389569.7,-87.6717548,41.88218691,76,675,None,None,76,5330,76,9840,None,None,None,None,None,None,None,None,LTE,LTE+LTE,0,None,None,1,1784.9000000953674,0
1628389569.9,-87.67175482,41.88218798,76,675,None,None,76,5330,76,9840,None,None,None,None,None,None,None,None,LTE,LTE+LTE,0,None,None,1,1785.2000000476837,0
1628389570.0,-87.67175482,41.88218843,76,675,629,174270,76,9840,None,None,None,None,None,None,None,None,None,None,LTE+Sub6,LTE+5GS_LTE,0,None,None,1,1785.2000000476837,1
1628389570.3,-87.67175482,41.882189,76,675,629,174270,76,9840,None,None,None,None,None,None,None,None,None,None,LTE+Sub6,LTE+5GS_LTE,0,None,None,1,1785.6000001430511,1
1628389570.4,-87.67175482,41.88218897,76,675,None,None,76,5330,76,9840,None,None,None,None,None,None,None,None,LTE,LTE+LTE,0,None,None,1,1785.6000001430511,0
1628389570.6,-87.67175481,41.88218893,76,675,None,None,76,5330,76,9840,None,None,None,None,None,None,None,None,LTE,LTE+LTE,0,None,None,1,1785.9000000953674,0
1628389570.7,-87.6717548,41.88218891,76,675,629,174270,76,9840,None,None,None,None,None,None,None,None,None,None,LTE+Sub6,LTE+5GS_LTE,0,None,None,1,1785.9000000953674,1
1628389570.9,-87.67175479,41.88218886,76,675,629,174270,76,9840,None,None,None,None,None,None,None,None,None,None,LTE+Sub6,LTE+5GS_LTE,0,None,None,1,1786.2000000476837,1
1628389571.0,-87.67175479,41.88218884,76,675,None,None,76,5330,76,9840,None,None,None,None,None,None,None,None,LTE,LTE+LTE,0,None,None,1,1786.2000000476837,0
1628389571.6,-87.67175478,41.88218881,76,675,None,None,76,5330,76,9840,None,None,None,None,None,None,None,None,LTE,LTE+LTE,0,None,None,1,1786.9000000953674,0
1628389571.7,-87.67175478,41.88218881,76,675,629,174270,76,9840,None,None,None,None,None,None,None,None,None,None,LTE+Sub6,LTE+5GS_LTE,0,None,None,1,1786.9000000953674,1
1628389571.9,-87.67175478,41.88218881,76,675,629,174270,76,9840,None,None,None,None,None,None,None,None,None,None,LTE+Sub6,LTE+5GS_LTE,0,None,None,1,1787.2000000476837,1
1628389572.0,-87.67175478,41.88218881,76,675,None,None,76,5330,76,9840,None,None,None,None,None,None,None,None,LTE,LTE+LTE,0,None,None,1,1787.2000000476837,0
1628389572.7,-87.67175478,41.88218881,76,675,None,None,76,5330,76,9840,None,None,None,None,None,None,None,None,LTE,LTE+LTE,0,None,None,1,1788.0,0
1628389572.8,-87.67175478,41.88218881,76,675,629,174270,76,9840,None,None,None,None,None,None,None,None,None,None,LTE+Sub6,LTE+5GS_LTE,0,None,None,1,1788.0,1
1628389573.1,-87.67175478,41.88218881,76,675,629,174270,76,9840,None,None,None,None,None,None,None,None,None,None,LTE+Sub6,LTE+5GS_LTE,0,None,None,1,1788.4000000953674,1
1628389573.2,-87.67175478,41.88218881,76,675,None,None,76,5330,76,9840,None,None,None,None,None,None,None,None,LTE,LTE+LTE,0,None,None,1,1788.4000000953674,0
1628389573.4,-87.67175478,41.88218881,76,675,None,None,76,5330,76,9840,None,None,None,None,None,None,None,None,LTE,LTE+LTE,0,None,None,1,1788.7000000476837,0
1628389573.5,-87.67175478,41.88218881,76,675,629,174270,76,9840,None,None,None,None,None,None,None,None,None,None,LTE+Sub6,LTE+5GS_LTE,0,None,None,1,1788.7000000476837,1
1628389573.7,-87.67175478,41.88218881,76,675,629,174270,76,9840,None,None,None,None,None,None,None,None,None,None,LTE+Sub6,LTE+5GS_LTE,0,None,None,1,1789.0,1
1628389573.8,-87.67175478,41.88218881,76,675,None,None,76,5330,76,9840,None,None,None,None,None,None,None,None,LTE,LTE+LTE,0,None,None,1,1789.0,0
1628389574.1,-87.67175478,41.88218881,76,675,None,None,76,5330,76,9840,None,None,None,None,None,None,None,None,LTE,LTE+LTE,0,None,None,1,1789.4000000953674,0
1628389574.2,-87.67175478,41.88218881,76,675,629,174270,76,9840,None,None,None,None,None,None,None,None,None,None,LTE+Sub6,LTE+5GS_LTE,0,None,None,1,1789.4000000953674,1
1628389574.4,-87.67175478,41.88218881,76,675,629,174270,76,9840,None,None,None,None,None,None,None,None,None,None,LTE+Sub6,LTE+5GS_LTE,0,None,None,1,1789.7000000476837,1
1628389574.5,-87.67175478,41.88218881,76,675,None,None,76,5330,76,9840,None,None,None,None,None,None,None,None,LTE,LTE+LTE,0,None,None,1,1789.7000000476837,0
1628389575.0,-87.67175478,41.88218881,76,675,None,None,76,5330,76,9840,None,None,None,None,None,None,None,None,LTE,LTE+LTE,0,None,None,1,1790.2999999523163,0
1628389575.1,-87.67175478,41.88218881,76,675,629,174270,76,9840,None,None,None,None,None,None,None,None,None,None,LTE+Sub6,LTE+5GS_LTE,0,None,None,1,1790.2999999523163,1
1628389575.4,-87.67175478,41.88218881,76,675,629,174270,76,9840,None,None,None,None,None,None,None,None,None,None,LTE+Sub6,LTE+5GS_LTE,0,None,None,1,1790.7000000476837,1
1628389575.5,-87.67175478,41.88218881,76,675,None,None,76,5330,76,9840,None,None,None,None,None,None,None,None,LTE,LTE+LTE,0,None,None,1,1790.7000000476837,0
1628389575.7,-87.67175478,41.88218881,76,675,None,None,76,5330,76,9840,None,None,None,None,None,None,None,None,LTE,LTE+LTE,0,None,None,1,1791.0,0
1628389575.8,-87.67175478,41.88218881,76,675,629,174270,76,9840,None,None,None,None,None,None,None,None,None,None,LTE+Sub6,LTE+5GS_LTE,0,None,None,1,1791.0,1
1628389576.0,-87.67175478,41.88218881,76,675,629,174270,76,9840,None,None,None,None,None,None,None,None,None,None,LTE+Sub6,LTE+5GS_LTE,0,None,None,1,1791.2999999523163,1
1628389576.1,-87.67175478,41.88218881,76,675,None,None,76,5330,76,9840,None,None,None,None,None,None,None,None,LTE,LTE+LTE,0,None,None,1,1791.2999999523163,0
1628389576.4,-87.67175478,41.88218881,76,675,None,None,76,5330,76,9840,None,None,None,None,None,None,None,None,LTE,LTE+LTE,0,None,None,1,1791.7000000476837,0
1628389576.5,-87.67175478,41.88218881,76,675,629,174270,76,9840,None,None,None,None,None,None,None,None,None,None,LTE+Sub6,LTE+5GS_LTE,0,None,None,1,1791.7000000476837,1
1628389576.7,-87.67175478,41.88218881,76,675,629,174270,76,9840,None,None,None,None,None,None,None,None,None,None,LTE+Sub6,LTE+5GS_LTE,0,None,None,1,1792.0,1
1628389576.8,-87.67175478,41.88218881,76,675,None,None,76,5330,76,9840,None,None,None,None,None,None,None,None,LTE,LTE+LTE,0,None,None,1,1792.0,0
1628389577.5,-87.67175478,41.88218881,76,675,None,None,76,5330,76,9840,None,None,None,None,None,None,None,None,LTE,LTE+LTE,0,None,None,1,1792.7999999523163,0
1628389577.6,-87.67175478,41.88218881,76,675,629,174270,76,9840,None,None,None,None,None,None,None,None,None,None,LTE+Sub6,LTE+5GS_LTE,0,None,None,1,1792.7999999523163,1
1628389577.9,-87.67175478,41.88218881,76,675,629,174270,76,9840,None,None,None,None,None,None,None,None,None,None,LTE+Sub6,LTE+5GS_LTE,0,None,None,1,1793.2000000476837,1
1628389578.0,-87.67175478,41.88218881,76,675,None,None,76,5330,76,9840,None,None,None,None,None,None,None,None,LTE,LTE+LTE,0,None,None,1,1793.2000000476837,0
1628389578.6,-87.67175478,41.88218881,76,675,None,None,76,5330,76,9840,None,None,None,None,None,None,None,None,LTE,LTE+LTE,0,None,None,1,1793.9000000953674,0
1628389578.7,-87.67175478,41.88218881,76,675,629,174270,76,9840,None,None,None,None,None,None,None,None,None,None,LTE+Sub6,LTE+5GS_LTE,0,None,None,1,1793.9000000953674,1
1628389578.9,-87.67175478,41.88218881,76,675,629,174270,76,9840,None,None,None,None,None,None,None,None,None,None,LTE+Sub6,LTE+5GS_LTE,0,None,None,1,1794.2000000476837,1
1628389579.0,-87.67175478,41.88218881,76,675,None,None,76,5330,76,9840,None,None,None,None,None,None,None,None,LTE,LTE+LTE,0,None,None,1,1794.2000000476837,0
1628389579.3,-87.67175478,41.88218881,76,675,None,None,76,5330,76,9840,None,None,None,None,None,None,None,None,LTE,LTE+LTE,0,None,None,1,1794.6000001430511,0
1628389579.4,-87.67175478,41.88218881,76,675,629,174270,76,9840,None,None,None,None,None,None,None,None,None,None,LTE+Sub6,LTE+5GS_LTE,0,None,None,1,1794.6000001430511,1
1628389579.6,-87.67175478,41.88218881,76,675,629,174270,76,9840,None,None,None,None,None,None,None,None,None,None,LTE+Sub6,LTE+5GS_LTE,0,None,None,1,1794.9000000953674,1
1628389579.7,-87.67175478,41.88218881,76,675,None,None,76,5330,76,9840,None,None,None,None,None,None,None,None,LTE,LTE+LTE,0,None,None,1,1794.9000000953674,0
1628389579.9,-87.67175478,41.88218881,76,675,None,None,76,5330,76,9840,None,None,None,None,None,None,None,None,LTE,LTE+LTE,0,None,None,1,1795.2000000476837,0
1628389580.0,-87.67175478,41.88218881,76,675,629,174270,76,9840,None,None,None,None,None,None,None,None,None,None,LTE+Sub6,LTE+5GS_LTE,0,None,None,1,1795.2000000476837,1
1628389580.3,-87.67175478,41.88218881,76,675,629,174270,76,9840,None,None,None,None,None,None,None,None,None,None,LTE+Sub6,LTE+5GS_LTE,0,None,None,1,1795.6000001430511,1
1628389580.4,-87.67175478,41.88218881,76,675,None,None,76,5330,76,9840,None,None,None,None,None,None,None,None,LTE,LTE+LTE,0,None,None,1,1795.6000001430511,0
1628389580.6,-87.67175478,41.88218881,76,675,None,None,76,5330,76,9840,None,None,None,None,None,None,None,None,LTE,LTE+LTE,0,None,None,1,1795.9000000953674,0
1628389580.7,-87.67175478,41.88218881,76,675,629,174270,76,9840,None,None,None,None,None,None,None,None,None,None,LTE+Sub6,LTE+5GS_LTE,0,None,None,1,1795.9000000953674,1
1628389580.9,-87.67175478,41.88218881,76,675,629,174270,76,9840,None,None,None,None,None,None,None,None,None,None,LTE+Sub6,LTE+5GS_LTE,0,None,None,1,1796.2000000476837,1
1628389581.0,-87.67175478,41.88218881,76,675,None,None,76,5330,76,9840,None,None,None,None,None,None,None,None,LTE,LTE+LTE,0,None,None,1,1796.2000000476837,0
1628389581.6,-87.67175478,41.88218881,76,675,None,None,76,5330,76,9840,None,None,None,None,None,None,None,None,LTE,LTE+LTE,0,None,None,1,1796.9000000953674,0
1628389581.7,-87.67175478,41.88218881,76,675,629,174270,76,9840,None,None,None,None,None,None,None,None,None,None,LTE+Sub6,LTE+5GS_LTE,0,None,None,1,1796.9000000953674,1
1628389581.9,-87.67175478,41.88218881,76,675,629,174270,76,9840,None,None,None,None,None,None,None,None,None,None,LTE+Sub6,LTE+5GS_LTE,0,None,None,1,1797.2000000476837,1
1628389582.0,-87.67175478,41.88218881,76,675,None,None,76,5330,76,9840,None,None,None,None,None,None,None,None,LTE,LTE+LTE,0,None,None,1,1797.2000000476837,0
1628389582.3,-87.67175478,41.88218881,76,675,None,None,76,5330,76,9840,None,None,None,None,None,None,None,None,LTE,LTE+LTE,0,None,None,1,1797.6000001430511,0
1628389582.4,-87.67175478,41.88218881,76,675,629,174270,76,9840,None,None,None,None,None,None,None,None,None,None,LTE+Sub6,LTE+5GS_LTE,0,None,None,1,1797.6000001430511,1
1628389582.6,-87.67175478,41.88218881,76,675,629,174270,76,9840,None,None,None,None,None,None,None,None,None,None,LTE+Sub6,LTE+5GS_LTE,0,None,None,1,1797.9000000953674,1
1628389582.7,-87.67175478,41.88218881,76,675,None,None,76,5330,76,9840,None,None,None,None,None,None,None,None,LTE,LTE+LTE,0,None,None,1,1797.9000000953674,0
1628389582.9,-87.67175478,41.88218881,76,675,None,None,76,5330,76,9840,None,None,None,None,None,None,None,None,LTE,LTE+LTE,0,None,None,1,1798.2000000476837,0
1628389583.0,-87.67175478,41.88218881,76,675,629,174270,76,9840,None,None,None,None,None,None,None,None,None,None,LTE+Sub6,LTE+5GS_LTE,0,None,None,1,1798.2000000476837,1
1628389583.3,-87.67175478,41.88218881,76,675,629,174270,76,9840,None,None,None,None,None,None,None,None,None,None,LTE+Sub6,LTE+5GS_LTE,0,None,None,1,1798.6000001430511,1
1628389583.4,-87.67175478,41.88218881,76,675,None,None,76,5330,76,9840,None,None,None,None,None,None,None,None,LTE,LTE+LTE,0,None,None,1,1798.6000001430511,0
1628389584.0,-87.67175478,41.88218881,76,675,None,None,76,5330,76,9840,None,None,None,None,None,None,None,None,LTE,LTE+LTE,0,None,None,1,1799.2999999523163,0
1628389584.1,-87.67175478,41.88218881,76,675,629,174270,76,9840,None,None,None,None,None,None,None,None,None,None,LTE+Sub6,LTE+5GS_LTE,0,None,None,1,1799.2999999523163,1
1628389584.3,-87.67175478,41.88218881,76,675,629,174270,76,9840,None,None,None,None,None,None,None,None,None,None,LTE+Sub6,LTE+5GS_LTE,0,None,None,1,1799.6000001430511,1
1628389584.4,-87.67175478,41.88218881,76,675,None,None,76,5330,76,9840,None,None,None,None,None,None,None,None,LTE,LTE+LTE,0,None,None,1,1799.6000001430511,0
1628389584.6,-87.67175478,41.88218881,76,675,None,None,76,5330,76,9840,None,None,None,None,None,None,None,None,LTE,LTE+LTE,0,None,None,1,1799.9000000953674,0
1628389584.7,-87.67175478,41.88218881,76,675,629,174270,76,9840,None,None,None,None,None,None,None,None,None,None,LTE+Sub6,LTE+5GS_LTE,0,None,None,1,1799.9000000953674,1
1628389585.0,-87.67175478,41.88218881,76,675,629,174270,76,9840,None,None,None,None,None,None,None,None,None,None,LTE+Sub6,LTE+5GS_LTE,0,None,None,1,1800.2999999523163,1
1628389585.1,-87.67175478,41.88218881,76,675,None,None,76,5330,76,9840,None,None,None,None,None,None,None,None,LTE,LTE+LTE,0,None,None,1,1800.2999999523163,0
1628389585.3,-87.67175478,41.88218881,76,675,None,None,76,5330,76,9840,None,None,None,None,None,None,None,None,LTE,LTE+LTE,0,None,None,1,1800.6000001430511,0
1628389585.4,-87.67175478,41.88218881,76,675,629,174270,76,9840,None,None,None,None,None,None,None,None,None,None,LTE+Sub6,LTE+5GS_LTE,0,None,None,1,1800.6000001430511,1
1628389585.7,-87.67175478,41.88218881,76,675,629,174270,76,9840,None,None,None,None,None,None,None,None,None,None,LTE+Sub6,LTE+5GS_LTE,0,None,None,1,1801.0,1
1628389585.8,-87.67175478,41.88218881,76,675,None,None,76,5330,76,9840,None,None,None,None,None,None,None,None,LTE,LTE+LTE,0,None,None,1,1801.0,0
1628389586.0,-87.67175478,41.88218881,76,675,None,None,76,5330,76,9840,None,None,None,None,None,None,None,None,LTE,LTE+LTE,0,None,None,1,1801.2999999523163,0
1628389586.1,-87.67175478,41.88218881,76,675,629,174270,76,9840,None,None,None,None,None,None,None,None,None,None,LTE+Sub6,LTE+5GS_LTE,0,None,None,1,1801.2999999523163,1
1628389586.4,-87.67175478,41.88218881,76,675,629,174270,76,9840,None,None,None,None,None,None,None,None,None,None,LTE+Sub6,LTE+5GS_LTE,0,None,None,1,1801.7000000476837,1
1628389586.5,-87.67175478,41.88218881,76,675,None,None,76,5330,76,9840,None,None,None,None,None,None,None,None,LTE,LTE+LTE,0,None,None,1,1801.7000000476837,0
1628389586.7,-87.67175478,41.88218881,76,675,None,None,76,5330,76,9840,None,None,None,None,None,None,None,None,LTE,LTE+LTE,0,None,None,1,1802.0,0
1628389586.8,-87.67175478,41.88218881,76,675,629,174270,76,9840,None,None,None,None,None,None,None,None,None,None,LTE+Sub6,LTE+5GS_LTE,0,None,None,1,1802.0,1
1628389587.0,-87.67175478,41.88218881,76,675,629,174270,76,9840,None,None,None,None,None,None,None,None,None,None,LTE+Sub6,LTE+5GS_LTE,0,None,None,1,1802.2999999523163,1
1628389587.1,-87.67175478,41.88218881,76,675,None,None,76,5330,76,9840,None,None,None,None,None,None,None,None,LTE,LTE+LTE,0,None,None,1,1802.2999999523163,0
1628389587.4,-87.67175478,41.88218881,76,675,None,None,76,5330,76,9840,None,None,None,None,None,None,None,None,LTE,LTE+LTE,0,None,None,1,1802.7000000476837,0
1628389587.5,-87.67175478,41.88218881,76,675,629,174270,76,9840,None,None,None,None,None,None,None,None,None,None,LTE+Sub6,LTE+5GS_LTE,0,None,None,1,1802.7000000476837,1
1628389587.7,-87.67175478,41.88218881,76,675,629,174270,76,9840,None,None,None,None,None,None,None,None,None,None,LTE+Sub6,LTE+5GS_LTE,0,None,None,1,1803.0,1
1628389587.8,-87.67175478,41.88218881,76,675,None,None,76,5330,76,9840,None,None,None,None,None,None,None,None,LTE,LTE+LTE,0,None,None,1,1803.0,0
1628389588.0,-87.67175478,41.88218881,76,675,None,None,76,5330,76,9840,None,None,None,None,None,None,None,None,LTE,LTE+LTE,0,None,None,1,1803.2999999523163,0
1628389588.1,-87.67175478,41.88218881,76,675,629,174270,76,9840,None,None,None,None,None,None,None,None,None,None,LTE+Sub6,LTE+5GS_LTE,0,None,None,1,1803.2999999523163,1
1628389588.4,-87.67175478,41.88218881,76,675,629,174270,76,9840,None,None,None,None,None,None,None,None,None,None,LTE+Sub6,LTE+5GS_LTE,0,None,None,1,1803.7000000476837,1
1628389588.5,-87.67175478,41.88218881,76,675,None,None,76,5330,76,9840,None,None,None,None,None,None,None,None,LTE,LTE+LTE,0,None,None,1,1803.7000000476837,0
1628389588.7,-87.67175478,41.88218881,76,675,None,None,76,5330,76,9840,None,None,None,None,None,None,None,None,LTE,LTE+LTE,0,None,None,1,1804.0,0
1628389588.8,-87.67175478,41.88218881,76,675,629,174270,76,9840,None,None,None,None,None,None,None,None,None,None,LTE+Sub6,LTE+5GS_LTE,0,None,None,1,1804.0,1
1628389589.1,-87.67175478,41.88218881,76,675,629,174270,76,9840,None,None,None,None,None,None,None,None,None,None,LTE+Sub6,LTE+5GS_LTE,0,None,None,1,1804.4000000953674,1
1628389589.2,-87.67175478,41.88218881,76,675,None,None,76,5330,76,9840,None,None,None,None,None,None,None,None,LTE,LTE+LTE,0,None,None,1,1804.4000000953674,0
1628389589.4,-87.67175478,41.88218881,76,675,None,None,76,5330,76,9840,None,None,None,None,None,None,None,None,LTE,LTE+LTE,0,None,None,1,1804.7000000476837,0
1628389589.5,-87.67175478,41.88218881,76,675,629,174270,76,9840,None,None,None,None,None,None,None,None,None,None,LTE+Sub6,LTE+5GS_LTE,0,None,None,1,1804.7000000476837,1
1628389589.8,-87.67175478,41.88218881,76,675,629,174270,76,9840,None,None,None,None,None,None,None,None,None,None,LTE+Sub6,LTE+5GS_LTE,0,None,None,1,1805.1000001430511,1
1628389589.9,-87.67175478,41.88218881,76,675,None,None,76,5330,76,9840,None,None,None,None,None,None,None,None,LTE,LTE+LTE,0,None,None,1,1805.1000001430511,0
1628389590.4,-87.67175478,41.88218881,76,675,None,None,76,5330,76,9840,None,None,None,None,None,None,None,None,LTE,LTE+LTE,0,None,None,1,1805.7000000476837,0
1628389590.5,-87.67175478,41.88218881,76,675,629,174270,76,9840,None,None,None,None,None,None,None,None,None,None,LTE+Sub6,LTE+5GS_LTE,0,None,None,1,1805.7000000476837,1
1628389590.7,-87.67175478,41.88218881,76,675,629,174270,76,9840,None,None,None,None,None,None,None,None,None,None,LTE+Sub6,LTE+5GS_LTE,0,None,None,1,1806.0,1
1628389590.8,-87.67175478,41.88218881,76,675,None,None,76,5330,76,9840,None,None,None,None,None,None,None,None,LTE,LTE+LTE,0,None,None,1,1806.0,0
1628389591.1,-87.67175478,41.88218881,76,675,None,None,76,5330,76,9840,None,None,None,None,None,None,None,None,LTE,LTE+LTE,0,None,None,1,1806.4000000953674,0
1628389591.2,-87.67175478,41.88218881,76,675,629,174270,76,9840,None,None,None,None,None,None,None,None,None,None,LTE+Sub6,LTE+5GS_LTE,0,None,None,1,1806.4000000953674,1
1628389591.4,-87.67175478,41.88218881,76,675,629,174270,76,9840,None,None,None,None,None,None,None,None,None,None,LTE+Sub6,LTE+5GS_LTE,0,None,None,1,1806.7000000476837,1
1628389591.5,-87.67175478,41.88218881,76,675,None,None,76,5330,76,9840,None,None,None,None,None,None,None,None,LTE,LTE+LTE,0,None,None,1,1806.7000000476837,0
1628389591.7,-87.67175478,41.88218881,76,675,None,None,76,5330,76,9840,None,None,None,None,None,None,None,None,LTE,LTE+LTE,0,None,None,1,1807.0,0
1628389591.8,-87.67175478,41.88218881,76,675,629,174270,76,9840,None,None,None,None,None,None,None,None,None,None,LTE+Sub6,LTE+5GS_LTE,0,None,None,1,1807.0,1
1628389592.1,-87.67175478,41.88218881,76,675,629,174270,76,9840,None,None,None,None,None,None,None,None,None,None,LTE+Sub6,LTE+5GS_LTE,0,None,None,1,1807.4000000953674,1
1628389592.2,-87.67175478,41.88218881,76,675,None,None,76,5330,76,9840,None,None,None,None,None,None,None,None,LTE,LTE+LTE,0,None,None,1,1807.4000000953674,0
1628389592.9,-87.67175478,41.88218881,76,675,None,None,76,5330,76,9840,None,None,None,None,None,None,None,None,LTE,LTE+LTE,0,None,None,1,1808.2000000476837,0
1628389593.0,-87.67175478,41.88218881,76,675,629,174270,76,9840,None,None,None,None,None,None,None,None,None,None,LTE+Sub6,LTE+5GS_LTE,0,None,None,1,1808.2000000476837,1
1628389593.2,-87.67175478,41.88218881,76,675,629,174270,76,9840,None,None,None,None,None,None,None,None,None,None,LTE+Sub6,LTE+5GS_LTE,0,None,None,1,1808.5,1
1628389593.3,-87.67175478,41.88218881,76,675,None,None,76,5330,76,9840,None,None,None,None,None,None,None,None,LTE,LTE+LTE,0,None,None,1,1808.5,0
1628389593.9,-87.67175478,41.88218881,76,675,None,None,76,5330,76,9840,None,None,None,None,None,None,None,None,LTE,LTE+LTE,0,None,None,1,1809.2000000476837,0
1628389594.0,-87.67175478,41.88218881,76,675,629,174270,76,9840,None,None,None,None,None,None,None,None,None,None,LTE+Sub6,LTE+5GS_LTE,0,None,None,1,1809.2000000476837,1
1628389594.2,-87.67175478,41.88218881,76,675,629,174270,76,9840,None,None,None,None,None,None,None,None,None,None,LTE+Sub6,LTE+5GS_LTE,0,None,None,1,1809.5,1
1628389594.3,-87.67175478,41.88218881,76,675,None,None,76,5330,76,9840,None,None,None,None,None,None,None,None,LTE,LTE+LTE,0,None,None,1,1809.5,0
1628389594.6,-87.67175478,41.88218881,76,675,None,None,76,5330,76,9840,None,None,None,None,None,None,None,None,LTE,LTE+LTE,0,None,None,1,1809.9000000953674,0
1628389594.7,-87.67175478,41.88218881,76,675,629,174270,76,9840,None,None,None,None,None,None,None,None,None,None,LTE+Sub6,LTE+5GS_LTE,0,None,None,1,1809.9000000953674,1
1628389594.9,-87.67175478,41.88218881,76,675,629,174270,76,9840,None,None,None,None,None,None,None,None,None,None,LTE+Sub6,LTE+5GS_LTE,0,None,None,1,1810.2000000476837,1
1628389595.0,-87.67175478,41.88218881,76,675,None,None,76,5330,76,9840,None,None,None,None,None,None,None,None,LTE,LTE+LTE,0,None,None,1,1810.2000000476837,0
1628389595.3,-87.67175478,41.88218881,76,675,None,None,76,5330,76,9840,None,None,None,None,None,None,None,None,LTE,LTE+LTE,0,None,None,1,1810.6000001430511,0
1628389595.4,-87.67175478,41.88218881,76,675,629,174270,76,9840,None,None,None,None,None,None,None,None,None,None,LTE+Sub6,LTE+5GS_LTE,0,None,None,1,1810.6000001430511,1
1628389595.6,-87.67175478,41.88218881,76,675,629,174270,76,9840,None,None,None,None,None,None,None,None,None,None,LTE+Sub6,LTE+5GS_LTE,0,None,None,1,1810.9000000953674,1
1628389595.7,-87.67175478,41.88218881,76,675,None,None,76,5330,76,9840,None,None,None,None,None,None,None,None,LTE,LTE+LTE,0,None,None,1,1810.9000000953674,0
1628389597.9,-87.67175233,41.882223,76,675,None,None,76,5330,76,9840,None,None,None,None,None,None,None,None,LTE,LTE+LTE,0,None,None,1,1813.2000000476837,0
1628389598.0,-87.67175225,41.88222507,76,675,629,174270,76,9840,None,None,None,None,None,None,None,None,None,None,LTE+Sub6,LTE+5GS_LTE,0,None,None,1,1813.2000000476837,1
1628389598.3,-87.67175227,41.88223466,76,675,629,174270,76,9840,None,None,None,None,None,None,None,None,None,None,LTE+Sub6,LTE+5GS_LTE,0,None,None,1,1813.6000001430511,1
1628389598.4,-87.67175234,41.88223825,76,675,None,None,76,5330,76,9840,None,None,None,None,None,None,None,None,LTE,LTE+LTE,0,None,None,1,1813.6000001430511,0
1628389600.0,-87.67175318,41.88230727,76,675,None,None,76,5330,76,9840,None,None,None,None,None,None,None,None,LTE,LTE+LTE,0,None,None,1,1815.2999999523163,0
1628389600.1,-87.67175323,41.88231281,76,675,629,174270,76,9840,None,None,None,None,None,None,None,None,None,None,LTE+Sub6,LTE+5GS_LTE,0,None,None,1,1815.2999999523163,1
1628389600.4,-87.67175334,41.88233171,76,675,629,174270,76,9840,None,None,None,None,None,None,None,None,None,None,LTE+Sub6,LTE+5GS_LTE,0,None,None,1,1815.7000000476837,1
1628389600.5,-87.67175337,41.88233746,76,675,None,None,76,5330,76,9840,None,None,None,None,None,None,None,None,LTE,LTE+LTE,0,None,None,1,1815.7000000476837,0
1628389600.7,-87.67175345,41.88235024,76,675,None,None,76,5330,76,9840,None,None,None,None,None,None,None,None,LTE,LTE+LTE,0,None,None,1,1816.0,0
1628389600.8,-87.67175348,41.88235663,76,675,629,174270,76,9840,None,None,None,None,None,None,None,None,None,None,LTE+Sub6,LTE+5GS_LTE,0,None,None,1,1816.0,1
1628389608.3,-87.67176391,41.88299314,76,675,629,174270,76,9840,None,None,None,None,None,None,None,None,None,None,LTE+Sub6,LTE+5GS_LTE,0,None,None,1,1823.6000001430511,1
1628389608.4,-87.67176395,41.88299868,76,675,None,None,76,5330,76,9840,None,None,None,None,None,None,None,None,LTE,LTE+LTE,0,None,None,1,1823.6000001430511,0
1628389612.7,-87.67182529,41.88319468,76,675,None,None,76,5330,76,9840,None,None,None,None,None,None,None,None,LTE,LTE+LTE,0,None,None,1,1828.0,0
1628389612.8,-87.67183043,41.88319795,76,675,629,174270,76,9840,None,None,None,None,None,None,None,None,None,None,LTE+Sub6,LTE+5GS_LTE,0,None,None,1,1828.0,1
1628389613.1,-87.67184636,41.88320808,76,675,629,174270,76,9840,None,None,None,None,None,None,None,None,None,None,LTE+Sub6,LTE+5GS_LTE,0,None,None,1,1828.4000000953674,1
1628389613.2,-87.67185252,41.88320981,76,675,None,None,76,5330,76,9840,None,None,None,None,None,None,None,None,LTE,LTE+LTE,0,None,None,1,1828.4000000953674,0
1628389614.8,-87.67197903,41.88323001,76,675,None,None,76,5330,76,9840,None,None,None,None,None,None,None,None,LTE,LTE+LTE,0,None,None,1,1830.1000001430511,0
1628389614.9,-87.67198899,41.88323067,76,675,629,174270,76,9840,None,None,None,None,None,None,None,None,None,None,LTE+Sub6,LTE+5GS_LTE,0,None,None,1,1830.1000001430511,1
1628389615.1,-87.67200709,41.88323188,76,675,629,174270,76,9840,None,None,None,None,None,None,None,None,None,None,LTE+Sub6,LTE+5GS_LTE,0,None,None,1,1830.4000000953674,1
1628389615.2,-87.67201635,41.88323188,76,675,None,None,76,5330,76,9840,None,None,None,None,None,None,None,None,LTE,LTE+LTE,0,None,None,1,1830.4000000953674,0
1628389617.3,-87.67225792,41.88322793,76,675,None,None,76,5330,76,9840,None,None,None,None,None,None,None,None,LTE,LTE+LTE,0,None,None,1,1832.6000001430511,0
1628389617.4,-87.67227085,41.883228,76,675,629,174270,76,9840,None,None,None,None,None,None,None,None,None,None,LTE+Sub6,LTE+5GS_LTE,0,None,None,1,1832.6000001430511,1
1628389617.6,-87.67229669,41.88322812,76,675,629,174270,76,9840,None,None,None,None,None,None,None,None,None,None,LTE+Sub6,LTE+5GS_LTE,0,None,None,1,1832.9000000953674,1
1628389617.7,-87.67230832,41.88322818,76,675,None,None,76,5330,76,9840,None,None,None,None,None,None,None,None,LTE,LTE+LTE,0,None,None,1,1832.9000000953674,0
1628389618.2,-87.67237403,41.88322835,76,675,None,None,76,5330,76,9840,None,None,None,None,None,None,None,None,LTE,LTE+LTE,0,None,None,1,1833.5,0
1628389618.3,-87.67238975,41.88322822,76,675,629,174270,76,9840,None,None,None,None,None,None,None,None,None,None,LTE+Sub6,LTE+5GS_LTE,0,None,None,1,1833.5,1
1628389618.6,-87.67243262,41.88322785,76,675,629,174270,76,9840,None,None,None,None,None,None,None,None,None,None,LTE+Sub6,LTE+5GS_LTE,0,None,None,1,1833.9000000953674,1
1628389618.7,-87.67244548,41.88322774,76,675,None,None,76,5330,76,9840,None,None,None,None,None,None,None,None,LTE,LTE+LTE,0,None,None,1,1833.9000000953674,0
1628389619.2,-87.67251606,41.88322713,76,675,None,None,76,5330,76,9840,None,None,None,None,None,None,None,None,LTE,LTE+LTE,0,None,None,1,1834.5,0
1628389619.3,-87.67253268,41.88322696,76,675,629,174270,76,9840,None,None,None,None,None,None,None,None,None,None,LTE+Sub6,LTE+5GS_LTE,0,None,None,1,1834.5,1
1628389619.5,-87.67256138,41.88322668,76,675,629,174270,76,9840,None,None,None,None,None,None,None,None,None,None,LTE+Sub6,LTE+5GS_LTE,0,None,None,1,1834.7999999523163,1
1628389619.6,-87.67257799,41.88322652,76,675,None,None,76,5330,76,9840,None,None,None,None,None,None,None,None,LTE,LTE+LTE,0,None,None,1,1834.7999999523163,0
1628389621.8,-87.67292,41.88322344,76,675,None,None,76,5330,76,9840,None,None,None,None,None,None,None,None,LTE,LTE+LTE,0,None,None,1,1837.1000001430511,0
1628389621.9,-87.67293808,41.88322335,76,675,629,174270,76,9840,None,None,None,None,None,None,None,None,None,None,LTE+Sub6,LTE+5GS_LTE,0,None,None,1,1837.1000001430511,1
1628389622.2,-87.67298461,41.88322308,76,675,629,174270,76,9840,None,None,None,None,None,None,None,None,None,None,LTE+Sub6,LTE+5GS_LTE,0,None,None,1,1837.5,1
1628389622.3,-87.67300112,41.88322293,76,675,None,None,76,5330,76,9840,None,None,None,None,None,None,None,None,LTE,LTE+LTE,0,None,None,1,1837.5,0
1628389622.5,-87.67302962,41.88322268,76,675,None,None,76,5330,76,9840,None,None,None,None,None,None,None,None,LTE,LTE+LTE,0,None,None,1,1837.7999999523163,0
1628389622.6,-87.67304612,41.88322253,76,675,629,174270,76,9840,None,None,None,None,None,None,None,None,None,None,LTE+Sub6,LTE+5GS_LTE,0,None,None,1,1837.7999999523163,1
1628389622.9,-87.67309113,41.88322213,76,675,629,174270,76,9840,None,None,None,None,None,None,None,None,None,None,LTE+Sub6,LTE+5GS_LTE,0,None,None,1,1838.2000000476837,1
1628389623.0,-87.67310463,41.88322201,76,675,None,None,76,5330,76,9840,None,None,None,None,None,None,None,None,LTE,LTE+LTE,0,None,None,1,1838.2000000476837,0
1628389623.6,-87.67320704,41.88322104,76,675,None,None,76,5330,76,9840,None,None,None,None,None,None,None,None,LTE,LTE+LTE,0,None,None,1,1838.9000000953674,0
1628389623.7,-87.67322293,41.88322088,76,675,629,174270,76,9840,None,None,None,None,None,None,None,None,None,None,LTE+Sub6,LTE+5GS_LTE,0,None,None,1,1838.9000000953674,1
1628389624.0,-87.67327591,41.88322037,76,675,629,174270,76,9840,None,None,None,None,None,None,None,None,None,None,LTE+Sub6,LTE+5GS_LTE,0,None,None,1,1839.2999999523163,1
1628389624.1,-87.67329533,41.88322018,76,675,None,None,76,5330,76,9840,None,None,None,None,None,None,None,None,LTE,LTE+LTE,0,None,None,1,1839.2999999523163,0
1628389624.3,-87.67332532,41.88322001,76,675,None,None,76,5330,76,9840,None,None,None,None,None,None,None,None,LTE,LTE+LTE,0,None,None,1,1839.6000001430511,0
1628389624.4,-87.67334111,41.88321992,76,675,629,174270,76,9840,None,None,None,None,None,None,None,None,None,None,LTE+Sub6,LTE+5GS_LTE,0,None,None,1,1839.6000001430511,1
1628389624.8,-87.67340267,41.88321957,76,675,629,174270,76,9840,None,None,None,None,None,None,None,None,None,None,LTE+Sub6,LTE+5GS_LTE,0,None,None,1,1840.1000001430511,1
1628389624.9,-87.67342004,41.88321947,76,675,None,None,76,5330,76,9840,None,None,None,None,None,None,None,None,LTE,LTE+LTE,0,None,None,1,1840.1000001430511,0
1628389625.4,-87.67349907,41.88321789,76,675,None,None,76,5330,76,9840,None,None,None,None,None,None,None,None,LTE,LTE+LTE,0,None,None,1,1840.7000000476837,0
1628389625.5,-87.67351331,41.88321745,76,675,629,174270,76,9840,None,None,None,None,None,None,None,None,None,None,LTE+Sub6,LTE+5GS_LTE,0,None,None,1,1840.7000000476837,1
1628389666.8,-87.67671054,41.88234741,76,675,629,174270,76,9840,None,None,None,None,None,None,None,None,None,None,LTE+Sub6,LTE+5GS_LTE,0,None,None,1,1882.1000001430511,1
1628389666.9,-87.67671044,41.88234666,76,675,None,None,76,5330,76,9840,None,None,None,None,None,None,None,None,LTE,LTE+LTE,0,None,None,1,1882.1000001430511,0
1628389667.2,-87.67671022,41.88234457,76,675,None,None,76,5330,76,9840,None,None,None,None,None,None,None,None,LTE,LTE+LTE,0,None,None,1,1882.5,0
1628389667.3,-87.67671022,41.88234366,76,675,629,174270,76,9840,None,None,None,None,None,None,None,None,None,None,LTE+Sub6,LTE+5GS_LTE,0,None,None,1,1882.5,1
1628389667.7,-87.67671019,41.88234044,76,675,629,174270,76,9840,None,None,None,None,None,None,None,None,None,None,LTE+Sub6,LTE+5GS_LTE,0,None,None,1,1883.0,1
1628389667.8,-87.67671018,41.88233961,76,675,None,None,76,5330,76,9840,None,None,None,None,None,None,None,None,LTE,LTE+LTE,0,None,None,1,1883.0,0
1628389668.0,-87.67671017,41.88233796,76,675,None,None,76,5330,76,9840,None,None,None,None,None,None,None,None,LTE,LTE+LTE,0,None,None,1,1883.2999999523163,0
1628389668.1,-87.67671016,41.88233706,76,675,629,174270,76,9840,None,None,None,None,None,None,None,None,None,None,LTE+Sub6,LTE+5GS_LTE,0,None,None,1,1883.2999999523163,1
1628389668.5,-87.6767103,41.88233092,76,675,629,174270,76,9840,None,None,None,None,None,None,None,None,None,None,LTE+Sub6,LTE+5GS_LTE,0,None,None,1,1883.7999999523163,1
1628389668.6,-87.67671035,41.8823291,76,675,None,None,76,5330,76,9840,None,None,None,None,None,None,None,None,LTE,LTE+LTE,0,None,None,1,1883.7999999523163,0
1628389668.9,-87.67671046,41.88232412,76,675,None,None,76,5330,76,9840,None,None,None,None,None,None,None,None,LTE,LTE+LTE,0,None,None,1,1884.2000000476837,0
1628389669.0,-87.6767105,41.88232263,76,675,629,174270,76,9840,None,None,None,None,None,None,None,None,None,None,LTE+Sub6,LTE+5GS_LTE,0,None,None,1,1884.2000000476837,1
1628389669.3,-87.67671062,41.88231571,76,675,629,174270,76,9840,None,None,None,None,None,None,None,None,None,None,LTE+Sub6,LTE+5GS_LTE,0,None,None,1,1884.6000001430511,1
1628389669.4,-87.67671066,41.88231275,76,675,None,None,76,5330,76,9840,None,None,None,None,None,None,None,None,LTE,LTE+LTE,0,None,None,1,1884.6000001430511,0
1628389669.7,-87.67671078,41.88230418,76,675,None,None,76,5330,76,9840,None,None,None,None,None,None,None,None,LTE,LTE+LTE,0,None,None,1,1885.0,0
1628389669.8,-87.67671082,41.88230122,76,675,629,174270,76,9840,None,None,None,None,None,None,None,None,None,None,LTE+Sub6,LTE+5GS_LTE,0,None,None,1,1885.0,1
1628389670.2,-87.6767107,41.88228839,76,675,629,174270,76,9840,None,None,None,None,None,None,None,None,None,None,LTE+Sub6,LTE+5GS_LTE,0,None,None,1,1885.5,1
1628389670.3,-87.67671036,41.88228377,76,675,None,None,76,5330,76,9840,None,None,None,None,None,None,None,None,LTE,LTE+LTE,0,None,None,1,1885.5,0
1628389671.0,-87.67670822,41.88225473,76,675,None,None,76,5330,76,9840,None,None,None,None,None,None,None,None,LTE,LTE+LTE,0,None,None,1,1886.2999999523163,0
1628389671.1,-87.67670787,41.8822501,76,675,629,174270,76,9840,None,None,None,None,None,None,None,None,None,None,LTE+Sub6,LTE+5GS_LTE,0,None,None,1,1886.2999999523163,1
1628389671.3,-87.67670744,41.88224022,76,675,629,174270,76,9840,None,None,None,None,None,None,None,None,None,None,LTE+Sub6,LTE+5GS_LTE,0,None,None,1,1886.6000001430511,1
1628389671.4,-87.67670723,41.88223483,76,675,None,None,76,5330,76,9840,None,None,None,None,None,None,None,None,LTE,LTE+LTE,0,None,None,1,1886.6000001430511,0
1628389672.7,-87.67670495,41.88215875,76,675,None,None,76,5330,76,9840,None,None,None,None,None,None,None,None,LTE,LTE+LTE,0,None,None,1,1888.0,0
1628389672.8,-87.67670482,41.88215205,76,675,629,174270,76,9840,None,None,None,None,None,None,None,None,None,None,LTE+Sub6,LTE+5GS_LTE,0,None,None,1,1888.0,1
1628389673.1,-87.6767044,41.88213127,76,675,629,174270,76,9840,None,None,None,None,None,None,None,None,None,None,LTE+Sub6,LTE+5GS_LTE,0,None,None,1,1888.4000000953674,1
1628389673.2,-87.67670423,41.88212459,76,675,None,None,76,5330,76,9840,None,None,None,None,None,None,None,None,LTE,LTE+LTE,0,None,None,1,1888.4000000953674,0
1628389673.5,-87.67670361,41.88210207,76,675,None,None,76,5330,76,9840,None,None,None,None,None,None,None,None,LTE,LTE+LTE,0,None,None,1,1888.7999999523163,0
1628389673.6,-87.67670339,41.88209381,76,675,629,174270,76,9840,None,None,None,None,None,None,None,None,None,None,LTE+Sub6,LTE+5GS_LTE,0,None,None,1,1888.7999999523163,1
1628389673.8,-87.676703,41.88207955,76,675,629,174270,76,9840,None,None,None,None,None,None,None,None,None,None,LTE+Sub6,LTE+5GS_LTE,0,None,None,1,1889.1000001430511,1
1628389673.9,-87.67670277,41.88207129,76,675,None,None,76,5330,76,9840,None,None,None,None,None,None,None,None,LTE,LTE+LTE,0,None,None,1,1889.1000001430511,0
1628389674.5,-87.6767014,41.88202447,76,675,None,None,76,5330,76,9840,None,None,None,None,None,None,None,None,LTE,LTE+LTE,0,None,None,1,1889.7999999523163,0
1628389674.6,-87.67670112,41.88201548,76,675,629,174270,76,9840,None,None,None,None,None,None,None,None,None,None,LTE+Sub6,LTE+5GS_LTE,0,None,None,1,1889.7999999523163,1
1628389674.9,-87.67670038,41.88199097,76,675,629,174270,76,9840,None,None,None,None,None,None,None,None,None,None,LTE+Sub6,LTE+5GS_LTE,0,None,None,1,1890.2000000476837,1
1628389675.0,-87.67670016,41.88198362,76,675,None,None,76,5330,76,9840,None,None,None,None,None,None,None,None,LTE,LTE+LTE,0,None,None,1,1890.2000000476837,0
1628389675.3,-87.67669918,41.88195842,76,675,None,None,76,5330,76,9840,None,None,None,None,None,None,None,None,LTE,LTE+LTE,0,None,None,1,1890.6000001430511,0
1628389675.4,-87.67669881,41.88194988,76,675,629,174270,76,9840,None,None,None,None,None,None,None,None,None,None,LTE+Sub6,LTE+5GS_LTE,0,None,None,1,1890.6000001430511,1
1628389675.7,-87.67669772,41.88192509,76,675,629,174270,76,9840,None,None,None,None,None,None,None,None,None,None,LTE+Sub6,LTE+5GS_LTE,0,None,None,1,1891.0,1
1628389675.8,-87.67669734,41.88191654,76,675,None,None,76,5330,76,9840,None,None,None,None,None,None,None,None,LTE,LTE+LTE,0,None,None,1,1891.0,0
1628389676.1,-87.67669618,41.88189004,76,675,None,None,76,5330,76,9840,None,None,None,None,None,None,None,None,LTE,LTE+LTE,0,None,None,1,1891.4000000953674,0
1628389676.2,-87.67669587,41.88188277,76,675,629,174270,76,9840,None,None,None,None,None,None,None,None,None,None,LTE+Sub6,LTE+5GS_LTE,0,None,None,1,1891.4000000953674,1
1628389676.5,-87.67669487,41.88185868,76,675,629,174270,76,9840,None,None,None,None,None,None,None,None,None,None,LTE+Sub6,LTE+5GS_LTE,0,None,None,1,1891.7999999523163,1
1628389676.6,-87.6766945,41.88184985,76,675,None,None,76,5330,76,9840,None,None,None,None,None,None,None,None,LTE,LTE+LTE,0,None,None,1,1891.7999999523163,0
1628389677.2,-87.67669248,41.88180331,76,675,None,None,76,5330,76,9840,None,None,None,None,None,None,None,None,LTE,LTE+LTE,0,None,None,1,1892.5,0
1628389677.3,-87.67669193,41.88179454,76,675,629,174270,76,9840,None,None,None,None,None,None,None,None,None,None,LTE+Sub6,LTE+5GS_LTE,0,None,None,1,1892.5,1
1628389677.6,-87.67669043,41.88177063,76,675,629,174270,76,9840,None,None,None,None,None,None,None,None,None,None,LTE+Sub6,LTE+5GS_LTE,0,None,None,1,1892.9000000953674,1
1628389677.7,-87.67668999,41.88176346,76,675,None,None,76,5330,76,9840,None,None,None,None,None,None,None,None,LTE,LTE+LTE,0,None,None,1,1892.9000000953674,0
1628389678.4,-87.67668502,41.88170763,76,675,None,None,76,5330,76,9840,None,None,None,None,None,None,None,None,LTE,LTE+LTE,0,None,None,1,1893.7000000476837,0
1628389678.5,-87.67668412,41.8817007,76,675,629,174270,76,9840,None,None,None,None,None,None,None,None,None,None,LTE+Sub6,LTE+5GS_LTE,0,None,None,1,1893.7000000476837,1
1628389678.8,-87.6766811,41.8816776,76,675,629,174270,76,9840,None,None,None,None,None,None,None,None,None,None,LTE+Sub6,LTE+5GS_LTE,0,None,None,1,1894.1000001430511,1
1628389678.9,-87.67667999,41.88166913,76,675,None,None,76,5330,76,9840,None,None,None,None,None,None,None,None,LTE,LTE+LTE,0,None,None,1,1894.1000001430511,0
1628389679.2,-87.67667705,41.88164762,76,675,None,None,76,5330,76,9840,None,None,None,None,None,None,None,None,LTE,LTE+LTE,0,None,None,1,1894.5,0
1628389679.3,-87.67667566,41.88163927,76,675,629,174270,76,9840,None,None,None,None,None,None,None,None,None,None,LTE+Sub6,LTE+5GS_LTE,0,None,None,1,1894.5,1
1628389679.6,-87.67667187,41.88161648,76,675,629,174270,76,9840,None,None,None,None,None,None,None,None,None,None,LTE+Sub6,LTE+5GS_LTE,0,None,None,1,1894.9000000953674,1
1628389679.7,-87.67667073,41.88160964,76,675,None,None,76,5330,76,9840,None,None,None,None,None,None,None,None,LTE,LTE+LTE,0,None,None,1,1894.9000000953674,0
1628389679.9,-87.67666808,41.88159369,76,675,None,None,76,5330,76,9840,None,None,None,None,None,None,None,None,LTE,LTE+LTE,0,None,None,1,1895.2000000476837,0
1628389680.0,-87.67666694,41.88158685,76,675,629,174270,76,9840,None,None,None,None,None,None,None,None,None,None,LTE+Sub6,LTE+5GS_LTE,0,None,None,1,1895.2000000476837,1
1628389680.4,-87.67666247,41.8815587,76,675,629,174270,76,9840,None,None,None,None,None,None,None,None,None,None,LTE+Sub6,LTE+5GS_LTE,0,None,None,1,1895.7000000476837,1
1628389680.5,-87.67666157,41.88155282,76,675,None,None,76,5330,76,9840,None,None,None,None,None,None,None,None,LTE,LTE+LTE,0,None,None,1,1895.7000000476837,0
1628389681.2,-87.67665486,41.88150809,76,675,None,None,76,5330,76,9840,None,None,None,None,None,None,None,None,LTE,LTE+LTE,0,None,None,1,1896.5,0
1628389681.3,-87.67665432,41.88150244,76,675,629,174270,76,9840,None,None,None,None,None,None,None,None,None,None,LTE+Sub6,LTE+5GS_LTE,0,None,None,1,1896.5,1
1628389681.6,-87.67665282,41.88148705,76,675,629,174270,76,9840,None,None,None,None,None,None,None,None,None,None,LTE+Sub6,LTE+5GS_LTE,0,None,None,1,1896.9000000953674,1
1628389681.7,-87.67665238,41.88148243,76,675,None,None,76,5330,76,9840,None,None,None,None,None,None,None,None,LTE,LTE+LTE,0,None,None,1,1896.9000000953674,0
1628389681.9,-87.67665133,41.88147165,76,675,None,None,76,5330,76,9840,None,None,None,None,None,None,None,None,LTE,LTE+LTE,0,None,None,1,1897.2000000476837,0
1628389682.0,-87.67665089,41.88146703,76,675,629,174270,76,9840,None,None,None,None,None,None,None,None,None,None,LTE+Sub6,LTE+5GS_LTE,0,None,None,1,1897.2000000476837,1
1628389682.4,-87.67664949,41.88145293,76,675,629,174270,76,9840,None,None,None,None,None,None,None,None,None,None,LTE+Sub6,LTE+5GS_LTE,0,None,None,1,1897.7000000476837,1
1628389682.5,-87.67664924,41.88145045,76,675,None,None,76,5330,76,9840,None,None,None,None,None,None,None,None,LTE,LTE+LTE,0,None,None,1,1897.7000000476837,0
1628389682.7,-87.67664869,41.88144494,76,675,None,None,76,5330,76,9840,None,None,None,None,None,None,None,None,LTE,LTE+LTE,0,None,None,1,1898.0,0
1628389682.8,-87.67664841,41.88144219,76,675,629,174270,76,9840,None,None,None,None,None,None,None,None,None,None,LTE+Sub6,LTE+5GS_LTE,0,None,None,1,1898.0,1
1628389683.2,-87.6766475,41.8814326,76,675,629,174270,76,9840,None,None,None,None,None,None,None,None,None,None,LTE+Sub6,LTE+5GS_LTE,0,None,None,1,1898.5,1
1628389683.3,-87.67664746,41.88143153,76,675,None,None,76,5330,76,9840,None,None,None,None,None,None,None,None,LTE,LTE+LTE,0,None,None,1,1898.5,0
1628389683.5,-87.67664739,41.88142969,76,675,None,None,76,5330,76,9840,None,None,None,None,None,None,None,None,LTE,LTE+LTE,0,None,None,1,1898.7999999523163,0
1628389683.6,-87.67664735,41.88142862,76,675,629,174270,76,9840,None,None,None,None,None,None,None,None,None,None,LTE+Sub6,LTE+5GS_LTE,0,None,None,1,1898.7999999523163,1
1628389683.9,-87.67664724,41.88142571,76,675,629,174270,76,9840,None,None,None,None,None,None,None,None,None,None,LTE+Sub6,LTE+5GS_LTE,0,None,None,1,1899.2000000476837,1
1628389684.0,-87.67664721,41.88142483,76,675,None,None,76,5330,76,9840,None,None,None,None,None,None,None,None,LTE,LTE+LTE,0,None,None,1,1899.2000000476837,0
1628389684.3,-87.67664724,41.88142308,76,675,None,None,76,5330,76,9840,None,None,None,None,None,None,None,None,LTE,LTE+LTE,0,None,None,1,1899.6000001430511,0
1628389684.4,-87.67664728,41.88142279,76,675,629,174270,76,9840,None,None,None,None,None,None,None,None,None,None,LTE+Sub6,LTE+5GS_LTE,0,None,None,1,1899.6000001430511,1
1628389684.7,-87.67664741,41.88142195,76,675,629,174270,76,9840,None,None,None,None,None,None,None,None,None,None,LTE+Sub6,LTE+5GS_LTE,0,None,None,1,1900.0,1
1628389684.8,-87.67664746,41.88142166,76,675,None,None,76,5330,76,9840,None,None,None,None,None,None,None,None,LTE,LTE+LTE,0,None,None,1,1900.0,0
1628389685.4,-87.67664761,41.88142079,76,675,None,None,76,5330,76,9840,None,None,None,None,None,None,None,None,LTE,LTE+LTE,0,None,None,1,1900.7000000476837,0
1628389685.5,-87.67664761,41.88142081,76,675,629,174270,76,9840,None,None,None,None,None,None,None,None,None,None,LTE+Sub6,LTE+5GS_LTE,0,None,None,1,1900.7000000476837,1
1628389685.8,-87.67664762,41.88142087,76,675,629,174270,76,9840,None,None,None,None,None,None,None,None,None,None,LTE+Sub6,LTE+5GS_LTE,0,None,None,1,1901.1000001430511,1
1628389685.9,-87.67664762,41.88142089,76,675,None,None,76,5330,76,9840,None,None,None,None,None,None,None,None,LTE,LTE+LTE,0,None,None,1,1901.1000001430511,0
1628389686.1,-87.67664763,41.88142093,76,675,None,None,76,5330,76,9840,None,None,None,None,None,None,None,None,LTE,LTE+LTE,0,None,None,1,1901.4000000953674,0
1628389686.2,-87.67664762,41.88142093,76,675,629,174270,76,9840,None,None,None,None,None,None,None,None,None,None,LTE+Sub6,LTE+5GS_LTE,0,None,None,1,1901.4000000953674,1
1628389686.6,-87.67664759,41.88142094,76,675,629,174270,76,9840,None,None,None,None,None,None,None,None,None,None,LTE+Sub6,LTE+5GS_LTE,0,None,None,1,1901.9000000953674,1
1628389686.7,-87.67664758,41.88142094,76,675,None,None,76,5330,76,9840,None,None,None,None,None,None,None,None,LTE,LTE+LTE,0,None,None,1,1901.9000000953674,0
1628389686.9,-87.67664756,41.88142094,76,675,None,None,76,5330,76,9840,None,None,None,None,None,None,None,None,LTE,LTE+LTE,0,None,None,1,1902.2000000476837,0
1628389687.0,-87.67664755,41.88142095,76,675,629,174270,76,9840,None,None,None,None,None,None,None,None,None,None,LTE+Sub6,LTE+5GS_LTE,0,None,None,1,1902.2000000476837,1
1628389687.4,-87.67664753,41.88142095,76,675,629,174270,76,9840,None,None,None,None,None,None,None,None,None,None,LTE+Sub6,LTE+5GS_LTE,0,None,None,1,1902.7000000476837,1
1628389687.5,-87.67664753,41.88142095,76,675,None,None,76,5330,76,9840,None,None,None,None,None,None,None,None,LTE,LTE+LTE,0,None,None,1,1902.7000000476837,0
1628389688.0,-87.67664753,41.88142095,76,675,None,None,76,5330,76,9840,None,None,None,None,None,None,None,None,LTE,LTE+LTE,0,None,None,1,1903.2999999523163,0
1628389688.1,-87.67664753,41.88142095,76,675,629,174270,76,9840,None,None,None,None,None,None,None,None,None,None,LTE+Sub6,LTE+5GS_LTE,0,None,None,1,1903.2999999523163,1
1628389688.4,-87.67664753,41.88142095,76,675,629,174270,76,9840,None,None,None,None,None,None,None,None,None,None,LTE+Sub6,LTE+5GS_LTE,0,None,None,1,1903.7000000476837,1
1628389688.5,-87.67664753,41.88142095,76,675,None,None,76,5330,76,9840,None,None,None,None,None,None,None,None,LTE,LTE+LTE,0,None,None,1,1903.7000000476837,0
1628389688.8,-87.67664753,41.88142095,76,675,None,None,76,5330,76,9840,None,None,None,None,None,None,None,None,LTE,LTE+LTE,0,None,None,1,1904.1000001430511,0
1628389688.9,-87.67664753,41.88142095,76,675,629,174270,76,9840,None,None,None,None,None,None,None,None,None,None,LTE+Sub6,LTE+5GS_LTE,0,None,None,1,1904.1000001430511,1
1628389689.3,-87.67664753,41.88142095,76,675,629,174270,76,9840,None,None,None,None,None,None,None,None,None,None,LTE+Sub6,LTE+5GS_LTE,0,None,None,1,1904.6000001430511,1
1628389689.4,-87.67664753,41.88142095,76,675,None,None,76,5330,76,9840,None,None,None,None,None,None,None,None,LTE,LTE+LTE,0,None,None,1,1904.6000001430511,0
1628389689.6,-87.67664753,41.88142095,76,675,None,None,76,5330,76,9840,None,None,None,None,None,None,None,None,LTE,LTE+LTE,0,None,None,1,1904.9000000953674,0
1628389689.7,-87.67664753,41.88142095,76,675,629,174270,76,9840,None,None,None,None,None,None,None,None,None,None,LTE+Sub6,LTE+5GS_LTE,0,None,None,1,1904.9000000953674,1
1628389690.0,-87.67664753,41.88142095,76,675,629,174270,76,9840,None,None,None,None,None,None,None,None,None,None,LTE+Sub6,LTE+5GS_LTE,0,None,None,1,1905.2999999523163,1
1628389690.1,-87.67664753,41.88142095,76,675,None,None,76,5330,76,9840,None,None,None,None,None,None,None,None,LTE,LTE+LTE,0,None,None,1,1905.2999999523163,0
1628389690.4,-87.67664697,41.88142076,76,675,None,None,76,5330,76,9840,None,None,None,None,None,None,None,None,LTE,LTE+LTE,0,None,None,1,1905.7000000476837,0
1628389690.5,-87.6766468,41.8814207,76,675,629,174270,76,9840,None,None,None,None,None,None,None,None,None,None,LTE+Sub6,LTE+5GS_LTE,0,None,None,1,1905.7000000476837,1
1628389690.9,-87.67664601,41.88142042,76,675,629,174270,76,9840,None,None,None,None,None,None,None,None,None,None,LTE+Sub6,LTE+5GS_LTE,0,None,None,1,1906.2000000476837,1
1628389691.0,-87.67664584,41.88142036,76,675,None,None,76,5330,76,9840,None,None,None,None,None,None,None,None,LTE,LTE+LTE,0,None,None,1,1906.2000000476837,0
1628389691.2,-87.67664555,41.8814201,76,675,None,None,76,5330,76,9840,None,None,None,None,None,None,None,None,LTE,LTE+LTE,0,None,None,1,1906.5,0
1628389691.3,-87.67664555,41.88141967,76,675,629,174270,76,9840,None,None,None,None,None,None,None,None,None,None,LTE+Sub6,LTE+5GS_LTE,0,None,None,1,1906.5,1
1628389691.6,-87.67664554,41.8814185,76,675,629,174270,76,9840,None,None,None,None,None,None,None,None,None,None,LTE+Sub6,LTE+5GS_LTE,0,None,None,1,1906.9000000953674,1
1628389691.7,-87.67664553,41.88141814,76,675,None,None,76,5330,76,9840,None,None,None,None,None,None,None,None,LTE,LTE+LTE,0,None,None,1,1906.9000000953674,0
1628389691.9,-87.67664553,41.88141732,76,675,None,None,76,5330,76,9840,None,None,None,None,None,None,None,None,LTE,LTE+LTE,0,None,None,1,1907.2000000476837,0
1628389692.0,-87.67664552,41.88141697,76,675,629,174270,76,9840,None,None,None,None,None,None,None,None,None,None,LTE+Sub6,LTE+5GS_LTE,0,None,None,1,1907.2000000476837,1
1628389692.4,-87.67664546,41.88141503,76,675,629,174270,76,9840,None,None,None,None,None,None,None,None,None,None,LTE+Sub6,LTE+5GS_LTE,0,None,None,1,1907.7000000476837,1
1628389692.5,-87.67664544,41.88141457,76,675,None,None,76,5330,76,9840,None,None,None,None,None,None,None,None,LTE,LTE+LTE,0,None,None,1,1907.7000000476837,0
1628389692.7,-87.6766454,41.88141353,76,675,None,None,76,5330,76,9840,None,None,None,None,None,None,None,None,LTE,LTE+LTE,0,None,None,1,1908.0,0
1628389692.8,-87.67664538,41.88141302,76,675,629,174270,76,9840,None,None,None,None,None,None,None,None,None,None,LTE+Sub6,LTE+5GS_LTE,0,None,None,1,1908.0,1
1628389693.2,-87.67664528,41.88141117,76,675,629,174270,76,9840,None,None,None,None,None,None,None,None,None,None,LTE+Sub6,LTE+5GS_LTE,0,None,None,1,1908.5,1
1628389693.3,-87.67664524,41.88141095,76,675,None,None,76,5330,76,9840,None,None,None,None,None,None,None,None,LTE,LTE+LTE,0,None,None,1,1908.5,0
1628389693.8,-87.67664504,41.88140998,76,675,None,None,76,5330,76,9840,None,None,None,None,None,None,None,None,LTE,LTE+LTE,0,None,None,1,1909.1000001430511,0
1628389693.9,-87.676645,41.88140976,76,675,629,174270,76,9840,None,None,None,None,None,None,None,None,None,None,LTE+Sub6,LTE+5GS_LTE,0,None,None,1,1909.1000001430511,1
1628389694.2,-87.67664491,41.88140932,76,675,629,174270,76,9840,None,None,None,None,None,None,None,None,None,None,LTE+Sub6,LTE+5GS_LTE,0,None,None,1,1909.5,1
1628389694.3,-87.67664491,41.88140932,76,675,None,None,76,5330,76,9840,None,None,None,None,None,None,None,None,LTE,LTE+LTE,0,None,None,1,1909.5,0
1628389694.5,-87.67664492,41.88140933,76,675,None,None,76,5330,76,9840,None,None,None,None,None,None,None,None,LTE,LTE+LTE,0,None,None,1,1909.7999999523163,0
1628389694.6,-87.67664492,41.88140933,76,675,629,174270,76,9840,None,None,None,None,None,None,None,None,None,None,LTE+Sub6,LTE+5GS_LTE,0,None,None,1,1909.7999999523163,1
1628389694.9,-87.67664492,41.88140934,76,675,629,174270,76,9840,None,None,None,None,None,None,None,None,None,None,LTE+Sub6,LTE+5GS_LTE,0,None,None,1,1910.2000000476837,1
1628389695.0,-87.67664493,41.88140934,76,675,None,None,76,5330,76,9840,None,None,None,None,None,None,None,None,LTE,LTE+LTE,0,None,None,1,1910.2000000476837,0
1628389707.3,-87.67664586,41.88140765,76,675,None,None,76,5330,76,9840,None,None,None,None,None,None,None,None,LTE,LTE+LTE,0,None,None,1,1922.6000001430511,0
1628389707.4,-87.67664586,41.88140765,76,675,629,174270,76,9840,None,None,None,None,None,None,None,None,None,None,LTE+Sub6,LTE+5GS_LTE,0,None,None,1,1922.6000001430511,1
1628389707.6,-87.67664586,41.88140765,76,675,629,174270,76,9840,None,None,None,None,None,None,None,None,None,None,LTE+Sub6,LTE+5GS_LTE,0,None,None,1,1922.9000000953674,1
1628389707.7,-87.67664586,41.88140765,76,675,None,None,76,5330,76,9840,None,None,None,None,None,None,None,None,LTE,LTE+LTE,0,None,None,1,1922.9000000953674,0
1628389708.2,-87.67664586,41.88140765,76,675,None,None,76,5330,76,9840,None,None,None,None,None,None,None,None,LTE,LTE+LTE,0,None,None,1,1923.5,0
1628389708.3,-87.67664586,41.88140765,76,675,629,174270,76,9840,None,None,None,None,None,None,None,None,None,None,LTE+Sub6,LTE+5GS_LTE,0,None,None,1,1923.5,1
1628389708.6,-87.67664586,41.88140765,76,675,629,174270,76,9840,None,None,None,None,None,None,None,None,None,None,LTE+Sub6,LTE+5GS_LTE,0,None,None,1,1923.9000000953674,1
1628389708.7,-87.67664586,41.88140765,76,675,None,None,76,5330,76,9840,None,None,None,None,None,None,None,None,LTE,LTE+LTE,0,None,None,1,1923.9000000953674,0
1628389709.2,-87.67664586,41.88140765,76,675,None,None,76,5330,76,9840,None,None,None,None,None,None,None,None,LTE,LTE+LTE,0,None,None,1,1924.5,0
1628389709.3,-87.67664586,41.88140765,76,675,629,174270,76,9840,None,None,None,None,None,None,None,None,None,None,LTE+Sub6,LTE+5GS_LTE,0,None,None,1,1924.5,1
1628389709.5,-87.67664586,41.88140765,76,675,629,174270,76,9840,None,None,None,None,None,None,None,None,None,None,LTE+Sub6,LTE+5GS_LTE,0,None,None,1,1924.7999999523163,1
1628389709.6,-87.67664586,41.88140765,76,675,None,None,76,5330,76,9840,None,None,None,None,None,None,None,None,LTE,LTE+LTE,0,None,None,1,1924.7999999523163,0
1628389711.5,-87.67664586,41.88140765,76,675,None,None,76,5330,76,9840,None,None,None,None,None,None,None,None,LTE,LTE+LTE,0,None,None,1,1926.7999999523163,0
1628389711.6,-87.67664586,41.88140765,76,675,629,174270,76,9840,None,None,None,None,None,None,None,None,None,None,LTE+Sub6,LTE+5GS_LTE,0,None,None,1,1926.7999999523163,1
1628389711.9,-87.67664586,41.88140765,76,675,629,174270,76,9840,None,None,None,None,None,None,None,None,None,None,LTE+Sub6,LTE+5GS_LTE,0,None,None,1,1927.2000000476837,1
1628389712.0,-87.67664586,41.88140765,76,675,None,None,76,5330,76,9840,None,None,None,None,None,None,None,None,LTE,LTE+LTE,0,None,None,1,1927.2000000476837,0
1628389713.2,-87.67664586,41.88140765,76,675,None,None,76,5330,76,9840,None,None,None,None,None,None,None,None,LTE,LTE+LTE,0,None,None,1,1928.5,0
1628389713.3,-87.67664586,41.88140765,76,675,629,174270,76,9840,None,None,None,None,None,None,None,None,None,None,LTE+Sub6,LTE+5GS_LTE,0,None,None,1,1928.5,1
1628389713.6,-87.67664586,41.88140765,76,675,629,174270,76,9840,None,None,None,None,None,None,None,None,None,None,LTE+Sub6,LTE+5GS_LTE,0,None,None,1,1928.9000000953674,1
1628389713.7,-87.67664586,41.88140765,76,675,None,None,76,5330,76,9840,None,None,None,None,None,None,None,None,LTE,LTE+LTE,0,None,None,1,1928.9000000953674,0
1628389716.3,-87.67664493,41.88140675,76,675,None,None,76,5330,76,9840,None,None,None,None,None,None,None,None,LTE,LTE+LTE,0,None,None,1,1931.6000001430511,0
1628389716.4,-87.67664431,41.88140616,76,675,629,174270,76,9840,None,None,None,None,None,None,None,None,None,None,LTE+Sub6,LTE+5GS_LTE,0,None,None,1,1931.6000001430511,1
1628389716.6,-87.67664308,41.88140496,76,675,629,174270,76,9840,None,None,None,None,None,None,None,None,None,None,LTE+Sub6,LTE+5GS_LTE,0,None,None,1,1931.9000000953674,1
1628389716.7,-87.67664252,41.88140443,76,675,None,None,76,5330,76,9840,None,None,None,None,None,None,None,None,LTE,LTE+LTE,0,None,None,1,1931.9000000953674,0
1628389716.9,-87.67664122,41.88140317,76,675,None,None,76,5330,76,9840,None,None,None,None,None,None,None,None,LTE,LTE+LTE,0,None,None,1,1932.2000000476837,0
1628389717.0,-87.67664066,41.88140264,76,675,629,174270,76,9840,None,None,None,None,None,None,None,None,None,None,LTE+Sub6,LTE+5GS_LTE,0,None,None,1,1932.2000000476837,1
1628389717.4,-87.67663978,41.88140028,76,675,629,174270,76,9840,None,None,None,None,None,None,None,None,None,None,LTE+Sub6,LTE+5GS_LTE,0,None,None,1,1932.7000000476837,1
1628389717.5,-87.67663975,41.88139977,76,675,None,None,76,5330,76,9840,None,None,None,None,None,None,None,None,LTE,LTE+LTE,0,None,None,1,1932.7000000476837,0
1628389717.7,-87.67663969,41.88139864,76,675,None,None,76,5330,76,9840,None,None,None,None,None,None,None,None,LTE,LTE+LTE,0,None,None,1,1933.0,0
1628389717.8,-87.67663966,41.88139808,76,675,629,174270,76,9840,None,None,None,None,None,None,None,None,None,None,LTE+Sub6,LTE+5GS_LTE,0,None,None,1,1933.0,1
1628389718.2,-87.67663957,41.88139592,76,675,629,174270,76,9840,None,None,None,None,None,None,None,None,None,None,LTE+Sub6,LTE+5GS_LTE,0,None,None,1,1933.5,1
1628389718.3,-87.67663959,41.88139544,76,675,None,None,76,5330,76,9840,None,None,None,None,None,None,None,None,LTE,LTE+LTE,0,None,None,1,1933.5,0
1628389718.5,-87.67663962,41.88139461,76,675,None,None,76,5330,76,9840,None,None,None,None,None,None,None,None,LTE,LTE+LTE,0,None,None,1,1933.7999999523163,0
1628389718.6,-87.67663964,41.88139413,76,675,629,174270,76,9840,None,None,None,None,None,None,None,None,None,None,LTE+Sub6,LTE+5GS_LTE,0,None,None,1,1933.7999999523163,1
1628389719.0,-87.67663971,41.88139243,76,675,629,174270,76,9840,None,None,None,None,None,None,None,None,None,None,LTE+Sub6,LTE+5GS_LTE,0,None,None,1,1934.2999999523163,1
1628389719.1,-87.67663973,41.88139195,76,675,None,None,76,5330,76,9840,None,None,None,None,None,None,None,None,LTE,LTE+LTE,0,None,None,1,1934.2999999523163,0
1628389719.4,-87.67663975,41.88139196,76,675,None,None,76,5330,76,9840,None,None,None,None,None,None,None,None,LTE,LTE+LTE,0,None,None,1,1934.7000000476837,0
1628389719.5,-87.67663976,41.88139198,76,675,629,174270,76,9840,None,None,None,None,None,None,None,None,None,None,LTE+Sub6,LTE+5GS_LTE,0,None,None,1,1934.7000000476837,1
1628389719.8,-87.67663978,41.88139203,76,675,629,174270,76,9840,None,None,None,None,None,None,None,None,None,None,LTE+Sub6,LTE+5GS_LTE,0,None,None,1,1935.1000001430511,1
1628389719.9,-87.67663979,41.88139205,76,675,None,None,76,5330,76,9840,None,None,None,None,None,None,None,None,LTE,LTE+LTE,0,None,None,1,1935.1000001430511,0
1628389720.1,-87.6766398,41.88139209,76,675,None,None,76,5330,76,9840,None,None,None,None,None,None,None,None,LTE,LTE+LTE,0,None,None,1,1935.4000000953674,0
1628389720.2,-87.6766398,41.88139209,76,675,629,174270,76,9840,None,None,None,None,None,None,None,None,None,None,LTE+Sub6,LTE+5GS_LTE,0,None,None,1,1935.4000000953674,1
1628389720.5,-87.6766398,41.88139209,76,675,629,174270,76,9840,None,None,None,None,None,None,None,None,None,None,LTE+Sub6,LTE+5GS_LTE,0,None,None,1,1935.7999999523163,1
1628389720.6,-87.6766398,41.88139209,76,675,None,None,76,5330,76,9840,None,None,None,None,None,None,None,None,LTE,LTE+LTE,0,None,None,1,1935.7999999523163,0
1628389720.9,-87.6766398,41.88139209,76,675,None,None,76,5330,76,9840,None,None,None,None,None,None,None,None,LTE,LTE+LTE,0,None,None,1,1936.2000000476837,0
1628389721.0,-87.6766398,41.88139209,76,675,629,174270,76,9840,None,None,None,None,None,None,None,None,None,None,LTE+Sub6,LTE+5GS_LTE,0,None,None,1,1936.2000000476837,1
1628389721.3,-87.6766398,41.88139209,76,675,629,174270,76,9840,None,None,None,None,None,None,None,None,None,None,LTE+Sub6,LTE+5GS_LTE,0,None,None,1,1936.6000001430511,1
1628389721.4,-87.6766398,41.88139209,76,675,None,None,76,5330,76,9840,None,None,None,None,None,None,None,None,LTE,LTE+LTE,0,None,None,1,1936.6000001430511,0
1628389721.6,-87.6766398,41.88139209,76,675,None,None,76,5330,76,9840,None,None,None,None,None,None,None,None,LTE,LTE+LTE,0,None,None,1,1936.9000000953674,0
1628389721.7,-87.6766398,41.88139209,76,675,629,174270,76,9840,None,None,None,None,None,None,None,None,None,None,LTE+Sub6,LTE+5GS_LTE,0,None,None,1,1936.9000000953674,1
1628389722.1,-87.6766398,41.88139209,76,675,629,174270,76,9840,None,None,None,None,None,None,None,None,None,None,LTE+Sub6,LTE+5GS_LTE,0,None,None,1,1937.4000000953674,1
1628389722.2,-87.6766398,41.88139209,76,675,None,None,76,5330,76,9840,None,None,None,None,None,None,None,None,LTE,LTE+LTE,0,None,None,1,1937.4000000953674,0
1628389722.8,-87.67663902,41.88138921,76,675,None,None,76,5330,76,9840,None,None,None,None,None,None,None,None,LTE,LTE+LTE,0,None,None,1,1938.1000001430511,0
1628389722.9,-87.67663885,41.88138857,76,675,629,174270,76,9840,None,None,None,None,None,None,None,None,None,None,LTE+Sub6,LTE+5GS_LTE,0,None,None,1,1938.1000001430511,1
1628389723.3,-87.67663878,41.88138455,76,675,629,174270,76,9840,None,None,None,None,None,None,None,None,None,None,LTE+Sub6,LTE+5GS_LTE,0,None,None,1,1938.6000001430511,1
1628389723.4,-87.6766389,41.88138305,76,675,None,None,76,5330,76,9840,None,None,None,None,None,None,None,None,LTE,LTE+LTE,0,None,None,1,1938.6000001430511,0
1628389724.0,-87.67663963,41.88137415,76,675,None,None,76,5330,76,9840,None,None,None,None,None,None,None,None,LTE,LTE+LTE,0,None,None,1,1939.2999999523163,0
1628389724.1,-87.67663977,41.88137249,76,675,629,174270,76,9840,None,None,None,None,None,None,None,None,None,None,LTE+Sub6,LTE+5GS_LTE,0,None,None,1,1939.2999999523163,1
1628389724.4,-87.6766396,41.881365,76,675,629,174270,76,9840,None,None,None,None,None,None,None,None,None,None,LTE+Sub6,LTE+5GS_LTE,0,None,None,1,1939.7000000476837,1
1628389724.5,-87.67663954,41.88136272,76,675,None,None,76,5330,76,9840,None,None,None,None,None,None,None,None,LTE,LTE+LTE,0,None,None,1,1939.7000000476837,0
1628389724.8,-87.67663936,41.88135513,76,675,None,None,76,5330,76,9840,None,None,None,None,None,None,None,None,LTE,LTE+LTE,0,None,None,1,1940.1000001430511,0
1628389724.9,-87.67663929,41.88135235,76,675,629,174270,76,9840,None,None,None,None,None,None,None,None,None,None,LTE+Sub6,LTE+5GS_LTE,0,None,None,1,1940.1000001430511,1
1628389725.3,-87.67663654,41.8813411,76,675,629,174270,76,9840,None,None,None,None,None,None,None,None,None,None,LTE+Sub6,LTE+5GS_LTE,0,None,None,1,1940.6000001430511,1
1628389725.4,-87.67663508,41.88133781,76,675,None,None,76,5330,76,9840,None,None,None,None,None,None,None,None,LTE,LTE+LTE,0,None,None,1,1940.6000001430511,0
1628389725.6,-87.67663216,41.88133122,76,675,None,None,76,5330,76,9840,None,None,None,None,None,None,None,None,LTE,LTE+LTE,0,None,None,1,1940.9000000953674,0
1628389725.7,-87.67663085,41.88132826,76,675,629,174270,76,9840,None,None,None,None,None,None,None,None,None,None,LTE+Sub6,LTE+5GS_LTE,0,None,None,1,1940.9000000953674,1
1628389732.1,-87.67604739,41.88127169,76,675,629,174270,76,9840,None,None,None,None,None,None,None,None,None,None,LTE+Sub6,LTE+5GS_LTE,0,None,None,1,1947.4000000953674,1
1628389732.2,-87.67603455,41.88127241,None,None,None,None,None,None,None,None,None,None,None,None,None,None,None,None,None,None,0,None,None,1,1947.4000000953674,0
1628389732.4,-87.67600459,41.88127408,76,675,None,None,None,None,None,None,None,None,None,None,None,None,None,None,LTE,LTE,0,None,None,1,1947.7000000476837,0
1628389732.5,-87.67599175,41.8812748,76,675,629,174270,76,9840,None,None,None,None,None,None,None,None,None,None,LTE+Sub6,LTE+5GS_LTE,0,None,None,1,1947.7000000476837,1
1628389732.8,-87.67594895,41.8812772,76,675,629,174270,76,9840,None,None,None,None,None,None,None,None,None,None,LTE+Sub6,LTE+5GS_LTE,0,None,None,1,1948.1000001430511,1
1628389732.9,-87.67593326,41.88127807,76,675,None,None,76,5330,76,9840,None,None,None,None,None,None,None,None,LTE,LTE+LTE,0,None,None,1,1948.1000001430511,0
1628389733.1,-87.67590473,41.88127967,76,675,None,None,76,5330,76,9840,None,None,None,None,None,None,None,None,LTE,LTE+LTE,0,None,None,1,1948.4000000953674,0
1628389733.2,-87.67589313,41.8812804,76,675,629,174270,76,9840,None,None,None,None,None,None,None,None,None,None,LTE+Sub6,LTE+5GS_LTE,0,None,None,1,1948.4000000953674,1
1628389733.5,-87.67584957,41.88128318,76,675,629,174270,76,9840,None,None,None,None,None,None,None,None,None,None,LTE+Sub6,LTE+5GS_LTE,0,None,None,1,1948.7999999523163,1
1628389733.6,-87.67583359,41.8812842,76,675,None,None,76,5330,76,9840,None,None,None,None,None,None,None,None,LTE,LTE+LTE,0,None,None,1,1948.7999999523163,0
1628389733.8,-87.675806,41.88128597,76,675,None,None,76,5330,76,9840,None,None,None,None,None,None,None,None,LTE,LTE+LTE,0,None,None,1,1949.1000001430511,0
1628389733.9,-87.67579002,41.88128699,76,675,629,174270,76,9840,None,None,None,None,None,None,None,None,None,None,LTE+Sub6,LTE+5GS_LTE,0,None,None,1,1949.1000001430511,1
1628389734.2,-87.67574739,41.88128966,76,675,629,174270,76,9840,None,None,None,None,None,None,None,None,None,None,LTE+Sub6,LTE+5GS_LTE,0,None,None,1,1949.5,1
1628389734.3,-87.67572856,41.8812906,76,675,None,None,76,5330,76,9840,None,None,None,None,None,None,None,None,LTE,LTE+LTE,0,None,None,1,1949.5,0
1628389734.9,-87.67562589,41.88129572,76,675,None,None,76,5330,76,9840,None,None,None,None,None,None,None,None,LTE,LTE+LTE,0,None,None,1,1950.2000000476837,0
1628389735.0,-87.67561049,41.88129649,76,675,629,174270,76,9840,None,None,None,None,None,None,None,None,None,None,LTE+Sub6,LTE+5GS_LTE,0,None,None,1,1950.2000000476837,1
1628389741.3,-87.67456593,41.88133147,76,675,629,174270,76,9840,None,None,None,None,None,None,None,None,None,None,LTE+Sub6,LTE+5GS_LTE,0,None,None,1,1956.6000001430511,1
1628389741.4,-87.67455007,41.88133179,None,None,None,None,None,None,None,None,None,None,None,None,None,None,None,None,None,None,0,None,None,1,1956.6000001430511,0
1628389741.7,-87.67450408,41.88133271,76,675,None,None,None,None,None,None,None,None,None,None,None,None,None,None,LTE,LTE,0,None,None,1,1957.0,0
1628389741.8,-87.67448822,41.88133303,76,675,629,174270,76,9840,None,None,None,None,None,None,None,None,None,None,LTE+Sub6,LTE+5GS_LTE,0,None,None,1,1957.0,1
1628389758.9,-87.67211153,41.88134021,76,675,629,174270,76,9840,None,None,None,None,None,None,None,None,None,None,LTE+Sub6,LTE+5GS_LTE,0,None,None,1,1974.2000000476837,1
1628389759.0,-87.6721022,41.88134138,76,675,None,None,76,5330,76,9840,None,None,None,None,None,None,None,None,LTE,LTE+LTE,0,None,None,1,1974.2000000476837,0
1628389766.5,-87.67174703,41.88115148,76,675,None,None,76,5330,76,9840,None,None,None,None,None,None,None,None,LTE,LTE+LTE,0,None,None,1,1981.7999999523163,0
1628389766.6,-87.67174604,41.88114322,76,675,629,174270,76,9840,None,None,None,None,None,None,None,None,None,None,LTE+Sub6,LTE+5GS_LTE,0,None,None,1,1981.7999999523163,1
1628389766.8,-87.67174433,41.88112894,76,675,629,174270,76,9840,None,None,None,None,None,None,None,None,None,None,LTE+Sub6,LTE+5GS_LTE,0,None,None,1,1982.1000001430511,1
1628389766.9,-87.67174333,41.88112068,76,675,None,None,76,5330,76,9840,None,None,None,None,None,None,None,None,LTE,LTE+LTE,0,None,None,1,1982.1000001430511,0
1628389911.1,-87.67651593,41.87897811,76,675,None,None,76,5330,76,9840,None,None,None,None,None,None,None,None,LTE,LTE+LTE,0,None,None,1,2126.4000000953674,0
1628389911.2,-87.67651585,41.87898494,76,675,629,174270,76,9840,None,None,None,None,None,None,None,None,None,None,LTE+Sub6,LTE+5GS_LTE,0,None,None,1,2126.4000000953674,1
1628389911.5,-87.67651556,41.87900774,76,675,629,174270,76,9840,None,None,None,None,None,None,None,None,None,None,LTE+Sub6,LTE+5GS_LTE,0,None,None,1,2126.7999999523163,1
1628389911.6,-87.67651545,41.87901609,76,675,None,None,76,5330,76,9840,None,None,None,None,None,None,None,None,LTE,LTE+LTE,0,None,None,1,2126.7999999523163,0
1628389912.5,-87.67651437,41.87909001,76,675,None,None,76,5330,76,9840,None,None,None,None,None,None,None,None,LTE,LTE+LTE,0,None,None,1,2127.7999999523163,0
1628389912.6,-87.67651421,41.87910018,76,675,629,174270,76,9840,None,None,None,None,None,None,None,None,None,None,LTE+Sub6,LTE+5GS_LTE,0,None,None,1,2127.7999999523163,1
1628389912.9,-87.67651374,41.87912795,76,675,629,174270,76,9840,None,None,None,None,None,None,None,None,None,None,LTE+Sub6,LTE+5GS_LTE,0,None,None,1,2128.2000000476837,1
1628389913.0,-87.6765136,41.87913628,76,675,None,None,76,5330,76,9840,None,None,None,None,None,None,None,None,LTE,LTE+LTE,0,None,None,1,2128.2000000476837,0
1628389913.2,-87.67651341,41.87915528,76,675,None,None,76,5330,76,9840,None,None,None,None,None,None,None,None,LTE,LTE+LTE,0,None,None,1,2128.5,0
1628389913.3,-87.6765134,41.87916615,76,675,629,174270,76,9840,None,None,None,None,None,None,None,None,None,None,LTE+Sub6,LTE+5GS_LTE,0,None,None,1,2128.5,1
1628389919.7,-87.67652229,41.87981088,76,675,629,174270,76,9840,None,None,None,None,None,None,None,None,None,None,LTE+Sub6,LTE+5GS_LTE,0,None,None,1,2135.0,1
1628389919.8,-87.67652255,41.8798168,76,675,None,None,76,5330,76,9840,None,None,None,None,None,None,None,None,LTE,LTE+LTE,0,None,None,1,2135.0,0
1628389920.0,-87.67652308,41.87982865,76,675,None,None,76,5330,76,9840,None,None,None,None,None,None,None,None,LTE,LTE+LTE,0,None,None,1,2135.2999999523163,0
1628389920.1,-87.67652337,41.87983517,76,675,629,174270,76,9840,None,None,None,None,None,None,None,None,None,None,LTE+Sub6,LTE+5GS_LTE,0,None,None,1,2135.2999999523163,1
1628389980.4,-87.67598472,41.88126815,76,675,629,174270,76,9840,None,None,None,None,None,None,None,None,None,None,LTE+Sub6,LTE+5GS_LTE,0,None,None,1,2195.7000000476837,1
1628389980.5,-87.67597157,41.88126864,76,675,None,None,76,5330,76,9840,None,None,None,None,None,None,None,None,LTE,LTE+LTE,0,None,None,1,2195.7000000476837,0
1628389981.1,-87.67588242,41.88127193,76,675,None,None,76,5330,76,9840,None,None,None,None,None,None,None,None,LTE,LTE+LTE,0,None,None,1,2196.4000000953674,0
1628389981.2,-87.67587022,41.88127255,76,675,629,174270,76,9840,None,None,None,None,None,None,None,None,None,None,LTE+Sub6,LTE+5GS_LTE,0,None,None,1,2196.4000000953674,1
1628389981.5,-87.67582995,41.88127467,76,675,629,174270,76,9840,None,None,None,None,None,None,None,None,None,None,LTE+Sub6,LTE+5GS_LTE,0,None,None,1,2196.7999999523163,1
1628389981.6,-87.67581518,41.88127545,76,675,None,None,76,5330,76,9840,None,None,None,None,None,None,None,None,LTE,LTE+LTE,0,None,None,1,2196.7999999523163,0
1628389981.8,-87.67578968,41.88127679,76,675,None,None,76,5330,76,9840,None,None,None,None,None,None,None,None,LTE,LTE+LTE,0,None,None,1,2197.100000143051,0
1628389981.9,-87.67577491,41.88127757,76,675,629,174270,76,9840,None,None,None,None,None,None,None,None,None,None,LTE+Sub6,LTE+5GS_LTE,0,None,None,1,2197.100000143051,1
1628390003.8,-87.67252009,41.88134526,76,675,629,174270,76,9840,None,None,None,None,None,None,None,None,None,None,LTE+Sub6,LTE+5GS_LTE,0,None,None,1,2219.100000143051,1
1628390003.9,-87.6725057,41.88134519,76,675,None,None,76,5330,76,9840,None,None,None,None,None,None,None,None,LTE,LTE+LTE,0,None,None,1,2219.100000143051,0
1628390004.5,-87.67243101,41.88134448,76,675,None,None,76,5330,76,9840,None,None,None,None,None,None,None,None,LTE,LTE+LTE,0,None,None,1,2219.7999999523163,0
1628390004.6,-87.67241735,41.88134431,76,675,629,174270,76,9840,None,None,None,None,None,None,None,None,None,None,LTE+Sub6,LTE+5GS_LTE,0,None,None,1,2219.7999999523163,1
1628390004.8,-87.67239374,41.88134403,76,675,629,174270,76,9840,None,None,None,None,None,None,None,None,None,None,LTE+Sub6,LTE+5GS_LTE,0,None,None,1,2220.100000143051,1
1628390004.9,-87.67238007,41.88134386,76,675,None,None,76,5330,76,9840,None,None,None,None,None,None,None,None,LTE,LTE+LTE,0,None,None,1,2220.100000143051,0
1628390146.2,-87.67653259,41.87896022,76,675,None,None,76,5330,76,9840,None,None,None,None,None,None,None,None,LTE,LTE+LTE,0,None,None,1,2361.5,0
1628390146.3,-87.67653247,41.87896877,76,675,629,174270,76,9840,None,None,None,None,None,None,None,None,None,None,LTE+Sub6,LTE+5GS_LTE,0,None,None,1,2361.5,1
1628390146.6,-87.67653214,41.8789921,76,675,629,174270,76,9840,None,None,None,None,None,None,None,None,None,None,LTE+Sub6,LTE+5GS_LTE,0,None,None,1,2361.9000000953674,1
1628390146.7,-87.67653204,41.8789991,76,675,None,None,76,5330,76,9840,None,None,None,None,None,None,None,None,LTE,LTE+LTE,0,None,None,1,2361.9000000953674,0
1628390147.3,-87.67653098,41.87904693,76,675,None,None,76,5330,76,9840,None,None,None,None,None,None,None,None,LTE,LTE+LTE,0,None,None,1,2362.600000143051,0
1628390147.4,-87.67653064,41.87905536,76,675,629,174270,76,9840,None,None,None,None,None,None,None,None,None,None,LTE+Sub6,LTE+5GS_LTE,0,None,None,1,2362.600000143051,1
1628390147.7,-87.67652967,41.8790798,76,675,629,174270,76,9840,None,None,None,None,None,None,None,None,None,None,LTE+Sub6,LTE+5GS_LTE,0,None,None,1,2363.0,1
1628390147.8,-87.67652933,41.87908823,76,675,None,None,76,5330,76,9840,None,None,None,None,None,None,None,None,LTE,LTE+LTE,0,None,None,1,2363.0,0
1628390148.0,-87.67652866,41.87910509,76,675,None,None,76,5330,76,9840,None,None,None,None,None,None,None,None,LTE,LTE+LTE,0,None,None,1,2363.2999999523163,0
1628390148.1,-87.67652829,41.87911436,76,675,629,174270,76,9840,None,None,None,None,None,None,None,None,None,None,LTE+Sub6,LTE+5GS_LTE,0,None,None,1,2363.2999999523163,1
1628390153.1,-87.67653404,41.87962612,76,675,629,174270,76,9840,None,None,None,None,None,None,None,None,None,None,LTE+Sub6,LTE+5GS_LTE,0,None,None,1,2368.4000000953674,1
1628390153.2,-87.67653384,41.87963662,76,675,None,None,76,5330,76,9840,None,None,None,None,None,None,None,None,LTE,LTE+LTE,0,None,None,1,2368.4000000953674,0
1628390155.0,-87.67653406,41.87983857,76,675,None,None,76,5330,76,9840,None,None,None,None,None,None,None,None,LTE,LTE+LTE,0,None,None,1,2370.2999999523163,0
1628390155.1,-87.67653436,41.87985054,76,675,629,174270,76,9840,None,None,None,None,None,None,None,None,None,None,LTE+Sub6,LTE+5GS_LTE,0,None,None,1,2370.2999999523163,1
1628390181.6,-87.67595646,41.88133014,76,675,629,174270,76,9840,None,None,None,None,None,None,None,None,None,None,LTE+Sub6,LTE+5GS_LTE,0,None,None,1,2396.9000000953674,1
1628390181.7,-87.67594526,41.88133023,76,675,None,None,76,5330,76,9840,None,None,None,None,None,None,None,None,LTE,LTE+LTE,0,None,None,1,2396.9000000953674,0
1628390181.8,-87.67593281,41.88133033,76,675,None,None,76,5330,76,9840,None,None,None,None,None,None,None,None,LTE,LTE+LTE,0,None,None,1,2397.100000143051,0
1628390181.9,-87.67591912,41.88133044,76,675,629,174270,76,9840,None,None,None,None,None,None,None,None,None,None,LTE+Sub6,LTE+5GS_LTE,0,None,None,1,2397.100000143051,1
1628390182.2,-87.67588197,41.88133083,76,675,629,174270,76,9840,None,None,None,None,None,None,None,None,None,None,LTE+Sub6,LTE+5GS_LTE,0,None,None,1,2397.5,1
1628390182.3,-87.67586683,41.88133107,76,675,None,None,76,5330,76,9840,None,None,None,None,None,None,None,None,LTE,LTE+LTE,0,None,None,1,2397.5,0
1628390182.5,-87.67584067,41.88133149,76,675,None,None,76,5330,76,9840,None,None,None,None,None,None,None,None,LTE,LTE+LTE,0,None,None,1,2397.7999999523163,0
1628390182.6,-87.67582553,41.88133174,76,675,629,174270,76,9840,None,None,None,None,None,None,None,None,None,None,LTE+Sub6,LTE+5GS_LTE,0,None,None,1,2397.7999999523163,1
1628390182.9,-87.67578424,41.8813324,76,675,629,174270,76,9840,None,None,None,None,None,None,None,None,None,None,LTE+Sub6,LTE+5GS_LTE,0,None,None,1,2398.2000000476837,1
1628390183.0,-87.67577185,41.8813326,76,675,None,None,76,5330,76,9840,None,None,None,None,None,None,None,None,LTE,LTE+LTE,0,None,None,1,2398.2000000476837,0
1628390183.3,-87.67572803,41.88133365,76,675,None,None,76,5330,76,9840,None,None,None,None,None,None,None,None,LTE,LTE+LTE,0,None,None,1,2398.600000143051,0
1628390183.4,-87.67571366,41.88133406,76,675,629,174270,76,9840,None,None,None,None,None,None,None,None,None,None,LTE+Sub6,LTE+5GS_LTE,0,None,None,1,2398.600000143051,1
1628390204.9,-87.67259635,41.881364,76,675,629,174270,76,9840,None,None,None,None,None,None,None,None,None,None,LTE+Sub6,LTE+5GS_LTE,0,None,None,1,2420.2000000476837,1
1628390205.0,-87.67258413,41.88136395,76,675,None,None,76,5330,76,9840,None,None,None,None,None,None,None,None,LTE,LTE+LTE,0,None,None,1,2420.2000000476837,0
1628390205.6,-87.67250246,41.8813637,76,675,None,None,76,5330,76,9840,None,None,None,None,None,None,None,None,LTE,LTE+LTE,0,None,None,1,2420.9000000953674,0
1628390205.7,-87.6724902,41.88136366,76,675,629,174270,76,9840,None,None,None,None,None,None,None,None,None,None,LTE+Sub6,LTE+5GS_LTE,0,None,None,1,2420.9000000953674,1
1628390206.0,-87.67244932,41.88136355,76,675,629,174270,76,9840,None,None,None,None,None,None,None,None,None,None,LTE+Sub6,LTE+5GS_LTE,0,None,None,1,2421.2999999523163,1
1628390206.1,-87.67243434,41.88136351,76,675,None,None,76,5330,76,9840,None,None,None,None,None,None,None,None,LTE,LTE+LTE,0,None,None,1,2421.2999999523163,0
1628390206.3,-87.67240707,41.8813633,76,675,None,None,76,5330,76,9840,None,None,None,None,None,None,None,None,LTE,LTE+LTE,0,None,None,1,2421.600000143051,0
1628390206.4,-87.67239343,41.88136318,76,675,629,174270,76,9840,None,None,None,None,None,None,None,None,None,None,LTE+Sub6,LTE+5GS_LTE,0,None,None,1,2421.600000143051,1
1628390206.8,-87.67234024,41.88136273,76,675,629,174270,76,9840,None,None,None,None,None,None,None,None,None,None,LTE+Sub6,LTE+5GS_LTE,0,None,None,1,2422.100000143051,1
1628390206.9,-87.67232524,41.8813626,76,675,None,None,76,5330,76,9840,None,None,None,None,None,None,None,None,LTE,LTE+LTE,0,None,None,1,2422.100000143051,0
1628390208.1,-87.67217038,41.88136293,76,675,None,None,76,5330,76,9840,None,None,None,None,None,None,None,None,LTE,LTE+LTE,0,None,None,1,2423.4000000953674,0
1628390208.2,-87.67216023,41.881363,76,675,629,174270,76,9840,None,None,None,None,None,None,None,None,None,None,LTE+Sub6,LTE+5GS_LTE,0,None,None,1,2423.4000000953674,1
1628390208.5,-87.67212698,41.88136325,76,675,629,174270,76,9840,None,None,None,None,None,None,None,None,None,None,LTE+Sub6,LTE+5GS_LTE,0,None,None,1,2423.7999999523163,1
1628390208.6,-87.67211479,41.88136334,76,675,None,None,76,5330,76,9840,None,None,None,None,None,None,None,None,LTE,LTE+LTE,0,None,None,1,2423.7999999523163,0
1628390208.8,-87.67209373,41.88136349,76,675,None,None,76,5330,76,9840,None,None,None,None,None,None,None,None,LTE,LTE+LTE,0,None,None,1,2424.100000143051,0
1628390208.9,-87.67208154,41.88136358,76,675,629,174270,76,9840,None,None,None,None,None,None,None,None,None,None,LTE+Sub6,LTE+5GS_LTE,0,None,None,1,2424.100000143051,1
1628390209.2,-87.67205095,41.8813637,76,675,629,174270,76,9840,None,None,None,None,None,None,None,None,None,None,LTE+Sub6,LTE+5GS_LTE,0,None,None,1,2424.5,1
1628390209.3,-87.67204089,41.88136363,76,675,None,None,76,5330,76,9840,None,None,None,None,None,None,None,None,LTE,LTE+LTE,0,None,None,1,2424.5,0
1628390312.8,-87.67654682,41.87975395,388,67086,None,None,388,5330,388,66686,None,None,None,None,None,None,None,None,LTE,LTE+LTE,0,None,None,1,2528.100000143051,0
1628390312.9,-87.67654708,41.87976266,388,67086,629,174270,388,66686,None,None,None,None,None,None,None,None,None,None,LTE+Sub6,LTE+5GS_LTE,0,None,None,1,2528.100000143051,1
1628390313.2,-87.67654774,41.87978445,388,67086,629,174270,388,66686,None,None,None,None,None,None,None,None,None,None,LTE+Sub6,LTE+5GS_LTE,0,None,None,1,2528.5,1
1628390313.3,-87.676548,41.87979131,388,67086,None,None,388,5330,388,66686,None,None,None,None,None,None,None,None,LTE,LTE+LTE,0,None,None,1,2528.5,0
1628390316.0,-87.67655149,41.8798987,388,67086,None,None,388,5330,388,66686,None,None,None,None,None,None,None,None,LTE,LTE+LTE,0,None,None,1,2531.2999999523163,0
1628390316.1,-87.67655158,41.87990114,388,67086,629,174270,388,66686,None,None,None,None,None,None,None,None,None,None,LTE+Sub6,LTE+5GS_LTE,0,None,None,1,2531.2999999523163,1
1628390340.9,-87.67657686,41.88109724,388,67086,629,174270,388,66686,None,None,None,None,None,None,None,None,None,None,LTE+Sub6,LTE+5GS_LTE,0,None,None,1,2556.2000000476837,1
1628390341.0,-87.67657628,41.88110021,335,67086,None,None,335,675,335,5330,335,66686,None,None,None,None,None,None,LTE,LTE+LTE,0,None,None,1,2556.2000000476837,0
1628390341.5,-87.67657482,41.8811132,335,67086,None,None,335,675,335,5330,335,66686,None,None,None,None,None,None,LTE,LTE+LTE,0,None,None,1,2556.7999999523163,0
1628390341.6,-87.6765746,41.88111593,335,67086,629,174270,335,1025,335,66686,335,675,None,None,None,None,None,None,LTE+Sub6,LTE+5GS_LTE,0,None,None,1,2556.7999999523163,1
1628390347.8,-87.67657092,41.88115336,335,67086,629,174270,335,1025,335,66686,335,675,None,None,None,None,None,None,LTE+Sub6,LTE+5GS_LTE,0,None,None,1,2563.100000143051,1
1628390347.9,-87.67657092,41.88115336,None,None,None,None,None,None,None,None,None,None,None,None,None,None,None,None,None,None,0,None,None,1,2563.100000143051,0
1628390348.1,-87.67657092,41.88115336,335,67086,None,None,None,None,None,None,None,None,None,None,None,None,None,None,LTE,LTE,0,None,None,1,2563.4000000953674,0
1628390348.2,-87.67657092,41.88115336,335,67086,629,174270,335,1025,335,66686,335,675,None,None,None,None,None,None,LTE+Sub6,LTE+5GS_LTE,0,None,None,1,2563.4000000953674,1
1628390364.5,-87.67634762,41.8812596,335,67086,629,174270,335,1025,335,66686,335,675,None,None,None,None,None,None,LTE+Sub6,LTE+5GS_LTE,0,None,None,1,2579.7999999523163,1
1628390364.6,-87.67633784,41.88126008,388,67086,None,None,388,675,388,5330,388,66686,None,None,None,None,None,None,LTE,LTE+LTE,0,None,None,1,2579.7999999523163,0
1628390365.0,-87.67630316,41.88126178,388,67086,None,None,388,675,388,5330,388,66686,None,None,None,None,None,None,LTE,LTE+LTE,0,None,None,1,2580.2999999523163,0
1628390365.1,-87.67629338,41.88126226,388,67086,629,174270,388,675,388,66686,None,None,None,None,None,None,None,None,LTE+Sub6,LTE+5GS_LTE,0,None,None,1,2580.2999999523163,1
1628390365.4,-87.67626282,41.88126335,388,67086,629,174270,388,675,388,66686,None,None,None,None,None,None,None,None,LTE+Sub6,LTE+5GS_LTE,0,None,None,1,2580.7000000476837,1
1628390365.5,-87.67625358,41.88126367,388,67086,None,None,388,675,388,5330,388,66686,None,None,None,None,None,None,LTE,LTE+LTE,0,None,None,1,2580.7000000476837,0
1628390365.8,-87.67622274,41.88126475,388,67086,None,None,388,675,388,5330,388,66686,None,None,None,None,None,None,LTE,LTE+LTE,0,None,None,1,2581.100000143051,0
1628390365.9,-87.67621144,41.88126514,388,67086,629,174270,388,675,388,66686,None,None,None,None,None,None,None,None,LTE+Sub6,LTE+5GS_LTE,0,None,None,1,2581.100000143051,1
1628390366.2,-87.67618146,41.88126614,388,67086,629,174270,388,675,388,66686,None,None,None,None,None,None,None,None,LTE+Sub6,LTE+5GS_LTE,0,None,None,1,2581.5,1
1628390366.3,-87.67616796,41.88126652,388,67086,None,None,388,675,388,5330,388,66686,None,None,None,None,None,None,LTE,LTE+LTE,0,None,None,1,2581.5,0
1628390368.4,-87.67590543,41.88127418,388,67086,None,None,388,675,388,5330,388,66686,None,None,None,None,None,None,LTE,LTE+LTE,0,None,None,1,2583.7000000476837,0
1628390368.5,-87.67589292,41.8812746,388,67086,629,174270,388,675,388,66686,None,None,None,None,None,None,None,None,LTE+Sub6,LTE+5GS_LTE,0,None,None,1,2583.7000000476837,1
1628390368.8,-87.67585119,41.881276,388,67086,629,174270,388,675,388,66686,None,None,None,None,None,None,None,None,LTE+Sub6,LTE+5GS_LTE,0,None,None,1,2584.100000143051,1
1628390368.9,-87.67583589,41.88127652,388,67086,None,None,388,675,388,5330,388,66686,None,None,None,None,None,None,LTE,LTE+LTE,0,None,None,1,2584.100000143051,0
1628390369.1,-87.67580807,41.88127745,388,67086,None,None,388,675,388,5330,388,66686,None,None,None,None,None,None,LTE,LTE+LTE,0,None,None,1,2584.4000000953674,0
1628390369.2,-87.67579658,41.88127773,388,67086,629,174270,388,675,388,66686,None,None,None,None,None,None,None,None,LTE+Sub6,LTE+5GS_LTE,0,None,None,1,2584.4000000953674,1
1628390371.2,-87.67550255,41.88128476,388,67086,629,174270,388,675,388,66686,None,None,None,None,None,None,None,None,LTE+Sub6,LTE+5GS_LTE,0,None,None,1,2586.5,1
1628390371.3,-87.67548608,41.88128504,335,67086,None,None,335,675,335,5330,335,66686,None,None,None,None,None,None,LTE,LTE+LTE,0,None,None,1,2586.5,0
1628390371.6,-87.67544116,41.8812858,335,67086,None,None,335,675,335,5330,335,66686,None,None,None,None,None,None,LTE,LTE+LTE,0,None,None,1,2586.9000000953674,0
1628390371.7,-87.67542769,41.88128602,335,67086,629,174270,335,1025,335,66686,335,675,None,None,None,None,None,None,LTE+Sub6,LTE+5GS_LTE,0,None,None,1,2586.9000000953674,1
1628390380.1,-87.67417104,41.88130966,335,67086,629,174270,335,1025,335,66686,335,675,None,None,None,None,None,None,LTE+Sub6,LTE+5GS_LTE,0,None,None,1,2595.4000000953674,1
1628390380.2,-87.67415891,41.88130988,76,675,None,None,76,5330,76,9840,None,None,None,None,None,None,None,None,LTE,LTE+LTE,0,None,None,1,2595.4000000953674,0
1628390380.4,-87.67412703,41.88131049,76,675,None,None,76,5330,76,9840,None,None,None,None,None,None,None,None,LTE,LTE+LTE,0,None,None,1,2595.7000000476837,0
1628390380.5,-87.67411336,41.88131075,76,675,629,174270,76,9840,None,None,None,None,None,None,None,None,None,None,LTE+Sub6,LTE+5GS_LTE,0,None,None,1,2595.7000000476837,1
1628390380.7,-87.674083,41.88131132,76,675,629,174270,76,9840,None,None,None,None,None,None,None,None,None,None,LTE+Sub6,LTE+5GS_LTE,0,None,None,1,2596.0,1
1628390380.8,-87.67406781,41.88131161,76,675,None,None,76,5330,76,9840,None,None,None,None,None,None,None,None,LTE,LTE+LTE,0,None,None,1,2596.0,0
1628390381.4,-87.6739753,41.88131311,76,675,None,None,76,5330,76,9840,None,None,None,None,None,None,None,None,LTE,LTE+LTE,0,None,None,1,2596.7000000476837,0
1628390381.5,-87.67396166,41.88131329,76,675,629,174270,76,9840,None,None,None,None,None,None,None,None,None,None,LTE+Sub6,LTE+5GS_LTE,0,None,None,1,2596.7000000476837,1
1628390393.6,-87.67223373,41.88132634,76,675,629,174270,76,9840,None,None,None,None,None,None,None,None,None,None,LTE+Sub6,LTE+5GS_LTE,0,None,None,1,2608.9000000953674,1
1628390393.7,-87.67222617,41.88132637,76,675,8,174270,76,9840,None,None,None,None,None,None,None,None,None,None,LTE+Sub6,LTE+5GS_LTE,0,None,None,1,2608.9000000953674,0
1628390394.3,-87.67218182,41.8813265,76,675,None,None,76,5330,76,9840,None,None,None,None,None,None,None,None,LTE,LTE+LTE,0,None,None,1,2609.600000143051,0
1628390394.4,-87.67217704,41.8813265,76,675,629,174270,76,9840,None,None,None,None,None,None,None,None,None,None,LTE+Sub6,LTE+5GS_LTE,0,None,None,1,2609.600000143051,1
1628390394.7,-87.67216319,41.88132651,76,675,629,174270,76,9840,None,None,None,None,None,None,None,None,None,None,LTE+Sub6,LTE+5GS_LTE,0,None,None,1,2610.0,1
1628390394.8,-87.67215842,41.88132651,76,675,None,None,76,5330,76,9840,None,None,None,None,None,None,None,None,LTE,LTE+LTE,0,None,None,1,2610.0,0
1628390497.4,-87.67651349,41.87886368,76,675,None,None,76,5330,76,9840,None,None,None,None,None,None,None,None,LTE,LTE+LTE,0,None,None,1,2712.7000000476837,0
1628390497.5,-87.67651391,41.87886899,76,675,629,174270,76,9840,None,None,None,None,None,None,None,None,None,None,LTE+Sub6,LTE+5GS_LTE,0,None,None,1,2712.7000000476837,1
1628390497.7,-87.67651484,41.87888078,76,675,629,174270,76,9840,None,None,None,None,None,None,None,None,None,None,LTE+Sub6,LTE+5GS_LTE,0,None,None,1,2713.0,1
1628390497.8,-87.6765153,41.87888668,76,675,None,None,76,5330,76,9840,None,None,None,None,None,None,None,None,LTE,LTE+LTE,0,None,None,1,2713.0,0
1628390499.0,-87.6765174,41.87896992,76,675,None,None,76,5330,76,9840,None,None,None,None,None,None,None,None,LTE,LTE+LTE,0,None,None,1,2714.2999999523163,0
1628390499.1,-87.67651748,41.87897806,76,675,629,174270,76,9840,None,None,None,None,None,None,None,None,None,None,LTE+Sub6,LTE+5GS_LTE,0,None,None,1,2714.2999999523163,1
1628390499.4,-87.67651772,41.87900323,76,675,629,174270,76,9840,None,None,None,None,None,None,None,None,None,None,LTE+Sub6,LTE+5GS_LTE,0,None,None,1,2714.7000000476837,1
1628390499.5,-87.67651779,41.87901113,76,675,None,None,76,5330,76,9840,None,None,None,None,None,None,None,None,LTE,LTE+LTE,0,None,None,1,2714.7000000476837,0
1628390499.7,-87.67651796,41.87902868,76,675,None,None,76,5330,76,9840,None,None,None,None,None,None,None,None,LTE,LTE+LTE,0,None,None,1,2715.0,0
1628390499.8,-87.67651805,41.87903746,76,675,629,174270,76,9840,None,None,None,None,None,None,None,None,None,None,LTE+Sub6,LTE+5GS_LTE,0,None,None,1,2715.0,1
1628390500.1,-87.67651831,41.87906466,76,675,629,174270,76,9840,None,None,None,None,None,None,None,None,None,None,LTE+Sub6,LTE+5GS_LTE,0,None,None,1,2715.4000000953674,1
1628390500.2,-87.67651871,41.87907324,76,675,None,None,76,5330,76,9840,None,None,None,None,None,None,None,None,LTE,LTE+LTE,0,None,None,1,2715.4000000953674,0
1628390500.4,-87.67651963,41.87909326,76,675,None,None,76,5330,76,9840,None,None,None,None,None,None,None,None,LTE,LTE+LTE,0,None,None,1,2715.7000000476837,0
1628390500.5,-87.67652003,41.87910184,76,675,629,174270,76,9840,None,None,None,None,None,None,None,None,None,None,LTE+Sub6,LTE+5GS_LTE,0,None,None,1,2715.7000000476837,1
1628390500.9,-87.67652183,41.87914093,76,675,629,174270,76,9840,None,None,None,None,None,None,None,None,None,None,LTE+Sub6,LTE+5GS_LTE,0,None,None,1,2716.2000000476837,1
1628390501.0,-87.67652223,41.87914951,76,675,None,None,76,5330,76,9840,None,None,None,None,None,None,None,None,LTE,LTE+LTE,0,None,None,1,2716.2000000476837,0
1628390501.5,-87.67652433,41.8791997,76,675,None,None,76,5330,76,9840,None,None,None,None,None,None,None,None,LTE,LTE+LTE,0,None,None,1,2716.7999999523163,0
1628390501.6,-87.6765248,41.87921119,76,675,629,174270,76,9840,None,None,None,None,None,None,None,None,None,None,LTE+Sub6,LTE+5GS_LTE,0,None,None,1,2716.7999999523163,1
1628390501.9,-87.67652608,41.87924253,76,675,629,174270,76,9840,None,None,None,None,None,None,None,None,None,None,LTE+Sub6,LTE+5GS_LTE,0,None,None,1,2717.2000000476837,1
1628390502.0,-87.67652647,41.87925193,76,675,None,None,76,5330,76,9840,None,None,None,None,None,None,None,None,LTE,LTE+LTE,0,None,None,1,2717.2000000476837,0
1628390502.6,-87.67652934,41.87931618,76,675,None,None,76,5330,76,9840,None,None,None,None,None,None,None,None,LTE,LTE+LTE,0,None,None,1,2717.9000000953674,0
1628390502.7,-87.67652978,41.87932588,76,675,629,174270,76,9840,None,None,None,None,None,None,None,None,None,None,LTE+Sub6,LTE+5GS_LTE,0,None,None,1,2717.9000000953674,1
1628390503.0,-87.67653126,41.8793582,76,675,629,174270,76,9840,None,None,None,None,None,None,None,None,None,None,LTE+Sub6,LTE+5GS_LTE,0,None,None,1,2718.2999999523163,1
1628390503.1,-87.6765318,41.87937005,76,675,None,None,76,5330,76,9840,None,None,None,None,None,None,None,None,LTE,LTE+LTE,0,None,None,1,2718.2999999523163,0
1628390503.6,-87.67653363,41.87942377,76,675,None,None,76,5330,76,9840,None,None,None,None,None,None,None,None,LTE,LTE+LTE,0,None,None,1,2718.9000000953674,0
1628390503.7,-87.67653396,41.87943364,76,675,629,174270,76,9840,None,None,None,None,None,None,None,None,None,None,LTE+Sub6,LTE+5GS_LTE,0,None,None,1,2718.9000000953674,1
1628390504.0,-87.67653506,41.87946655,76,675,629,174270,76,9840,None,None,None,None,None,None,None,None,None,None,LTE+Sub6,LTE+5GS_LTE,0,None,None,1,2719.2999999523163,1
1628390504.1,-87.67653546,41.87947862,76,675,None,None,76,5330,76,9840,None,None,None,None,None,None,None,None,LTE,LTE+LTE,0,None,None,1,2719.2999999523163,0
1628390504.6,-87.67653659,41.87953415,76,675,None,None,76,5330,76,9840,None,None,None,None,None,None,None,None,LTE,LTE+LTE,0,None,None,1,2719.9000000953674,0
1628390504.7,-87.67653679,41.87954438,76,675,629,174270,76,9840,None,None,None,None,None,None,None,None,None,None,LTE+Sub6,LTE+5GS_LTE,0,None,None,1,2719.9000000953674,1
1628390505.6,-87.67653851,41.87964179,76,675,629,174270,76,9840,None,None,None,None,None,None,None,None,None,None,LTE+Sub6,LTE+5GS_LTE,0,None,None,1,2720.9000000953674,1
1628390505.7,-87.67653866,41.87965092,76,675,8,174270,76,9840,None,None,None,None,None,None,None,None,None,None,LTE+Sub6,LTE+5GS_LTE,0,None,None,1,2720.9000000953674,0
1628390506.3,-87.67654008,41.87970834,76,675,None,None,76,5330,76,9840,None,None,None,None,None,None,None,None,LTE,LTE+LTE,0,None,None,1,2721.600000143051,0
1628390506.4,-87.67654049,41.87971658,76,675,629,174270,76,9840,None,None,None,None,None,None,None,None,None,None,LTE+Sub6,LTE+5GS_LTE,0,None,None,1,2721.600000143051,1
1628390506.6,-87.6765413,41.87973307,76,675,629,174270,76,9840,None,None,None,None,None,None,None,None,None,None,LTE+Sub6,LTE+5GS_LTE,0,None,None,1,2721.9000000953674,1
1628390506.7,-87.67654166,41.87974049,76,675,None,None,76,5330,76,9840,None,None,None,None,None,None,None,None,LTE,LTE+LTE,0,None,None,1,2721.9000000953674,0
1628390510.1,-87.67655031,41.87988683,76,675,None,None,76,5330,76,9840,None,None,None,None,None,None,None,None,LTE,LTE+LTE,0,None,None,1,2725.4000000953674,0
1628390510.2,-87.67655036,41.87988816,76,675,629,174270,76,9840,None,None,None,None,None,None,None,None,None,None,LTE+Sub6,LTE+5GS_LTE,0,None,None,1,2725.4000000953674,1
1628390547.9,-87.67588946,41.88127369,76,675,629,174270,76,9840,None,None,None,None,None,None,None,None,None,None,LTE+Sub6,LTE+5GS_LTE,0,None,None,1,2763.2000000476837,1
1628390548.0,-87.67587671,41.88127401,76,675,None,None,76,5330,76,9840,None,None,None,None,None,None,None,None,LTE,LTE+LTE,0,None,None,1,2763.2000000476837,0
1628390548.2,-87.67584748,41.88127473,76,675,None,None,76,5330,76,9840,None,None,None,None,None,None,None,None,LTE,LTE+LTE,0,None,None,1,2763.5,0
1628390548.3,-87.67583064,41.88127515,76,675,629,174270,76,9840,None,None,None,None,None,None,None,None,None,None,LTE+Sub6,LTE+5GS_LTE,0,None,None,1,2763.5,1
1628390548.7,-87.67577096,41.88127662,76,675,629,174270,76,9840,None,None,None,None,None,None,None,None,None,None,LTE+Sub6,LTE+5GS_LTE,0,None,None,1,2764.0,1
1628390548.8,-87.67575566,41.88127699,76,675,None,None,76,5330,76,9840,None,None,None,None,None,None,None,None,LTE,LTE+LTE,0,None,None,1,2764.0,0
1628390549.0,-87.67572505,41.88127775,76,675,None,None,76,5330,76,9840,None,None,None,None,None,None,None,None,LTE,LTE+LTE,0,None,None,1,2764.2999999523163,0
1628390549.1,-87.67570822,41.88127816,76,675,629,174270,76,9840,None,None,None,None,None,None,None,None,None,None,LTE+Sub6,LTE+5GS_LTE,0,None,None,1,2764.2999999523163,1
1628390558.7,-87.67414526,41.8813323,76,675,629,174270,76,9840,None,None,None,None,None,None,None,None,None,None,LTE+Sub6,LTE+5GS_LTE,0,None,None,1,2774.0,1
1628390558.8,-87.67412862,41.88133245,76,675,None,None,76,5330,76,9840,None,None,None,None,None,None,None,None,LTE,LTE+LTE,0,None,None,1,2774.0,0
1628390559.0,-87.67409532,41.88133275,76,675,None,None,76,5330,76,9840,None,None,None,None,None,None,None,None,LTE,LTE+LTE,0,None,None,1,2774.2999999523163,0
1628390559.1,-87.67407701,41.88133291,76,675,629,174270,76,9840,None,None,None,None,None,None,None,None,None,None,LTE+Sub6,LTE+5GS_LTE,0,None,None,1,2774.2999999523163,1
1628390572.0,-87.6720149,41.88134819,76,675,629,174270,76,9840,None,None,None,None,None,None,None,None,None,None,LTE+Sub6,LTE+5GS_LTE,0,None,None,1,2787.2999999523163,1
1628390572.1,-87.67200572,41.88134824,76,675,811,174270,76,9840,None,None,None,None,None,None,None,None,None,None,LTE+Sub6,LTE+5GS_LTE,0,None,None,1,2787.2999999523163,0
1628390696.2,-87.67651378,41.87889278,76,675,None,None,76,5330,76,9840,None,None,None,None,None,None,None,None,LTE,LTE+LTE,0,None,None,1,2911.5,0
1628390696.3,-87.6765136,41.87890057,76,675,629,174270,76,9840,None,None,None,None,None,None,None,None,None,None,LTE+Sub6,LTE+5GS_LTE,0,None,None,1,2911.5,1
1628390696.6,-87.67651313,41.87892179,76,675,629,174270,76,9840,None,None,None,None,None,None,None,None,None,None,LTE+Sub6,LTE+5GS_LTE,0,None,None,1,2911.9000000953674,1
1628390696.7,-87.67651299,41.87892816,76,675,None,None,76,5330,76,9840,None,None,None,None,None,None,None,None,LTE,LTE+LTE,0,None,None,1,2911.9000000953674,0
1628390699.0,-87.67651004,41.87912908,76,675,None,None,76,5330,76,9840,None,None,None,None,None,None,None,None,LTE,LTE+LTE,0,None,None,1,2914.2999999523163,0
1628390699.1,-87.67650983,41.87914008,76,675,629,174270,76,9840,None,None,None,None,None,None,None,None,None,None,LTE+Sub6,LTE+5GS_LTE,0,None,None,1,2914.2999999523163,1
1628390704.1,-87.67649862,41.87971941,76,675,629,174270,76,9840,None,None,None,None,None,None,None,None,None,None,LTE+Sub6,LTE+5GS_LTE,0,None,None,1,2919.4000000953674,1
1628390704.2,-87.6764983,41.87972946,76,675,8,174270,76,9840,None,None,None,None,None,None,None,None,None,None,LTE+Sub6,LTE+5GS_LTE,0,None,None,1,2919.4000000953674,0
1628390710.6,-87.67650129,41.88010393,76,675,8,174270,76,9840,None,None,None,None,None,None,None,None,None,None,LTE+Sub6,LTE+5GS_LTE,0,None,None,1,2925.9000000953674,0
1628390710.7,-87.67650113,41.8801088,76,675,629,174270,76,9840,None,None,None,None,None,None,None,None,None,None,LTE+Sub6,LTE+5GS_LTE,0,None,None,1,2925.9000000953674,1
1628390754.0,-87.67272553,41.88134026,76,675,629,174270,76,9840,None,None,None,None,None,None,None,None,None,None,LTE+Sub6,LTE+5GS_LTE,0,None,None,1,2969.2999999523163,1
1628390754.1,-87.67270893,41.88134043,76,675,None,None,76,5330,76,9840,None,None,None,None,None,None,None,None,LTE,LTE+LTE,0,None,None,1,2969.2999999523163,0
1628390754.2,-87.67269535,41.88134058,76,675,None,None,76,5330,76,9840,None,None,None,None,None,None,None,None,LTE,LTE+LTE,0,None,None,1,2969.5,0
1628390754.3,-87.67267875,41.88134075,76,675,629,174270,76,9840,None,None,None,None,None,None,None,None,None,None,LTE+Sub6,LTE+5GS_LTE,0,None,None,1,2969.5,1
1628390759.8,-87.67199776,41.88134982,76,675,629,174270,76,9840,None,None,None,None,None,None,None,None,None,None,LTE+Sub6,LTE+5GS_LTE,0,None,None,1,2975.100000143051,1
1628390759.9,-87.67198812,41.88135008,76,675,None,None,76,5330,76,9840,None,None,None,None,None,None,None,None,LTE,LTE+LTE,0,None,None,1,2975.100000143051,0
1628391085.2,-87.67652552,41.87931949,76,675,None,None,None,None,None,None,None,None,None,None,None,None,None,None,LTE,LTE,0,None,None,1,3300.5,0
1628391085.3,-87.67652574,41.87933218,76,675,629,174270,76,9840,None,None,None,None,None,None,None,None,None,None,LTE+Sub6,LTE+5GS_LTE,0,None,None,1,3300.5,1
1628391139.3,-87.67589635,41.88128007,76,675,629,174270,76,9840,None,None,None,None,None,None,None,None,None,None,LTE+Sub6,LTE+5GS_LTE,0,None,None,1,3354.600000143051,1
1628391139.4,-87.67588455,41.88127981,76,675,None,None,76,5330,76,9840,None,None,None,None,None,None,None,None,LTE,LTE+LTE,0,None,None,1,3354.600000143051,0
1628391139.6,-87.67586095,41.8812793,76,675,None,None,76,5330,76,9840,None,None,None,None,None,None,None,None,LTE,LTE+LTE,0,None,None,1,3354.9000000953674,0
1628391139.7,-87.67585034,41.88127907,76,675,629,174270,76,9840,None,None,None,None,None,None,None,None,None,None,LTE+Sub6,LTE+5GS_LTE,0,None,None,1,3354.9000000953674,1
1628391140.0,-87.67581495,41.8812783,76,675,629,174270,76,9840,None,None,None,None,None,None,None,None,None,None,LTE+Sub6,LTE+5GS_LTE,0,None,None,1,3355.2999999523163,1
1628391140.1,-87.67580197,41.88127802,76,675,None,None,76,5330,76,9840,None,None,None,None,None,None,None,None,LTE,LTE+LTE,0,None,None,1,3355.2999999523163,0
1628391140.4,-87.67577147,41.88127925,76,675,None,None,76,5330,76,9840,None,None,None,None,None,None,None,None,LTE,LTE+LTE,0,None,None,1,3355.7000000476837,0
1628391140.5,-87.67576236,41.88127964,76,675,629,174270,76,9840,None,None,None,None,None,None,None,None,None,None,LTE+Sub6,LTE+5GS_LTE,0,None,None,1,3355.7000000476837,1
1628391164.5,-87.67543549,41.88129589,76,675,629,174270,76,9840,None,None,None,None,None,None,None,None,None,None,LTE+Sub6,LTE+5GS_LTE,0,None,None,1,3379.7999999523163,1
1628391164.6,-87.67543549,41.88129589,None,None,None,None,None,None,None,None,None,None,None,None,None,None,None,None,None,None,0,None,None,1,3379.7999999523163,0
1628391165.0,-87.67543549,41.88129589,76,675,None,None,None,None,None,None,None,None,None,None,None,None,None,None,LTE,LTE,0,None,None,1,3380.2999999523163,0
1628391165.1,-87.67543549,41.88129589,76,675,629,174270,76,9840,None,None,None,None,None,None,None,None,None,None,LTE+Sub6,LTE+5GS_LTE,0,None,None,1,3380.2999999523163,1
1628391258.8,-87.67349799,41.88129718,76,675,629,174270,76,9840,None,None,None,None,None,None,None,None,None,None,LTE+Sub6,LTE+5GS_LTE,0,None,None,1,3474.100000143051,1
1628391258.9,-87.67348182,41.88129775,76,675,None,None,76,5330,76,9840,None,None,None,None,None,None,None,None,LTE,LTE+LTE,0,None,None,1,3474.100000143051,0
1628391259.0,-87.67346858,41.88129823,76,675,None,None,76,5330,76,9840,None,None,None,None,None,None,None,None,LTE,LTE+LTE,0,None,None,1,3474.2999999523163,0
1628391259.1,-87.67345241,41.88129881,76,675,629,174270,76,9840,None,None,None,None,None,None,None,None,None,None,LTE+Sub6,LTE+5GS_LTE,0,None,None,1,3474.2999999523163,1
1628391271.1,-87.67188919,41.88132876,76,675,629,174270,76,9840,None,None,None,None,None,None,None,None,None,None,LTE+Sub6,LTE+5GS_LTE,0,None,None,1,3486.4000000953674,1
1628391271.2,-87.67188446,41.88132788,258,675,None,None,258,5330,258,9820,None,None,None,None,None,None,None,None,LTE,LTE+LTE,0,None,None,1,3486.4000000953674,0
1628391271.4,-87.67187419,41.88132549,258,675,None,None,258,5330,258,9820,None,None,None,None,None,None,None,None,LTE,LTE+LTE,0,None,None,1,3486.7000000476837,0
1628391271.5,-87.67186979,41.88132447,258,675,629,174270,258,9820,None,None,None,None,None,None,None,None,None,None,LTE+Sub6,LTE+5GS_LTE,0,None,None,1,3486.7000000476837,1
1628391271.8,-87.67185512,41.88132106,258,675,629,174270,258,9820,None,None,None,None,None,None,None,None,None,None,LTE+Sub6,LTE+5GS_LTE,0,None,None,1,3487.100000143051,1
1628391271.9,-87.67184975,41.88131981,258,675,None,None,258,5330,258,9820,None,None,None,None,None,None,None,None,LTE,LTE+LTE,0,None,None,1,3487.100000143051,0
1628391277.1,-87.6717401,41.88104349,258,675,None,None,258,5330,258,9820,None,None,None,None,None,None,None,None,LTE,LTE+LTE,0,None,None,1,3492.4000000953674,0
1628391277.2,-87.67173965,41.88103559,258,675,629,174270,258,9820,None,None,None,None,None,None,None,None,None,None,LTE+Sub6,LTE+5GS_LTE,0,None,None,1,3492.4000000953674,1
1628391277.4,-87.67173859,41.88101716,258,675,629,174270,258,9820,None,None,None,None,None,None,None,None,None,None,LTE+Sub6,LTE+5GS_LTE,0,None,None,1,3492.7000000476837,1
1628391277.5,-87.67173814,41.88100926,258,675,None,None,258,5330,258,9820,None,None,None,None,None,None,None,None,LTE,LTE+LTE,0,None,None,1,3492.7000000476837,0
1628391384.8,-87.67654339,41.8797132,76,675,None,None,76,5330,76,9840,None,None,None,None,None,None,None,None,LTE,LTE+LTE,0,None,None,1,3600.100000143051,0
1628391384.9,-87.67654382,41.87972698,76,675,629,174270,76,9840,None,None,None,None,None,None,None,None,None,None,LTE+Sub6,LTE+5GS_LTE,0,None,None,1,3600.100000143051,1
1628391438.0,-87.67268762,41.88130605,76,675,629,174270,76,9840,None,None,None,None,None,None,None,None,None,None,LTE+Sub6,LTE+5GS_LTE,0,None,None,1,3653.2999999523163,1
1628391438.1,-87.67267098,41.88130622,76,675,None,None,76,5330,76,9840,None,None,None,None,None,None,None,None,LTE,LTE+LTE,0,None,None,1,3653.2999999523163,0
1628391438.2,-87.67265889,41.8813063,76,675,None,None,76,5330,76,9840,None,None,None,None,None,None,None,None,LTE,LTE+LTE,0,None,None,1,3653.5,0
1628391438.3,-87.67264229,41.88130635,76,675,629,174270,76,9840,None,None,None,None,None,None,None,None,None,None,LTE+Sub6,LTE+5GS_LTE,0,None,None,1,3653.5,1
1628391438.6,-87.67259701,41.8813065,76,675,629,174270,76,9840,None,None,None,None,None,None,None,None,None,None,LTE+Sub6,LTE+5GS_LTE,0,None,None,1,3653.9000000953674,1
1628391438.7,-87.67258342,41.88130654,76,675,None,None,76,5330,76,9840,None,None,None,None,None,None,None,None,LTE,LTE+LTE,0,None,None,1,3653.9000000953674,0
1628391439.2,-87.67250795,41.88130679,76,675,None,None,76,5330,76,9840,None,None,None,None,None,None,None,None,LTE,LTE+LTE,0,None,None,1,3654.5,0
1628391439.3,-87.67249135,41.88130684,76,675,629,174270,76,9840,None,None,None,None,None,None,None,None,None,None,LTE+Sub6,LTE+5GS_LTE,0,None,None,1,3654.5,1
1628391443.6,-87.67200801,41.88131015,76,675,629,174270,76,9840,None,None,None,None,None,None,None,None,None,None,LTE+Sub6,LTE+5GS_LTE,0,None,None,1,3658.9000000953674,1
1628391443.7,-87.67200094,41.88131032,76,675,811,174270,76,9840,None,None,None,None,None,None,None,None,None,None,LTE+Sub6,LTE+5GS_LTE,0,None,None,1,3658.9000000953674,0
1628391528.3,-87.67653038,41.87905426,76,675,None,None,76,5330,76,9840,None,None,None,None,None,None,None,None,LTE,LTE+LTE,0,None,None,1,3743.600000143051,0
1628391528.4,-87.67653007,41.87906286,76,675,629,174270,76,9840,None,None,None,None,None,None,None,None,None,None,LTE+Sub6,LTE+5GS_LTE,0,None,None,1,3743.600000143051,1
1628391594.4,-87.67407227,41.88135692,76,675,629,174270,76,9840,None,None,None,None,None,None,None,None,None,None,LTE+Sub6,LTE+5GS_LTE,0,None,None,1,3809.7000000476837,1
1628391594.5,-87.67405757,41.88135749,76,675,None,None,76,5330,76,9840,None,None,None,None,None,None,None,None,LTE,LTE+LTE,0,None,None,1,3809.7000000476837,0
1628391595.0,-87.6739759,41.88136065,76,675,None,None,76,5330,76,9840,None,None,None,None,None,None,None,None,LTE,LTE+LTE,0,None,None,1,3810.2999999523163,0
1628391595.1,-87.67395793,41.88136134,76,675,629,174270,76,9840,None,None,None,None,None,None,None,None,None,None,LTE+Sub6,LTE+5GS_LTE,0,None,None,1,3810.2999999523163,1
1628391609.2,-87.67205122,41.88135183,76,675,629,174270,76,9840,None,None,None,None,None,None,None,None,None,None,LTE+Sub6,LTE+5GS_LTE,0,None,None,1,3824.5,1
1628391609.3,-87.67204216,41.8813512,76,675,811,174270,76,9840,None,None,None,None,None,None,None,None,None,None,LTE+Sub6,LTE+5GS_LTE,0,None,None,1,3824.5,0
1628391726.8,-87.6765283,41.87899469,76,675,None,None,76,5330,76,9840,None,None,None,None,None,None,None,None,LTE,LTE+LTE,0,None,None,1,3942.100000143051,0
1628391726.9,-87.67652815,41.8790028,76,675,629,174270,76,9840,None,None,None,None,None,None,None,None,None,None,LTE+Sub6,LTE+5GS_LTE,0,None,None,1,3942.100000143051,1
1628391733.8,-87.6765325,41.87964595,76,675,629,174270,76,9840,None,None,None,None,None,None,None,None,None,None,LTE+Sub6,LTE+5GS_LTE,0,None,None,1,3949.100000143051,1
1628391733.9,-87.67653244,41.87965697,76,675,None,None,76,5330,76,9840,None,None,None,None,None,None,None,None,LTE,LTE+LTE,0,None,None,1,3949.100000143051,0
1628391734.2,-87.67653242,41.87968461,76,675,None,None,76,5330,76,9840,None,None,None,None,None,None,None,None,LTE,LTE+LTE,0,None,None,1,3949.5,0
1628391734.3,-87.67653257,41.87969369,76,675,629,174270,76,9840,None,None,None,None,None,None,None,None,None,None,LTE+Sub6,LTE+5GS_LTE,0,None,None,1,3949.5,1
1628391740.7,-87.67653583,41.87990469,76,675,629,174270,76,9840,None,None,None,None,None,None,None,None,None,None,LTE+Sub6,LTE+5GS_LTE,0,None,None,1,3956.0,1
1628391740.8,-87.67653583,41.8799047,None,None,None,None,None,None,None,None,None,None,None,None,None,None,None,None,None,None,0,None,None,1,3956.0,0
1628391741.0,-87.67653584,41.87990471,76,675,None,None,None,None,None,None,None,None,None,None,None,None,None,None,LTE,LTE,0,None,None,1,3956.2999999523163,0
1628391741.1,-87.67653584,41.87990472,76,675,629,174270,76,9840,None,None,None,None,None,None,None,None,None,None,LTE+Sub6,LTE+5GS_LTE,0,None,None,1,3956.2999999523163,1
1628391798.8,-87.6757025,41.8813038,76,675,629,174270,76,9840,None,None,None,None,None,None,None,None,None,None,LTE+Sub6,LTE+5GS_LTE,0,None,None,1,4014.100000143051,1
1628391798.9,-87.67568746,41.88130488,76,675,None,None,76,5330,76,9840,None,None,None,None,None,None,None,None,LTE,LTE+LTE,0,None,None,1,4014.100000143051,0
1628391799.0,-87.67567515,41.88130576,76,675,None,None,76,5330,76,9840,None,None,None,None,None,None,None,None,LTE,LTE+LTE,0,None,None,1,4014.2999999523163,0
1628391799.1,-87.67566011,41.88130684,76,675,629,174270,76,9840,None,None,None,None,None,None,None,None,None,None,LTE+Sub6,LTE+5GS_LTE,0,None,None,1,4014.2999999523163,1
1628391818.3,-87.67241788,41.88133442,76,675,629,174270,76,9840,None,None,None,None,None,None,None,None,None,None,LTE+Sub6,LTE+5GS_LTE,0,None,None,1,4033.600000143051,1
1628391818.4,-87.67240205,41.88133462,76,675,None,None,76,5330,76,9840,None,None,None,None,None,None,None,None,LTE,LTE+LTE,0,None,None,1,4033.600000143051,0
1628391820.0,-87.67216973,41.88133843,76,675,None,None,76,5330,76,9840,None,None,None,None,None,None,None,None,LTE,LTE+LTE,0,None,None,1,4035.2999999523163,0
1628391820.1,-87.67215471,41.88133872,76,675,629,174270,76,9840,None,None,None,None,None,None,None,None,None,None,LTE+Sub6,LTE+5GS_LTE,0,None,None,1,4035.2999999523163,1
1628391820.4,-87.67211867,41.88133956,76,675,629,174270,76,9840,None,None,None,None,None,None,None,None,None,None,LTE+Sub6,LTE+5GS_LTE,0,None,None,1,4035.7000000476837,1
1628391820.5,-87.67210762,41.88133983,76,675,None,None,76,5330,76,9840,None,None,None,None,None,None,None,None,LTE,LTE+LTE,0,None,None,1,4035.7000000476837,0
1628391820.7,-87.67208305,41.88134042,76,675,None,None,76,5330,76,9840,None,None,None,None,None,None,None,None,LTE,LTE+LTE,0,None,None,1,4036.0,0
1628391820.8,-87.67207077,41.88134071,76,675,629,174270,76,9840,None,None,None,None,None,None,None,None,None,None,LTE+Sub6,LTE+5GS_LTE,0,None,None,1,4036.0,1
1628391821.1,-87.67203269,41.88134162,76,675,629,174270,76,9840,None,None,None,None,None,None,None,None,None,None,LTE+Sub6,LTE+5GS_LTE,0,None,None,1,4036.4000000953674,1
1628391821.2,-87.67202399,41.88134181,76,675,None,None,76,5330,76,9840,None,None,None,None,None,None,None,None,LTE,LTE+LTE,0,None,None,1,4036.4000000953674,0
1628391821.4,-87.67200437,41.88134222,76,675,None,None,76,5330,76,9840,None,None,None,None,None,None,None,None,LTE,LTE+LTE,0,None,None,1,4036.7000000476837,0
1628391821.5,-87.67199597,41.88134239,76,675,629,174270,76,9840,None,None,None,None,None,None,None,None,None,None,LTE+Sub6,LTE+5GS_LTE,0,None,None,1,4036.7000000476837,1
1628391821.7,-87.67197728,41.88134279,76,675,629,174270,76,9840,None,None,None,None,None,None,None,None,None,None,LTE+Sub6,LTE+5GS_LTE,0,None,None,1,4037.0,1
1628391821.8,-87.67196794,41.88134298,76,675,None,None,76,5330,76,9840,None,None,None,None,None,None,None,None,LTE,LTE+LTE,0,None,None,1,4037.0,0
1628391935.5,-87.67659074,41.8782647,76,675,None,None,76,5330,76,9840,None,None,None,None,None,None,None,None,LTE,LTE+LTE,0,None,None,1,4150.799999952316,0
1628391935.6,-87.67658979,41.87825426,76,675,629,174270,76,9840,None,None,None,None,None,None,None,None,None,None,LTE+Sub6,LTE+5GS_LTE,0,None,None,1,4150.799999952316,1
1628391935.9,-87.67658719,41.87822581,76,675,629,174270,76,9840,None,None,None,None,None,None,None,None,None,None,LTE+Sub6,LTE+5GS_LTE,0,None,None,1,4151.200000047684,1
1628391936.0,-87.67658641,41.87821727,76,675,None,None,76,5330,76,9840,None,None,None,None,None,None,None,None,LTE,LTE+LTE,0,None,None,1,4151.200000047684,0
1628391937.2,-87.67657635,41.87810852,76,675,None,None,76,5330,76,9840,None,None,None,None,None,None,None,None,LTE,LTE+LTE,0,None,None,1,4152.5,0
1628391937.3,-87.67657514,41.87809818,76,675,629,174270,76,9840,None,None,None,None,None,None,None,None,None,None,LTE+Sub6,LTE+5GS_LTE,0,None,None,1,4152.5,1
1628391937.5,-87.67657304,41.87808032,76,675,629,174270,76,9840,None,None,None,None,None,None,None,None,None,None,LTE+Sub6,LTE+5GS_LTE,0,None,None,1,4152.799999952316,1
1628391937.6,-87.67657183,41.87806998,76,675,None,None,76,5330,76,9840,None,None,None,None,None,None,None,None,LTE,LTE+LTE,0,None,None,1,4152.799999952316,0
1628391938.6,-87.67656193,41.87797771,76,675,None,None,76,5330,76,9840,None,None,None,None,None,None,None,None,LTE,LTE+LTE,0,None,None,1,4153.900000095367,0
1628391938.7,-87.67656115,41.87796958,76,675,629,174270,76,9840,None,None,None,None,None,None,None,None,None,None,LTE+Sub6,LTE+5GS_LTE,0,None,None,1,4153.900000095367,1
1628391938.9,-87.67655933,41.8779506,76,675,629,174270,76,9840,None,None,None,None,None,None,None,None,None,None,LTE+Sub6,LTE+5GS_LTE,0,None,None,1,4154.200000047684,1
1628391939.0,-87.67655855,41.87794247,76,675,None,None,76,5330,76,9840,None,None,None,None,None,None,None,None,LTE,LTE+LTE,0,None,None,1,4154.200000047684,0
1628391939.3,-87.67655616,41.87791494,76,675,None,None,76,5330,76,9840,None,None,None,None,None,None,None,None,LTE,LTE+LTE,0,None,None,1,4154.600000143051,0
1628391939.4,-87.67655546,41.87790618,76,675,629,174270,76,9840,None,None,None,None,None,None,None,None,None,None,LTE+Sub6,LTE+5GS_LTE,0,None,None,1,4154.600000143051,1
1628391939.6,-87.67655406,41.87788865,76,675,629,174270,76,9840,None,None,None,None,None,None,None,None,None,None,LTE+Sub6,LTE+5GS_LTE,0,None,None,1,4154.900000095367,1
1628391939.7,-87.67655342,41.87788076,76,675,None,None,76,5330,76,9840,None,None,None,None,None,None,None,None,LTE,LTE+LTE,0,None,None,1,4154.900000095367,0
1628391940.2,-87.67655001,41.8778385,76,675,None,None,76,5330,76,9840,None,None,None,None,None,None,None,None,LTE,LTE+LTE,0,None,None,1,4155.5,0
1628391940.3,-87.67654927,41.87783037,76,675,629,174270,76,9840,None,None,None,None,None,None,None,None,None,None,LTE+Sub6,LTE+5GS_LTE,0,None,None,1,4155.5,1
1628391940.6,-87.67654728,41.8778082,76,675,629,174270,76,9840,None,None,None,None,None,None,None,None,None,None,LTE+Sub6,LTE+5GS_LTE,0,None,None,1,4155.900000095367,1
1628391940.7,-87.67654668,41.87780155,76,675,None,None,76,5330,76,9840,None,None,None,None,None,None,None,None,LTE,LTE+LTE,0,None,None,1,4155.900000095367,0
1628391975.0,-87.67651706,41.87761387,76,675,None,None,76,5330,76,9840,None,None,None,None,None,None,None,None,LTE,LTE+LTE,0,None,None,1,4190.299999952316,0
1628391975.1,-87.67651699,41.87761389,76,675,629,174270,76,9840,None,None,None,None,None,None,None,None,None,None,LTE+Sub6,LTE+5GS_LTE,0,None,None,1,4190.299999952316,1
1628391975.3,-87.67651712,41.87761342,76,675,629,174270,76,9840,None,None,None,None,None,None,None,None,None,None,LTE+Sub6,LTE+5GS_LTE,0,None,None,1,4190.600000143051,1
1628391975.4,-87.67651721,41.87761314,76,675,None,None,76,5330,76,9840,None,None,None,None,None,None,None,None,LTE,LTE+LTE,0,None,None,1,4190.600000143051,0
1628391975.6,-87.67651738,41.87761258,76,675,None,None,76,5330,76,9840,None,None,None,None,None,None,None,None,LTE,LTE+LTE,0,None,None,1,4190.900000095367,0
1628391975.7,-87.67651746,41.87761233,76,675,629,174270,76,9840,None,None,None,None,None,None,None,None,None,None,LTE+Sub6,LTE+5GS_LTE,0,None,None,1,4190.900000095367,1
1628391976.0,-87.67651771,41.8776115,76,675,629,174270,76,9840,None,None,None,None,None,None,None,None,None,None,LTE+Sub6,LTE+5GS_LTE,0,None,None,1,4191.299999952316,1
1628391976.1,-87.67651781,41.87761119,76,675,None,None,76,5330,76,9840,None,None,None,None,None,None,None,None,LTE,LTE+LTE,0,None,None,1,4191.299999952316,0
1628391976.6,-87.67651852,41.87761113,76,675,None,None,76,5330,76,9840,None,None,None,None,None,None,None,None,LTE,LTE+LTE,0,None,None,1,4191.900000095367,0
1628391976.7,-87.67651866,41.87761114,76,675,629,174270,76,9840,None,None,None,None,None,None,None,None,None,None,LTE+Sub6,LTE+5GS_LTE,0,None,None,1,4191.900000095367,1
1628391977.0,-87.67651911,41.87761118,76,675,629,174270,76,9840,None,None,None,None,None,None,None,None,None,None,LTE+Sub6,LTE+5GS_LTE,0,None,None,1,4192.299999952316,1
1628391977.1,-87.67651927,41.87761119,76,675,None,None,76,5330,76,9840,None,None,None,None,None,None,None,None,LTE,LTE+LTE,0,None,None,1,4192.299999952316,0
1628391977.6,-87.67651887,41.87761149,76,675,None,None,76,5330,76,9840,None,None,None,None,None,None,None,None,LTE,LTE+LTE,0,None,None,1,4192.900000095367,0
1628391977.7,-87.6765188,41.87761155,76,675,629,174270,76,9840,None,None,None,None,None,None,None,None,None,None,LTE+Sub6,LTE+5GS_LTE,0,None,None,1,4192.900000095367,1
1628391977.9,-87.67651862,41.87761168,76,675,629,174270,76,9840,None,None,None,None,None,None,None,None,None,None,LTE+Sub6,LTE+5GS_LTE,0,None,None,1,4193.200000047684,1
1628391978.0,-87.67651854,41.87761174,76,675,None,None,76,5330,76,9840,None,None,None,None,None,None,None,None,LTE,LTE+LTE,0,None,None,1,4193.200000047684,0
1628391978.6,-87.67651739,41.87761217,76,675,None,None,76,5330,76,9840,None,None,None,None,None,None,None,None,LTE,LTE+LTE,0,None,None,1,4193.900000095367,0
1628391978.7,-87.6765172,41.87761223,76,675,629,174270,76,9840,None,None,None,None,None,None,None,None,None,None,LTE+Sub6,LTE+5GS_LTE,0,None,None,1,4193.900000095367,1
1628391978.9,-87.67651674,41.87761239,76,675,629,174270,76,9840,None,None,None,None,None,None,None,None,None,None,LTE+Sub6,LTE+5GS_LTE,0,None,None,1,4194.200000047684,1
1628391979.0,-87.67651654,41.87761245,76,675,None,None,76,5330,76,9840,None,None,None,None,None,None,None,None,LTE,LTE+LTE,0,None,None,1,4194.200000047684,0
1628391980.1,-87.67651841,41.87761269,76,675,None,None,76,5330,76,9840,None,None,None,None,None,None,None,None,LTE,LTE+LTE,0,None,None,1,4195.400000095367,0
1628391980.2,-87.67651846,41.8776127,76,675,629,174270,76,9840,None,None,None,None,None,None,None,None,None,None,LTE+Sub6,LTE+5GS_LTE,0,None,None,1,4195.400000095367,1
1628391980.5,-87.67651859,41.87761274,76,675,629,174270,76,9840,None,None,None,None,None,None,None,None,None,None,LTE+Sub6,LTE+5GS_LTE,0,None,None,1,4195.799999952316,1
1628391980.6,-87.67651864,41.87761276,76,675,None,None,76,5330,76,9840,None,None,None,None,None,None,None,None,LTE,LTE+LTE,0,None,None,1,4195.799999952316,0
1628391981.8,-87.67651917,41.87761274,76,675,None,None,76,5330,76,9840,None,None,None,None,None,None,None,None,LTE,LTE+LTE,0,None,None,1,4197.100000143051,0
1628391981.9,-87.67651922,41.87761272,76,675,629,174270,76,9840,None,None,None,None,None,None,None,None,None,None,LTE+Sub6,LTE+5GS_LTE,0,None,None,1,4197.100000143051,1
1628391982.1,-87.67651932,41.87761269,76,675,629,174270,76,9840,None,None,None,None,None,None,None,None,None,None,LTE+Sub6,LTE+5GS_LTE,0,None,None,1,4197.400000095367,1
1628391982.2,-87.67651957,41.87761237,76,675,None,None,76,5330,76,9840,None,None,None,None,None,None,None,None,LTE,LTE+LTE,0,None,None,1,4197.400000095367,0
1628391982.5,-87.67652051,41.87761116,76,675,None,None,76,5330,76,9840,None,None,None,None,None,None,None,None,LTE,LTE+LTE,0,None,None,1,4197.799999952316,0
1628391982.6,-87.67652086,41.87761072,76,675,629,174270,76,9840,None,None,None,None,None,None,None,None,None,None,LTE+Sub6,LTE+5GS_LTE,0,None,None,1,4197.799999952316,1
1628391982.8,-87.67652146,41.87760995,76,675,629,174270,76,9840,None,None,None,None,None,None,None,None,None,None,LTE+Sub6,LTE+5GS_LTE,0,None,None,1,4198.100000143051,1
1628391982.9,-87.6765218,41.87760951,76,675,None,None,76,5330,76,9840,None,None,None,None,None,None,None,None,LTE,LTE+LTE,0,None,None,1,4198.100000143051,0
1628391983.4,-87.67652292,41.87760748,76,675,None,None,76,5330,76,9840,None,None,None,None,None,None,None,None,LTE,LTE+LTE,0,None,None,1,4198.700000047684,0
1628391983.5,-87.67652307,41.87760711,76,675,629,174270,76,9840,None,None,None,None,None,None,None,None,None,None,LTE+Sub6,LTE+5GS_LTE,0,None,None,1,4198.700000047684,1
1628391983.8,-87.67652355,41.87760589,76,675,629,174270,76,9840,None,None,None,None,None,None,None,None,None,None,LTE+Sub6,LTE+5GS_LTE,0,None,None,1,4199.100000143051,1
1628391983.9,-87.67652372,41.87760544,76,675,None,None,76,5330,76,9840,None,None,None,None,None,None,None,None,LTE,LTE+LTE,0,None,None,1,4199.100000143051,0
1628391984.1,-87.67652404,41.87760463,76,675,None,None,76,5330,76,9840,None,None,None,None,None,None,None,None,LTE,LTE+LTE,0,None,None,1,4199.400000095367,0
1628391984.2,-87.67652437,41.8776044,76,675,629,174270,76,9840,None,None,None,None,None,None,None,None,None,None,LTE+Sub6,LTE+5GS_LTE,0,None,None,1,4199.400000095367,1
1628391984.5,-87.67652546,41.87760365,76,675,629,174270,76,9840,None,None,None,None,None,None,None,None,None,None,LTE+Sub6,LTE+5GS_LTE,0,None,None,1,4199.799999952316,1
1628391984.6,-87.67652586,41.87760338,76,675,None,None,76,5330,76,9840,None,None,None,None,None,None,None,None,LTE,LTE+LTE,0,None,None,1,4199.799999952316,0
1628391984.8,-87.67652655,41.8776029,76,675,None,None,76,5330,76,9840,None,None,None,None,None,None,None,None,LTE,LTE+LTE,0,None,None,1,4200.100000143051,0
1628391984.9,-87.67652694,41.87760263,76,675,629,174270,76,9840,None,None,None,None,None,None,None,None,None,None,LTE+Sub6,LTE+5GS_LTE,0,None,None,1,4200.100000143051,1
1628391985.1,-87.67652767,41.87760213,76,675,629,174270,76,9840,None,None,None,None,None,None,None,None,None,None,LTE+Sub6,LTE+5GS_LTE,0,None,None,1,4200.400000095367,1
1628391985.2,-87.67652784,41.87760187,76,675,None,None,76,5330,76,9840,None,None,None,None,None,None,None,None,LTE,LTE+LTE,0,None,None,1,4200.400000095367,0
1628391985.7,-87.67652845,41.87760006,76,675,None,None,76,5330,76,9840,None,None,None,None,None,None,None,None,LTE,LTE+LTE,0,None,None,1,4201.0,0
1628391985.8,-87.67652857,41.8775997,76,675,629,174270,76,9840,None,None,None,None,None,None,None,None,None,None,LTE+Sub6,LTE+5GS_LTE,0,None,None,1,4201.0,1
1628391986.1,-87.67652895,41.87759858,76,675,629,174270,76,9840,None,None,None,None,None,None,None,None,None,None,LTE+Sub6,LTE+5GS_LTE,0,None,None,1,4201.400000095367,1
1628391986.2,-87.67652916,41.87759825,76,675,None,None,76,5330,76,9840,None,None,None,None,None,None,None,None,LTE,LTE+LTE,0,None,None,1,4201.400000095367,0
1628391986.4,-87.67652968,41.87759747,76,675,None,None,76,5330,76,9840,None,None,None,None,None,None,None,None,LTE,LTE+LTE,0,None,None,1,4201.700000047684,0
1628391986.5,-87.67652991,41.87759714,76,675,629,174270,76,9840,None,None,None,None,None,None,None,None,None,None,LTE+Sub6,LTE+5GS_LTE,0,None,None,1,4201.700000047684,1
1628391986.8,-87.67653065,41.87759604,76,675,629,174270,76,9840,None,None,None,None,None,None,None,None,None,None,LTE+Sub6,LTE+5GS_LTE,0,None,None,1,4202.100000143051,1
1628391986.9,-87.67653093,41.87759563,76,675,None,None,76,5330,76,9840,None,None,None,None,None,None,None,None,LTE,LTE+LTE,0,None,None,1,4202.100000143051,0
1628391987.4,-87.67653213,41.87759443,76,675,None,None,76,5330,76,9840,None,None,None,None,None,None,None,None,LTE,LTE+LTE,0,None,None,1,4202.700000047684,0
1628391987.5,-87.67653235,41.87759429,76,675,629,174270,76,9840,None,None,None,None,None,None,None,None,None,None,LTE+Sub6,LTE+5GS_LTE,0,None,None,1,4202.700000047684,1
1628391987.7,-87.67653283,41.87759398,76,675,629,174270,76,9840,None,None,None,None,None,None,None,None,None,None,LTE+Sub6,LTE+5GS_LTE,0,None,None,1,4203.0,1
1628391987.8,-87.67653308,41.87759383,76,675,None,None,76,5330,76,9840,None,None,None,None,None,None,None,None,LTE,LTE+LTE,0,None,None,1,4203.0,0
1628391990.2,-87.67654209,41.87758987,76,675,None,None,76,5330,76,9840,None,None,None,None,None,None,None,None,LTE,LTE+LTE,0,None,None,1,4205.5,0
1628391990.3,-87.67654235,41.87758974,76,675,629,174270,76,9840,None,None,None,None,None,None,None,None,None,None,LTE+Sub6,LTE+5GS_LTE,0,None,None,1,4205.5,1
1628391990.5,-87.6765428,41.87758952,76,675,629,174270,76,9840,None,None,None,None,None,None,None,None,None,None,LTE+Sub6,LTE+5GS_LTE,0,None,None,1,4205.799999952316,1
1628391990.6,-87.67654307,41.87758939,76,675,None,None,76,5330,76,9840,None,None,None,None,None,None,None,None,LTE,LTE+LTE,0,None,None,1,4205.799999952316,0
1628391991.3,-87.67654403,41.87758818,76,675,None,None,76,5330,76,9840,None,None,None,None,None,None,None,None,LTE,LTE+LTE,0,None,None,1,4206.600000143051,0
1628391991.4,-87.67654391,41.87758787,76,675,629,174270,76,9840,None,None,None,None,None,None,None,None,None,None,LTE+Sub6,LTE+5GS_LTE,0,None,None,1,4206.600000143051,1
1628391991.6,-87.67654368,41.87758724,76,675,629,174270,76,9840,None,None,None,None,None,None,None,None,None,None,LTE+Sub6,LTE+5GS_LTE,0,None,None,1,4206.900000095367,1
1628391991.7,-87.67654358,41.87758696,76,675,None,None,76,5330,76,9840,None,None,None,None,None,None,None,None,LTE,LTE+LTE,0,None,None,1,4206.900000095367,0
1628391992.2,-87.67654309,41.87758542,76,675,None,None,76,5330,76,9840,None,None,None,None,None,None,None,None,LTE,LTE+LTE,0,None,None,1,4207.5,0
1628391992.3,-87.6765431,41.87758507,76,675,629,174270,76,9840,None,None,None,None,None,None,None,None,None,None,LTE+Sub6,LTE+5GS_LTE,0,None,None,1,4207.5,1
1628391992.6,-87.67654312,41.87758413,76,675,629,174270,76,9840,None,None,None,None,None,None,None,None,None,None,LTE+Sub6,LTE+5GS_LTE,0,None,None,1,4207.900000095367,1
1628391992.7,-87.67654313,41.87758384,76,675,None,None,76,5330,76,9840,None,None,None,None,None,None,None,None,LTE,LTE+LTE,0,None,None,1,4207.900000095367,0
1628391993.2,-87.67654324,41.87758238,76,675,None,None,76,5330,76,9840,None,None,None,None,None,None,None,None,LTE,LTE+LTE,0,None,None,1,4208.5,0
1628391993.3,-87.67654334,41.87758218,76,675,629,174270,76,9840,None,None,None,None,None,None,None,None,None,None,LTE+Sub6,LTE+5GS_LTE,0,None,None,1,4208.5,1
1628391993.5,-87.67654352,41.87758183,76,675,629,174270,76,9840,None,None,None,None,None,None,None,None,None,None,LTE+Sub6,LTE+5GS_LTE,0,None,None,1,4208.799999952316,1
1628391993.6,-87.67654363,41.87758163,76,675,None,None,76,5330,76,9840,None,None,None,None,None,None,None,None,LTE,LTE+LTE,0,None,None,1,4208.799999952316,0
1628391994.2,-87.67654405,41.87758078,76,675,None,None,76,5330,76,9840,None,None,None,None,None,None,None,None,LTE,LTE+LTE,0,None,None,1,4209.5,0
1628391994.3,-87.67654395,41.87758089,76,675,629,174270,76,9840,None,None,None,None,None,None,None,None,None,None,LTE+Sub6,LTE+5GS_LTE,0,None,None,1,4209.5,1
1628391994.5,-87.67654377,41.87758108,76,675,629,174270,76,9840,None,None,None,None,None,None,None,None,None,None,LTE+Sub6,LTE+5GS_LTE,0,None,None,1,4209.799999952316,1
1628391994.6,-87.67654367,41.87758119,76,675,None,None,76,5330,76,9840,None,None,None,None,None,None,None,None,LTE,LTE+LTE,0,None,None,1,4209.799999952316,0
1628391994.8,-87.67654349,41.87758139,76,675,None,None,76,5330,76,9840,None,None,None,None,None,None,None,None,LTE,LTE+LTE,0,None,None,1,4210.100000143051,0
1628391994.9,-87.67654339,41.8775815,76,675,629,174270,76,9840,None,None,None,None,None,None,None,None,None,None,LTE+Sub6,LTE+5GS_LTE,0,None,None,1,4210.100000143051,1
1628391995.2,-87.67654318,41.87758173,76,675,629,174270,76,9840,None,None,None,None,None,None,None,None,None,None,LTE+Sub6,LTE+5GS_LTE,0,None,None,1,4210.5,1
1628391995.3,-87.67654342,41.87758154,76,675,None,None,76,5330,76,9840,None,None,None,None,None,None,None,None,LTE,LTE+LTE,0,None,None,1,4210.5,0
1628391995.8,-87.67654447,41.87758066,76,675,None,None,76,5330,76,9840,None,None,None,None,None,None,None,None,LTE,LTE+LTE,0,None,None,1,4211.100000143051,0
1628391995.9,-87.67654471,41.87758046,76,675,629,174270,76,9840,None,None,None,None,None,None,None,None,None,None,LTE+Sub6,LTE+5GS_LTE,0,None,None,1,4211.100000143051,1
1628391996.2,-87.67654533,41.87757994,76,675,629,174270,76,9840,None,None,None,None,None,None,None,None,None,None,LTE+Sub6,LTE+5GS_LTE,0,None,None,1,4211.5,1
1628391996.3,-87.67654565,41.87757999,76,675,None,None,76,5330,76,9840,None,None,None,None,None,None,None,None,LTE,LTE+LTE,0,None,None,1,4211.5,0
1628391996.8,-87.6765474,41.87758052,76,675,None,None,76,5330,76,9840,None,None,None,None,None,None,None,None,LTE,LTE+LTE,0,None,None,1,4212.100000143051,0
1628391996.9,-87.67654779,41.87758064,76,675,629,174270,76,9840,None,None,None,None,None,None,None,None,None,None,LTE+Sub6,LTE+5GS_LTE,0,None,None,1,4212.100000143051,1
1628391997.1,-87.6765485,41.87758086,76,675,629,174270,76,9840,None,None,None,None,None,None,None,None,None,None,LTE+Sub6,LTE+5GS_LTE,0,None,None,1,4212.400000095367,1
1628391997.2,-87.67654858,41.87758089,76,675,None,None,76,5330,76,9840,None,None,None,None,None,None,None,None,LTE,LTE+LTE,0,None,None,1,4212.400000095367,0
1628391997.5,-87.67654873,41.87758097,76,675,None,None,76,5330,76,9840,None,None,None,None,None,None,None,None,LTE,LTE+LTE,0,None,None,1,4212.799999952316,0
1628391997.6,-87.67654878,41.877581,76,675,629,174270,76,9840,None,None,None,None,None,None,None,None,None,None,LTE+Sub6,LTE+5GS_LTE,0,None,None,1,4212.799999952316,1
1628391997.8,-87.67654888,41.87758106,76,675,629,174270,76,9840,None,None,None,None,None,None,None,None,None,None,LTE+Sub6,LTE+5GS_LTE,0,None,None,1,4213.100000143051,1
1628391997.9,-87.67654893,41.87758109,76,675,None,None,76,5330,76,9840,None,None,None,None,None,None,None,None,LTE,LTE+LTE,0,None,None,1,4213.100000143051,0
1628391998.7,-87.6765497,41.87758183,76,675,None,None,76,5330,76,9840,None,None,None,None,None,None,None,None,LTE,LTE+LTE,0,None,None,1,4214.0,0
1628391998.8,-87.67654982,41.87758196,76,675,629,174270,76,9840,None,None,None,None,None,None,None,None,None,None,LTE+Sub6,LTE+5GS_LTE,0,None,None,1,4214.0,1
1628391999.0,-87.67655007,41.87758223,76,675,629,174270,76,9840,None,None,None,None,None,None,None,None,None,None,LTE+Sub6,LTE+5GS_LTE,0,None,None,1,4214.299999952316,1
1628391999.1,-87.67655021,41.87758237,76,675,None,None,76,5330,76,9840,None,None,None,None,None,None,None,None,LTE,LTE+LTE,0,None,None,1,4214.299999952316,0
1628391999.7,-87.67655078,41.87758497,76,675,None,None,76,5330,76,9840,None,None,None,None,None,None,None,None,LTE,LTE+LTE,0,None,None,1,4215.0,0
1628391999.8,-87.67655087,41.87758545,76,675,629,174270,76,9840,None,None,None,None,None,None,None,None,None,None,LTE+Sub6,LTE+5GS_LTE,0,None,None,1,4215.0,1
1628392000.0,-87.67655107,41.87758641,76,675,629,174270,76,9840,None,None,None,None,None,None,None,None,None,None,LTE+Sub6,LTE+5GS_LTE,0,None,None,1,4215.299999952316,1
1628392000.1,-87.67655117,41.87758693,76,675,None,None,76,5330,76,9840,None,None,None,None,None,None,None,None,LTE,LTE+LTE,0,None,None,1,4215.299999952316,0
1628392000.6,-87.67655212,41.87758788,76,675,None,None,76,5330,76,9840,None,None,None,None,None,None,None,None,LTE,LTE+LTE,0,None,None,1,4215.900000095367,0
1628392000.7,-87.6765523,41.87758804,76,675,629,174270,76,9840,None,None,None,None,None,None,None,None,None,None,LTE+Sub6,LTE+5GS_LTE,0,None,None,1,4215.900000095367,1
1628392001.0,-87.67655288,41.87758857,76,675,629,174270,76,9840,None,None,None,None,None,None,None,None,None,None,LTE+Sub6,LTE+5GS_LTE,0,None,None,1,4216.299999952316,1
1628392001.1,-87.67655309,41.87758876,76,675,None,None,76,5330,76,9840,None,None,None,None,None,None,None,None,LTE,LTE+LTE,0,None,None,1,4216.299999952316,0
1628392001.6,-87.67655372,41.87758894,76,675,None,None,76,5330,76,9840,None,None,None,None,None,None,None,None,LTE,LTE+LTE,0,None,None,1,4216.900000095367,0
1628392001.7,-87.67655383,41.87758896,76,675,629,174270,76,9840,None,None,None,None,None,None,None,None,None,None,LTE+Sub6,LTE+5GS_LTE,0,None,None,1,4216.900000095367,1
1628392002.0,-87.6765542,41.87758905,76,675,629,174270,76,9840,None,None,None,None,None,None,None,None,None,None,LTE+Sub6,LTE+5GS_LTE,0,None,None,1,4217.299999952316,1
1628392002.1,-87.67655434,41.87758908,76,675,None,None,76,5330,76,9840,None,None,None,None,None,None,None,None,LTE,LTE+LTE,0,None,None,1,4217.299999952316,0
1628392002.6,-87.67655408,41.87759045,76,675,None,None,76,5330,76,9840,None,None,None,None,None,None,None,None,LTE,LTE+LTE,0,None,None,1,4217.900000095367,0
1628392002.7,-87.67655403,41.8775907,76,675,629,174270,76,9840,None,None,None,None,None,None,None,None,None,None,LTE+Sub6,LTE+5GS_LTE,0,None,None,1,4217.900000095367,1
1628392003.0,-87.67655387,41.87759154,76,675,629,174270,76,9840,None,None,None,None,None,None,None,None,None,None,LTE+Sub6,LTE+5GS_LTE,0,None,None,1,4218.299999952316,1
1628392003.1,-87.67655381,41.87759184,76,675,None,None,76,5330,76,9840,None,None,None,None,None,None,None,None,LTE,LTE+LTE,0,None,None,1,4218.299999952316,0
1628392003.8,-87.67655452,41.87759084,76,675,None,None,76,5330,76,9840,None,None,None,None,None,None,None,None,LTE,LTE+LTE,0,None,None,1,4219.100000143051,0
1628392003.9,-87.67655471,41.87759049,76,675,629,174270,76,9840,None,None,None,None,None,None,None,None,None,None,LTE+Sub6,LTE+5GS_LTE,0,None,None,1,4219.100000143051,1
1628392004.1,-87.67655504,41.87758985,76,675,629,174270,76,9840,None,None,None,None,None,None,None,None,None,None,LTE+Sub6,LTE+5GS_LTE,0,None,None,1,4219.400000095367,1
1628392004.2,-87.67655521,41.87758961,76,675,None,None,76,5330,76,9840,None,None,None,None,None,None,None,None,LTE,LTE+LTE,0,None,None,1,4219.400000095367,0
1628392004.8,-87.67655663,41.87758798,76,675,None,None,76,5330,76,9840,None,None,None,None,None,None,None,None,LTE,LTE+LTE,0,None,None,1,4220.100000143051,0
1628392004.9,-87.67655689,41.87758768,76,675,629,174270,76,9840,None,None,None,None,None,None,None,None,None,None,LTE+Sub6,LTE+5GS_LTE,0,None,None,1,4220.100000143051,1
1628392005.1,-87.67655737,41.87758713,76,675,629,174270,76,9840,None,None,None,None,None,None,None,None,None,None,LTE+Sub6,LTE+5GS_LTE,0,None,None,1,4220.400000095367,1
1628392005.2,-87.67655758,41.87758655,76,675,None,None,76,5330,76,9840,None,None,None,None,None,None,None,None,LTE,LTE+LTE,0,None,None,1,4220.400000095367,0
1628392005.4,-87.67655808,41.8775852,76,675,None,None,76,5330,76,9840,None,None,None,None,None,None,None,None,LTE,LTE+LTE,0,None,None,1,4220.700000047684,0
1628392005.5,-87.67655829,41.87758463,76,675,629,174270,76,9840,None,None,None,None,None,None,None,None,None,None,LTE+Sub6,LTE+5GS_LTE,0,None,None,1,4220.700000047684,1
1628392005.8,-87.676559,41.8775827,76,675,629,174270,76,9840,None,None,None,None,None,None,None,None,None,None,LTE+Sub6,LTE+5GS_LTE,0,None,None,1,4221.100000143051,1
1628392005.9,-87.67655926,41.87758199,76,675,None,None,76,5330,76,9840,None,None,None,None,None,None,None,None,LTE,LTE+LTE,0,None,None,1,4221.100000143051,0
1628392006.6,-87.67655851,41.87757863,76,675,None,None,76,5330,76,9840,None,None,None,None,None,None,None,None,LTE,LTE+LTE,0,None,None,1,4221.900000095367,0
1628392006.7,-87.67655822,41.87757829,76,675,629,174270,76,9840,None,None,None,None,None,None,None,None,None,None,LTE+Sub6,LTE+5GS_LTE,0,None,None,1,4221.900000095367,1
1628392006.9,-87.67655754,41.87757749,76,675,629,174270,76,9840,None,None,None,None,None,None,None,None,None,None,LTE+Sub6,LTE+5GS_LTE,0,None,None,1,4222.200000047684,1
1628392007.0,-87.67655725,41.87757715,76,675,None,None,76,5330,76,9840,None,None,None,None,None,None,None,None,LTE,LTE+LTE,0,None,None,1,4222.200000047684,0
1628392007.3,-87.6765556,41.87757744,76,675,None,None,76,5330,76,9840,None,None,None,None,None,None,None,None,LTE,LTE+LTE,0,None,None,1,4222.600000143051,0
1628392007.4,-87.67655493,41.87757782,76,675,629,174270,76,9840,None,None,None,None,None,None,None,None,None,None,LTE+Sub6,LTE+5GS_LTE,0,None,None,1,4222.600000143051,1
1628392007.6,-87.67655357,41.87757857,76,675,629,174270,76,9840,None,None,None,None,None,None,None,None,None,None,LTE+Sub6,LTE+5GS_LTE,0,None,None,1,4222.900000095367,1
1628392007.7,-87.67655296,41.87757891,76,675,None,None,76,5330,76,9840,None,None,None,None,None,None,None,None,LTE,LTE+LTE,0,None,None,1,4222.900000095367,0
1628392007.9,-87.67655154,41.8775797,76,675,None,None,76,5330,76,9840,None,None,None,None,None,None,None,None,LTE,LTE+LTE,0,None,None,1,4223.200000047684,0
1628392008.0,-87.67655093,41.87758004,76,675,629,174270,76,9840,None,None,None,None,None,None,None,None,None,None,LTE+Sub6,LTE+5GS_LTE,0,None,None,1,4223.200000047684,1
1628392008.3,-87.67654991,41.87758074,76,675,629,174270,76,9840,None,None,None,None,None,None,None,None,None,None,LTE+Sub6,LTE+5GS_LTE,0,None,None,1,4223.600000143051,1
1628392008.4,-87.67654983,41.87758086,76,675,None,None,76,5330,76,9840,None,None,None,None,None,None,None,None,LTE,LTE+LTE,0,None,None,1,4223.600000143051,0
1628392008.6,-87.67654967,41.8775811,76,675,None,None,76,5330,76,9840,None,None,None,None,None,None,None,None,LTE,LTE+LTE,0,None,None,1,4223.900000095367,0
1628392008.7,-87.6765496,41.87758121,76,675,629,174270,76,9840,None,None,None,None,None,None,None,None,None,None,LTE+Sub6,LTE+5GS_LTE,0,None,None,1,4223.900000095367,1
1628392008.9,-87.67654944,41.87758146,76,675,629,174270,76,9840,None,None,None,None,None,None,None,None,None,None,LTE+Sub6,LTE+5GS_LTE,0,None,None,1,4224.200000047684,1
1628392009.0,-87.67654936,41.87758157,76,675,None,None,76,5330,76,9840,None,None,None,None,None,None,None,None,LTE,LTE+LTE,0,None,None,1,4224.200000047684,0
1628392009.3,-87.6765487,41.87758163,76,675,None,None,76,5330,76,9840,None,None,None,None,None,None,None,None,LTE,LTE+LTE,0,None,None,1,4224.600000143051,0
1628392009.4,-87.67654839,41.87758157,76,675,629,174270,76,9840,None,None,None,None,None,None,None,None,None,None,LTE+Sub6,LTE+5GS_LTE,0,None,None,1,4224.600000143051,1
1628392009.6,-87.67654777,41.87758145,76,675,629,174270,76,9840,None,None,None,None,None,None,None,None,None,None,LTE+Sub6,LTE+5GS_LTE,0,None,None,1,4224.900000095367,1
1628392009.7,-87.67654749,41.8775814,76,675,None,None,76,5330,76,9840,None,None,None,None,None,None,None,None,LTE,LTE+LTE,0,None,None,1,4224.900000095367,0
1628392010.9,-87.67654062,41.87757733,76,675,None,None,76,5330,76,9840,None,None,None,None,None,None,None,None,LTE,LTE+LTE,0,None,None,1,4226.200000047684,0
1628392011.0,-87.67653996,41.87757687,76,675,629,174270,76,9840,None,None,None,None,None,None,None,None,None,None,LTE+Sub6,LTE+5GS_LTE,0,None,None,1,4226.200000047684,1
1628392011.2,-87.67653746,41.87757521,76,675,629,174270,76,9840,None,None,None,None,None,None,None,None,None,None,LTE+Sub6,LTE+5GS_LTE,0,None,None,1,4226.5,1
1628392011.3,-87.67653502,41.87757364,76,675,None,None,76,5330,76,9840,None,None,None,None,None,None,None,None,LTE,LTE+LTE,0,None,None,1,4226.5,0
1628392011.6,-87.67652836,41.87756936,76,675,None,None,76,5330,76,9840,None,None,None,None,None,None,None,None,LTE,LTE+LTE,0,None,None,1,4226.900000095367,0
1628392011.7,-87.67652637,41.87756807,76,675,629,174270,76,9840,None,None,None,None,None,None,None,None,None,None,LTE+Sub6,LTE+5GS_LTE,0,None,None,1,4226.900000095367,1
1628392011.9,-87.67652171,41.87756507,76,675,629,174270,76,9840,None,None,None,None,None,None,None,None,None,None,LTE+Sub6,LTE+5GS_LTE,0,None,None,1,4227.200000047684,1
1628392012.0,-87.67651971,41.87756379,76,675,None,None,76,5330,76,9840,None,None,None,None,None,None,None,None,LTE,LTE+LTE,0,None,None,1,4227.200000047684,0
1628392014.5,-87.6764893,41.87755594,76,675,None,None,76,5330,76,9840,None,None,None,None,None,None,None,None,LTE,LTE+LTE,0,None,None,1,4229.799999952316,0
1628392014.6,-87.67648921,41.877555,76,675,629,174270,76,9840,None,None,None,None,None,None,None,None,None,None,LTE+Sub6,LTE+5GS_LTE,0,None,None,1,4229.799999952316,1
1628392014.8,-87.67648907,41.87755338,76,675,629,174270,76,9840,None,None,None,None,None,None,None,None,None,None,LTE+Sub6,LTE+5GS_LTE,0,None,None,1,4230.100000143051,1
1628392014.9,-87.67648899,41.87755244,76,675,None,None,76,5330,76,9840,None,None,None,None,None,None,None,None,LTE,LTE+LTE,0,None,None,1,4230.100000143051,0
1628392015.2,-87.67648867,41.87755059,76,675,None,None,76,5330,76,9840,None,None,None,None,None,None,None,None,LTE,LTE+LTE,0,None,None,1,4230.5,0
1628392015.3,-87.67648842,41.8775505,76,675,629,174270,76,9840,None,None,None,None,None,None,None,None,None,None,LTE+Sub6,LTE+5GS_LTE,0,None,None,1,4230.5,1
1628392015.5,-87.67648798,41.87755033,76,675,629,174270,76,9840,None,None,None,None,None,None,None,None,None,None,LTE+Sub6,LTE+5GS_LTE,0,None,None,1,4230.799999952316,1
1628392015.6,-87.67648773,41.87755024,76,675,None,None,76,5330,76,9840,None,None,None,None,None,None,None,None,LTE,LTE+LTE,0,None,None,1,4230.799999952316,0
1628392015.8,-87.67648729,41.87755007,76,675,None,None,76,5330,76,9840,None,None,None,None,None,None,None,None,LTE,LTE+LTE,0,None,None,1,4231.100000143051,0
1628392015.9,-87.67648704,41.87754998,76,675,629,174270,76,9840,None,None,None,None,None,None,None,None,None,None,LTE+Sub6,LTE+5GS_LTE,0,None,None,1,4231.100000143051,1
1628392016.2,-87.67648646,41.8775498,76,675,629,174270,76,9840,None,None,None,None,None,None,None,None,None,None,LTE+Sub6,LTE+5GS_LTE,0,None,None,1,4231.5,1
1628392016.3,-87.67648633,41.87754983,76,675,None,None,76,5330,76,9840,None,None,None,None,None,None,None,None,LTE,LTE+LTE,0,None,None,1,4231.5,0
1628392016.8,-87.67648575,41.87754993,76,675,None,None,76,5330,76,9840,None,None,None,None,None,None,None,None,LTE,LTE+LTE,0,None,None,1,4232.100000143051,0
1628392016.9,-87.67648563,41.87754995,76,675,629,174270,76,9840,None,None,None,None,None,None,None,None,None,None,LTE+Sub6,LTE+5GS_LTE,0,None,None,1,4232.100000143051,1
1628392017.1,-87.67648539,41.87754999,76,675,629,174270,76,9840,None,None,None,None,None,None,None,None,None,None,LTE+Sub6,LTE+5GS_LTE,0,None,None,1,4232.400000095367,1
1628392017.2,-87.67648523,41.8775504,76,675,None,None,76,5330,76,9840,None,None,None,None,None,None,None,None,LTE,LTE+LTE,0,None,None,1,4232.400000095367,0
1628392017.8,-87.67648419,41.8775531,76,675,None,None,76,5330,76,9840,None,None,None,None,None,None,None,None,LTE,LTE+LTE,0,None,None,1,4233.100000143051,0
1628392017.9,-87.676484,41.8775536,76,675,629,174270,76,9840,None,None,None,None,None,None,None,None,None,None,LTE+Sub6,LTE+5GS_LTE,0,None,None,1,4233.100000143051,1
1628392018.1,-87.67648365,41.8775545,76,675,629,174270,76,9840,None,None,None,None,None,None,None,None,None,None,LTE+Sub6,LTE+5GS_LTE,0,None,None,1,4233.400000095367,1
1628392018.2,-87.6764836,41.87755459,76,675,None,None,76,5330,76,9840,None,None,None,None,None,None,None,None,LTE,LTE+LTE,0,None,None,1,4233.400000095367,0
1628392018.7,-87.67648331,41.87755513,76,675,None,None,76,5330,76,9840,None,None,None,None,None,None,None,None,LTE,LTE+LTE,0,None,None,1,4234.0,0
1628392018.8,-87.67648325,41.87755523,76,675,629,174270,76,9840,None,None,None,None,None,None,None,None,None,None,LTE+Sub6,LTE+5GS_LTE,0,None,None,1,4234.0,1
1628392019.1,-87.67648307,41.87755557,76,675,629,174270,76,9840,None,None,None,None,None,None,None,None,None,None,LTE+Sub6,LTE+5GS_LTE,0,None,None,1,4234.400000095367,1
1628392019.2,-87.67648286,41.87755566,76,675,None,None,76,5330,76,9840,None,None,None,None,None,None,None,None,LTE,LTE+LTE,0,None,None,1,4234.400000095367,0
1628392019.4,-87.67648235,41.87755586,76,675,None,None,76,5330,76,9840,None,None,None,None,None,None,None,None,LTE,LTE+LTE,0,None,None,1,4234.700000047684,0
1628392019.5,-87.67648213,41.87755595,76,675,629,174270,76,9840,None,None,None,None,None,None,None,None,None,None,LTE+Sub6,LTE+5GS_LTE,0,None,None,1,4234.700000047684,1
1628392019.7,-87.67648164,41.87755614,76,675,629,174270,76,9840,None,None,None,None,None,None,None,None,None,None,LTE+Sub6,LTE+5GS_LTE,0,None,None,1,4235.0,1
1628392019.8,-87.6764814,41.87755624,76,675,None,None,76,5330,76,9840,None,None,None,None,None,None,None,None,LTE,LTE+LTE,0,None,None,1,4235.0,0
1628392020.0,-87.67648091,41.87755643,76,675,None,None,76,5330,76,9840,None,None,None,None,None,None,None,None,LTE,LTE+LTE,0,None,None,1,4235.299999952316,0
1628392020.1,-87.67648064,41.87755654,76,675,629,174270,76,9840,None,None,None,None,None,None,None,None,None,None,LTE+Sub6,LTE+5GS_LTE,0,None,None,1,4235.299999952316,1
1628392020.4,-87.67647985,41.87755577,76,675,629,174270,76,9840,None,None,None,None,None,None,None,None,None,None,LTE+Sub6,LTE+5GS_LTE,0,None,None,1,4235.700000047684,1
1628392020.5,-87.67647961,41.87755552,76,675,None,None,76,5330,76,9840,None,None,None,None,None,None,None,None,LTE,LTE+LTE,0,None,None,1,4235.700000047684,0
1628392020.7,-87.67647906,41.87755497,76,675,None,None,76,5330,76,9840,None,None,None,None,None,None,None,None,LTE,LTE+LTE,0,None,None,1,4236.0,0
1628392020.8,-87.67647879,41.87755469,76,675,629,174270,76,9840,None,None,None,None,None,None,None,None,None,None,LTE+Sub6,LTE+5GS_LTE,0,None,None,1,4236.0,1
1628392021.1,-87.67647794,41.87755383,76,675,629,174270,76,9840,None,None,None,None,None,None,None,None,None,None,LTE+Sub6,LTE+5GS_LTE,0,None,None,1,4236.400000095367,1
1628392021.2,-87.6764773,41.87755479,76,675,None,None,76,5330,76,9840,None,None,None,None,None,None,None,None,LTE,LTE+LTE,0,None,None,1,4236.400000095367,0
1628392021.4,-87.67647569,41.87755739,76,675,None,None,76,5330,76,9840,None,None,None,None,None,None,None,None,LTE,LTE+LTE,0,None,None,1,4236.700000047684,0
1628392021.5,-87.67647501,41.8775585,76,675,629,174270,76,9840,None,None,None,None,None,None,None,None,None,None,LTE+Sub6,LTE+5GS_LTE,0,None,None,1,4236.700000047684,1
1628392021.7,-87.67647348,41.87756097,76,675,629,174270,76,9840,None,None,None,None,None,None,None,None,None,None,LTE+Sub6,LTE+5GS_LTE,0,None,None,1,4237.0,1
1628392021.8,-87.67647271,41.87756221,76,675,None,None,76,5330,76,9840,None,None,None,None,None,None,None,None,LTE,LTE+LTE,0,None,None,1,4237.0,0
1628392023.1,-87.67645356,41.87758646,76,675,None,None,76,5330,76,9840,None,None,None,None,None,None,None,None,LTE,LTE+LTE,0,None,None,1,4238.400000095367,0
1628392023.2,-87.67645365,41.87759414,76,675,629,174270,76,9840,None,None,None,None,None,None,None,None,None,None,LTE+Sub6,LTE+5GS_LTE,0,None,None,1,4238.400000095367,1
1628392023.5,-87.67645461,41.87762219,76,675,629,174270,76,9840,None,None,None,None,None,None,None,None,None,None,LTE+Sub6,LTE+5GS_LTE,0,None,None,1,4238.799999952316,1
1628392023.6,-87.67645496,41.87763248,76,675,None,None,76,5330,76,9840,None,None,None,None,None,None,None,None,LTE,LTE+LTE,0,None,None,1,4238.799999952316,0
1628392023.9,-87.67645592,41.87766053,76,675,None,None,76,5330,76,9840,None,None,None,None,None,None,None,None,LTE,LTE+LTE,0,None,None,1,4239.200000047684,0
1628392024.0,-87.67645621,41.87766895,76,675,629,174270,76,9840,None,None,None,None,None,None,None,None,None,None,LTE+Sub6,LTE+5GS_LTE,0,None,None,1,4239.200000047684,1
1628392024.3,-87.67645804,41.87769246,76,675,629,174270,76,9840,None,None,None,None,None,None,None,None,None,None,LTE+Sub6,LTE+5GS_LTE,0,None,None,1,4239.600000143051,1
1628392024.4,-87.6764588,41.87769893,76,675,None,None,76,5330,76,9840,None,None,None,None,None,None,None,None,LTE,LTE+LTE,0,None,None,1,4239.600000143051,0
1628392340.2,-87.67653746,41.87992724,76,675,None,None,76,9840,None,None,None,None,None,None,None,None,None,None,LTE,LTE+LTE,0,None,None,1,4555.5,0
1628392340.3,-87.67653832,41.87992929,76,675,629,174270,76,9840,None,None,None,None,None,None,None,None,None,None,LTE+Sub6,LTE+5GS_LTE,0,None,None,1,4555.5,1
1628392379.2,-87.67596322,41.8813065,76,675,629,174270,76,9840,None,None,None,None,None,None,None,None,None,None,LTE+Sub6,LTE+5GS_LTE,0,None,None,1,4594.5,1
1628392379.3,-87.6759464,41.881307,76,675,None,None,76,9840,None,None,None,None,None,None,None,None,None,None,LTE,LTE+LTE,0,None,None,1,4594.5,0
1628392379.5,-87.67591735,41.88130787,76,675,None,None,76,9840,None,None,None,None,None,None,None,None,None,None,LTE,LTE+LTE,0,None,None,1,4594.799999952316,0
1628392379.6,-87.67590053,41.88130836,76,675,629,174270,76,9840,None,None,None,None,None,None,None,None,None,None,LTE+Sub6,LTE+5GS_LTE,0,None,None,1,4594.799999952316,1
1628392379.9,-87.67585466,41.88130973,76,675,629,174270,76,9840,None,None,None,None,None,None,None,None,None,None,LTE+Sub6,LTE+5GS_LTE,0,None,None,1,4595.200000047684,1
1628392380.0,-87.6758409,41.88131014,76,675,None,None,76,9840,None,None,None,None,None,None,None,None,None,None,LTE,LTE+LTE,0,None,None,1,4595.200000047684,0
1628392380.2,-87.67581366,41.8813111,76,675,None,None,76,9840,None,None,None,None,None,None,None,None,None,None,LTE,LTE+LTE,0,None,None,1,4595.5,0
1628392380.3,-87.67579968,41.88131175,76,675,629,174270,76,9840,None,None,None,None,None,None,None,None,None,None,LTE+Sub6,LTE+5GS_LTE,0,None,None,1,4595.5,1
1628392386.4,-87.67523569,41.8813231,76,675,629,174270,76,9840,None,None,None,None,None,None,None,None,None,None,LTE+Sub6,LTE+5GS_LTE,0,None,None,1,4601.700000047684,1
1628392386.5,-87.67523428,41.88132294,None,None,None,None,None,None,None,None,None,None,None,None,None,None,None,None,None,None,0,None,None,1,4601.700000047684,0
