lat,lon,timestamp,freq,cid,rsrp,rsrq,type,time_delta
41.88125666,-87.67430635,1628387799.245208,174270,629,-71.484,-10.508,nr-ml1,14.445208072662354
41.88126087,-87.67430706,1628387822.285201,174270,629,-64.500,-10.508,nr-ml1,37.48520112037659
41.88126327,-87.67430736,1628387841.005166,174270,629,-75.508,-11.008,nr-ml1,56.20516610145569
41.88126334,-87.67430716,1628387844.404495,174270,629,-70.508,-10.508,nr-ml1,59.60449504852295
41.8812657,-87.67430626,1628387861.444514,174270,629,-64.500,-10.508,nr-ml1,76.6445140838623
41.88126721,-87.67430702,1628387874.622573,174270,629,-65.219,-10.508,nr-ml1,89.82257294654846
41.88126411,-87.67431495,1628387879.022628,174270,629,-67.938,-10.508,nr-ml1,94.22262811660767
41.88126701,-87.67431781,1628387885.825141,174270,629,-64.500,-10.508,nr-ml1,101.02514100074768
41.88127071,-87.67431325,1628387888.002611,174270,629,-65.656,-10.508,nr-ml1,103.20261096954346
41.88127356,-87.67431831,1628387891.090191,174270,629,-63.508,-10.508,nr-ml1,106.29019093513489
41.88127668,-87.67431993,1628387893.282598,174270,629,-63.945,-10.508,nr-ml1,108.48259806632996
41.88128034,-87.67431701,1628387899.022611,174270,629,-68.227,-10.922,nr-ml1,114.22261095046997
41.88128422,-87.67431877,1628387902.542572,174270,629,-67.938,-10.508,nr-ml1,117.74257206916809
41.8812832,-87.67431814,1628387910.220924,174270,629,-80.000,-11.008,nr-ml1,125.42092394828796
41.88128823,-87.67431856,1628387913.242504,174270,629,-72.219,-11.008,nr-ml1,128.44250392913818
41.8812997,-87.67433664,1628387916.365105,174270,629,-73.508,-11.008,nr-ml1,131.56510496139526
41.88129919,-87.67432569,1628387931.005086,174270,629,-68.008,-10.508,nr-ml1,146.2050859928131
41.88129934,-87.67432447,1628387940.765082,174270,629,-71.008,-10.508,nr-ml1,155.96508193016052
41.88129917,-87.67432404,1628387945.942542,174270,629,-70.000,-10.508,nr-ml1,161.14254212379456
41.88130006,-87.67432285,1628387948.205073,174270,629,-71.500,-11.008,nr-ml1,163.40507316589355
41.88130015,-87.67432204,1628387950.910848,174270,629,-73.508,-11.008,nr-ml1,166.1108479499817
41.88129996,-87.6743217,1628387952.722186,174270,629,-71.500,-10.508,nr-ml1,167.92218613624573
41.88129984,-87.67432149,1628387954.702524,174270,629,-70.586,-10.680,nr-ml1,169.9025239944458
41.88129978,-87.67432144,1628387957.422532,174270,629,-71.984,-10.516,nr-ml1,172.62253212928772
41.88129965,-87.67432132,1628387959.796916,174270,629,-73.008,-10.508,nr-ml1,174.99691605567932
41.88129952,-87.67432124,1628387961.782516,174270,629,-71.219,-10.508,nr-ml1,176.98251605033875
41.8812994,-87.67432115,1628387963.56666,174270,629,-71.0,-10.5,nr-neighbor,178.76665997505188
41.88129924,-87.67432106,1628387965.566927,174270,629,-72.500,-10.508,nr-ml1,180.76692700386047
41.88129928,-87.6743209,1628387967.502522,174270,629,-76.164,-11.078,nr-ml1,182.70252203941345
41.88129986,-87.67432052,1628387969.722513,174270,629,-78.172,-11.055,nr-ml1,184.92251300811768
41.88129974,-87.67432044,1628387971.466646,174270,629,-73.0,-11.0,nr-neighbor,186.66664600372314
41.88129959,-87.67432036,1628387973.342524,174270,629,-71.320,-10.508,nr-ml1,188.54252409934998
41.88129948,-87.67432033,1628387975.086649,174270,629,-78.0,-11.0,nr-neighbor,190.28664898872375
41.8812994,-87.6743203,1628387976.922506,174270,629,-74.742,-11.117,nr-ml1,192.1225061416626
41.88129935,-87.6743202,1628387979.642507,174270,629,-75.227,-10.938,nr-ml1,194.84250712394714
41.88130396,-87.67428528,1628387981.342508,174270,629,-73.992,-10.859,nr-ml1,196.54250812530518
41.88130629,-87.67417081,1628387983.322159,174270,629,-70.797,-10.578,nr-ml1,198.52215909957886
41.88130201,-87.67403138,1628387984.922182,174270,629,-73.414,-10.555,nr-ml1,200.1221821308136
41.88129823,-87.67387399,1628387986.562511,174270,629,-71.594,-10.695,nr-ml1,201.76251101493835
41.88129945,-87.6737107,1628387988.242174,174270,629,-72.336,-10.562,nr-ml1,203.4421739578247
41.88130759,-87.67355632,1628387989.842178,174270,629,-74.008,-10.586,nr-ml1,205.0421781539917
41.88131367,-87.67340445,1628387991.502164,174270,629,-76.430,-10.828,nr-ml1,206.70216393470764
41.88131666,-87.67327543,1628387993.066618,174270,629,-71.0,-10.5,nr-neighbor,208.26661801338196
41.88132538,-87.67311119,1628387995.020012,174270,629,-76.008,-11.008,nr-ml1,210.22001194953918
41.88132601,-87.67295958,1628387996.845004,174270,629,-76.500,-11.008,nr-ml1,212.0450041294098
41.88132852,-87.67280006,1628387998.501788,174270,629,-78.008,-11.500,nr-ml1,213.7017879486084
41.88133078,-87.67258922,1628388000.442124,174270,629,-75.109,-11.102,nr-ml1,215.6421239376068
41.88133997,-87.67239112,1628388002.06217,174270,629,-73.539,-12.719,nr-ml1,217.26217007637024
41.88134637,-87.67222908,1628388003.590401,174270,629,-81.0,-16.5,nr-serving,218.79040098190308
41.88135292,-87.67209226,1628388005.326611,174270,629,-80.0,-18.5,nr-neighbor,220.52661108970642
41.88138202,-87.67192377,1628388008.162111,174270,629,-83.750,-17.164,nr-ml1,223.36211109161377
41.8814232,-87.67179454,1628388010.824675,174270,629,-80.508,-16.008,nr-ml1,226.02467513084412
41.88149698,-87.67172903,1628388012.702156,174270,629,-114.047,-22.992,nr-ml1,227.90215611457825
41.88158167,-87.67171043,1628388014.342159,174270,629,-78.008,-14.398,nr-ml1,229.54215908050537
41.88167806,-87.67170867,1628388016.202131,174270,629,-81.883,-14.461,nr-ml1,231.40213108062744
41.88178927,-87.67170862,1628388018.046615,174270,629,-88.0,-11.0,nr-neighbor,233.24661493301392
41.88192148,-87.67172123,1628388020.046601,174270,629,-82.0,-12.0,nr-neighbor,235.24660110473633
41.88203843,-87.67172023,1628388022.006693,174270,629,-85.0,-17.0,nr-neighbor,237.20669293403625
41.8821209,-87.67171971,1628388023.748928,174270,629,-82.000,-12.500,nr-ml1,238.94892811775208
41.88215621,-87.67172724,1628388025.484669,174270,629,-84.500,-13.008,nr-ml1,240.68466901779175
41.88216875,-87.67172765,1628388027.226595,174270,629,-81.0,-11.0,nr-neighbor,242.42659497261047
41.88216867,-87.67172763,1628388029.08085,174270,629,-83.508,-12.500,nr-ml1,244.28084993362427
41.88216867,-87.67172763,1628388030.862086,174270,629,-84.781,-15.000,nr-ml1,246.06208610534668
41.88216867,-87.67172763,1628388032.606602,174270,629,-83.0,-13.5,nr-neighbor,247.80660200119019
41.88216867,-87.67172763,1628388034.382133,174270,629,-82.281,-14.453,nr-ml1,249.58213305473328
41.88216882,-87.67172733,1628388036.322086,174270,629,-83.664,-15.672,nr-ml1,251.52208614349365
41.88218753,-87.67172789,1628388038.046594,174270,629,-81.0,-11.5,nr-neighbor,253.24659395217896
41.88225975,-87.67173611,1628388039.826905,174270,629,-78.508,-11.008,nr-ml1,255.02690505981445
41.88237521,-87.67173914,1628388041.802149,174270,629,-80.133,-13.531,nr-ml1,257.002149105072
41.88252546,-87.67174157,1628388043.784641,174270,629,-80.508,-12.000,nr-ml1,258.9846410751343
41.88265582,-87.67174497,1628388045.393983,174270,629,-81.500,-13.508,nr-ml1,260.5939829349518
41.88281055,-87.67175138,1628388047.355836,174270,629,-86.008,-13.008,nr-ml1,262.55583596229553
41.88294719,-87.67175767,1628388049.182104,174270,629,-87.156,-18.156,nr-ml1,264.3821041584015
41.88305553,-87.67176157,1628388051.084638,174270,629,-83.008,-14.000,nr-ml1,266.2846381664276
41.88313677,-87.67178153,1628388053.165003,174270,629,-86.500,-17.000,nr-ml1,268.36500310897827
41.88319458,-87.67186472,1628388055.084631,174270,629,-82.000,-13.508,nr-ml1,270.28463101387024
41.883212,-87.67198869,1628388056.846564,174270,629,-81.0,-11.0,nr-neighbor,272.04656410217285
41.88321929,-87.67213796,1628388058.582122,174270,629,-81.852,-13.086,nr-ml1,273.78212213516235
41.8832192,-87.67232276,1628388060.424681,174270,629,-85.508,-12.500,nr-ml1,275.62468099594116
41.88321682,-87.67251483,1628388062.126582,174270,629,-85.0,-11.5,nr-neighbor,277.32658195495605
41.88321316,-87.67276854,1628388064.206533,174270,629,-88.0,-18.0,nr-neighbor,279.4065330028534
41.88321434,-87.6730069,1628388065.978925,174270,629,-81.500,-13.508,nr-ml1,281.17892503738403
41.8832097,-87.67327989,1628388068.022111,174270,629,-81.312,-10.961,nr-ml1,283.2221109867096
41.88320711,-87.67351955,1628388069.88462,174270,629,-68.508,-10.508,nr-ml1,285.0846199989319
41.88320381,-87.67373979,1628388071.566556,174270,629,-70.0,-10.5,nr-neighbor,286.7665560245514
41.88319956,-87.67397795,1628388073.402117,174270,629,-67.719,-10.555,nr-ml1,288.602117061615
41.88319668,-87.67419214,1628388075.082054,174270,629,-65.367,-10.508,nr-ml1,290.28205394744873
41.88318697,-87.6744305,1628388077.002045,174270,629,-65.039,-10.516,nr-ml1,292.20204496383667
41.88317965,-87.67486332,1628388080.362106,174270,629,-57.219,-10.516,nr-ml1,295.5621061325073
41.88317264,-87.6751464,1628388082.442067,174270,629,-59.008,-10.516,nr-ml1,297.6420669555664
41.88317314,-87.67548644,1628388085.00314,174270,629,-58.375,-10.516,nr-ml1,300.2031400203705
41.88316911,-87.6757466,1628388086.942072,174270,629,-61.523,-10.516,nr-ml1,302.14207196235657
41.88316685,-87.67606304,1628388089.322095,174270,629,-67.617,-10.516,nr-ml1,304.5220949649811
41.88316222,-87.67642384,1628388092.362078,174270,629,-76.320,-10.812,nr-ml1,307.562077999115
41.88312245,-87.67663103,1628388095.243177,174270,629,-61.539,-10.578,nr-ml1,310.443176984787
41.88303287,-87.67669988,1628388097.322055,174270,629,-67.539,-10.594,nr-ml1,312.52205514907837
41.88285017,-87.67670817,1628388100.042098,174270,629,-71.906,-11.008,nr-ml1,315.24209809303284
41.88265635,-87.67669867,1628388102.282067,174270,629,-71.953,-10.789,nr-ml1,317.4820671081543
41.88245288,-87.67669296,1628388104.802063,174270,629,-73.977,-11.367,nr-ml1,320.00206303596497
41.88234978,-87.67668869,1628388107.262071,174270,629,-77.406,-12.242,nr-ml1,322.46207094192505
41.88227961,-87.67668646,1628388109.442052,174270,629,-75.453,-11.773,nr-ml1,324.6420519351959
41.88218037,-87.67668358,1628388111.422036,174270,629,-75.500,-11.586,nr-ml1,326.6220359802246
41.88200357,-87.6766797,1628388114.082068,174270,629,-81.227,-12.883,nr-ml1,329.2820680141449
41.88176216,-87.67668178,1628388117.282062,174270,629,-79.141,-11.062,nr-ml1,332.48206210136414
41.88156278,-87.6766799,1628388120.042041,174270,629,-76.164,-10.922,nr-ml1,335.24204111099243
41.88149014,-87.67666654,1628388121.662035,174270,629,-74.133,-10.562,nr-ml1,336.86203503608704
41.88144943,-87.67665307,1628388123.402116,174270,629,-76.445,-11.203,nr-ml1,338.6021161079407
41.88143562,-87.67664958,1628388125.002094,174270,629,-73.648,-10.734,nr-ml1,340.20209407806396
41.88143144,-87.67664878,1628388126.621994,174270,629,-72.742,-10.562,nr-ml1,341.8219940662384
41.88143209,-87.67664856,1628388128.272777,174270,629,-78.008,-11.008,nr-ml1,343.4727771282196
41.88143207,-87.67664854,1628388130.104559,174270,629,-76.500,-10.508,nr-ml1,345.30455899238586
41.88143207,-87.67664854,1628388131.886474,174270,629,-77.0,-10.5,nr-neighbor,347.086473941803
41.88143207,-87.67664854,1628388133.900677,174270,629,-79.500,-10.508,nr-ml1,349.1006770133972
41.88143207,-87.67664854,1628388135.822055,174270,629,-77.859,-11.078,nr-ml1,351.02205514907837
41.88143207,-87.67664854,1628388137.646486,174270,629,-81.0,-10.5,nr-neighbor,352.84648609161377
41.88143207,-87.67664854,1628388139.657741,174270,629,-79.500,-10.508,nr-ml1,354.8577411174774
41.88143207,-87.67664854,1628388141.702043,174270,629,-73.648,-10.508,nr-ml1,356.90204310417175
41.88143207,-87.67664854,1628388143.661962,174270,629,-74.000,-10.508,nr-ml1,358.86196208000183
41.88143207,-87.67664854,1628388145.486467,174270,629,-78.0,-10.5,nr-neighbor,360.68646693229675
41.88143207,-87.67664854,1628388147.787172,174270,629,-78.0,-10.5,nr-neighbor,362.98717212677
41.88143207,-87.67664854,1628388149.561998,174270,629,-73.531,-10.508,nr-ml1,364.7619979381561
41.88143207,-87.67664854,1628388152.442017,174270,629,-74.602,-10.516,nr-ml1,367.6420171260834
41.88143207,-87.67664854,1628388155.326446,174270,629,-77.0,-10.5,nr-neighbor,370.5264461040497
41.88143207,-87.67664854,1628388157.326435,174270,629,-79.0,-10.5,nr-neighbor,372.52643513679504
41.88143207,-87.67664854,1628388159.022025,174270,629,-73.258,-10.508,nr-ml1,374.2220251560211
41.88141209,-87.67665951,1628388160.686436,174270,629,-74.0,-10.5,nr-neighbor,375.8864359855652
41.88135691,-87.6766277,1628388162.562015,174270,629,-75.094,-10.992,nr-ml1,377.7620151042938
41.88130035,-87.67653518,1628388164.481994,174270,629,-80.297,-13.586,nr-ml1,379.68199396133423
41.88128286,-87.67628674,1628388167.322001,174270,629,-91.453,-14.523,nr-ml1,382.5220010280609
41.88127779,-87.67591612,1628388170.521968,174270,629,-83.086,-11.523,nr-ml1,385.72196793556213
41.88128645,-87.6754906,1628388173.722009,174270,629,-71.992,-10.891,nr-ml1,388.92200899124146
41.88128505,-87.67509014,1628388176.641996,174270,629,-77.281,-10.836,nr-ml1,391.84199595451355
41.88127579,-87.67467794,1628388179.702002,174270,629,-74.961,-10.531,nr-ml1,394.90200209617615
41.88127068,-87.67446203,1628388181.301959,174270,629,-74.180,-10.547,nr-ml1,396.5019590854645
41.88126442,-87.67424324,1628388182.901955,174270,629,-74.781,-10.836,nr-ml1,398.1019549369812
41.88126509,-87.67399988,1628388184.661967,174270,629,-73.602,-10.680,nr-ml1,399.861967086792
41.88127015,-87.6737357,1628388186.562007,174270,629,-71.734,-10.594,nr-ml1,401.76200699806213
41.88127239,-87.6734955,1628388188.341972,174270,629,-73.102,-10.562,nr-ml1,403.54197216033936
41.88127724,-87.67327013,1628388189.961997,174270,629,-75.391,-10.812,nr-ml1,405.16199707984924
41.88127655,-87.67304674,1628388191.561958,174270,629,-76.680,-10.805,nr-ml1,406.7619581222534
41.88127458,-87.67282074,1628388193.16197,174270,629,-75.609,-10.766,nr-ml1,408.36196994781494
41.88128441,-87.67256589,1628388194.92642,174270,629,-80.0,-10.5,nr-neighbor,410.12642002105713
41.88129109,-87.67232674,1628388196.861966,174270,629,-77.469,-15.156,nr-ml1,412.0619659423828
41.8812917,-87.67209383,1628388198.764488,174270,629,-77.500,-15.508,nr-ml1,413.96448802948
41.88129859,-87.67191648,1628388200.712917,174270,629,-84.0,-23.5,nr-neighbor,415.912917137146
41.88130908,-87.67179619,1628388202.544545,174270,629,-79.500,-15.000,nr-ml1,417.74454498291016
41.88138777,-87.67172453,1628388205.312765,174270,629,-87.000,-13.508,nr-ml1,420.5127649307251
41.88146168,-87.67169779,1628388207.005564,174270,629,-80.508,-15.508,nr-ml1,422.2055640220642
41.88159823,-87.67171226,1628388208.986382,174270,629,-88.0,-19.0,nr-neighbor,424.1863820552826
41.88174124,-87.67172994,1628388211.006383,174270,629,-91.0,-14.5,nr-neighbor,426.2063829898834
41.88187155,-87.671738,1628388212.740591,174270,629,-79.500,-12.000,nr-ml1,427.94059109687805
41.88199662,-87.67174251,1628388214.60449,174270,629,-94.000,-21.500,nr-ml1,429.8044900894165
41.88208341,-87.67174579,1628388216.286405,174270,629,-78.0,-13.0,nr-neighbor,431.48640513420105
41.88213185,-87.67175005,1628388218.181662,174270,629,-82.000,-11.500,nr-ml1,433.38166213035583
41.88215172,-87.67175396,1628388220.021967,174270,629,-82.992,-11.648,nr-ml1,435.2219669818878
41.8821535,-87.67175487,1628388221.864521,174270,629,-88.008,-15.000,nr-ml1,437.06452107429504
41.88215353,-87.67175486,1628388223.786395,174270,629,-87.0,-14.5,nr-neighbor,438.9863951206207
41.88215353,-87.67175486,1628388225.481959,174270,629,-86.938,-16.008,nr-ml1,440.6819591522217
41.88215353,-87.67175486,1628388227.404473,174270,629,-91.008,-16.500,nr-ml1,442.6044731140137
41.88215353,-87.67175486,1628388229.086383,174270,629,-89.0,-16.0,nr-neighbor,444.28638315200806
41.88215353,-87.67175486,1628388230.979489,174270,629,-89.500,-15.000,nr-ml1,446.1794891357422
41.88217265,-87.67175866,1628388232.76448,174270,629,-87.500,-13.508,nr-ml1,447.96448016166687
41.88222159,-87.67176281,1628388234.366473,174270,629,-83.0,-12.0,nr-neighbor,449.56647300720215
41.88234585,-87.67176889,1628388236.666411,174270,629,-88.0,-16.0,nr-neighbor,451.86641097068787
41.88247305,-87.67177398,1628388238.421948,174270,629,-82.227,-12.250,nr-ml1,453.6219480037689
41.88263623,-87.67178291,1628388240.364437,174270,629,-84.000,-12.500,nr-ml1,455.5644371509552
41.88280944,-87.67178882,1628388242.364447,174270,629,-86.008,-14.500,nr-ml1,457.5644471645355
41.882926,-87.67179329,1628388243.879461,174270,629,-87.500,-14.000,nr-ml1,459.0794610977173
41.88303956,-87.67179996,1628388245.644478,174270,629,-84.000,-12.000,nr-ml1,460.8444781303406
41.88312203,-87.67183547,1628388247.326411,174270,629,-86.0,-12.0,nr-neighbor,462.52641105651855
41.88317155,-87.67192388,1628388249.183751,174270,629,-83.008,-14.500,nr-ml1,464.3837511539459
41.88318363,-87.67207018,1628388251.041884,174270,629,-83.500,-13.211,nr-ml1,466.2418839931488
41.88318076,-87.67222361,1628388252.666399,174270,629,-81.0,-11.0,nr-neighbor,467.8663990497589
41.88317672,-87.67242061,1628388254.513776,174270,629,-89.000,-15.000,nr-ml1,469.7137761116028
41.88316816,-87.67261339,1628388256.284452,174270,629,-89.000,-16.500,nr-ml1,471.48445200920105
41.8831616,-87.6727805,1628388257.886679,174270,629,-85.0,-16.0,nr-neighbor,473.086678981781
41.88315468,-87.67297931,1628388259.806371,174270,629,-84.0,-11.0,nr-neighbor,475.00637102127075
41.88315171,-87.67317513,1628388261.739472,174270,629,-88.008,-11.008,nr-ml1,476.93947196006775
41.88315213,-87.67333688,1628388263.564424,174270,629,-86.008,-10.508,nr-ml1,478.76442408561707
41.88315586,-87.6735088,1628388265.406351,174270,629,-83.0,-10.5,nr-neighbor,480.60635113716125
41.88315715,-87.67369043,1628388267.2219,174270,629,-69.688,-10.531,nr-ml1,482.4219000339508
41.88315574,-87.67388276,1628388268.846381,174270,629,-79.0,-10.5,nr-neighbor,484.0463809967041
41.88314845,-87.6741944,1628388271.361901,174270,629,-63.195,-10.523,nr-ml1,486.5619010925293
41.88314651,-87.67447284,1628388273.601915,174270,629,-64.312,-10.523,nr-ml1,488.8019149303436
41.8831458,-87.6748921,1628388276.621566,174270,629,-69.000,-10.508,nr-ml1,491.8215661048889
41.8831459,-87.67518976,1628388278.722969,174270,629,-60.508,-10.516,nr-ml1,493.9229691028595
41.88314395,-87.67560514,1628388281.442955,174270,629,-61.875,-10.516,nr-ml1,496.64295506477356
41.88313916,-87.67590533,1628388283.381874,174270,629,-64.664,-10.516,nr-ml1,498.5818741321564
41.88313822,-87.67614586,1628388284.981878,174270,629,-72.234,-10.539,nr-ml1,500.1818780899048
41.88313597,-87.67637913,1628388286.741876,174270,629,-74.703,-10.531,nr-ml1,501.94187593460083
41.88313077,-87.67651473,1628388288.341891,174270,629,-77.047,-11.562,nr-ml1,503.54189109802246
41.88312076,-87.67661147,1628388290.041885,174270,629,-72.586,-11.344,nr-ml1,505.2418849468231
41.88304996,-87.67669876,1628388292.64194,174270,629,-64.836,-10.539,nr-ml1,507.84194016456604
41.88293104,-87.67672845,1628388294.721909,174270,629,-70.266,-10.656,nr-ml1,509.9219090938568
41.88273783,-87.67672903,1628388297.241869,174270,629,-76.383,-11.242,nr-ml1,512.441869020462
41.88252194,-87.6767199,1628388299.801869,174270,629,-75.172,-11.250,nr-ml1,515.0018689632416
41.88235416,-87.67671632,1628388302.52188,174270,629,-81.266,-13.078,nr-ml1,517.7218799591064
41.88220402,-87.67671315,1628388304.821854,174270,629,-77.188,-11.859,nr-ml1,520.0218541622162
41.88201955,-87.67670777,1628388307.001868,174270,629,-75.461,-11.297,nr-ml1,522.201868057251
41.88185226,-87.67669903,1628388308.821851,174270,629,-77.594,-11.094,nr-ml1,524.0218510627747
41.88170938,-87.67668571,1628388310.421847,174270,629,-77.297,-10.844,nr-ml1,525.62184715271
41.88157447,-87.67667365,1628388312.08186,174270,629,-76.391,-10.836,nr-ml1,527.2818601131439
41.88148083,-87.6766661,1628388313.92187,174270,629,-75.438,-10.875,nr-ml1,529.1218700408936
41.88144384,-87.67666316,1628388316.921838,174270,629,-77.141,-10.938,nr-ml1,532.121838092804
41.88144332,-87.67666382,1628388319.281811,174270,629,-77.445,-11.031,nr-ml1,534.4818110466003
41.88144331,-87.67666379,1628388321.681842,174270,629,-78.641,-11.406,nr-ml1,536.881842136383
41.88144331,-87.67666379,1628388323.341819,174270,629,-77.781,-11.125,nr-ml1,538.5418190956116
41.88144331,-87.67666379,1628388325.00179,174270,629,-78.039,-11.094,nr-ml1,540.2017900943756
41.88144331,-87.67666379,1628388326.681848,174270,629,-78.164,-11.055,nr-ml1,541.8818480968475
41.88144331,-87.67666379,1628388328.281853,174270,629,-78.141,-11.023,nr-ml1,543.4818530082703
41.88144331,-87.67666379,1628388330.121873,174270,629,-78.508,-11.008,nr-ml1,545.3218729496002
41.88144331,-87.67666379,1628388331.741817,174270,629,-78.664,-11.008,nr-ml1,546.9418170452118
41.88144331,-87.67666379,1628388333.339427,174270,629,-79.000,-11.500,nr-ml1,548.5394270420074
41.88144331,-87.67666379,1628388335.463356,174270,629,-78.508,-11.500,nr-ml1,550.6633560657501
41.88144042,-87.67666511,1628388337.441828,174270,629,-80.367,-11.594,nr-ml1,552.6418280601501
41.88144014,-87.6766663,1628388338.986267,174270,629,-83.0,-11.5,nr-neighbor,554.1862671375275
41.88144014,-87.6766663,1628388340.941802,174270,629,-82.188,-11.914,nr-ml1,556.141802072525
41.88144014,-87.6766663,1628388342.426282,174270,629,-83.0,-11.5,nr-neighbor,557.6262819766998
41.88144014,-87.6766663,1628388344.362919,174270,629,-79.680,-11.500,nr-ml1,559.5629191398621
41.88144014,-87.6766663,1628388346.281816,174270,629,-80.484,-11.867,nr-ml1,561.4818160533905
41.88144014,-87.6766663,1628388348.242904,174270,629,-79.359,-11.484,nr-ml1,563.4429039955139
41.88144014,-87.6766663,1628388350.001809,174270,629,-79.297,-11.219,nr-ml1,565.2018089294434
41.88144014,-87.6766663,1628388351.601833,174270,629,-78.422,-11.141,nr-ml1,566.801833152771
41.88143377,-87.67667202,1628388353.361831,174270,629,-77.891,-11.211,nr-ml1,568.561830997467
41.88142314,-87.67667358,1628388355.201808,174270,629,-77.156,-11.102,nr-ml1,570.4018080234528
41.8813827,-87.6766643,1628388356.801793,174270,629,-76.508,-10.984,nr-ml1,572.0017931461334
41.88130411,-87.67657344,1628388359.12185,174270,629,-76.859,-12.297,nr-ml1,574.3218500614166
41.88126804,-87.67629768,1628388362.00181,174270,629,-91.227,-14.633,nr-ml1,577.2018101215363
41.88127068,-87.67594852,1628388364.881809,174270,629,-84.289,-12.523,nr-ml1,580.0818090438843
41.88129119,-87.67553536,1628388368.141831,174270,629,-70.500,-10.555,nr-ml1,583.3418309688568
41.88130325,-87.6750859,1628388371.341825,174270,629,-74.281,-10.391,nr-ml1,586.541825056076
41.88131455,-87.67467192,1628388374.541805,174270,629,-77.180,-10.789,nr-ml1,589.7418050765991
41.88131863,-87.67418174,1628388377.741845,174270,629,-83.852,-11.320,nr-ml1,592.9418449401855
41.88131993,-87.67367742,1628388380.881782,174270,629,-75.727,-10.633,nr-ml1,596.0817821025848
41.88132427,-87.67320247,1628388383.821761,174270,629,-75.578,-10.539,nr-ml1,599.0217609405518
41.88131823,-87.67278986,1628388386.701841,174270,629,-75.781,-10.844,nr-ml1,601.9018411636353
41.88131382,-87.67240837,1628388389.522886,174270,629,-78.250,-14.430,nr-ml1,604.7228860855103
41.88131891,-87.6720969,1628388391.922904,174270,629,-77.523,-15.414,nr-ml1,607.1229040622711
41.88132293,-87.67193308,1628388393.362907,174270,629,-88.062,-19.883,nr-ml1,608.5629069805145
41.88135386,-87.67176935,1628388395.225404,174270,629,-84.000,-16.500,nr-ml1,610.4254040718079
41.88144132,-87.67170515,1628388397.021758,174270,629,-81.633,-14.906,nr-ml1,612.2217581272125
41.88154441,-87.6717125,1628388398.621752,174270,629,-88.898,-17.102,nr-ml1,613.8217520713806
41.88166381,-87.67171133,1628388400.261715,174270,629,-81.328,-15.734,nr-ml1,615.4617149829865
41.88179509,-87.67171451,1628388401.835426,174270,629,-93.008,-15.000,nr-ml1,617.0354261398315
41.88196763,-87.67171792,1628388403.822157,174270,629,-87.500,-11.500,nr-ml1,619.0221569538116
41.88208812,-87.67172727,1628388405.564273,174270,629,-83.008,-12.500,nr-ml1,620.7642731666565
41.88215826,-87.67173461,1628388407.325905,174270,629,-81.0,-11.0,nr-neighbor,622.5259051322937
41.88217953,-87.67173697,1628388409.315375,174270,629,-85.508,-13.008,nr-ml1,624.5153751373291
41.88218595,-87.67173855,1628388411.161716,174270,629,-84.281,-13.484,nr-ml1,626.3617160320282
41.88218481,-87.67173771,1628388413.084296,174270,629,-88.508,-13.008,nr-ml1,628.2842960357666
41.88218481,-87.67173771,1628388414.825893,174270,629,-88.0,-13.5,nr-neighbor,630.0258929729462
41.88218481,-87.67173771,1628388416.741435,174270,629,-88.508,-13.508,nr-ml1,631.9414350986481
41.88218481,-87.67173771,1628388418.621777,174270,629,-84.141,-13.125,nr-ml1,633.8217771053314
41.88218481,-87.67173771,1628388420.62175,174270,629,-83.336,-13.109,nr-ml1,635.821750164032
41.88218481,-87.67173771,1628388422.524277,174270,629,-87.000,-12.500,nr-ml1,637.7242770195007
41.88218481,-87.67173771,1628388424.444287,174270,629,-88.008,-13.008,nr-ml1,639.644287109375
41.8821888,-87.67174012,1628388426.444284,174270,629,-86.500,-12.500,nr-ml1,641.6442840099335
41.88222296,-87.6717432,1628388428.205844,174270,629,-83.0,-12.0,nr-neighbor,643.4058439731598
41.88230759,-87.67173641,1628388430.115365,174270,629,-83.008,-12.500,nr-ml1,645.3153650760651
41.8824362,-87.67173761,1628388431.98175,174270,629,-81.344,-14.578,nr-ml1,647.1817500591278
41.88259715,-87.6717371,1628388433.901752,174270,629,-83.695,-13.812,nr-ml1,649.1017520427704
41.88278417,-87.67173866,1628388435.964256,174270,629,-84.000,-12.500,nr-ml1,651.1642560958862
41.88291684,-87.67174318,1628388437.646279,174270,629,-88.0,-14.0,nr-neighbor,652.8462791442871
41.88303018,-87.67174903,1628388439.401737,174270,629,-86.477,-14.734,nr-ml1,654.6017370223999
41.88311489,-87.67175822,1628388441.341743,174270,629,-83.164,-14.281,nr-ml1,656.5417430400848
41.88316882,-87.67178776,1628388442.925905,174270,629,-92.0,-16.0,nr-neighbor,658.1259050369263
41.88321079,-87.67187536,1628388444.701718,174270,629,-80.945,-12.859,nr-ml1,659.9017181396484
41.8832249,-87.67199008,1628388446.265877,174270,629,-86.0,-11.0,nr-neighbor,661.4658770561218
41.88322818,-87.67220605,1628388448.425911,174270,629,-81.0,-11.0,nr-neighbor,663.6259109973907
41.88322403,-87.67239582,1628388450.141732,174270,629,-86.531,-13.367,nr-ml1,665.3417320251465
41.88322008,-87.67259051,1628388451.805856,174270,629,-88.0,-13.5,nr-neighbor,667.0058560371399
41.8832131,-87.67281429,1628388453.658223,174270,629,-89.000,-16.500,nr-ml1,668.8582229614258
41.88319945,-87.67303324,1628388455.541667,174270,629,-80.891,-10.984,nr-ml1,670.7416670322418
41.88318941,-87.67323565,1628388457.404267,174270,629,-78.508,-10.508,nr-ml1,672.6042671203613
41.88318386,-87.675281,1628388473.164258,174270,629,-70.000,-10.508,nr-ml1,688.3642580509186
41.88314205,-87.67653049,1628388482.604213,174270,629,-87.000,-11.008,nr-ml1,697.8042130470276
41.88304309,-87.67669354,1628388485.404232,174270,629,-73.008,-10.508,nr-ml1,700.6042320728302
41.88281351,-87.67671988,1628388488.773163,174270,629,-77.500,-11.008,nr-ml1,703.9731631278992
41.88259699,-87.6767098,1628388491.661607,174270,629,-71.375,-10.508,nr-ml1,706.8616070747375
41.88246999,-87.67670593,1628388494.561618,174270,629,-74.648,-11.078,nr-ml1,709.7616181373596
41.88245262,-87.67670613,1628388497.724232,174270,629,-81.008,-13.508,nr-ml1,712.924232006073
41.88237757,-87.67670367,1628388501.185303,174270,629,-81.500,-13.008,nr-ml1,716.3853030204773
41.88221156,-87.67670049,1628388504.221618,174270,629,-76.672,-11.227,nr-ml1,719.4216179847717
41.88200683,-87.67669839,1628388506.764207,174270,629,-80.508,-12.000,nr-ml1,721.9642069339752
41.88173393,-87.67667326,1628388509.655225,174270,629,-79.000,-10.508,nr-ml1,724.8552250862122
41.88153658,-87.67665598,1628388512.1216,174270,629,-74.500,-11.008,nr-ml1,727.3215999603271
41.88144388,-87.67664758,1628388514.684193,174270,629,-77.500,-11.500,nr-ml1,729.884192943573
41.88143602,-87.67664666,1628388516.928172,174270,629,-83.508,-10.508,nr-ml1,732.128172159195
41.88143603,-87.67664666,1628388519.521651,174270,629,-77.711,-11.008,nr-ml1,734.7216510772705
41.88143603,-87.67664666,1628388522.04418,174270,629,-88.508,-11.008,nr-ml1,737.2441799640656
41.88143603,-87.67664666,1628388531.883849,174270,629,-86.008,-11.500,nr-ml1,747.0838489532471
41.8813213,-87.67660145,1628388556.524133,174270,629,-83.008,-11.500,nr-ml1,771.724133014679
41.88128449,-87.67630793,1628388560.524159,174270,629,-89.500,-13.008,nr-ml1,775.7241590023041
41.88129373,-87.67604702,1628388563.063149,174270,629,-88.008,-13.008,nr-ml1,778.263149023056
41.88132164,-87.67540943,1628388568.924149,174270,629,-69.000,-10.508,nr-ml1,784.1241490840912
41.88134983,-87.67277916,1628388588.10805,174270,629,-75.000,-11.008,nr-ml1,803.3080501556396
41.88136093,-87.67209319,1628388593.078101,174270,629,-79.500,-14.500,nr-ml1,808.2781009674072
41.88138056,-87.67181579,1628388596.00159,174270,629,-86.312,-17.688,nr-ml1,811.2015900611877
41.88158481,-87.67169814,1628388599.937133,174270,629,-89.000,-19.000,nr-ml1,815.1371331214905
41.88185379,-87.67171114,1628388603.181561,174270,629,-80.797,-15.711,nr-ml1,818.3815610408783
41.8820438,-87.6717161,1628388605.564098,174270,629,-79.500,-12.000,nr-ml1,820.7640979290009
41.88215656,-87.6717213,1628388608.181974,174270,629,-81.008,-11.500,nr-ml1,823.3819739818573
41.88217083,-87.67172051,1628388610.861491,174270,629,-84.500,-17.422,nr-ml1,826.0614910125732
41.88216906,-87.67172406,1628388613.644088,174270,629,-85.508,-14.000,nr-ml1,828.8440880775452
41.88217597,-87.67172536,1628388616.123054,174270,629,-83.508,-13.508,nr-ml1,831.3230540752411
41.88218307,-87.67172541,1628388618.761557,174270,629,-83.156,-12.500,nr-ml1,833.9615571498871
41.88218312,-87.67172709,1628388621.404075,174270,629,-85.508,-11.500,nr-ml1,836.6040749549866
41.88226568,-87.67173524,1628388624.364168,174270,629,-79.500,-11.500,nr-ml1,839.5641679763794
41.88244006,-87.67174124,1628388626.921532,174270,629,-80.688,-13.281,nr-ml1,842.1215319633484
41.88265582,-87.67174262,1628388629.48412,174270,629,-81.008,-12.000,nr-ml1,844.6841199398041
41.88289597,-87.67174992,1628388632.706942,174270,629,-81.500,-13.008,nr-ml1,847.9069421291351
41.88305754,-87.67175455,1628388635.18153,174270,629,-82.906,-12.172,nr-ml1,850.381530046463
41.88318789,-87.67181168,1628388637.884069,174270,629,-94.000,-16.008,nr-ml1,853.0840690135956
41.88323848,-87.67207581,1628388641.093005,174270,629,-86.500,-12.500,nr-ml1,856.293004989624
41.88322791,-87.67236629,1628388643.281532,174270,629,-84.633,-13.094,nr-ml1,858.4815320968628
41.88320909,-87.67280389,1628388646.204057,174270,629,-86.500,-15.508,nr-ml1,861.4040570259094
41.88319159,-87.67340308,1628388650.76409,174270,629,-76.008,-10.508,nr-ml1,865.9640901088715
41.88241807,-87.67670259,1628388681.80403,174270,629,-76.500,-12.000,nr-ml1,897.0040299892426
41.88174305,-87.67669085,1628388702.283985,174270,629,-77.500,-11.008,nr-ml1,917.4839849472046
41.88143916,-87.67665598,1628388725.003996,174270,629,-83.008,-11.008,nr-ml1,940.2039959430695
41.88141739,-87.6766623,1628388747.403981,174270,629,-77.500,-11.008,nr-ml1,962.6039810180664
41.88128544,-87.6760529,1628388755.576844,174270,629,-95.000,-13.508,nr-ml1,970.7768440246582
41.88129808,-87.67565192,1628388758.381354,174270,629,-71.914,-10.922,nr-ml1,973.5813541412354
41.88130581,-87.67521997,1628388761.221436,174270,629,-76.891,-10.516,nr-ml1,976.4214360713959
41.8813048,-87.67471396,1628388764.421411,174270,629,-71.797,-10.555,nr-ml1,979.6214110851288
41.88131002,-87.6742832,1628388767.021392,174270,629,-70.977,-10.609,nr-ml1,982.2213921546936
41.88131407,-87.67398962,1628388768.801404,174270,629,-72.219,-10.594,nr-ml1,984.0014040470123
41.88132035,-87.67370236,1628388770.561427,174270,629,-71.492,-10.508,nr-ml1,985.7614271640778
41.88132242,-87.67340214,1628388772.42553,174270,629,-83.0,-11.0,nr-neighbor,987.6255300045013
41.88132664,-87.67310628,1628388774.281368,174270,629,-75.273,-10.578,nr-ml1,989.4813680648804
41.88133026,-87.67275572,1628388776.524684,174270,629,-79.500,-11.500,nr-ml1,991.7246840000153
41.881334,-87.67246586,1628388778.445576,174270,629,-71.0,-11.5,nr-neighbor,993.6455760002136
41.88133863,-87.67220024,1628388780.493973,174270,629,-85.508,-19.000,nr-ml1,995.6939730644226
41.88134323,-87.67200545,1628388782.283947,174270,629,-81.500,-18.508,nr-ml1,997.4839470386505
41.88136848,-87.67185344,1628388784.205509,174270,629,-81.0,-18.0,nr-neighbor,999.4055089950562
41.88144625,-87.67177779,1628388785.921404,174270,629,-94.977,-20.461,nr-ml1,1001.1214039325714
41.8816049,-87.67174693,1628388787.90138,174270,629,-83.602,-20.547,nr-ml1,1003.101380109787
41.8817739,-87.67174295,1628388789.761355,174270,629,-81.750,-14.992,nr-ml1,1004.961354970932
41.88195202,-87.67174615,1628388791.790798,174270,629,-82.500,-15.000,nr-ml1,1006.990797996521
41.88207318,-87.67174958,1628388793.661384,174270,629,-80.133,-13.914,nr-ml1,1008.8613841533661
41.88212961,-87.67175209,1628388795.661379,174270,629,-75.648,-10.711,nr-ml1,1010.8613791465759
41.88215012,-87.67175387,1628388797.661377,174270,629,-83.156,-14.750,nr-ml1,1012.8613770008087
41.88215452,-87.6717522,1628388799.483915,174270,629,-85.508,-12.000,nr-ml1,1014.6839151382446
41.88215453,-87.67175215,1628388801.72391,174270,629,-86.008,-12.000,nr-ml1,1016.9239101409912
41.88215453,-87.67175215,1628388803.405546,174270,629,-86.0,-12.0,nr-neighbor,1018.6055459976196
41.88215453,-87.67175215,1628388805.2014,174270,629,-85.547,-12.500,nr-ml1,1020.4014000892639
41.88215453,-87.67175215,1628388806.745536,174270,629,-83.0,-11.5,nr-neighbor,1021.9455361366272
41.88215453,-87.67175215,1628388808.685549,174270,629,-84.0,-11.5,nr-neighbor,1023.8855490684509
41.88215453,-87.67175215,1628388810.685504,174270,629,-83.0,-11.5,nr-neighbor,1025.8855040073395
41.88215453,-87.67175215,1628388812.700041,174270,629,-84.500,-11.500,nr-ml1,1027.900041103363
41.88215453,-87.67175215,1628388814.541384,174270,629,-84.594,-12.000,nr-ml1,1029.7413840293884
41.88215453,-87.67175215,1628388816.205524,174270,629,-84.0,-11.5,nr-neighbor,1031.4055240154266
41.88215605,-87.6717442,1628388818.212907,174270,629,-85.000,-13.008,nr-ml1,1033.4129071235657
41.88217996,-87.67174641,1628388820.154059,174270,629,-85.508,-11.500,nr-ml1,1035.3540589809418
41.88226641,-87.67174521,1628388821.981382,174270,629,-81.539,-12.922,nr-ml1,1037.1813819408417
41.88240488,-87.6717514,1628388823.943886,174270,629,-85.000,-14.500,nr-ml1,1039.143886089325
41.88254361,-87.67175546,1628388825.645518,174270,629,-85.0,-11.0,nr-neighbor,1040.8455181121826
41.88273134,-87.67176261,1628388827.972596,174270,629,-84.0,-16.0,nr-neighbor,1043.1725959777832
41.88285619,-87.67176529,1628388829.6879,174270,629,-92.000,-14.000,nr-ml1,1044.8879001140594
41.8829692,-87.67176877,1628388831.483898,174270,629,-87.000,-15.508,nr-ml1,1046.683897972107
41.88306363,-87.67177018,1628388833.074027,174270,629,-86.500,-13.508,nr-ml1,1048.2740271091461
41.88317102,-87.67181218,1628388835.189609,174270,629,-82.000,-12.500,nr-ml1,1050.3896090984344
41.88321469,-87.67194467,1628388837.003902,174270,629,-84.500,-16.008,nr-ml1,1052.2039020061493
41.88322037,-87.67214228,1628388838.765515,174270,629,-84.0,-13.5,nr-neighbor,1053.9655151367188
41.88321287,-87.67239745,1628388840.692848,174270,629,-86.008,-14.500,nr-ml1,1055.8928480148315
41.88320823,-87.67266464,1628388842.503897,174270,629,-85.508,-11.500,nr-ml1,1057.7038969993591
41.8832032,-87.6729254,1628388844.125581,174270,629,-92.0,-11.0,nr-neighbor,1059.325581073761
41.88319736,-87.6732503,1628388846.125468,174270,629,-74.0,-10.5,nr-neighbor,1061.3254680633545
41.88318599,-87.67362722,1628388848.4615,174270,629,-76.0,-10.5,nr-neighbor,1063.6614999771118
41.88318011,-87.6738882,1628388850.101332,174270,629,-71.039,-10.508,nr-ml1,1065.3013319969177
41.8831721,-87.67424385,1628388852.321416,174270,629,-64.445,-10.516,nr-ml1,1067.5214159488678
41.88316837,-87.67449502,1628388853.941335,174270,629,-72.766,-10.727,nr-ml1,1069.1413350105286
41.8831738,-87.67487039,1628388856.482074,174270,629,-64.500,-10.516,nr-ml1,1071.6820740699768
41.88317278,-87.67531368,1628388859.361379,174270,629,-59.789,-10.508,nr-ml1,1074.561378955841
41.88315528,-87.67577316,1628388862.402063,174270,629,-63.422,-10.508,nr-ml1,1077.6020629405975
41.8831417,-87.67617581,1628388865.141313,174270,629,-72.359,-10.508,nr-ml1,1080.341313123703
41.88313478,-87.67639001,1628388866.741304,174270,629,-77.766,-10.695,nr-ml1,1081.9413039684296
41.88310832,-87.67659902,1628388868.801374,174270,629,-69.266,-11.109,nr-ml1,1084.0013740062714
41.88299823,-87.67671519,1628388871.041335,174270,629,-71.016,-10.539,nr-ml1,1086.2413351535797
41.88274577,-87.67671771,1628388874.04131,174270,629,-75.062,-11.133,nr-ml1,1089.241310119629
41.88254526,-87.67671608,1628388876.321406,174270,629,-73.422,-11.305,nr-ml1,1091.5214059352875
41.88244438,-87.67671685,1628388877.92131,174270,629,-77.734,-11.789,nr-ml1,1093.1213099956512
41.88237278,-87.67671545,1628388879.861324,174270,629,-78.656,-11.914,nr-ml1,1095.0613241195679
41.88236169,-87.67671691,1628388882.361291,174270,629,-78.383,-11.031,nr-ml1,1097.5612909793854
41.88236806,-87.6767169,1628388885.561296,174270,629,-79.695,-11.266,nr-ml1,1100.7612960338593
41.88233174,-87.67671891,1628388888.761292,174270,629,-79.344,-12.266,nr-ml1,1103.9612920284271
41.88220738,-87.67672112,1628388891.32131,174270,629,-80.586,-12.875,nr-ml1,1106.5213100910187
41.88202385,-87.67671911,1628388893.882059,174270,629,-76.984,-11.281,nr-ml1,1109.0820591449738
41.88180331,-87.6766885,1628388896.161297,174270,629,-74.203,-10.898,nr-ml1,1111.3612971305847
41.88159702,-87.67665375,1628388898.587598,174270,629,-74.0,-10.5,nr-serving,1113.7875981330872
41.88152764,-87.67664759,1628388899.671685,174270,629,-74.0,-10.5,nr-serving,1114.8716850280762
41.88146081,-87.6766379,1628388901.921314,174270,629,-78.875,-11.711,nr-ml1,1117.121314048767
41.8814592,-87.67663698,1628388903.521297,174270,629,-79.906,-11.305,nr-ml1,1118.7212970256805
41.88145938,-87.67663696,1628388905.121362,174270,629,-81.750,-11.680,nr-ml1,1120.3213620185852
41.88145938,-87.67663696,1628388906.721336,174270,629,-79.031,-11.312,nr-ml1,1121.9213359355927
41.88145938,-87.67663696,1628388908.201293,174270,629,-81.062,-11.500,nr-ml1,1123.401293039322
41.88145938,-87.67663696,1628388910.043798,174270,629,-87.500,-14.000,nr-ml1,1125.2437980175018
41.88145938,-87.67663696,1628388911.963843,174270,629,-86.008,-13.008,nr-ml1,1127.1638431549072
41.88144867,-87.67663445,1628388913.725413,174270,629,-84.0,-12.0,nr-neighbor,1128.9254131317139
41.88144354,-87.6766325,1628388915.441288,174270,629,-79.148,-12.000,nr-ml1,1130.6412880420685
41.88144368,-87.67663257,1628388917.340916,174270,629,-79.062,-11.500,nr-ml1,1132.540915966034
41.88144368,-87.67663257,1628388919.243817,174270,629,-84.000,-12.000,nr-ml1,1134.4438171386719
41.88144368,-87.67663257,1628388920.985464,174270,629,-84.0,-11.5,nr-neighbor,1136.185464143753
41.88144368,-87.67663257,1628388922.905424,174270,629,-83.0,-11.0,nr-neighbor,1138.1054241657257
41.88144368,-87.67663257,1628388924.825447,174270,629,-86.0,-11.0,nr-neighbor,1140.0254471302032
41.88144368,-87.67663257,1628388926.765405,174270,629,-85.0,-11.0,nr-neighbor,1141.9654049873352
41.88144368,-87.67663257,1628388928.845372,174270,629,-83.0,-11.0,nr-neighbor,1144.0453720092773
41.88140649,-87.67664252,1628388930.613859,174270,629,-81.500,-12.000,nr-ml1,1145.8138589859009
41.88140501,-87.67664258,1628388932.520932,174270,629,-79.609,-11.719,nr-ml1,1147.720932006836
41.88140501,-87.67664258,1628388934.121271,174270,629,-81.383,-12.219,nr-ml1,1149.321270942688
41.88140501,-87.67664258,1628388935.56541,174270,629,-86.0,-14.0,nr-neighbor,1150.7654099464417
41.88140438,-87.67663921,1628388937.41567,174270,629,-85.508,-15.508,nr-ml1,1152.615669965744
41.88139606,-87.67662939,1628388939.321274,174270,629,-81.008,-12.930,nr-ml1,1154.5212740898132
41.8813451,-87.67662389,1628388941.260877,174270,629,-79.688,-12.047,nr-ml1,1156.460876941681
41.88125343,-87.67649837,1628388944.081259,174270,629,-77.117,-13.141,nr-ml1,1159.281259059906
41.88125879,-87.67615829,1628388947.241251,174270,629,-85.414,-12.227,nr-ml1,1162.441251039505
41.88126931,-87.67576676,1628388950.481266,174270,629,-83.445,-11.562,nr-ml1,1165.6812660694122
41.88128015,-87.67547507,1628388952.721265,174270,629,-74.703,-10.617,nr-ml1,1167.9212651252747
41.88128492,-87.67527798,1628388954.360908,174270,629,-74.727,-10.711,nr-ml1,1169.5609080791473
41.88128495,-87.67505187,1628388956.1009,174270,629,-75.875,-10.633,nr-ml1,1171.3008999824524
41.88128958,-87.67482435,1628388957.820907,174270,629,-72.250,-10.750,nr-ml1,1173.02090716362
41.88129481,-87.67457273,1628388959.800908,174270,629,-70.555,-10.562,nr-ml1,1175.0009081363678
41.88130041,-87.67435057,1628388961.560929,174270,629,-72.656,-10.578,nr-ml1,1176.760929107666
41.88129963,-87.67413354,1628388963.160908,174270,629,-73.445,-10.695,nr-ml1,1178.3609080314636
41.88129991,-87.67392429,1628388964.68085,174270,629,-74.516,-10.508,nr-ml1,1179.8808500766754
41.88129947,-87.67361775,1628388966.8609,174270,629,-74.523,-10.688,nr-ml1,1182.0608999729156
41.88130084,-87.67339319,1628388968.48088,174270,629,-75.844,-11.023,nr-ml1,1183.6808800697327
41.88130481,-87.67317356,1628388970.080871,174270,629,-76.891,-10.805,nr-ml1,1185.2808711528778
41.88130603,-87.67295557,1628388971.681258,174270,629,-74.938,-10.812,nr-ml1,1186.8812580108643
41.88130878,-87.67270651,1628388973.620876,174270,629,-71.914,-10.578,nr-ml1,1188.820876121521
41.88131267,-87.67249182,1628388975.4009,174270,629,-73.203,-11.922,nr-ml1,1190.6008999347687
41.88132145,-87.67230322,1628388977.020882,174270,629,-81.617,-14.992,nr-ml1,1192.2208819389343
41.88132781,-87.67218486,1628388978.185403,174270,629,-81.0,-16.5,nr-neighbor,1193.3854031562805
41.8813348,-87.67204028,1628388980.131648,174270,629,-84.000,-19.000,nr-ml1,1195.3316481113434
41.88133823,-87.67195693,1628388981.960905,174270,629,-81.711,-20.367,nr-ml1,1197.160905122757
41.88134096,-87.67191362,1628388983.965339,174270,629,-83.0,-20.5,nr-neighbor,1199.1653389930725
41.88134266,-87.67189611,1628388985.6267,174270,629,-80.000,-17.000,nr-ml1,1200.8266999721527
41.88134685,-87.67187129,1628388987.643757,174270,629,-82.000,-16.500,nr-ml1,1202.8437571525574
41.88135285,-87.6718344,1628388989.565334,174270,629,-81.0,-14.5,nr-neighbor,1204.7653341293335
41.88138486,-87.6717816,1628388991.34088,174270,629,-83.133,-21.141,nr-ml1,1206.5408799648285
41.88146702,-87.67172663,1628388993.100851,174270,629,-84.250,-17.844,nr-ml1,1208.3008511066437
41.8815875,-87.67171017,1628388994.720876,174270,629,-118.320,-29.445,nr-ml1,1209.9208760261536
41.88171653,-87.67171379,1628388996.28533,174270,629,-91.0,-18.0,nr-neighbor,1211.4853301048279
41.88184862,-87.67172316,1628388998.000826,174270,629,-79.875,-13.773,nr-ml1,1213.2008259296417
41.88196037,-87.67173122,1628389000.043416,174270,629,-78.508,-15.000,nr-ml1,1215.243416070938
41.88202884,-87.67173463,1628389001.865344,174270,629,-86.0,-16.5,nr-neighbor,1217.06534409523
41.88206636,-87.67173496,1628389003.520898,174270,629,-76.008,-11.867,nr-ml1,1218.7208981513977
41.88208371,-87.67173541,1628389005.085341,174270,629,-83.0,-13.5,nr-neighbor,1220.2853410243988
41.88208608,-87.6717369,1628389007.085608,174270,629,-86.0,-12.0,nr-neighbor,1222.2856080532074
41.88208996,-87.67173789,1628389008.860891,174270,629,-81.078,-13.578,nr-ml1,1224.0608911514282
41.88210181,-87.67174007,1628389011.003408,174270,629,-83.508,-12.000,nr-ml1,1226.2034080028534
41.88211011,-87.67173939,1628389012.765295,174270,629,-83.0,-14.0,nr-neighbor,1227.9652950763702
41.88212679,-87.67173975,1628389014.528794,174270,629,-87.000,-23.008,nr-ml1,1229.7287940979004
41.88218489,-87.67173843,1628389016.520841,174270,629,-77.852,-11.852,nr-ml1,1231.7208409309387
41.88228157,-87.67173805,1628389018.523434,174270,629,-87.000,-13.508,nr-ml1,1233.723433971405
41.88242076,-87.67174277,1628389020.663407,174270,629,-80.508,-12.500,nr-ml1,1235.8634071350098
41.88255865,-87.67174714,1628389022.425659,174270,629,-88.0,-11.0,nr-neighbor,1237.6256589889526
41.88271992,-87.67175509,1628389024.58531,174270,629,-76.0,-11.5,nr-neighbor,1239.7853100299835
41.88284183,-87.67176056,1628389026.200874,174270,629,-80.727,-12.148,nr-ml1,1241.4008741378784
41.88298191,-87.67176725,1628389028.123391,174270,629,-92.500,-14.500,nr-ml1,1243.3233909606934
41.88308601,-87.67177383,1628389029.805343,174270,629,-86.0,-17.0,nr-neighbor,1245.0053429603577
41.88317292,-87.6718165,1628389031.58086,174270,629,-82.641,-12.977,nr-ml1,1246.7808599472046
41.88322093,-87.67196801,1628389033.643378,174270,629,-82.500,-12.000,nr-ml1,1248.8433780670166
41.88322652,-87.6721519,1628389035.325327,174270,629,-87.0,-11.0,nr-neighbor,1250.5253269672394
41.88321971,-87.67237271,1628389037.100859,174270,629,-82.438,-13.094,nr-ml1,1252.3008589744568
41.8832188,-87.67264389,1628389038.983353,174270,629,-85.000,-14.500,nr-ml1,1254.183352947235
41.88321927,-87.67289216,1628389040.665317,174270,629,-86.0,-12.0,nr-neighbor,1255.865317106247
41.88321604,-87.67320466,1628389042.765294,174270,629,-77.0,-10.5,nr-neighbor,1257.965294122696
41.88321028,-87.67351334,1628389044.765274,174270,629,-73.0,-10.5,nr-neighbor,1259.9652740955353
41.88320882,-87.67376554,1628389046.400809,174270,629,-71.797,-10.594,nr-ml1,1261.60080909729
41.88320079,-87.6741188,1628389048.641938,174270,629,-61.961,-10.531,nr-ml1,1263.8419380187988
41.88318367,-87.67461384,1628389051.841911,174270,629,-66.852,-10.516,nr-ml1,1267.041911125183
41.88316657,-87.67502978,1628389054.400833,174270,629,-63.125,-10.555,nr-ml1,1269.600832939148
41.88315968,-87.67529812,1628389056.00083,174270,629,-59.336,-10.562,nr-ml1,1271.2008299827576
41.88315823,-87.67582779,1628389059.200819,174270,629,-63.688,-10.516,nr-ml1,1274.4008190631866
41.88315927,-87.6763148,1628389062.400805,174270,629,-79.328,-10.758,nr-ml1,1277.6008050441742
41.88313758,-87.67656081,1628389064.920815,174270,629,-72.867,-10.930,nr-ml1,1280.120815038681
41.88300191,-87.67669876,1628389067.841938,174270,629,-68.742,-10.523,nr-ml1,1283.0419380664825
41.88277945,-87.67671284,1628389070.560879,174270,629,-75.070,-10.992,nr-ml1,1285.7608790397644
41.88258005,-87.67671959,1628389072.9208,174270,629,-73.734,-11.000,nr-ml1,1288.1208000183105
41.88242841,-87.67672144,1628389075.800811,174270,629,-79.148,-12.664,nr-ml1,1291.000811100006
41.88242925,-87.67672907,1628389079.000794,174270,629,-76.977,-12.258,nr-ml1,1294.2007939815521
41.88243466,-87.676732,1628389082.2008,174270,629,-77.008,-12.344,nr-ml1,1297.4007999897003
41.88236673,-87.67673667,1628389085.240788,174270,629,-80.406,-13.461,nr-ml1,1300.4407880306244
41.8822342,-87.67674127,1628389087.480801,174270,629,-80.727,-13.102,nr-ml1,1302.680801153183
41.88200092,-87.67672978,1628389090.040778,174270,629,-79.008,-11.422,nr-ml1,1305.2407779693604
41.88177965,-87.67671237,1628389092.160785,174270,629,-74.570,-11.156,nr-ml1,1307.3607850074768
41.88162813,-87.67668095,1628389093.760832,174270,629,-73.898,-10.859,nr-ml1,1308.960832118988
41.88154372,-87.67666169,1628389095.360793,174270,629,-73.508,-10.766,nr-ml1,1310.5607931613922
41.88149428,-87.6766475,1628389097.28078,174270,629,-74.250,-11.008,nr-ml1,1312.4807801246643
41.88147503,-87.67664323,1628389099.280767,174270,629,-75.422,-10.969,nr-ml1,1314.4807670116425
41.88146717,-87.67664212,1628389100.880774,174270,629,-76.422,-10.812,nr-ml1,1316.0807740688324
41.88146738,-87.67664216,1628389102.820725,174270,629,-73.883,-11.008,nr-ml1,1318.0207250118256
41.88146738,-87.67664216,1628389104.520767,174270,629,-72.797,-10.508,nr-ml1,1319.7207670211792
41.88146738,-87.67664216,1628389107.16079,174270,629,-75.961,-10.945,nr-ml1,1322.360790014267
41.88146738,-87.67664216,1628389109.440805,174270,629,-74.914,-10.883,nr-ml1,1324.6408050060272
41.88146738,-87.67664216,1628389111.786459,174270,629,-81.0,-11.0,nr-neighbor,1326.9864590168
41.88146738,-87.67664216,1628389113.480734,174270,629,-75.406,-11.008,nr-ml1,1328.6807341575623
41.88146738,-87.67664216,1628389115.4833,174270,629,-82.500,-11.008,nr-ml1,1330.6833000183105
41.88146738,-87.67664216,1628389117.141502,174270,629,-83.008,-11.008,nr-ml1,1332.3415019512177
41.88146738,-87.67664216,1628389119.120777,174270,629,-75.836,-11.008,nr-ml1,1334.320776939392
41.88146738,-87.67664216,1628389122.200764,174270,629,-75.688,-10.797,nr-ml1,1337.4007639884949
41.88146738,-87.67664216,1628389124.685217,174270,629,-74.0,-11.0,nr-neighbor,1339.8852169513702
41.88146738,-87.67664216,1628389126.38073,174270,629,-78.031,-11.773,nr-ml1,1341.5807299613953
41.88146738,-87.67664216,1628389127.980737,174270,629,-79.422,-12.031,nr-ml1,1343.1807370185852
41.88146738,-87.67664216,1628389129.580739,174270,629,-77.977,-11.797,nr-ml1,1344.780739068985
41.88146738,-87.67664216,1628389131.180741,174270,629,-77.750,-11.469,nr-ml1,1346.3807411193848
41.88146738,-87.67664216,1628389132.706464,174270,629,-82.500,-11.500,nr-ml1,1347.906464099884
41.88146738,-87.67664216,1628389134.440743,174270,629,-78.141,-11.977,nr-ml1,1349.6407430171967
41.88146738,-87.67664216,1628389137.160768,174270,629,-77.945,-11.922,nr-ml1,1352.3607680797577
41.8814364,-87.67663451,1628389139.880751,174270,629,-79.352,-11.961,nr-ml1,1355.0807509422302
41.88137437,-87.67661053,1628389142.200727,174270,629,-73.953,-11.312,nr-ml1,1357.400727033615
41.8813286,-87.6765082,1628389144.040747,174270,629,-75.891,-13.195,nr-ml1,1359.240746974945
41.88131305,-87.67626446,1628389146.340765,174270,629,-83.242,-12.484,nr-ml1,1361.5407650470734
41.88131472,-87.67605487,1628389147.940702,174270,629,-86.688,-14.383,nr-ml1,1363.140702009201
41.88131988,-87.67580284,1628389149.640754,174270,629,-79.539,-11.656,nr-ml1,1364.840754032135
41.88132404,-87.67554027,1628389151.320775,174270,629,-74.578,-10.852,nr-ml1,1366.5207750797272
41.88132129,-87.67511563,1628389153.880706,174270,629,-73.820,-10.602,nr-ml1,1369.0807061195374
41.88131186,-87.67477861,1628389155.960762,174270,629,-73.961,-10.625,nr-ml1,1371.1607620716095
41.88130597,-87.67437563,1628389158.360744,174270,629,-70.180,-10.602,nr-ml1,1373.560744047165
41.88131173,-87.6740531,1628389160.440729,174270,629,-72.023,-10.594,nr-ml1,1375.6407289505005
41.88130921,-87.67359424,1628389163.320732,174270,629,-76.844,-10.875,nr-ml1,1378.520732164383
41.88131062,-87.6732308,1628389165.720714,174270,629,-77.148,-10.938,nr-ml1,1380.9207141399384
41.88132531,-87.6729772,1628389167.320706,174270,629,-76.078,-10.945,nr-ml1,1382.5207059383392
41.8813286,-87.67274065,1628389168.844397,174270,629,-78.508,-12.000,nr-ml1,1384.0443971157074
41.88132959,-87.6724782,1628389170.600722,174270,629,-73.133,-11.922,nr-ml1,1385.8007221221924
41.8813286,-87.67224834,1628389172.460716,174270,629,-77.000,-13.867,nr-ml1,1387.6607160568237
41.88133421,-87.67201903,1628389174.920707,174270,629,-81.281,-19.047,nr-ml1,1390.1207070350647
41.88134185,-87.6719116,1628389176.320672,174270,629,-100.336,-24.680,nr-ml1,1391.520672082901
41.88142172,-87.67175283,1628389179.300705,174270,629,-83.477,-16.734,nr-ml1,1394.5007050037384
41.8815678,-87.67172905,1628389181.54074,174270,629,-90.680,-26.039,nr-ml1,1396.7407400608063
41.88175865,-87.67173268,1628389183.880706,174270,629,-78.922,-14.172,nr-ml1,1399.0807061195374
41.88192418,-87.67173496,1628389185.800685,174270,629,-79.359,-14.781,nr-ml1,1401.0006849765778
41.88206133,-87.67173672,1628389187.720677,174270,629,-79.180,-16.602,nr-ml1,1402.92067694664
41.88214021,-87.67173819,1628389190.12069,174270,629,-81.352,-12.977,nr-ml1,1405.3206901550293
41.88214462,-87.67174159,1628389192.360705,174270,629,-80.547,-13.562,nr-ml1,1407.560704946518
41.88214639,-87.67174609,1628389194.441794,174270,629,-82.133,-13.117,nr-ml1,1409.6417939662933
41.88215755,-87.67174746,1628389196.520673,174270,629,-77.852,-12.680,nr-ml1,1411.720673084259
41.88215944,-87.67174827,1628389198.760683,174270,629,-81.055,-15.203,nr-ml1,1413.960683107376
41.88215944,-87.67174827,1628389200.683225,174270,629,-84.000,-13.008,nr-ml1,1415.8832249641418
41.88215944,-87.67174827,1628389202.683232,174270,629,-83.008,-13.008,nr-ml1,1417.8832321166992
41.88215944,-87.67174827,1628389204.365121,174270,629,-83.0,-13.0,nr-neighbor,1419.56512093544
41.88216333,-87.67174887,1628389206.445101,174270,629,-81.0,-13.0,nr-neighbor,1421.645101070404
41.88221129,-87.67174934,1628389208.365127,174270,629,-78.0,-12.0,nr-neighbor,1423.5651271343231
41.88231554,-87.67175152,1628389210.325176,174270,629,-91.0,-13.5,nr-neighbor,1425.5251760482788
41.88244229,-87.67175415,1628389212.04069,174270,629,-79.570,-12.523,nr-ml1,1427.2406899929047
41.88257407,-87.67175616,1628389213.625217,174270,629,-84.0,-12.0,nr-neighbor,1428.8252170085907
41.88273116,-87.67176211,1628389215.460682,174270,629,-79.867,-11.586,nr-ml1,1430.660681962967
41.88289335,-87.67177148,1628389217.403272,174270,629,-87.000,-13.008,nr-ml1,1432.6032719612122
41.88304195,-87.67177986,1628389219.403252,174270,629,-89.000,-17.000,nr-ml1,1434.6032519340515
41.88313899,-87.67179741,1628389221.165098,174270,629,-83.0,-16.0,nr-neighbor,1436.3650979995728
41.88320176,-87.67188625,1628389222.885388,174270,629,-83.508,-14.000,nr-ml1,1438.0853879451752
41.88321797,-87.67204988,1628389224.683199,174270,629,-80.508,-11.008,nr-ml1,1439.8831989765167
41.88321892,-87.67227993,1628389226.52508,174270,629,-85.0,-11.0,nr-neighbor,1441.7250800132751
41.88321094,-87.67251253,1628389228.120682,174270,629,-85.977,-14.180,nr-ml1,1443.3206820487976
41.88320435,-87.67278354,1628389229.785121,174270,629,-87.0,-13.5,nr-neighbor,1444.985121011734
41.88319999,-87.67309353,1628389231.664376,174270,629,-87.000,-11.008,nr-ml1,1446.8643760681152
41.88320108,-87.67338593,1628389233.483196,174270,629,-79.000,-10.508,nr-ml1,1448.68319606781
41.88319841,-87.6737686,1628389235.761707,174270,629,-69.141,-10.516,nr-ml1,1450.9617071151733
41.88318278,-87.67431919,1628389238.961697,174270,629,-66.922,-10.516,nr-ml1,1454.1616971492767
41.88317177,-87.67471782,1628389241.380632,174270,629,-64.562,-10.516,nr-ml1,1456.5806319713593
41.8831682,-87.6749657,1628389242.980656,174270,629,-61.484,-10.562,nr-ml1,1458.1806559562683
41.88316676,-87.67533785,1628389245.361692,174270,629,-61.430,-10.516,nr-ml1,1460.5616919994354
41.88315011,-87.67572916,1628389247.921715,174270,629,-56.016,-10.516,nr-ml1,1463.1217150688171
41.88314122,-87.67595905,1628389249.540607,174270,629,-72.203,-10.516,nr-ml1,1464.7406070232391
41.88313587,-87.67617003,1628389251.140601,174270,629,-70.914,-10.516,nr-ml1,1466.3406009674072
41.88312827,-87.67644697,1628389253.360652,174270,629,-75.898,-10.727,nr-ml1,1468.5606520175934
41.88311268,-87.67661062,1628389255.280632,174270,629,-67.547,-11.578,nr-ml1,1470.4806320667267
41.88296942,-87.67674949,1628389258.000632,174270,629,-72.156,-10.750,nr-ml1,1473.200632095337
41.88277266,-87.67676369,1628389260.520624,174270,629,-73.750,-10.766,nr-ml1,1475.7206239700317
41.88253251,-87.6767605,1628389263.240629,174270,629,-79.344,-12.141,nr-ml1,1478.4406290054321
41.88238156,-87.67675768,1628389265.480624,174270,629,-78.164,-12.398,nr-ml1,1480.6806240081787
41.88229775,-87.67675912,1628389268.520616,174270,629,-79.359,-12.773,nr-ml1,1483.7206161022186
41.88227319,-87.6767562,1628389271.720612,174270,629,-78.516,-12.477,nr-ml1,1486.9206120967865
41.88226769,-87.67675656,1628389274.600645,174270,629,-76.906,-12.336,nr-ml1,1489.8006451129913
41.88226804,-87.67675667,1628389276.580635,174270,629,-77.023,-12.062,nr-ml1,1491.7806351184845
41.88226654,-87.67675504,1628389279.440631,174270,629,-79.266,-13.031,nr-ml1,1494.6406309604645
41.88220664,-87.67675789,1628389281.320582,174270,629,-78.750,-12.766,nr-ml1,1496.520581960678
41.88204304,-87.67674923,1628389284.040604,174270,629,-73.945,-11.070,nr-ml1,1499.2406041622162
41.88186446,-87.6767408,1628389286.600581,174270,629,-76.969,-10.953,nr-ml1,1501.8005809783936
41.88167236,-87.67673408,1628389289.320621,174270,629,-74.734,-11.000,nr-ml1,1504.520621061325
41.8815556,-87.67672672,1628389290.980623,174270,629,-72.289,-10.789,nr-ml1,1506.1806230545044
41.88148291,-87.6767212,1628389292.603135,174270,629,-75.000,-11.008,nr-ml1,1507.8031351566315
41.88145807,-87.67671566,1628389294.400598,174270,629,-72.812,-11.008,nr-ml1,1509.6005980968475
41.88144181,-87.67670793,1628389296.960596,174270,629,-77.398,-11.234,nr-ml1,1512.1605961322784
41.88144132,-87.67670759,1628389299.640622,174270,629,-77.500,-11.477,nr-ml1,1514.8406219482422
41.88143586,-87.67669905,1628389301.300552,174270,629,-76.664,-11.281,nr-ml1,1516.5005519390106
41.88143596,-87.67669923,1628389302.900557,174270,629,-77.055,-11.070,nr-ml1,1518.100557088852
41.88143596,-87.67669923,1628389304.50057,174270,629,-76.555,-11.023,nr-ml1,1519.7005701065063
41.88143596,-87.67669923,1628389306.480584,174270,629,-76.891,-11.008,nr-ml1,1521.6805839538574
41.88143596,-87.67669923,1628389309.040586,174270,629,-76.555,-11.438,nr-ml1,1524.2405860424042
41.88143596,-87.67669923,1628389311.600587,174270,629,-75.891,-11.336,nr-ml1,1526.800586938858
41.88143596,-87.67669923,1628389314.160595,174270,629,-75.711,-11.094,nr-ml1,1529.3605949878693
41.88142864,-87.67669703,1628389317.180526,174270,629,-75.000,-11.500,nr-ml1,1532.3805260658264
41.881423,-87.67669753,1628389319.041674,174270,629,-76.164,-11.500,nr-ml1,1534.2416739463806
41.88142375,-87.67669955,1628389320.660562,174270,629,-76.625,-11.570,nr-ml1,1535.8605620861053
41.88142902,-87.67670203,1628389322.260535,174270,629,-78.758,-11.758,nr-ml1,1537.4605350494385
41.88142898,-87.67670196,1628389323.880541,174270,629,-76.930,-11.156,nr-ml1,1539.0805411338806
41.88142898,-87.67670196,1628389325.480546,174270,629,-76.680,-10.961,nr-ml1,1540.6805460453033
41.88142898,-87.67670196,1628389327.065012,174270,629,-78.0,-11.0,nr-neighbor,1542.2650120258331
41.88142898,-87.67670196,1628389329.320576,174270,629,-76.766,-11.008,nr-ml1,1544.5205760002136
41.88142363,-87.67670187,1628389331.68051,174270,629,-76.273,-11.070,nr-ml1,1546.8805100917816
41.88138982,-87.67669151,1628389333.66055,174270,629,-75.797,-10.938,nr-ml1,1548.8605501651764
41.8813408,-87.67664333,1628389335.360554,174270,629,-79.000,-11.977,nr-ml1,1550.5605540275574
41.88129346,-87.67644036,1628389337.980585,174270,629,-87.961,-13.641,nr-ml1,1553.1805851459503
41.88129379,-87.67626252,1628389339.580547,174270,629,-84.789,-12.836,nr-ml1,1554.7805471420288
41.8812975,-87.67605235,1628389341.180535,174270,629,-81.984,-13.008,nr-ml1,1556.3805351257324
41.88130832,-87.67578452,1628389343.0031,174270,629,-87.500,-11.008,nr-ml1,1558.2030999660492
41.88131337,-87.67556766,1628389344.520511,174270,629,-73.117,-10.766,nr-ml1,1559.7205109596252
41.88131711,-87.67516384,1628389347.280571,174270,629,-70.555,-10.602,nr-ml1,1562.4805710315704
41.88132184,-87.67477071,1628389349.980561,174270,629,-70.969,-10.703,nr-ml1,1565.1805610656738
41.8813278,-87.67436932,1628389352.720583,174270,629,-76.500,-10.555,nr-ml1,1567.9205830097198
41.88133191,-87.67400507,1628389355.120555,174270,629,-69.742,-10.648,nr-ml1,1570.320554971695
41.88133607,-87.67355244,1628389357.961619,174270,629,-69.195,-10.531,nr-ml1,1573.1616189479828
41.88134029,-87.67323872,1628389359.960553,174270,629,-74.906,-10.812,nr-ml1,1575.1605529785156
41.88134154,-87.67296348,1628389361.580525,174270,629,-74.609,-10.891,nr-ml1,1576.780524969101
41.8813461,-87.67268975,1628389363.323062,174270,629,-68.508,-10.508,nr-ml1,1578.523061990738
41.88135813,-87.67239909,1628389365.244662,174270,629,-78.0,-19.5,nr-neighbor,1580.4446620941162
41.88136455,-87.67211096,1628389367.243165,174270,629,-80.000,-16.008,nr-ml1,1582.443165063858
41.88138759,-87.67182315,1628389370.400492,174270,629,-131.133,-29.195,nr-ml1,1585.6004920005798
41.88150577,-87.67172766,1628389372.940504,174270,629,-84.273,-18.383,nr-ml1,1588.1405041217804
41.88164084,-87.67171872,1628389374.843051,174270,629,-82.500,-17.500,nr-ml1,1590.0430510044098
41.88177451,-87.67172292,1628389376.52304,174270,629,-96.008,-17.000,nr-ml1,1591.7230401039124
41.88191265,-87.67172695,1628389378.285033,174270,629,-84.0,-18.0,nr-neighbor,1593.4850330352783
41.88204385,-87.67173367,1628389380.06053,174270,629,-80.320,-18.383,nr-ml1,1595.2605299949646
41.88216145,-87.67173786,1628389382.103043,174270,629,-75.508,-12.500,nr-ml1,1597.30304312706
41.88220278,-87.67173744,1628389383.864661,174270,629,-86.0,-14.0,nr-neighbor,1599.064661026001
41.88220466,-87.67173928,1628389385.732087,174270,629,-83.508,-14.000,nr-ml1,1600.93208694458
41.88220194,-87.6717387,1628389387.540518,174270,629,-84.602,-13.008,nr-ml1,1602.7405180931091
41.88219927,-87.67173809,1628389389.40304,174270,629,-84.500,-13.508,nr-ml1,1604.6030399799347
41.88219936,-87.67173798,1628389391.323032,174270,629,-84.000,-13.508,nr-ml1,1606.523031949997
41.88219936,-87.67173798,1628389393.004637,174270,629,-83.0,-13.5,nr-neighbor,1608.2046370506287
41.88219936,-87.67173798,1628389394.882088,174270,629,-83.508,-13.508,nr-ml1,1610.0820879936218
41.88219936,-87.67173798,1628389396.840514,174270,629,-83.008,-13.508,nr-ml1,1612.0405139923096
41.88219936,-87.67173798,1628389398.504678,174270,629,-83.0,-13.5,nr-neighbor,1613.7046780586243
41.88219936,-87.67173798,1628389400.472024,174270,629,-83.508,-13.508,nr-ml1,1615.672024011612
41.88220293,-87.67173896,1628389402.300455,174270,629,-82.922,-14.000,nr-ml1,1617.5004551410675
41.88225165,-87.67174203,1628389404.203032,174270,629,-84.000,-14.500,nr-ml1,1619.4030320644379
41.88233377,-87.67174628,1628389405.86694,174270,629,-82.500,-12.000,nr-ml1,1621.0669400691986
41.88248156,-87.67175313,1628389407.846313,174270,629,-86.008,-13.508,nr-ml1,1623.046313047409
41.8826487,-87.67175577,1628389409.723005,174270,629,-81.500,-12.000,nr-ml1,1624.923005104065
41.88281301,-87.67175611,1628389411.564597,174270,629,-81.0,-11.5,nr-neighbor,1626.764596939087
41.88295362,-87.67175783,1628389413.327006,174270,629,-96.008,-11.500,nr-ml1,1628.527006149292
41.88307726,-87.67176061,1628389415.340502,174270,629,-82.656,-16.000,nr-ml1,1630.5405020713806
41.88314645,-87.6717686,1628389417.303026,174270,629,-88.008,-20.000,nr-ml1,1632.503026008606
41.88319824,-87.67179491,1628389419.24899,174270,629,-84.0,-12.0,nr-neighbor,1634.4489901065826
41.88324129,-87.67187122,1628389420.979075,174270,629,-83.008,-12.500,nr-ml1,1636.1790750026703
41.88323983,-87.67200134,1628389422.800484,174270,629,-79.742,-11.766,nr-ml1,1638.0004839897156
41.88322783,-87.67218103,1628389424.763013,174270,629,-86.008,-15.508,nr-ml1,1639.963012933731
41.88322318,-87.67238631,1628389426.604618,174270,629,-86.0,-13.5,nr-neighbor,1641.8046181201935
41.8832206,-87.67259583,1628389428.320479,174270,629,-85.945,-16.555,nr-ml1,1643.520478963852
41.88321726,-87.67286863,1628389430.262982,174270,629,-83.508,-13.008,nr-ml1,1645.4629819393158
41.88321175,-87.6731611,1628389432.282975,174270,629,-86.008,-11.500,nr-ml1,1647.4829750061035
41.88320798,-87.67339408,1628389433.888128,174270,629,-79.500,-10.508,nr-ml1,1649.0881280899048
41.88320391,-87.67361718,1628389435.56042,174270,629,-70.477,-10.594,nr-ml1,1650.7604200839996
41.88320051,-87.67403447,1628389438.400485,174270,629,-65.875,-10.539,nr-ml1,1653.600485086441
41.88319783,-87.67445601,1628389441.324599,174270,629,-68.0,-10.5,nr-neighbor,1656.5245990753174
41.88319529,-87.6747653,1628389443.420457,174270,629,-62.406,-10.531,nr-ml1,1658.6204569339752
41.88317956,-87.67524928,1628389446.600409,174270,629,-54.797,-10.516,nr-ml1,1661.800409078598
41.88316541,-87.67554155,1628389448.520399,174270,629,-64.219,-10.516,nr-ml1,1663.7203991413116
41.88315122,-87.67604997,1628389451.740429,174270,629,-63.320,-10.508,nr-ml1,1666.9404289722443
41.88314508,-87.6763447,1628389453.680388,174270,629,-74.594,-10.633,nr-ml1,1668.8803880214691
41.8831347,-87.67654301,1628389455.40046,174270,629,-72.820,-10.719,nr-ml1,1670.6004600524902
41.88302663,-87.67670138,1628389458.40041,174270,629,-64.531,-10.641,nr-ml1,1673.6004099845886
41.88284797,-87.67670862,1628389460.800412,174270,629,-69.469,-10.992,nr-ml1,1676.0004119873047
41.88265254,-87.67670811,1628389463.240477,174270,629,-74.852,-10.953,nr-ml1,1678.4404771327972
41.88255792,-87.67671327,1628389465.001516,174270,629,-77.180,-11.695,nr-ml1,1680.2015161514282
41.88248802,-87.67671433,1628389467.520418,174270,629,-77.781,-12.742,nr-ml1,1682.7204179763794
41.88247225,-87.6767153,1628389470.080438,174270,629,-77.039,-12.133,nr-ml1,1685.2804379463196
41.88246011,-87.676717,1628389472.800399,174270,629,-77.945,-11.750,nr-ml1,1688.0003991127014
41.88243922,-87.67672019,1628389474.940432,174270,629,-75.906,-12.164,nr-ml1,1690.1404321193695
41.88241114,-87.67671933,1628389476.800421,174270,629,-79.539,-12.898,nr-ml1,1692.0004210472107
41.88235272,-87.67672122,1628389479.380405,174270,629,-78.328,-13.797,nr-ml1,1694.580404996872
41.88222056,-87.67672793,1628389482.240394,174270,629,-76.844,-11.852,nr-ml1,1697.4403941631317
41.88199853,-87.67670956,1628389484.840447,174270,629,-74.336,-11.062,nr-ml1,1700.0404469966888
41.88182209,-87.67669443,1628389486.720391,174270,629,-72.992,-10.773,nr-ml1,1701.9203910827637
41.88167928,-87.67667927,1628389488.360392,174270,629,-74.438,-10.945,nr-ml1,1703.5603921413422
41.88155879,-87.67666749,1628389489.960429,174270,629,-73.055,-11.172,nr-ml1,1705.1604290008545
41.88148308,-87.67665945,1628389491.560441,174270,629,-74.250,-11.359,nr-ml1,1706.7604410648346
41.88145594,-87.67665757,1628389493.084559,174270,629,-78.0,-11.5,nr-neighbor,1708.2845590114594
41.88145591,-87.67665751,1628389495.360412,174270,629,-79.117,-11.891,nr-ml1,1710.5604119300842
41.88145591,-87.67665751,1628389498.040397,174270,629,-78.102,-12.039,nr-ml1,1713.240396976471
41.88145591,-87.67665751,1628389500.540415,174270,629,-79.898,-12.570,nr-ml1,1715.740415096283
41.88145591,-87.67665751,1628389502.720397,174270,629,-80.547,-13.180,nr-ml1,1717.9203970432281
41.88145591,-87.67665751,1628389505.920379,174270,629,-80.883,-13.141,nr-ml1,1721.1203789710999
41.88145591,-87.67665751,1628389508.720387,174270,629,-80.312,-13.016,nr-ml1,1723.9203870296478
41.88145591,-87.67665751,1628389511.10038,174270,629,-80.438,-12.828,nr-ml1,1726.3003799915314
41.88145591,-87.67665751,1628389512.700363,174270,629,-81.477,-13.133,nr-ml1,1727.9003629684448
41.8814379,-87.67664391,1628389514.300353,174270,629,-79.781,-12.680,nr-ml1,1729.5003530979156
41.88141479,-87.67664374,1628389515.961459,174270,629,-77.680,-12.266,nr-ml1,1731.1614589691162
41.88139636,-87.67664248,1628389517.580372,174270,629,-80.031,-12.750,nr-ml1,1732.7803721427917
41.88137266,-87.67664035,1628389519.200364,174270,629,-78.617,-12.617,nr-ml1,1734.4003641605377
41.88132917,-87.67661769,1628389520.800396,174270,629,-75.164,-11.641,nr-ml1,1736.00039601326
41.88129023,-87.67652955,1628389522.401454,174270,629,-74.586,-12.375,nr-ml1,1737.6014540195465
41.88127701,-87.67634582,1628389524.180363,174270,629,-85.562,-12.922,nr-ml1,1739.3803629875183
41.88127595,-87.67611501,1628389525.840343,174270,629,-86.359,-13.742,nr-ml1,1741.0403430461884
41.88128629,-87.6758125,1628389527.660304,174270,629,-79.562,-10.844,nr-ml1,1742.8603041172028
41.88129635,-87.67552853,1628389529.400356,174270,629,-73.859,-10.945,nr-ml1,1744.6003561019897
41.88130497,-87.67506916,1628389532.200365,174270,629,-70.164,-10.570,nr-ml1,1747.400365114212
41.88130751,-87.67464308,1628389534.820327,174270,629,-70.578,-10.516,nr-ml1,1750.020327091217
41.88130993,-87.67424025,1628389537.380379,174270,629,-68.375,-10.523,nr-ml1,1752.5803790092468
41.88130863,-87.67394495,1628389539.320365,174270,629,-70.094,-10.562,nr-ml1,1754.5203649997711
41.88130662,-87.67360935,1628389541.700345,174270,629,-71.305,-10.594,nr-ml1,1756.9003450870514
41.88131695,-87.67332106,1628389543.661448,174270,629,-73.969,-10.828,nr-ml1,1758.8614480495453
41.88133272,-87.67306527,1628389545.420346,174270,629,-73.195,-10.734,nr-ml1,1760.620346069336
41.88134017,-87.67279196,1628389547.300291,174270,629,-73.891,-10.906,nr-ml1,1762.500291109085
41.88135008,-87.67255148,1628389549.060289,174270,629,-68.781,-10.656,nr-ml1,1764.2602889537811
41.88135391,-87.67234529,1628389550.681467,174270,629,-77.680,-14.375,nr-ml1,1765.8814671039581
41.8813591,-87.67214219,1628389552.460352,174270,629,-76.797,-14.625,nr-ml1,1767.6603519916534
41.88136792,-87.67187081,1628389555.64446,174270,629,-78.0,-14.0,nr-neighbor,1770.8444600105286
41.88142996,-87.67176887,1628389557.620819,174270,629,-80.000,-14.500,nr-ml1,1772.8208191394806
41.88154852,-87.67173947,1628389559.562859,174270,629,-89.500,-23.008,nr-ml1,1774.7628591060638
41.881682,-87.67173503,1628389561.280352,174270,629,-78.508,-18.500,nr-ml1,1776.4803521633148
41.88181591,-87.67173901,1628389562.844471,174270,629,-80.0,-16.0,nr-neighbor,1778.044471025467
41.88200659,-87.67175013,1628389565.002866,174270,629,-80.508,-15.508,nr-ml1,1780.202866077423
41.88212829,-87.67175114,1628389566.824451,174270,629,-81.0,-13.0,nr-neighbor,1782.0244510173798
41.88217747,-87.67175294,1628389568.560343,174270,629,-78.414,-11.320,nr-ml1,1783.7603430747986
41.88218894,-87.67175481,1628389570.522839,174270,629,-77.000,-10.508,nr-ml1,1785.7228391170502
41.88218881,-87.67175478,1628389572.124486,174270,629,-76.0,-11.0,nr-neighbor,1787.3244860172272
41.88218881,-87.67175478,1628389574.229011,174270,629,-77.000,-11.500,nr-ml1,1789.429011106491
41.88218881,-87.67175478,1628389576.020334,174270,629,-76.500,-11.953,nr-ml1,1791.2203340530396
41.88218881,-87.67175478,1628389578.122883,174270,629,-77.000,-11.500,nr-ml1,1793.3228831291199
41.88218881,-87.67175478,1628389579.804457,174270,629,-76.0,-11.0,nr-neighbor,1795.0044569969177
41.88218881,-87.67175478,1628389581.742964,174270,629,-76.500,-11.500,nr-ml1,1796.9429640769958
41.88218881,-87.67175478,1628389583.462889,174270,629,-77.000,-12.000,nr-ml1,1798.6628890037537
41.88218881,-87.67175478,1628389585.224449,174270,629,-76.0,-11.5,nr-neighbor,1800.42444896698
41.88218881,-87.67175478,1628389587.020325,174270,629,-76.008,-11.500,nr-ml1,1802.2203249931335
41.88218881,-87.67175478,1628389588.60447,174270,629,-76.0,-11.0,nr-neighbor,1803.8044700622559
41.88218881,-87.67175478,1628389590.535,174270,629,-76.500,-11.500,nr-ml1,1805.7350001335144
41.88218881,-87.67175478,1628389592.282859,174270,629,-77.000,-12.000,nr-ml1,1807.482859134674
41.88218881,-87.67175478,1628389594.442825,174270,629,-75.000,-11.500,nr-ml1,1809.642825126648
41.88219218,-87.67175441,1628389596.284399,174270,629,-83.0,-15.5,nr-neighbor,1811.4843990802765
41.8822276,-87.67175216,1628389598.060746,174270,629,-79.500,-13.008,nr-ml1,1813.2607460021973
41.88231701,-87.67175326,1628389600.134659,174270,629,-79.500,-11.500,nr-ml1,1815.3346590995789
41.88244143,-87.67175364,1628389602.020324,174270,629,-81.484,-12.500,nr-ml1,1817.2203240394592
41.88264722,-87.67175619,1628389604.280283,174270,629,-79.609,-12.859,nr-ml1,1819.4802830219269
41.88280238,-87.6717603,1628389605.880279,174270,629,-83.156,-12.602,nr-ml1,1821.0802791118622
41.8829385,-87.67176276,1628389607.480275,174270,629,-85.609,-13.195,nr-ml1,1822.680274963379
41.88304855,-87.67176435,1628389609.260248,174270,629,-81.297,-15.133,nr-ml1,1824.4602479934692
41.88314159,-87.6717754,1628389611.200298,174270,629,-82.633,-14.750,nr-ml1,1826.4002981185913
41.88321278,-87.67186453,1628389613.322822,174270,629,-87.500,-14.500,nr-ml1,1828.5228221416473
41.88323091,-87.67199261,1628389614.902874,174270,629,-90.000,-13.508,nr-ml1,1830.1028740406036
41.88322839,-87.67221258,1628389616.901412,174270,629,-82.781,-12.039,nr-ml1,1832.1014120578766
41.88322761,-87.67246119,1628389618.762812,174270,629,-82.500,-13.008,nr-ml1,1833.962811946869
41.88322467,-87.67274953,1628389620.682857,174270,629,-84.500,-15.000,nr-ml1,1835.8828570842743
41.88322269,-87.67302812,1628389622.444415,174270,629,-83.0,-11.0,nr-neighbor,1837.644415140152
41.8832198,-87.67336163,1628389624.492863,174270,629,-78.508,-10.508,nr-ml1,1839.6928629875183
41.88321372,-87.67369186,1628389626.580253,174270,629,-72.609,-10.523,nr-ml1,1841.7802529335022
41.88321018,-87.67395262,1628389628.200286,174270,629,-70.406,-10.555,nr-ml1,1843.4002859592438
41.88320242,-87.67428144,1628389630.241306,174270,629,-61.258,-10.523,nr-ml1,1845.4413061141968
41.88319635,-87.67454859,1628389631.860235,174270,629,-65.055,-10.539,nr-ml1,1847.0602350234985
41.88318426,-87.67481579,1628389633.460219,174270,629,-56.875,-10.523,nr-ml1,1848.6602189540863
41.88316357,-87.67531086,1628389636.28026,174270,629,-59.312,-10.555,nr-ml1,1851.4802601337433
41.88315433,-87.67559229,1628389637.940237,174270,629,-59.422,-10.422,nr-ml1,1853.1402370929718
41.88314639,-87.67585981,1628389639.54024,174270,629,-64.352,-10.492,nr-ml1,1854.740240097046
41.88313244,-87.67637748,1628389642.880249,174270,629,-78.023,-10.773,nr-ml1,1858.0802490711212
41.88313107,-87.67652921,1628389645.720222,174270,629,-70.961,-10.711,nr-ml1,1860.920222043991
41.88313337,-87.67653345,1628389648.000269,174270,629,-71.422,-10.539,nr-ml1,1863.200268983841
41.88313387,-87.67656048,1628389650.88028,174270,629,-70.398,-12.258,nr-ml1,1866.0802800655365
41.88312319,-87.6766291,1628389652.660222,174270,629,-60.742,-10.594,nr-ml1,1867.8602221012115
41.88304398,-87.6767147,1628389655.040274,174270,629,-64.953,-10.539,nr-ml1,1870.2402739524841
41.88287538,-87.67672816,1628389657.340248,174270,629,-73.945,-10.953,nr-ml1,1872.5402481555939
41.88273845,-87.67672377,1628389659.040215,174270,629,-71.875,-10.797,nr-ml1,1874.240215063095
41.88253403,-87.67671547,1628389661.440306,174270,629,-75.219,-11.172,nr-ml1,1876.6403059959412
41.88242314,-87.67671236,1628389663.060216,174270,629,-77.812,-11.844,nr-ml1,1878.260215997696
41.88236834,-87.67671118,1628389664.660263,174270,629,-80.945,-13.273,nr-ml1,1879.8602631092072
41.88235074,-87.67671102,1628389666.260214,174270,629,-80.469,-14.117,nr-ml1,1881.460214138031
41.88233854,-87.67671017,1628389667.88274,174270,629,-74.500,-12.500,nr-ml1,1883.0827400684357
41.88230684,-87.67671074,1628389669.562759,174270,629,-73.008,-12.500,nr-ml1,1884.7627589702606
41.88222405,-87.67670681,1628389671.562745,174270,629,-83.008,-11.500,nr-ml1,1886.762745141983
41.88210582,-87.67670371,1628389673.402746,174270,629,-75.508,-12.000,nr-ml1,1888.6027460098267
41.88196697,-87.67669956,1628389675.162744,174270,629,-71.500,-11.008,nr-ml1,1890.3627440929413
41.88183539,-87.6766939,1628389676.742734,174270,629,-76.008,-11.500,nr-ml1,1891.942734003067
41.88167067,-87.67668019,1628389678.840246,174270,629,-74.070,-11.031,nr-ml1,1894.0402460098267
41.88154433,-87.67666026,1628389680.582724,174270,629,-71.500,-11.008,nr-ml1,1895.7827241420746
41.88144632,-87.67664883,1628389682.604361,174270,629,-75.0,-11.5,nr-neighbor,1897.8043611049652
41.88142265,-87.6766473,1628389684.409551,174270,629,-79.000,-12.000,nr-ml1,1899.6095509529114
41.88142093,-87.67664761,1628389686.279558,174270,629,-78.008,-11.500,nr-ml1,1901.4795579910278
41.88142095,-87.67664753,1628389688.133839,174270,629,-79.500,-11.500,nr-ml1,1903.3338389396667
41.88142095,-87.67664753,1628389689.73674,174270,629,-81.500,-12.500,nr-ml1,1904.9367401599884
41.8814194,-87.67664554,1628389691.325647,174270,629,-82.000,-12.500,nr-ml1,1906.525647163391
41.88141172,-87.67664533,1628389693.000203,174270,629,-77.469,-11.008,nr-ml1,1908.2002029418945
41.88140934,-87.67664492,1628389694.820207,174270,629,-84.461,-13.133,nr-ml1,1910.0202071666718
41.88140765,-87.67664586,1628389696.920147,174270,629,-89.562,-15.930,nr-ml1,1912.1201469898224
41.88140765,-87.67664586,1628389698.860161,174270,629,-87.859,-14.922,nr-ml1,1914.060161113739
41.88140765,-87.67664586,1628389700.780211,174270,629,-87.797,-15.000,nr-ml1,1915.980211019516
41.88140765,-87.67664586,1628389702.700134,174270,629,-87.500,-14.000,nr-ml1,1917.900134086609
41.88140765,-87.67664586,1628389704.284329,174270,629,-85.0,-14.0,nr-neighbor,1919.4843289852142
41.88140765,-87.67664586,1628389706.364297,174270,629,-85.0,-15.5,nr-neighbor,1921.5642969608307
41.88140765,-87.67664586,1628389708.284295,174270,629,-83.0,-13.5,nr-neighbor,1923.484295129776
41.88140765,-87.67664586,1628389710.204328,174270,629,-85.0,-13.5,nr-neighbor,1925.4043281078339
41.88140765,-87.67664586,1628389711.800179,174270,629,-84.578,-13.508,nr-ml1,1927.000179052353
41.88140765,-87.67664586,1628389713.640183,174270,629,-85.703,-14.273,nr-ml1,1928.840183019638
41.88140765,-87.67664586,1628389715.482713,174270,629,-83.508,-15.508,nr-ml1,1930.6827130317688
41.88140186,-87.67663986,1628389717.079602,174270,629,-74.000,-11.500,nr-ml1,1932.2796020507812
41.88139361,-87.67663966,1628389718.680566,174270,629,-76.008,-11.500,nr-ml1,1933.8805661201477
41.88139209,-87.6766398,1628389720.276648,174270,629,-77.500,-12.500,nr-ml1,1935.47664809227
41.88139209,-87.6766398,1628389721.960108,174270,629,-79.781,-12.500,nr-ml1,1937.160108089447
41.88137082,-87.67663974,1628389724.133827,174270,629,-76.500,-12.500,nr-ml1,1939.3338270187378
41.88132563,-87.67662969,1628389725.728781,174270,629,-75.508,-11.500,nr-ml1,1940.9287810325623
41.8812594,-87.67655438,1628389727.720162,174270,629,-77.672,-13.219,nr-ml1,1942.9201619625092
41.88125909,-87.67631883,1628389730.0402,174270,629,-86.180,-13.531,nr-ml1,1945.2402000427246
41.8812752,-87.67598462,1628389732.504316,174270,629,-79.0,-11.5,nr-neighbor,1947.7043161392212
41.88128958,-87.6757491,1628389734.140107,174270,629,-76.484,-11.078,nr-ml1,1949.3401069641113
41.88130648,-87.67538426,1628389736.320157,174270,629,-75.453,-10.672,nr-ml1,1951.5201570987701
41.88131734,-87.67502186,1628389738.560141,174270,629,-68.008,-10.562,nr-ml1,1953.760141134262
41.88133294,-87.67449297,1628389741.722645,174270,629,-73.008,-10.508,nr-ml1,1956.9226450920105
41.88133723,-87.67425891,1628389743.160147,174270,629,-69.570,-10.547,nr-ml1,1958.3601469993591
41.88134065,-87.67399281,1628389744.76012,174270,629,-66.195,-10.555,nr-ml1,1959.9601199626923
41.88134897,-87.67365877,1628389746.820156,174270,629,-75.070,-10.867,nr-ml1,1962.0201561450958
41.88135158,-87.67335425,1628389748.740138,174270,629,-72.953,-10.836,nr-ml1,1963.9401381015778
41.88134606,-87.67307256,1628389750.660114,174270,629,-74.305,-10.734,nr-ml1,1965.8601140975952
41.88133039,-87.67285535,1628389752.260213,174270,629,-76.086,-11.078,nr-ml1,1967.460212945938
41.88133009,-87.67265621,1628389753.860133,174270,629,-71.625,-10.688,nr-ml1,1969.0601329803467
41.88133215,-87.67246649,1628389755.4609,174270,629,-72.453,-12.016,nr-ml1,1970.6609001159668
41.88132841,-87.67229073,1628389757.080135,174270,629,-80.859,-16.414,nr-ml1,1972.2801351547241
41.88133787,-87.6721302,1628389758.680088,174270,629,-79.070,-15.461,nr-ml1,1973.8800880908966
41.88134359,-87.67195214,1628389760.560131,174270,629,-84.781,-17.602,nr-ml1,1975.7601311206818
41.88132151,-87.67181152,1628389762.700114,174270,629,-109.602,-27.938,nr-ml1,1977.9001140594482
41.88123839,-87.67175584,1628389764.920125,174270,629,-77.875,-16.328,nr-ml1,1980.120125055313
41.88112669,-87.67174406,1628389766.780085,174270,629,-81.805,-18.367,nr-ml1,1981.9800851345062
41.88097181,-87.67173058,1628389768.880066,174270,629,-140.000,-40.000,nr-ml1,1984.0800659656525
41.88080191,-87.67171866,1628389771.300111,174270,629,-81.500,-18.508,nr-ml1,1986.5001111030579
41.88068536,-87.67171113,1628389773.280119,174270,629,-81.383,-17.555,nr-ml1,1988.4801189899445
41.88053714,-87.67170908,1628389775.520123,174270,629,-84.047,-19.875,nr-ml1,1990.720123052597
41.8803703,-87.67171063,1628389777.760126,174270,629,-105.875,-21.359,nr-ml1,1992.9601261615753
41.87877522,-87.67644865,1628389906.11934,174270,629,-92.000,-16.500,nr-ml1,2121.319339990616
41.8788711,-87.67651191,1628389909.47966,174270,629,-75.156,-14.586,nr-ml1,2124.6796600818634
41.87906317,-87.67651482,1628389912.159649,174270,629,-75.508,-13.773,nr-ml1,2127.3596489429474
41.87923136,-87.67651333,1628389913.919658,174270,629,-75.945,-13.297,nr-ml1,2129.1196579933167
41.87947855,-87.67651706,1628389916.159642,174270,629,-74.688,-13.547,nr-ml1,2131.3596420288086
41.87968025,-87.67651863,1628389918.00074,174270,629,-73.016,-14.375,nr-ml1,2133.2007400989532
41.87983398,-87.67652332,1628389920.042179,174270,629,-73.008,-12.000,nr-ml1,2135.2421791553497
41.87989208,-87.67652907,1628389922.099636,174270,629,-73.203,-12.930,nr-ml1,2137.2996361255646
41.879903,-87.67653012,1628389924.079647,174270,629,-73.625,-13.672,nr-ml1,2139.2796471118927
41.87990411,-87.67653197,1628389926.479624,174270,629,-72.977,-14.047,nr-ml1,2141.679624080658
41.87990569,-87.67653321,1628389928.559589,174270,629,-72.820,-14.016,nr-ml1,2143.759588956833
41.87990569,-87.67653321,1628389930.959654,174270,629,-73.516,-13.352,nr-ml1,2146.1596541404724
41.8799558,-87.67653329,1628389933.259597,174270,629,-73.047,-14.227,nr-ml1,2148.4595971107483
41.88007333,-87.67653766,1628389935.320685,174270,629,-71.258,-13.031,nr-ml1,2150.5206849575043
41.88033341,-87.67654638,1628389938.159616,174270,629,-70.711,-11.609,nr-ml1,2153.3596160411835
41.88068892,-87.6765555,1628389941.039578,174270,629,-70.281,-10.711,nr-ml1,2156.2395780086517
41.8809546,-87.6765607,1628389943.639668,174270,629,-71.133,-10.805,nr-ml1,2158.839668035507
41.88112357,-87.67656318,1628389946.040685,174270,629,-69.625,-10.555,nr-ml1,2161.2406849861145
41.88119626,-87.67656765,1628389949.239669,174270,629,-69.453,-10.555,nr-ml1,2164.4396691322327
41.8811987,-87.67656787,1628389952.440704,174270,629,-68.609,-10.508,nr-ml1,2167.6407041549683
41.88119897,-87.67656796,1628389955.279613,174270,629,-71.430,-10.594,nr-ml1,2170.4796130657196
41.88119897,-87.67656796,1628389958.199598,174270,629,-69.023,-10.516,nr-ml1,2173.399598121643
41.88119897,-87.67656796,1628389961.080661,174270,629,-68.523,-10.508,nr-ml1,2176.2806611061096
41.88119897,-87.67656796,1628389964.119609,174270,629,-68.742,-10.508,nr-ml1,2179.3196091651917
41.88119897,-87.67656796,1628389966.999599,174270,629,-68.023,-10.508,nr-ml1,2182.1995990276337
41.88119897,-87.67656796,1628389970.040658,174270,629,-71.164,-10.742,nr-ml1,2185.240658044815
41.88124211,-87.67655398,1628389972.599618,174270,629,-78.070,-11.617,nr-ml1,2187.7996180057526
41.881274,-87.67645633,1628389975.179584,174270,629,-85.062,-12.547,nr-ml1,2190.3795840740204
41.8812721,-87.67635147,1628389976.779582,174270,629,-83.891,-13.258,nr-ml1,2191.9795820713043
41.88126583,-87.6762127,1628389978.379574,174270,629,-85.945,-12.938,nr-ml1,2193.579574108124
41.88126648,-87.67603519,1628389979.979559,174270,629,-81.328,-13.461,nr-ml1,2195.179558992386
41.88127828,-87.67576149,1628389981.962139,174270,629,-82.000,-11.500,nr-ml1,2197.162138938904
41.8812866,-87.67543327,1628389984.399578,174270,629,-75.055,-10.789,nr-ml1,2199.599578142166
41.88129294,-87.67504846,1628389986.959516,174270,629,-71.305,-10.586,nr-ml1,2202.159516096115
41.88130032,-87.67466538,1628389989.519597,174270,629,-77.125,-11.367,nr-ml1,2204.7195971012115
41.88130618,-87.67428042,1628389992.079585,174270,629,-68.727,-10.711,nr-ml1,2207.279585123062
41.88131201,-87.67403967,1628389993.679571,174270,629,-65.844,-10.562,nr-ml1,2208.8795709609985
41.88131728,-87.67374797,1628389995.600676,174270,629,-69.328,-10.516,nr-ml1,2210.8006761074066
41.88131979,-87.67334636,1628389998.319564,174270,629,-75.234,-10.938,nr-ml1,2213.519564151764
41.88133889,-87.67302988,1628390000.259572,174270,629,-73.016,-10.930,nr-ml1,2215.4595720767975
41.88134327,-87.67278234,1628390001.859535,174270,629,-77.141,-11.250,nr-ml1,2217.0595350265503
41.88134545,-87.67255803,1628390003.459542,174270,629,-69.328,-10.758,nr-ml1,2218.6595420837402
41.8813431,-87.67232754,1628390005.30425,174270,629,-83.508,-15.508,nr-ml1,2220.504250049591
41.88134067,-87.67208205,1628390007.515343,174270,629,-79.500,-16.008,nr-ml1,2222.7153429985046
41.88133762,-87.67188185,1628390010.294268,174270,629,-82.500,-16.008,nr-ml1,2225.4942679405212
41.8811655,-87.67175416,1628390015.1395,174270,629,-83.445,-15.984,nr-ml1,2230.339499950409
41.88101685,-87.67175226,1628390017.019497,174270,629,-81.297,-14.297,nr-ml1,2232.2194969654083
41.88067261,-87.67174842,1628390020.197123,174270,629,-83.508,-15.000,nr-ml1,2235.3971230983734
41.88044704,-87.67174322,1628390022.059562,174270,629,-83.820,-15.375,nr-ml1,2237.2595620155334
41.87877801,-87.67645168,1628390140.339414,174270,629,-88.773,-18.703,nr-ml1,2355.5394139289856
41.87883117,-87.67650827,1628390143.641942,174270,629,-76.500,-15.508,nr-ml1,2358.8419420719147
41.87891454,-87.67652983,1628390145.403867,174270,629,-78.0,-18.0,nr-neighbor,2360.6038670539856
41.87905873,-87.67653051,1628390147.402002,174270,629,-78.508,-13.508,nr-ml1,2362.60200214386
41.87922432,-87.67652661,1628390149.279437,174270,629,-76.234,-13.125,nr-ml1,2364.4794371128082
41.87939473,-87.67652793,1628390150.899377,174270,629,-73.750,-13.008,nr-ml1,2366.099377155304
41.87956433,-87.67653263,1628390152.499408,174270,629,-73.297,-13.625,nr-ml1,2367.699408054352
41.87973108,-87.676532,1628390153.963856,174270,629,-75.0,-13.5,nr-neighbor,2369.1638560295105
41.87995059,-87.67653858,1628390155.999363,174270,629,-70.820,-12.188,nr-ml1,2371.1993629932404
41.8802493,-87.67655057,1628390158.759444,174270,629,-70.633,-11.922,nr-ml1,2373.9594440460205
41.88048622,-87.67653614,1628390160.85936,174270,629,-71.055,-12.180,nr-ml1,2376.0593600273132
41.88075121,-87.676534,1628390163.35939,174270,629,-72.102,-11.000,nr-ml1,2378.559390068054
41.88093932,-87.67653623,1628390165.799466,174270,629,-75.188,-11.172,nr-ml1,2380.999465942383
41.88104534,-87.6765378,1628390167.719474,174270,629,-77.938,-11.266,nr-ml1,2382.9194741249084
41.88112435,-87.67654234,1628390169.339401,174270,629,-78.102,-11.469,nr-ml1,2384.5394010543823
41.88120711,-87.67655893,1628390171.359412,174270,629,-74.695,-11.367,nr-ml1,2386.5594120025635
41.88129127,-87.67653612,1628390174.079357,174270,629,-81.891,-11.586,nr-ml1,2389.279356956482
41.88132766,-87.67646625,1628390176.159391,174270,629,-81.758,-12.344,nr-ml1,2391.359390974045
41.8813313,-87.6763549,1628390177.819393,174270,629,-88.758,-13.336,nr-ml1,2393.019392967224
41.88132941,-87.67620965,1628390179.419404,174270,629,-86.969,-13.391,nr-ml1,2394.61940407753
41.88132959,-87.67602367,1628390181.019384,174270,629,-81.953,-12.922,nr-ml1,2396.219383955002
41.88133189,-87.6758159,1628390182.631949,174270,629,-89.000,-13.008,nr-ml1,2397.83194899559
41.88133888,-87.67553553,1628390184.599363,174270,629,-71.992,-10.828,nr-ml1,2399.7993631362915
41.88134451,-87.67529288,1628390186.259414,174270,629,-78.359,-11.172,nr-ml1,2401.4594140052795
41.88134594,-87.67505527,1628390187.859379,174270,629,-73.633,-10.836,nr-ml1,2403.0593791007996
41.88135043,-87.67472622,1628390190.100464,174270,629,-77.422,-10.992,nr-ml1,2405.30046415329
41.88135453,-87.67436331,1628390192.519384,174270,629,-69.688,-10.531,nr-ml1,2407.719383955002
41.88135668,-87.67412724,1628390194.119366,174270,629,-68.164,-10.562,nr-ml1,2409.319365978241
41.88135677,-87.67380118,1628390196.359356,174270,629,-70.727,-10.578,nr-ml1,2411.5593559741974
41.88135876,-87.6734444,1628390198.839374,174270,629,-76.344,-10.852,nr-ml1,2414.039374113083
41.88136284,-87.67307063,1628390201.459354,174270,629,-74.523,-10.695,nr-ml1,2416.6593539714813
41.88136431,-87.67284322,1628390203.079368,174270,629,-74.680,-11.281,nr-ml1,2418.279368162155
41.88136411,-87.67262078,1628390204.679343,174270,629,-73.070,-10.859,nr-ml1,2419.879343032837
41.88136304,-87.67237706,1628390206.480854,174270,629,-73.508,-13.008,nr-ml1,2421.6808540821075
41.88136326,-87.67212587,1628390208.459366,174270,629,-79.836,-15.609,nr-ml1,2423.659366130829
41.88134583,-87.67182663,1628390212.039326,174270,629,-86.531,-23.555,nr-ml1,2427.2393260002136
41.88123084,-87.67175713,1628390214.519341,174270,629,-78.508,-16.695,nr-ml1,2429.7193410396576
41.88079558,-87.67175456,1628390219.319343,174270,629,-133.211,-29.500,nr-ml1,2434.519343137741
41.88058157,-87.67174718,1628390221.239322,174270,629,-84.914,-19.094,nr-ml1,2436.4393219947815
41.8803752,-87.67174061,1628390223.059334,174270,629,-86.844,-22.453,nr-ml1,2438.259334087372
41.8787923,-87.67648751,1628390300.439219,174270,629,-77.031,-13.891,nr-ml1,2515.639219045639
41.87891918,-87.67652071,1628390303.319231,174270,629,-78.586,-14.336,nr-ml1,2518.519231081009
41.87911929,-87.6765234,1628390305.880333,174270,629,-76.656,-13.578,nr-ml1,2521.080332994461
41.87934424,-87.67653299,1628390308.279223,174270,629,-77.430,-12.375,nr-ml1,2523.479223012924
41.87954666,-87.676541,1628390310.418436,174270,629,-76.734,-13.211,nr-ml1,2525.6184360980988
41.87978383,-87.67654772,1628390313.139213,174270,629,-72.914,-12.852,nr-ml1,2528.3392131328583
41.87989715,-87.67655142,1628390315.881773,174270,629,-70.508,-11.500,nr-ml1,2531.081773042679
41.87992073,-87.67655205,1628390317.899231,174270,629,-71.297,-11.484,nr-ml1,2533.099231004715
41.87996321,-87.67655403,1628390320.719232,174270,629,-72.641,-12.281,nr-ml1,2535.9192321300507
41.88008613,-87.67655791,1628390323.000288,174270,629,-70.734,-13.367,nr-ml1,2538.2002880573273
41.88026692,-87.67655536,1628390325.359245,174270,629,-71.125,-12.398,nr-ml1,2540.559245109558
41.88051998,-87.67656359,1628390328.239239,174270,629,-70.156,-11.133,nr-ml1,2543.439239025116
41.88076093,-87.67657767,1628390331.159269,174270,629,-69.930,-10.844,nr-ml1,2546.359269142151
41.88091265,-87.67658386,1628390334.31925,174270,629,-65.867,-10.516,nr-ml1,2549.5192501544952
41.88101441,-87.67658782,1628390337.519285,174270,629,-67.055,-10.680,nr-ml1,2552.7192850112915
41.8810926,-87.67657776,1628390340.719304,174270,629,-72.688,-11.023,nr-ml1,2555.9193041324615
41.8811476,-87.6765715,1628390343.179228,174270,629,-69.227,-10.641,nr-ml1,2558.379228115082
41.88115336,-87.67657092,1628390346.219215,174270,629,-67.680,-10.516,nr-ml1,2561.419214963913
41.88115336,-87.67657092,1628390348.459194,174270,629,-68.219,-10.508,nr-ml1,2563.6591939926147
41.88115336,-87.67657092,1628390351.21923,174270,629,-67.922,-10.508,nr-ml1,2566.4192299842834
41.88115336,-87.67657092,1628390353.619189,174270,629,-68.531,-10.508,nr-ml1,2568.8191890716553
41.88115336,-87.67657092,1628390356.939234,174270,629,-68.969,-10.539,nr-ml1,2572.1392340660095
41.88118644,-87.67656165,1628390359.819207,174270,629,-69.836,-10.789,nr-ml1,2575.0192070007324
41.88124246,-87.67648129,1628390362.579217,174270,629,-74.328,-12.125,nr-ml1,2577.779217004776
41.881262,-87.67629871,1628390365.001732,174270,629,-88.008,-15.508,nr-ml1,2580.201732158661
41.88126965,-87.67605748,1628390367.161745,174270,629,-86.500,-14.500,nr-ml1,2582.361745119095
41.88127969,-87.67570857,1628390369.759155,174270,629,-78.133,-11.062,nr-ml1,2584.9591550827026
41.881286,-87.67542919,1628390371.641723,174270,629,-72.000,-10.508,nr-ml1,2586.8417229652405
41.88129022,-87.67522141,1628390373.039173,174270,629,-76.430,-11.078,nr-ml1,2588.239172935486
41.88129761,-87.67485209,1628390375.559164,174270,629,-70.805,-11.039,nr-ml1,2590.759164094925
41.88130586,-87.67441119,1628390378.459161,174270,629,-67.727,-10.594,nr-ml1,2593.659161090851
41.88130968,-87.67416954,1628390380.079178,174270,629,-69.062,-10.523,nr-ml1,2595.2791781425476
41.8813137,-87.67392985,1628390381.659122,174270,629,-67.711,-10.508,nr-ml1,2596.8591220378876
41.88131988,-87.67356648,1628390384.120287,174270,629,-74.070,-10.836,nr-ml1,2599.320286989212
41.881325,-87.67320588,1628390386.399194,174270,629,-76.312,-11.039,nr-ml1,2601.599194049835
41.88132581,-87.67295627,1628390388.02026,174270,629,-75.539,-11.039,nr-ml1,2603.22026014328
41.8813242,-87.6727146,1628390389.659161,174270,629,-76.719,-11.312,nr-ml1,2604.8591611385345
41.88132434,-87.67241471,1628390391.860307,174270,629,-77.859,-14.023,nr-ml1,2607.0603070259094
41.88132632,-87.67223877,1628390393.499184,174270,629,-78.922,-16.242,nr-ml1,2608.6991839408875
41.88132651,-87.67215412,1628390394.841746,174270,629,-75.508,-11.500,nr-ml1,2610.0417461395264
41.8813255,-87.67209625,1628390396.76331,174270,629,-81.0,-14.0,nr-neighbor,2611.9633100032806
41.8813249,-87.67204541,1628390399.323402,174270,629,-81.0,-18.0,nr-neighbor,2614.5234019756317
41.88132614,-87.67196003,1628390401.519148,174270,629,-85.977,-24.789,nr-ml1,2616.719148159027
41.88132753,-87.67187312,1628390403.199136,174270,629,-108.984,-26.117,nr-ml1,2618.3991360664368
41.88129882,-87.67179111,1628390405.240249,174270,629,-86.844,-21.805,nr-ml1,2620.440248966217
41.88120584,-87.67175156,1628390407.321724,174270,629,-89.000,-18.508,nr-ml1,2622.521723985672
41.8810942,-87.67174917,1628390408.898819,174270,629,-91.008,-25.508,nr-ml1,2624.0988190174103
41.88093347,-87.67174993,1628390410.821685,174270,629,-78.508,-18.008,nr-ml1,2626.0216851234436
41.8805022,-87.67174505,1628390415.241688,174270,629,-87.000,-21.500,nr-ml1,2630.4416880607605
41.87876586,-87.67646282,1628390494.639114,174270,629,-91.500,-21.008,nr-ml1,2709.8391139507294
41.87882667,-87.67650629,1628390496.639105,174270,629,-77.289,-15.742,nr-ml1,2711.839105129242
41.87899797,-87.67651767,1628390499.299037,174270,629,-75.539,-13.203,nr-ml1,2714.499037027359
41.87916,-87.67652271,1628390501.063205,174270,629,-79.0,-13.0,nr-neighbor,2716.263205051422
41.87937769,-87.67653208,1628390503.143235,174270,629,-77.0,-13.5,nr-neighbor,2718.343235015869
41.87961746,-87.67653811,1628390505.320123,174270,629,-73.930,-15.352,nr-ml1,2720.5201230049133
41.87973307,-87.6765413,1628390506.559073,174270,629,-73.039,-14.117,nr-ml1,2721.7590730190277
41.87985116,-87.67654789,1628390508.61907,174270,629,-71.500,-12.227,nr-ml1,2723.8190701007843
41.87989234,-87.67655039,1628390510.539004,174270,629,-72.391,-11.766,nr-ml1,2725.739004135132
41.87993444,-87.67655158,1628390513.519022,174270,629,-72.289,-11.805,nr-ml1,2728.7190220355988
41.88009867,-87.6765581,1628390516.719072,174270,629,-69.453,-12.844,nr-ml1,2731.919072151184
41.88029693,-87.67656771,1628390519.339035,174270,629,-70.219,-12.062,nr-ml1,2734.5390350818634
41.88045553,-87.67657596,1628390521.240139,174270,629,-72.094,-11.852,nr-ml1,2736.440139055252
41.88067129,-87.67658458,1628390523.799063,174270,629,-69.367,-10.781,nr-ml1,2738.999063014984
41.88085564,-87.67658749,1628390526.839048,174270,629,-68.148,-10.516,nr-ml1,2742.0390479564667
41.88097125,-87.67658521,1628390529.259027,174270,629,-69.664,-10.703,nr-ml1,2744.4590270519257
41.88106626,-87.67658424,1628390531.119002,174270,629,-68.234,-10.594,nr-ml1,2746.3190021514893
41.88113304,-87.67659003,1628390532.799027,174270,629,-71.531,-10.992,nr-ml1,2747.9990270137787
41.88117041,-87.67659345,1628390535.759037,174270,629,-72.008,-11.125,nr-ml1,2750.959037065506
41.88116686,-87.67659296,1628390537.579037,174270,629,-72.633,-11.094,nr-ml1,2752.779036998749
41.88120774,-87.67657872,1628390540.439033,174270,629,-72.086,-10.898,nr-ml1,2755.6390330791473
41.88125518,-87.67648728,1628390542.539029,174270,629,-71.867,-12.250,nr-ml1,2757.739028930664
41.88126913,-87.67634083,1628390544.299001,174270,629,-85.398,-13.562,nr-ml1,2759.4990010261536
41.88126801,-87.67615644,1628390545.89902,174270,629,-82.320,-12.766,nr-ml1,2761.0990200042725
41.88127243,-87.67594044,1628390547.498999,174270,629,-82.609,-13.016,nr-ml1,2762.6989991664886
41.88127763,-87.67572964,1628390548.923137,174270,629,-76.0,-11.0,nr-neighbor,2764.123136997223
41.88129248,-87.67542282,1628390550.938987,174270,629,-74.328,-10.719,nr-ml1,2766.1389870643616
41.88130283,-87.67517097,1628390552.538983,174270,629,-76.914,-11.375,nr-ml1,2767.738983154297
41.88131258,-87.67488589,1628390554.280073,174270,629,-71.164,-10.625,nr-ml1,2769.4800729751587
41.88132153,-87.67456196,1628390556.198976,174270,629,-71.430,-10.648,nr-ml1,2771.39897608757
41.88133011,-87.67428813,1628390557.798991,174270,629,-66.805,-10.578,nr-ml1,2772.9989910125732
41.88133402,-87.67402868,1628390559.338939,174270,629,-69.930,-10.508,nr-ml1,2774.538938999176
41.88134445,-87.67367625,1628390561.278969,174270,629,-66.891,-10.508,nr-ml1,2776.4789690971375
41.88134161,-87.67313837,1628390564.319042,174270,629,-75.125,-10.750,nr-ml1,2779.5190420150757
41.88133761,-87.67278501,1628390566.399004,174270,629,-76.406,-11.172,nr-ml1,2781.5990040302277
41.88133792,-87.6725253,1628390568.158988,174270,629,-68.656,-10.922,nr-ml1,2783.358988046646
41.88134733,-87.6722049,1628390570.079,174270,629,-80.570,-15.477,nr-ml1,2785.279000043869
41.88134808,-87.67203741,1628390571.680102,174270,629,-78.617,-17.141,nr-ml1,2786.880102157593
41.88135064,-87.6719318,1628390574.799014,174270,629,-140.000,-40.000,nr-ml1,2789.9990141391754
41.88134834,-87.67190601,1628390585.058984,174270,629,-81.672,-19.000,nr-ml1,2800.2589840888977
41.88134863,-87.67188378,1628390586.718956,174270,629,-87.555,-19.969,nr-ml1,2801.918956041336
41.88134875,-87.67188089,1628390588.318953,174270,629,-138.680,-34.492,nr-ml1,2803.5189530849457
41.88135026,-87.67186718,1628390590.787567,174270,629,-83.008,-22.000,nr-ml1,2805.987566947937
41.88133351,-87.67181633,1628390592.698956,174270,629,-90.695,-21.820,nr-ml1,2807.8989560604095
41.88125948,-87.67175916,1628390594.919006,174270,629,-91.711,-27.859,nr-ml1,2810.1190061569214
41.88113229,-87.67174936,1628390596.959003,174270,629,-81.664,-19.742,nr-ml1,2812.159003019333
41.88097136,-87.67174271,1628390599.198947,174270,629,-109.430,-28.266,nr-ml1,2814.3989470005035
41.88075681,-87.67173239,1628390602.103085,174270,629,-81.0,-15.5,nr-neighbor,2817.30308508873
41.88055675,-87.67172231,1628390604.580491,174270,629,-85.000,-16.008,nr-ml1,2819.7804911136627
41.88024248,-87.67171887,1628390608.064422,174270,629,-84.500,-18.508,nr-ml1,2823.26442193985
41.87891613,-87.67651326,1628390696.478814,174270,629,-77.406,-14.867,nr-ml1,2911.678813934326
41.8790981,-87.67651062,1628390698.638904,174270,629,-75.859,-13.281,nr-ml1,2913.8389041423798
41.87928781,-87.67650435,1628390700.439644,174270,629,-75.000,-12.125,nr-ml1,2915.6396441459656
41.87955267,-87.67650065,1628390702.638859,174270,629,-73.367,-14.141,nr-ml1,2917.8388590812683
41.87972725,-87.67649837,1628390704.126785,174270,629,-70.0,-13.5,nr-serving,2919.3267850875854
41.87989254,-87.67649582,1628390705.999648,174270,629,-71.719,-11.930,nr-ml1,2921.199648141861
41.88001164,-87.67650089,1628390709.038846,174270,629,-72.695,-13.000,nr-ml1,2924.238846063614
41.88010826,-87.67650114,1628390710.639623,174270,629,-72.172,-11.867,nr-ml1,2925.8396229743958
41.88028549,-87.67649747,1628390712.838836,174270,629,-71.211,-11.633,nr-ml1,2928.03883600235
41.88052547,-87.67649619,1628390715.238829,174270,629,-69.977,-11.305,nr-ml1,2930.43882894516
41.88074668,-87.67649828,1628390717.318841,174270,629,-69.445,-10.938,nr-ml1,2932.5188410282135
41.88099446,-87.67650916,1628390719.918877,174270,629,-71.719,-10.938,nr-ml1,2935.1188769340515
41.88113757,-87.67651737,1628390722.278842,174270,629,-72.867,-10.938,nr-ml1,2937.478842020035
41.88120331,-87.67651634,1628390724.559623,174270,629,-68.523,-10.539,nr-ml1,2939.7596230506897
41.8812335,-87.67651059,1628390726.798827,174270,629,-81.625,-12.961,nr-ml1,2941.998826980591
41.8812639,-87.67646178,1628390728.418856,174270,629,-70.375,-12.703,nr-ml1,2943.6188559532166
41.88128499,-87.6762246,1628390731.398815,174270,629,-84.508,-12.859,nr-ml1,2946.5988149642944
41.88129069,-87.67589569,1628390733.958846,174270,629,-83.008,-12.398,nr-ml1,2949.158846139908
41.88130216,-87.67539608,1628390737.198887,174270,629,-73.875,-10.523,nr-ml1,2952.39888715744
41.8813065,-87.67509619,1628390739.138837,174270,629,-72.992,-10.992,nr-ml1,2954.338837146759
41.88131225,-87.67461477,1628390742.158819,174270,629,-72.195,-10.602,nr-ml1,2957.3588190078735
41.88132092,-87.67425433,1628390744.278825,174270,629,-68.133,-10.594,nr-ml1,2959.4788250923157
41.8813267,-87.67399198,1628390745.878799,174270,629,-69.547,-10.562,nr-ml1,2961.078799009323
41.88133242,-87.6734672,1628390749.198848,174270,629,-69.359,-10.672,nr-ml1,2964.398848056793
41.88133616,-87.67318624,1628390750.978794,174270,629,-77.898,-10.758,nr-ml1,2966.178794145584
41.88133801,-87.67293176,1628390752.598821,174270,629,-74.953,-11.047,nr-ml1,2967.7988209724426
41.88134078,-87.67267573,1628390754.281337,174270,629,-73.008,-11.008,nr-ml1,2969.481337070465
41.88134388,-87.67241889,1628390756.038783,174270,629,-68.945,-11.984,nr-ml1,2971.238783121109
41.88134707,-87.67220517,1628390757.739583,174270,629,-80.703,-16.227,nr-ml1,2972.9395830631256
41.88134915,-87.67202318,1628390759.459568,174270,629,-81.273,-16.805,nr-ml1,2974.6595680713654
41.88135472,-87.67190194,1628390761.218799,174270,629,-123.789,-36.578,nr-ml1,2976.418799161911
41.88135763,-87.67185851,1628390763.158781,174270,629,-98.125,-22.438,nr-ml1,2978.3587810993195
41.88135848,-87.67185676,1628390765.038788,174270,629,-80.117,-19.438,nr-ml1,2980.238788127899
41.88135849,-87.67185678,1628390766.798814,174270,629,-80.367,-18.984,nr-ml1,2981.9988141059875
41.88135849,-87.67185678,1628390768.919577,174270,629,-80.125,-18.938,nr-ml1,2984.1195769309998
41.88135849,-87.67185678,1628390770.958832,174270,629,-80.312,-19.008,nr-ml1,2986.1588320732117
41.88135849,-87.67185678,1628390773.038769,174270,629,-79.562,-18.664,nr-ml1,2988.238769054413
41.88135849,-87.67185678,1628390775.27881,174270,629,-80.281,-18.195,nr-ml1,2990.478810071945
41.88135849,-87.67185678,1628390777.518806,174270,629,-78.648,-18.336,nr-ml1,2992.718806028366
41.88135849,-87.67185678,1628390779.59884,174270,629,-80.242,-18.438,nr-ml1,2994.798840045929
41.88135849,-87.67185678,1628390781.358779,174270,629,-79.797,-18.312,nr-ml1,2996.558779001236
41.88135849,-87.67185678,1628390783.258762,174270,629,-74.078,-12.281,nr-ml1,2998.4587619304657
41.88135944,-87.6718564,1628390785.398793,174270,629,-72.609,-11.695,nr-ml1,3000.598793029785
41.88134958,-87.67182111,1628390787.598835,174270,629,-89.375,-25.641,nr-ml1,3002.798835039139
41.88129926,-87.67176722,1628390789.518809,174270,629,-116.281,-34.406,nr-ml1,3004.7188091278076
41.88113418,-87.67173973,1628390792.078803,174270,629,-90.711,-18.359,nr-ml1,3007.2788031101227
41.88084909,-87.67173969,1628390795.178755,174270,629,-125.000,-32.344,nr-ml1,3010.378755092621
41.88058541,-87.67173241,1628390797.738763,174270,629,-84.289,-20.227,nr-ml1,3012.938763141632
41.87877185,-87.67646048,1628391076.420721,174270,629,-88.008,-17.000,nr-ml1,3291.620721101761
41.87883793,-87.67651782,1628391078.938176,174270,629,-74.781,-14.414,nr-ml1,3294.1381759643555
41.87896832,-87.67652429,1628391081.118153,174270,629,-76.461,-14.156,nr-ml1,3296.318153142929
41.87912782,-87.67652401,1628391083.03929,174270,629,-75.727,-12.328,nr-ml1,3298.239289999008
41.87924787,-87.67652463,1628391084.486404,174270,629,-73.0,-11.5,nr-neighbor,3299.686403989792
41.87948371,-87.67652874,1628391086.618146,174270,629,-74.227,-13.570,nr-ml1,3301.8181459903717
41.87972081,-87.67653363,1628391088.95925,174270,629,-72.227,-13.680,nr-ml1,3304.159250020981
41.87983702,-87.67653777,1628391090.618151,174270,629,-70.625,-11.922,nr-ml1,3305.818150997162
41.87989421,-87.67653953,1628391092.638175,174270,629,-72.273,-12.828,nr-ml1,3307.838175058365
41.87989991,-87.67653978,1628391095.358138,174270,629,-73.312,-13.570,nr-ml1,3310.5581381320953
41.87990304,-87.6765397,1628391097.438169,174270,629,-72.797,-12.156,nr-ml1,3312.6381690502167
41.87990304,-87.6765397,1628391099.998163,174270,629,-72.805,-12.156,nr-ml1,3315.1981630325317
41.87991897,-87.67654019,1628391102.238171,174270,629,-73.797,-12.344,nr-ml1,3317.4381711483
41.88003444,-87.67654345,1628391104.958146,174270,629,-72.125,-11.688,nr-ml1,3320.1581461429596
41.8802002,-87.67654698,1628391107.198143,174270,629,-71.125,-11.516,nr-ml1,3322.398143053055
41.88048856,-87.67655246,1628391110.078146,174270,629,-70.609,-12.094,nr-ml1,3325.2781460285187
41.88077611,-87.67656141,1628391112.678165,174270,629,-70.109,-10.586,nr-ml1,3327.8781650066376
41.88104888,-87.67656812,1628391115.678163,174270,629,-71.594,-10.789,nr-ml1,3330.878163099289
41.88117991,-87.67657077,1628391118.438156,174270,629,-70.578,-10.977,nr-ml1,3333.638155937195
41.88119495,-87.676571,1628391121.319208,174270,629,-69.477,-10.508,nr-ml1,3336.5192079544067
41.88119863,-87.67657012,1628391123.258137,174270,629,-68.516,-10.508,nr-ml1,3338.45813703537
41.88119855,-87.67657015,1628391125.978123,174270,629,-68.211,-10.508,nr-ml1,3341.178122997284
41.88119525,-87.67656927,1628391127.578118,174270,629,-72.789,-10.914,nr-ml1,3342.778118133545
41.88120168,-87.67656687,1628391129.918124,174270,629,-69.531,-10.633,nr-ml1,3345.1181240081787
41.88124767,-87.67652722,1628391132.638125,174270,629,-81.156,-12.250,nr-ml1,3347.8381249904633
41.88128088,-87.6763987,1628391134.758136,174270,629,-88.438,-14.031,nr-ml1,3349.9581360816956
41.88128471,-87.67623265,1628391136.378128,174270,629,-89.469,-14.508,nr-ml1,3351.5781280994415
41.88128402,-87.67604925,1628391137.97813,174270,629,-81.219,-12.586,nr-ml1,3353.1781301498413
41.8812791,-87.67585152,1628391139.642611,174270,629,-86.0,-13.0,nr-neighbor,3354.8426110744476
41.881283,-87.6756845,1628391141.218104,174270,629,-72.578,-10.945,nr-ml1,3356.4181039333344
41.88129151,-87.67549548,1628391143.558118,174270,629,-76.219,-11.023,nr-ml1,3358.7581181526184
41.88129588,-87.67543538,1628391146.478147,174270,629,-78.508,-10.953,nr-ml1,3361.6781470775604
41.88129589,-87.67543549,1628391149.31812,174270,629,-79.492,-11.000,nr-ml1,3364.5181200504303
41.88129589,-87.67543549,1628391152.518127,174270,629,-78.945,-11.000,nr-ml1,3367.718127012253
41.88129589,-87.67543549,1628391155.398096,174270,629,-79.516,-11.000,nr-ml1,3370.5980961322784
41.88129589,-87.67543549,1628391158.278119,174270,629,-78.344,-11.000,nr-ml1,3373.478119134903
41.88129589,-87.67543549,1628391161.478083,174270,629,-79.297,-10.992,nr-ml1,3376.6780829429626
41.88129589,-87.67543549,1628391164.35809,174270,629,-79.094,-11.000,nr-ml1,3379.5580899715424
41.88129589,-87.67543549,1628391167.058093,174270,629,-79.461,-10.992,nr-ml1,3382.2580931186676
41.88129589,-87.67543549,1628391169.878096,174270,629,-79.117,-11.000,nr-ml1,3385.078096151352
41.88129589,-87.67543549,1628391172.918102,174270,629,-78.977,-10.992,nr-ml1,3388.1181020736694
41.88129589,-87.67543549,1628391175.698124,174270,629,-79.367,-11.000,nr-ml1,3390.8981239795685
41.88129589,-87.67543549,1628391178.358083,174270,629,-78.977,-11.000,nr-ml1,3393.5580830574036
41.88129589,-87.67543549,1628391181.298089,174270,629,-79.453,-10.789,nr-ml1,3396.4980890750885
41.88129589,-87.67543549,1628391183.478079,174270,629,-79.367,-10.961,nr-ml1,3398.6780791282654
41.88129589,-87.67543549,1628391186.358076,174270,629,-78.602,-10.977,nr-ml1,3401.5580761432648
41.88129589,-87.67543549,1628391189.399156,174270,629,-79.359,-10.859,nr-ml1,3404.599156141281
41.88129589,-87.67543549,1628391192.018083,174270,629,-79.500,-11.000,nr-ml1,3407.2180831432343
41.88129589,-87.67543549,1628391194.998073,174270,629,-78.867,-10.914,nr-ml1,3410.1980731487274
41.88129589,-87.67543549,1628391197.299178,174270,629,-79.078,-11.000,nr-ml1,3412.4991779327393
41.88129589,-87.67543549,1628391200.118073,174270,629,-79.977,-11.000,nr-ml1,3415.3180730342865
41.88129589,-87.67543549,1628391202.678074,174270,629,-79.438,-11.000,nr-ml1,3417.8780739307404
41.88129589,-87.67543549,1628391205.138063,174270,629,-78.906,-10.961,nr-ml1,3420.3380630016327
41.88129589,-87.67543549,1628391207.858097,174270,629,-78.305,-10.797,nr-ml1,3423.0580971240997
41.88129589,-87.67543549,1628391210.518065,174270,629,-80.484,-10.930,nr-ml1,3425.7180650234222
41.88129589,-87.67543549,1628391212.978058,174270,629,-79.125,-10.977,nr-ml1,3428.1780581474304
41.88129589,-87.67543549,1628391215.858067,174270,629,-79.711,-11.000,nr-ml1,3431.0580670833588
41.88129589,-87.67543549,1628391218.258097,174270,629,-78.336,-11.008,nr-ml1,3433.4580969810486
41.88129589,-87.67543549,1628391221.458091,174270,629,-78.695,-10.836,nr-ml1,3436.658091068268
41.88129589,-87.67543549,1628391223.858087,174270,629,-78.211,-10.938,nr-ml1,3439.0580871105194
41.88129589,-87.67543549,1628391226.518045,174270,629,-79.508,-10.906,nr-ml1,3441.7180449962616
41.88129589,-87.67543549,1628391229.078058,174270,629,-78.609,-10.984,nr-ml1,3444.278058052063
41.88129589,-87.67543549,1628391231.698043,174270,629,-78.477,-10.766,nr-ml1,3446.89804315567
41.88129589,-87.67543549,1628391233.878048,174270,629,-79.172,-11.016,nr-ml1,3449.078047990799
41.88129589,-87.67543549,1628391236.598028,174270,629,-80.047,-11.000,nr-ml1,3451.7980279922485
41.88129589,-87.67543549,1628391239.318036,174270,629,-80.758,-11.000,nr-ml1,3454.5180361270905
41.88129589,-87.67543549,1628391242.038029,174270,629,-81.188,-11.000,nr-ml1,3457.2380290031433
41.88128934,-87.67536868,1628391244.658066,174270,629,-77.461,-10.766,nr-ml1,3459.8580660820007
41.88128775,-87.67523904,1628391246.418033,174270,629,-75.688,-10.984,nr-ml1,3461.6180329322815
41.8812995,-87.67494867,1628391249.238032,174270,629,-70.969,-10.820,nr-ml1,3464.4380321502686
41.88130273,-87.67463232,1628391251.378042,174270,629,-70.797,-10.727,nr-ml1,3466.5780420303345
41.88129667,-87.67433891,1628391253.298001,174270,629,-64.453,-10.594,nr-ml1,3468.498001098633
41.88130032,-87.67407515,1628391254.898031,174270,629,-66.031,-10.562,nr-ml1,3470.0980310440063
41.88130131,-87.67381972,1628391256.518002,174270,629,-70.289,-10.641,nr-ml1,3471.7180020809174
41.88129386,-87.67359063,1628391258.117998,174270,629,-74.617,-10.727,nr-ml1,3473.317997932434
41.88129463,-87.67333319,1628391259.899066,174270,629,-76.094,-10.828,nr-ml1,3475.0990660190582
41.8812992,-87.6730717,1628391261.637996,174270,629,-72.625,-10.812,nr-ml1,3476.837996006012
41.88130243,-87.67282676,1628391263.258037,174270,629,-75.945,-11.195,nr-ml1,3478.4580371379852
41.88130465,-87.67244807,1628391265.918013,174270,629,-73.023,-13.031,nr-ml1,3481.1180131435394
41.88131159,-87.67216224,1628391268.159112,174270,629,-75.820,-14.383,nr-ml1,3483.3591120243073
41.88132684,-87.67194327,1628391270.399138,174270,629,-81.156,-17.828,nr-ml1,3485.599138021469
41.88115177,-87.67173827,1628391275.720568,174270,629,-89.000,-20.000,nr-ml1,3490.9205679893494
41.88102857,-87.67173925,1628391277.2306,174270,629,-83.008,-19.500,nr-ml1,3492.430600166321
41.880786,-87.67172866,1628391279.800539,174270,629,-76.008,-14.500,nr-ml1,3495.0005390644073
41.88060696,-87.67172314,1628391281.521681,174270,629,-82.500,-18.508,nr-ml1,3496.7216811180115
41.88033157,-87.67172232,1628391284.454533,174270,629,-86.008,-17.500,nr-ml1,3499.654533147812
41.87880439,-87.67653097,1628391376.077926,174270,629,-75.156,-13.984,nr-ml1,3591.27792596817
41.87898007,-87.67653117,1628391378.297921,174270,629,-77.320,-13.828,nr-ml1,3593.4979209899902
41.87920944,-87.67653345,1628391380.537907,174270,629,-76.180,-12.648,nr-ml1,3595.737906932831
41.87940539,-87.67653851,1628391382.217906,174270,629,-75.484,-13.594,nr-ml1,3597.4179060459137
41.87959784,-87.67654049,1628391383.817893,174270,629,-71.414,-13.695,nr-ml1,3599.017893075943
41.87982063,-87.67654674,1628391385.599005,174270,629,-71.008,-12.234,nr-ml1,3600.7990050315857
41.88008441,-87.67656094,1628391387.677906,174270,629,-72.578,-12.266,nr-ml1,3602.8779060840607
41.88034902,-87.67657521,1628391389.797942,174270,629,-71.164,-12.930,nr-ml1,3604.997941970825
41.88060763,-87.67658024,1628391391.997927,174270,629,-71.648,-11.000,nr-ml1,3607.1979269981384
41.88076224,-87.67658522,1628391394.557894,174270,629,-74.227,-11.102,nr-ml1,3609.757894039154
41.88083124,-87.67659231,1628391396.837931,174270,629,-77.945,-12.023,nr-ml1,3612.0379309654236
41.88090929,-87.67659061,1628391399.717937,174270,629,-78.094,-10.570,nr-ml1,3614.917937040329
41.880974,-87.67659229,1628391402.237921,174270,629,-75.953,-10.922,nr-ml1,3617.4379210472107
41.88103715,-87.67659118,1628391404.838958,174270,629,-75.852,-11.305,nr-ml1,3620.0389580726624
41.88111016,-87.67659539,1628391407.397941,174270,629,-75.172,-11.266,nr-ml1,3622.597941160202
41.88116674,-87.67655071,1628391409.597874,174270,629,-84.438,-12.297,nr-ml1,3624.7978739738464
41.88119716,-87.67641793,1628391411.837888,174270,629,-86.328,-13.352,nr-ml1,3627.0378880500793
41.88121855,-87.6761135,1628391414.717853,174270,629,-86.539,-14.258,nr-ml1,3629.917853116989
41.88124431,-87.67581616,1628391416.957882,174270,629,-80.758,-11.516,nr-ml1,3632.157881975174
41.88126808,-87.67541684,1628391419.837867,174270,629,-76.273,-10.820,nr-ml1,3635.0378670692444
41.88128392,-87.6750491,1628391422.457857,174270,629,-73.188,-10.680,nr-ml1,3637.657856941223
41.88129142,-87.6746722,1628391424.998965,174270,629,-71.523,-10.516,nr-ml1,3640.198965072632
41.88129426,-87.67433875,1628391427.238936,174270,629,-64.820,-10.523,nr-ml1,3642.438935995102
41.88129654,-87.67406984,1628391428.997905,174270,629,-70.969,-10.531,nr-ml1,3644.197905063629
41.88129721,-87.67361886,1628391431.997884,174270,629,-74.398,-11.016,nr-ml1,3647.197884082794
41.88130404,-87.67331007,1628391433.957941,174270,629,-74.336,-10.828,nr-ml1,3649.1579411029816
41.88130372,-87.6730549,1628391435.577882,174270,629,-72.961,-10.609,nr-ml1,3650.7778820991516
41.88130491,-87.67280104,1628391437.197854,174270,629,-76.109,-11.180,nr-ml1,3652.397854089737
41.8813066,-87.67256682,1628391438.760394,174270,629,-67.500,-10.508,nr-ml1,3653.9603941440582
41.88130739,-87.6723085,1628391440.558953,174270,629,-80.148,-15.852,nr-ml1,3655.7589530944824
41.88130898,-87.67206035,1628391442.918987,174270,629,-81.664,-15.984,nr-ml1,3658.118987083435
41.88131107,-87.67192486,1628391444.681981,174270,629,-83.0,-15.5,nr-neighbor,3659.8819811344147
41.88129854,-87.67182327,1628391446.337837,174270,629,-117.109,-28.039,nr-ml1,3661.5378370285034
41.88124206,-87.67176487,1628391447.93783,174270,629,-124.383,-30.469,nr-ml1,3663.137830018997
41.88113752,-87.67174897,1628391449.538942,174270,629,-94.891,-21.094,nr-ml1,3664.7389421463013
41.88095012,-87.67175261,1628391451.722013,174270,629,-88.0,-23.5,nr-neighbor,3666.9220130443573
41.88065495,-87.67174214,1628391454.817856,174270,629,-84.906,-17.875,nr-ml1,3670.0178561210632
41.88042229,-87.67174212,1628391457.037811,174270,629,-127.906,-29.633,nr-ml1,3672.237811088562
41.87875402,-87.67649508,1628391522.558927,174270,629,-86.500,-21.008,nr-ml1,3737.7589271068573
41.87881554,-87.67653041,1628391524.7578,174270,629,-78.898,-13.805,nr-ml1,3739.9578001499176
41.87895598,-87.67653558,1628391527.080319,174270,629,-77.500,-15.000,nr-ml1,3742.2803189754486
41.8791248,-87.67652777,1628391529.078915,174270,629,-75.008,-12.148,nr-ml1,3744.278915166855
41.87931982,-87.67652921,1628391530.998905,174270,629,-74.750,-12.078,nr-ml1,3746.19890499115
41.87960156,-87.67653698,1628391533.878869,174270,629,-74.664,-13.789,nr-ml1,3749.0788691043854
41.8797518,-87.67653946,1628391536.157833,174270,629,-71.070,-11.859,nr-ml1,3751.357833147049
41.87984875,-87.67654084,1628391538.517749,174270,629,-70.852,-11.883,nr-ml1,3753.717749118805
41.87990281,-87.67653952,1628391541.437795,174270,629,-70.172,-13.227,nr-ml1,3756.637794971466
41.87990271,-87.67653953,1628391543.477802,174270,629,-70.461,-12.258,nr-ml1,3758.6778020858765
41.87990271,-87.67653953,1628391546.197751,174270,629,-71.188,-12.391,nr-ml1,3761.3977510929108
41.87990271,-87.67653953,1628391548.117777,174270,629,-70.352,-12.086,nr-ml1,3763.31777715683
41.87990271,-87.67653953,1628391550.357768,174270,629,-71.242,-12.102,nr-ml1,3765.5577681064606
41.87990271,-87.67653953,1628391552.917758,174270,629,-70.656,-11.789,nr-ml1,3768.11775803566
41.87991451,-87.67654133,1628391555.317756,174270,629,-71.141,-11.742,nr-ml1,3770.51775598526
41.88002704,-87.67654492,1628391558.037767,174270,629,-72.023,-11.836,nr-ml1,3773.237766981125
41.88020754,-87.67655463,1628391560.277734,174270,629,-73.711,-11.594,nr-ml1,3775.4777340888977
41.88044144,-87.67655888,1628391562.67776,174270,629,-68.883,-11.445,nr-ml1,3777.8777599334717
41.8806176,-87.6765577,1628391564.497732,174270,629,-69.188,-10.609,nr-ml1,3779.6977319717407
41.88077121,-87.67655864,1628391566.237767,174270,629,-71.172,-10.820,nr-ml1,3781.4377670288086
41.8810027,-87.67656438,1628391568.958859,174270,629,-72.523,-11.078,nr-ml1,3784.158859014511
41.88114272,-87.67656657,1628391571.357777,174270,629,-71.672,-10.648,nr-ml1,3786.5577771663666
41.88123305,-87.67654241,1628391574.077783,174270,629,-80.609,-12.430,nr-ml1,3789.2777831554413
41.88127188,-87.67644891,1628391575.957733,174270,629,-88.242,-13.773,nr-ml1,3791.157732963562
41.88125826,-87.6762873,1628391577.877745,174270,629,-92.000,-14.266,nr-ml1,3793.077744960785
41.88127729,-87.67598385,1628391580.75775,174270,629,-79.117,-12.164,nr-ml1,3795.957750082016
41.88131709,-87.67558174,1628391583.998828,174270,629,-71.391,-10.555,nr-ml1,3799.198827981949
41.8813298,-87.67528279,1628391586.197747,174270,629,-80.391,-11.195,nr-ml1,3801.397747039795
41.88133524,-87.67484101,1628391589.297744,174270,629,-71.453,-10.594,nr-ml1,3804.4977440834045
41.88134052,-87.67456181,1628391591.197739,174270,629,-65.281,-10.594,nr-ml1,3806.3977389335632
41.88134677,-87.67431338,1628391592.817739,174270,629,-68.234,-10.594,nr-ml1,3808.017739057541
41.88135742,-87.6740592,1628391594.437717,174270,629,-67.750,-10.578,nr-ml1,3809.6377170085907
41.88136665,-87.67377726,1628391596.137711,174270,629,-70.109,-10.688,nr-ml1,3811.33771109581
41.88137987,-87.67330433,1628391598.918828,174270,629,-80.258,-10.656,nr-ml1,3814.118828058243
41.88136894,-87.67302475,1628391600.677683,174270,629,-74.875,-10.898,nr-ml1,3815.877683162689
41.8813629,-87.67280132,1628391602.277752,174270,629,-76.961,-11.102,nr-ml1,3817.477751970291
41.88136073,-87.67262192,1628391603.877698,174270,629,-69.844,-10.773,nr-ml1,3819.077697992325
41.8813571,-87.67236055,1628391606.117702,174270,629,-79.758,-15.008,nr-ml1,3821.3177020549774
41.88135333,-87.67218879,1628391607.737686,174270,629,-74.773,-13.570,nr-ml1,3822.9376859664917
41.8813512,-87.67204216,1628391609.2639,174270,629,-80.0,-17.0,nr-serving,3824.463900089264
41.88134438,-87.67194313,1628391610.717732,174270,629,-124.062,-27.273,nr-ml1,3825.917732000351
41.88135225,-87.67190584,1628391612.577735,174270,629,-79.414,-17.383,nr-ml1,3827.7777349948883
41.88135301,-87.67190116,1628391614.177715,174270,629,-76.578,-17.406,nr-ml1,3829.377715110779
41.88135306,-87.67189357,1628391615.777678,174270,629,-76.023,-17.289,nr-ml1,3830.9776780605316
41.88135078,-87.67186269,1628391617.43769,174270,629,-133.836,-31.180,nr-ml1,3832.6376900672913
41.88128624,-87.67178305,1628391620.437719,174270,629,-122.531,-24.953,nr-ml1,3835.637719154358
41.88119553,-87.67177053,1628391622.23775,174270,629,-81.164,-17.422,nr-ml1,3837.4377501010895
41.88108415,-87.67176933,1628391623.99777,174270,629,-77.000,-18.211,nr-ml1,3839.1977701187134
41.88096432,-87.6717708,1628391625.597759,174270,629,-139.523,-36.797,nr-ml1,3840.7977590560913
41.88078023,-87.67176721,1628391627.777728,174270,629,-85.281,-20.828,nr-ml1,3842.9777281284332
41.88062583,-87.6717605,1628391629.481839,174270,629,-83.0,-16.5,nr-neighbor,3844.681838989258
41.88045314,-87.67175923,1628391631.403136,174270,629,-85.508,-16.008,nr-ml1,3846.603136062622
41.87878891,-87.67649196,1628391722.600165,174270,629,-86.500,-20.508,nr-ml1,3937.800164937973
41.87897035,-87.67652874,1628391726.420198,174270,629,-78.008,-14.000,nr-ml1,3941.6201980113983
41.87914658,-87.67652675,1628391728.597623,174270,629,-76.195,-12.531,nr-ml1,3943.797623157501
41.87936316,-87.67652928,1628391730.89764,174270,629,-75.102,-12.734,nr-ml1,3946.0976400375366
41.87952216,-87.67653271,1628391732.497641,174270,629,-73.758,-12.766,nr-ml1,3947.697641134262
41.87968048,-87.67653236,1628391734.1018,174270,629,-74.0,-12.0,nr-neighbor,3949.3018000125885
41.87984956,-87.67653632,1628391736.877611,174270,629,-71.508,-11.539,nr-ml1,3952.0776109695435
41.87990339,-87.67653619,1628391739.437618,174270,629,-73.312,-11.898,nr-ml1,3954.6376180648804
41.87990472,-87.67653584,1628391741.517625,174270,629,-73.492,-12.531,nr-ml1,3956.717625141144
41.87990472,-87.67653584,1628391743.897625,174270,629,-75.203,-12.562,nr-ml1,3959.097625017166
41.87990472,-87.67653584,1628391746.158382,174270,629,-74.922,-12.312,nr-ml1,3961.358381986618
41.87990472,-87.67653584,1628391749.037619,174270,629,-73.648,-12.469,nr-ml1,3964.237619161606
41.87990472,-87.67653584,1628391751.757611,174270,629,-73.109,-12.492,nr-ml1,3966.9576110839844
41.87993982,-87.67653104,1628391753.997608,174270,629,-75.602,-11.844,nr-ml1,3969.1976079940796
41.88008546,-87.67653242,1628391756.717627,174270,629,-72.617,-12.680,nr-ml1,3971.917627096176
41.88029139,-87.67653952,1628391759.437618,174270,629,-73.438,-12.250,nr-ml1,3974.6376180648804
41.8805255,-87.6765477,1628391762.157628,174270,629,-71.172,-11.094,nr-ml1,3977.357628107071
41.88077784,-87.67655527,1628391765.097627,174270,629,-70.281,-10.781,nr-ml1,3980.2976269721985
41.88096511,-87.67655886,1628391767.277602,174270,629,-71.797,-11.164,nr-ml1,3982.477602005005
41.88111777,-87.67656336,1628391770.157604,174270,629,-72.188,-10.727,nr-ml1,3985.3576040267944
41.88112968,-87.67656264,1628391772.437618,174270,629,-70.391,-10.789,nr-ml1,3987.6376180648804
41.88113073,-87.67656017,1628391775.757586,174270,629,-69.547,-10.508,nr-ml1,3990.9575860500336
41.88113123,-87.67655882,1628391778.517591,174270,629,-69.594,-10.508,nr-ml1,3993.717591047287
41.88113848,-87.67655846,1628391781.238381,174270,629,-69.680,-10.508,nr-ml1,3996.43838095665
41.88115824,-87.67656017,1628391784.277613,174270,629,-70.781,-10.586,nr-ml1,3999.4776129722595
41.88116365,-87.67656046,1628391786.797596,174270,629,-71.227,-11.000,nr-ml1,4001.997596025467
41.88121496,-87.67655109,1628391789.397616,174270,629,-69.625,-10.719,nr-ml1,4004.59761595726
41.88126775,-87.67644005,1628391792.077577,174270,629,-82.938,-13.492,nr-ml1,4007.277577161789
41.88126878,-87.67629986,1628391793.737602,174270,629,-83.336,-13.586,nr-ml1,4008.937602043152
41.88127075,-87.676136,1628391795.337602,174270,629,-84.836,-13.242,nr-ml1,4010.5376019477844
41.88128455,-87.67594292,1628391796.937614,174270,629,-84.039,-12.766,nr-ml1,4012.1376140117645
41.88130174,-87.67573122,1628391798.537591,174270,629,-78.891,-11.258,nr-ml1,4013.7375910282135
41.88131518,-87.67547068,1628391800.377551,174270,629,-71.977,-10.789,nr-ml1,4015.57755112648
41.88132001,-87.67518568,1628391802.237604,174270,629,-77.203,-11.055,nr-ml1,4017.4376039505005
41.88132462,-87.67464217,1628391805.437595,174270,629,-73.609,-10.555,nr-ml1,4020.637594938278
41.88132515,-87.674273,1628391807.537577,174270,629,-63.844,-10.578,nr-ml1,4022.7375769615173
41.88132495,-87.67399388,1628391809.137556,174270,629,-66.453,-10.523,nr-ml1,4024.3375561237335
41.88132434,-87.67361501,1628391811.317524,174270,629,-73.602,-10.992,nr-ml1,4026.5175240039825
41.88132543,-87.67333114,1628391812.957582,174270,629,-78.633,-11.117,nr-ml1,4028.1575820446014
41.88132817,-87.67303941,1628391814.59757,174270,629,-71.359,-10.672,nr-ml1,4029.797569990158
41.88133053,-87.67275807,1628391816.197554,174270,629,-77.383,-11.094,nr-ml1,4031.3975541591644
41.88133348,-87.67249069,1628391817.797573,174270,629,-73.875,-11.148,nr-ml1,4032.9975731372833
41.88133709,-87.672238,1628391819.447992,174270,629,-81.500,-15.000,nr-ml1,4034.6479921340942
41.8813421,-87.67200998,1628391821.3001,174270,629,-77.000,-14.500,nr-ml1,4036.500100135803
41.88133925,-87.67183098,1628391824.137563,174270,629,-133.281,-29.875,nr-ml1,4039.3375630378723
41.88128461,-87.67176935,1628391826.397577,174270,629,-82.000,-19.555,nr-ml1,4041.5975770950317
41.88118594,-87.67175066,1628391828.237602,174270,629,-83.203,-18.227,nr-ml1,4043.437602043152
41.88104023,-87.67175747,1628391830.157534,174270,629,-76.930,-14.516,nr-ml1,4045.357533931732
41.88076721,-87.67175756,1628391833.237544,174270,629,-76.500,-15.000,nr-ml1,4048.437544107437
41.88052683,-87.67174829,1628391835.567992,174270,629,-81.500,-15.508,nr-ml1,4050.7679920196533
41.87870964,-87.67653503,1628391928.60003,174270,629,-88.008,-18.008,nr-ml1,4143.800029993057
41.87837835,-87.67659801,1628391934.201579,174270,629,-93.0,-15.5,nr-neighbor,4149.401579141617
41.87822771,-87.67658736,1628391935.837121,174270,629,-94.188,-15.070,nr-ml1,4151.03712105751
41.87804929,-87.67656941,1628391937.78028,174270,629,-93.008,-15.000,nr-ml1,4152.980280160904
41.87790267,-87.67655518,1628391939.401279,174270,629,-92.500,-12.500,nr-ml1,4154.601279020309
41.87775888,-87.67654107,1628391941.278282,174270,629,-90.727,-15.430,nr-ml1,4156.4782819747925
41.8776496,-87.67651262,1628391943.99712,174270,629,-92.242,-15.984,nr-ml1,4159.197119951248
41.87759553,-87.67651863,1628391950.681585,174270,629,-110.0,-15.5,nr-neighbor,4165.881585121155
41.87760158,-87.6765243,1628391952.457158,174270,629,-93.414,-17.352,nr-ml1,4167.657158136368
41.87760279,-87.67652552,1628391954.33968,174270,629,-98.508,-17.000,nr-ml1,4169.53968000412
41.87760398,-87.67652656,1628391956.041584,174270,629,-104.0,-16.5,nr-neighbor,4171.241584062576
41.87760525,-87.67652517,1628391957.89293,174270,629,-104.000,-18.508,nr-ml1,4173.0929300785065
41.87760642,-87.67652412,1628391959.810005,174270,629,-105.508,-16.008,nr-ml1,4175.010004997253
41.8776069,-87.67652394,1628391961.751857,174270,629,-100.000,-16.500,nr-ml1,4176.951857089996
41.87760751,-87.67652375,1628391963.479668,174270,629,-103.508,-17.000,nr-ml1,4178.6796679496765
41.87760888,-87.67652082,1628391965.161583,174270,629,-97.0,-18.5,nr-neighbor,4180.361582994461
41.87761097,-87.67651458,1628391967.081578,174270,629,-99.0,-18.5,nr-neighbor,4182.281578063965
41.87761089,-87.67651055,1628391968.857093,174270,629,-95.359,-18.430,nr-ml1,4184.057093143463
41.87761321,-87.6765092,1628391970.421762,174270,629,-98.0,-14.5,nr-neighbor,4185.621762037277
41.87761351,-87.67651451,1628391972.346731,174270,629,-97.000,-18.508,nr-ml1,4187.546730995178
41.87761381,-87.67651739,1628391974.451789,174270,629,-96.008,-16.008,nr-ml1,4189.651788949966
41.87761109,-87.67651798,1628391976.199675,174270,629,-93.508,-15.000,nr-ml1,4191.399675130844
41.87761184,-87.67651835,1628391978.119675,174270,629,-94.000,-15.000,nr-ml1,4193.3196749687195
41.87761274,-87.67651916,1628391981.720441,174270,629,-95.508,-16.500,nr-ml1,4196.920441150665
41.87760699,-87.67652311,1628391983.481524,174270,629,-94.0,-16.0,nr-neighbor,4198.681524038315
41.87760205,-87.67652778,1628391985.097106,174270,629,-94.711,-16.477,nr-ml1,4200.297106027603
41.87759519,-87.67653123,1628391986.979662,174270,629,-95.000,-16.008,nr-ml1,4202.179661989212
41.87758925,-87.67654335,1628391990.681812,174270,629,-94.0,-17.0,nr-neighbor,4205.881812095642
41.8775835,-87.67654314,1628391992.761837,174270,629,-96.0,-17.0,nr-neighbor,4207.961837053299
41.8775814,-87.67654349,1628391994.76154,174270,629,-95.0,-16.5,nr-neighbor,4209.961539983749
41.87758062,-87.67654772,1628391996.841521,174270,629,-94.0,-16.5,nr-neighbor,4212.041521072388
41.87758206,-87.67654991,1628391998.817877,174270,629,-95.508,-17.500,nr-ml1,4214.017877101898
41.87758825,-87.67655253,1628392000.770777,174270,629,-94.500,-17.500,nr-ml1,4215.9707770347595
41.87759103,-87.67655397,1628392002.768999,174270,629,-95.000,-17.500,nr-ml1,4217.968999147415
41.87758754,-87.67655701,1628392004.910757,174270,629,-95.508,-17.000,nr-ml1,4220.110757112503
41.87757726,-87.67655734,1628392006.917104,174270,629,-92.977,-14.500,nr-ml1,4222.117104053497
41.87758105,-87.67654971,1628392008.521534,174270,629,-96.0,-16.0,nr-neighbor,4223.721534013748
41.87757982,-87.6765442,1628392010.373887,174270,629,-103.508,-15.000,nr-ml1,4225.5738871097565
41.87756186,-87.67651598,1628392012.11964,174270,629,-97.500,-15.000,nr-ml1,4227.319640159607
41.87755929,-87.67648972,1628392014.039633,174270,629,-92.500,-14.000,nr-ml1,4229.2396330833435
41.8775501,-87.67648736,1628392015.721527,174270,629,-90.0,-13.5,nr-neighbor,4230.921527147293
41.87755333,-87.6764841,1628392017.801511,174270,629,-91.0,-13.5,nr-neighbor,4233.001511096954
41.87755602,-87.67648196,1628392019.515664,174270,629,-103.508,-17.000,nr-ml1,4234.715664148331
41.87755665,-87.67647615,1628392021.299629,174270,629,-101.008,-14.500,nr-ml1,4236.499629020691
41.87758482,-87.67645491,1628392022.981524,174270,629,-91.0,-13.5,nr-neighbor,4238.181524038315
41.87840542,-87.67648473,1628392030.679653,174270,629,-87.000,-12.500,nr-ml1,4245.87965297699
41.87978756,-87.67659102,1628392043.799587,174270,629,-84.000,-15.508,nr-ml1,4258.999587059021
41.87762185,-87.67654942,1628392092.059227,174270,629,-86.500,-13.508,nr-ml1,4307.25922703743
41.87761238,-87.67654795,1628392103.399559,174270,629,-90.508,-15.000,nr-ml1,4318.59955906868
41.8776017,-87.67653372,1628392125.079562,174270,629,-89.500,-14.000,nr-ml1,4340.27956199646
41.87760751,-87.6764671,1628392141.361652,174270,629,-91.008,-15.508,nr-ml1,4356.561651945114
41.87782046,-87.67646967,1628392146.0395,174270,629,-95.000,-12.500,nr-ml1,4361.239500045776
41.87835488,-87.67650502,1628392151.639521,174270,629,-94.000,-13.508,nr-ml1,4366.839520931244
41.87984229,-87.67668266,1628392175.079488,174270,629,-86.000,-15.000,nr-ml1,4390.2794880867
41.87764951,-87.67655794,1628392221.639435,174270,629,-90.508,-17.000,nr-ml1,4436.839435100555
41.87764628,-87.67655774,1628392238.93693,174270,629,-89.148,-14.500,nr-ml1,4454.136929988861
41.87764628,-87.67655774,1628392243.239424,174270,629,-90.508,-17.500,nr-ml1,4458.439424037933
41.87764628,-87.67655774,1628392245.335546,174270,629,-90.000,-17.500,nr-ml1,4460.535546064377
41.87764628,-87.67655774,1628392248.839424,174270,629,-90.508,-18.008,nr-ml1,4464.039423942566
41.87764662,-87.67655259,1628392253.876922,174270,629,-91.359,-15.430,nr-ml1,4469.07692193985
41.87764678,-87.6765526,1628392256.936861,174270,629,-89.852,-15.078,nr-ml1,4472.136861085892
41.87764678,-87.6765526,1628392263.936908,174270,629,-90.508,-15.000,nr-ml1,4479.136908054352
41.87763061,-87.67655684,1628392268.197663,174270,629,-94.000,-18.508,nr-ml1,4483.397663116455
41.87762803,-87.67655728,1628392271.810553,174270,629,-91.500,-19.000,nr-ml1,4487.010553121567
41.87760155,-87.67653303,1628392274.967628,174270,629,-90.508,-15.000,nr-ml1,4490.1676280498505
41.87759632,-87.67651593,1628392277.416845,174270,629,-82.219,-11.586,nr-ml1,4492.61684513092
41.87760851,-87.67653324,1628392283.656879,174270,629,-86.781,-13.422,nr-ml1,4498.856878995895
41.87782426,-87.67650261,1628392288.916825,174270,629,-86.445,-12.172,nr-ml1,4504.11682510376
41.87804853,-87.67651314,1628392291.719441,174270,629,-88.508,-12.500,nr-ml1,4506.919440984726
41.87825985,-87.67651839,1628392294.284463,174270,629,-89.000,-17.000,nr-ml1,4509.484462976456
41.87853359,-87.67652621,1628392297.336813,174270,629,-88.508,-18.008,nr-ml1,4512.536813020706
41.87881278,-87.67653722,1628392300.259412,174270,629,-78.008,-19.000,nr-ml1,4515.459412097931
41.87917641,-87.67654356,1628392303.69056,174270,629,-84.500,-13.508,nr-ml1,4518.8905601501465
41.87939783,-87.67654366,1628392305.596905,174270,629,-80.336,-16.539,nr-ml1,4520.796905040741
41.87957277,-87.67654168,1628392307.196897,174270,629,-79.961,-15.945,nr-ml1,4522.39689707756
41.87973313,-87.67653784,1628392308.816872,174270,629,-78.438,-17.453,nr-ml1,4524.016871929169
41.87989366,-87.67653503,1628392311.013367,174270,629,-75.000,-15.000,nr-ml1,4526.213366985321
41.87992687,-87.6765373,1628392313.3579,174270,629,-73.578,-15.945,nr-ml1,4528.557899951935
41.87992687,-87.6765373,1628392315.036833,174270,629,-75.891,-16.641,nr-ml1,4530.2368330955505
41.87992687,-87.6765373,1628392316.636825,174270,629,-75.477,-16.852,nr-ml1,4531.83682513237
41.87992687,-87.6765373,1628392318.236862,174270,629,-74.961,-16.719,nr-ml1,4533.436861991882
41.87992687,-87.6765373,1628392320.919366,174270,629,-72.500,-15.000,nr-ml1,4536.119365930557
41.87992687,-87.6765373,1628392323.466485,174270,629,-72.500,-15.000,nr-ml1,4538.666485071182
41.87992687,-87.6765373,1628392325.221603,174270,629,-72.0,-14.0,nr-neighbor,4540.421602964401
41.87992687,-87.6765373,1628392327.141329,174270,629,-71.0,-14.5,nr-neighbor,4542.341329097748
41.87992687,-87.6765373,1628392329.161279,174270,629,-72.0,-14.5,nr-neighbor,4544.361279010773
41.87992687,-87.6765373,1628392330.916775,174270,629,-75.297,-17.578,nr-ml1,4546.116775035858
41.87992687,-87.6765373,1628392332.681291,174270,629,-70.0,-15.5,nr-neighbor,4547.881291151047
41.87992687,-87.6765373,1628392334.416868,174270,629,-76.086,-18.086,nr-ml1,4549.616868019104
41.87992687,-87.6765373,1628392336.041419,174270,629,-73.0,-16.0,nr-neighbor,4551.24141907692
41.87992687,-87.6765373,1628392338.280925,174270,629,-73.0,-15.5,nr-neighbor,4553.48092508316
41.87992892,-87.67653817,1628392340.241296,174270,629,-71.0,-14.0,nr-neighbor,4555.4412961006165
41.8799687,-87.67654492,1628392341.916836,174270,629,-75.477,-14.781,nr-ml1,4557.116836071014
41.88010268,-87.67654282,1628392344.43794,174270,629,-76.977,-16.359,nr-ml1,4559.637939929962
41.88028965,-87.67654419,1628392346.676786,174270,629,-79.383,-16.039,nr-ml1,4561.876785993576
41.88056961,-87.67655523,1628392349.397969,174270,629,-76.344,-13.156,nr-ml1,4564.597969055176
41.88084318,-87.67655415,1628392351.836837,174270,629,-78.102,-12.633,nr-ml1,4567.036837100983
41.88100791,-87.67656456,1628392353.756801,174270,629,-78.641,-12.594,nr-ml1,4568.956800937653
41.88112872,-87.67657082,1628392356.796827,174270,629,-76.414,-10.875,nr-ml1,4571.996827125549
41.88117892,-87.67655343,1628392359.156826,174270,629,-78.055,-11.977,nr-ml1,4574.356826066971
41.88121269,-87.67656003,1628392361.276821,174270,629,-77.328,-11.344,nr-ml1,4576.47682094574
41.88122525,-87.6765572,1628392362.916829,174270,629,-75.406,-10.766,nr-ml1,4578.116829156876
41.88122442,-87.6765627,1628392364.516768,174270,629,-76.148,-10.992,nr-ml1,4579.716768026352
41.88123063,-87.67656372,1628392366.236818,174270,629,-76.164,-10.992,nr-ml1,4581.436818122864
41.88123004,-87.67656365,1628392367.836746,174270,629,-78.898,-11.219,nr-ml1,4583.036746025085
41.88122096,-87.67657027,1628392370.036794,174270,629,-78.055,-10.945,nr-ml1,4585.236793994904
41.88125695,-87.67655517,1628392372.756818,174270,629,-80.508,-13.062,nr-ml1,4587.95681810379
41.88128873,-87.67648785,1628392374.436749,174270,629,-74.977,-12.578,nr-ml1,4589.63674902916
41.88129961,-87.67636308,1628392376.036755,174270,629,-86.922,-13.641,nr-ml1,4591.236755132675
41.88130485,-87.67617714,1628392377.636772,174270,629,-87.180,-13.156,nr-ml1,4592.836771965027
41.88130691,-87.67594946,1628392379.236798,174270,629,-85.555,-13.023,nr-ml1,4594.436798095703
41.88131628,-87.6757031,1628392381.016791,174270,629,-75.602,-10.938,nr-ml1,4596.216791152954
41.88131658,-87.6754323,1628392383.316795,174270,629,-72.445,-10.594,nr-ml1,4598.516795158386
41.8813234,-87.67523819,1628392386.196809,174270,629,-76.531,-11.156,nr-ml1,4601.396809101105
41.88131973,-87.67520846,1628392388.136778,174270,629,-75.492,-10.797,nr-ml1,4603.33677816391
41.8813137,-87.67520343,1628392389.736772,174270,629,-74.055,-10.531,nr-ml1,4604.936772108078
41.88131976,-87.67519803,1628392391.336761,174270,629,-75.039,-10.562,nr-ml1,4606.536761045456
41.88131204,-87.67518678,1628392392.957847,174270,629,-79.719,-11.016,nr-ml1,4608.157847166061
41.88132327,-87.67519444,1628392394.576793,174270,629,-79.258,-10.602,nr-ml1,4609.776793003082
