grid_lat,grid_lon,grid_height,freq,cid,rat,total_sample,sample,rsrp_med,rsrp_std,rsrp_0,rsrp_10,rsrp_25,rsrp_50,rsrp_75,rsrp_90,rsrp_100,rsrq_med,rsrq_std,rsrq_0,rsrq_10,rsrq_25,rsrq_50,rsrq_75,rsrq_90,rsrq_100
40.4305,-86.9135,0,125290,333,sub6,14,2,-97.5,0.7071067811865476,-98.0,-97.9,-97.75,-97.5,-97.25,-97.1,-97.0,-16.5,0.7071067811865476,-17.0,-16.9,-16.75,-16.5,-16.25,-16.1,-16.0
40.4305,-86.9135,0,125290,385,sub6,14,6,-96.0,1.8973665961010275,-98.0,-98.0,-97.75,-96.0,-94.25,-94.0,-94.0,-12.0,0.5163977794943223,-12.0,-12.0,-12.0,-12.0,-11.25,-11.0,-11.0
40.4305,-86.9135,0,125290,867,sub6,14,6,-105.5,7.033254343948231,-116.0,-114.5,-111.25,-105.5,-100.5,-99.0,-99.0,-18.5,4.8166378315169185,-26.0,-24.5,-22.0,-18.5,-15.0,-14.0,-14.0
40.4305,-86.913,0,1001,16,lte,92502,767,-124.0,1.9916868633805913,-129.0,-126.0,-125.0,-124.0,-122.0,-121.0,-117.0,-21.0,1.8517610073200883,-25.0,-23.0,-23.0,-21.0,-20.0,-19.0,-16.0
40.4305,-86.913,0,1001,54,lte,92502,9,-120.0,3.2188679859713276,-126.0,-125.2,-124.0,-120.0,-118.0,-118.0,-118.0,-20.0,0.7071067811865476,-21.0,-21.0,-20.0,-20.0,-20.0,-19.0,-19.0
40.4305,-86.913,0,1001,99,lte,92502,283,-122.0,3.1101861117625726,-131.0,-126.0,-124.0,-122.0,-120.0,-118.19999999999999,-114.0,-20.0,1.466437798392809,-24.0,-22.0,-21.0,-20.0,-19.0,-18.0,-17.0
40.4305,-86.913,0,1001,106,lte,92502,16,-123.0,1.2230426539304888,-125.0,-124.5,-124.0,-123.0,-122.75,-121.5,-121.0,-20.0,1.682012683265696,-23.0,-22.5,-20.0,-20.0,-19.0,-18.0,-17.0
40.4305,-86.913,0,1001,125,lte,92502,8,-119.5,2.5634797778466227,-125.0,-124.3,-123.25,-119.5,-119.0,-119.0,-119.0,-20.0,1.1877349391654208,-21.0,-21.0,-20.25,-20.0,-18.75,-18.0,-18.0
40.4305,-86.913,0,1001,147,lte,92502,8,-122.0,2.38671920665766,-127.0,-127.0,-124.75,-122.0,-122.0,-121.7,-121.0,-20.0,0.7071067811865476,-21.0,-21.0,-21.0,-20.0,-20.0,-19.7,-19.0
40.4305,-86.913,0,1001,160,lte,92502,6,-123.5,1.7224014243685084,-127.0,-125.5,-124.0,-123.5,-123.0,-122.5,-122.0,-21.0,0.752772652709081,-22.0,-22.0,-21.75,-21.0,-21.0,-20.5,-20.0
40.4305,-86.913,0,1001,174,lte,92502,8464,-121.0,2.362326102538916,-131.0,-124.0,-122.0,-121.0,-119.0,-118.0,-111.0,-19.0,1.601723246974656,-24.0,-20.0,-19.0,-19.0,-17.0,-16.0,-11.0
40.4305,-86.913,0,1001,201,lte,92502,6,-123.5,4.183300132670378,-129.0,-128.0,-126.5,-123.5,-119.75,-119.0,-119.0,-20.0,0.752772652709081,-21.0,-21.0,-20.75,-20.0,-20.0,-19.5,-19.0
40.4305,-86.913,0,1001,205,lte,92502,16,-119.0,1.6278820596099706,-122.0,-121.0,-120.25,-119.0,-118.0,-117.0,-117.0,-18.0,2.0289570391377603,-21.0,-20.0,-19.25,-18.0,-16.5,-15.0,-15.0
40.4305,-86.913,0,1001,215,lte,92502,8,-120.0,1.6420805617960927,-122.0,-121.3,-121.0,-120.0,-119.5,-117.7,-117.0,-20.5,0.5345224838248488,-21.0,-21.0,-21.0,-20.5,-20.0,-20.0,-20.0
40.4305,-86.913,0,1001,220,lte,92502,8,-120.0,2.0,-123.0,-122.3,-121.25,-120.0,-118.75,-117.7,-117.0,-21.0,1.246423454758225,-22.0,-22.0,-22.0,-21.0,-20.5,-19.0,-19.0
40.4305,-86.913,0,1001,243,lte,92502,280,-122.0,2.7252376268662983,-130.0,-126.0,-124.0,-122.0,-120.0,-119.0,-115.0,-20.0,1.258249786140079,-26.0,-21.0,-21.0,-20.0,-19.0,-19.0,-16.0
40.4305,-86.913,0,1001,251,lte,92502,8,-119.5,4.0708019567928595,-127.0,-126.3,-126.0,-119.5,-118.0,-118.0,-118.0,-20.0,1.246423454758225,-22.0,-21.3,-20.25,-20.0,-19.0,-18.7,-18.0
40.4305,-86.913,0,1001,265,lte,92502,10,-123.0,2.0110804171997807,-128.0,-125.3,-124.0,-123.0,-122.0,-121.9,-121.0,-20.0,1.1547005383792515,-22.0,-21.1,-20.75,-20.0,-19.25,-18.9,-18.0
40.4305,-86.913,0,1001,298,lte,92502,11563,-113.0,1.4986441180810273,-119.0,-115.0,-114.0,-113.0,-112.0,-112.0,-108.0,-14.0,1.6721024261404336,-16.0,-15.0,-15.0,-14.0,-13.0,-11.0,-7.0
40.4305,-86.913,0,1001,374,lte,92502,206,-121.0,2.6607940110278134,-129.0,-125.5,-123.0,-121.0,-120.0,-119.0,-116.0,-20.0,1.115208195983309,-23.0,-21.0,-21.0,-20.0,-19.0,-18.0,-18.0
40.4305,-86.913,0,1001,411,lte,92502,8,-121.0,2.3754698783308417,-125.0,-124.3,-122.5,-121.0,-119.75,-118.7,-118.0,-19.0,0.4629100498862757,-20.0,-20.0,-19.25,-19.0,-19.0,-19.0,-19.0
40.4305,-86.913,0,1001,418,lte,92502,8,-119.0,2.100170061141308,-122.0,-121.3,-120.25,-119.0,-117.0,-116.7,-116.0,-19.5,1.164964745021435,-21.0,-21.0,-21.0,-19.5,-19.0,-18.7,-18.0
40.4305,-86.913,0,1001,438,lte,92502,3,-117.0,1.0,-118.0,-117.8,-117.5,-117.0,-116.5,-116.2,-116.0,-20.0,1.1547005383792515,-22.0,-21.6,-21.0,-20.0,-20.0,-20.0,-20.0
40.4305,-86.913,0,1001,443,lte,92502,526,-122.0,2.668577081391215,-131.0,-125.0,-124.0,-122.0,-120.0,-119.0,-113.0,-20.0,1.2092647362116997,-24.0,-22.0,-21.0,-20.0,-19.0,-19.0,-16.0
40.4305,-86.913,0,5035,34,lte,92502,60,-120.0,1.891028476931261,-123.0,-122.0,-121.0,-120.0,-119.0,-117.0,-115.0,-21.0,1.3185979542573814,-23.0,-22.0,-21.0,-21.0,-20.0,-19.0,-18.0
40.4305,-86.913,0,5035,138,lte,92502,14,-118.0,1.8277470669267506,-123.0,-120.0,-119.0,-118.0,-117.25,-116.3,-116.0,-20.0,0.6333236937766509,-20.0,-20.0,-20.0,-20.0,-19.25,-19.0,-18.0
40.4305,-86.913,0,5035,148,lte,92502,30,-121.0,2.4400866764329807,-124.0,-123.1,-123.0,-121.0,-118.0,-118.0,-117.0,-22.5,1.5028708160235107,-26.0,-24.0,-23.75,-22.5,-21.25,-20.9,-20.0
40.4305,-86.913,0,5035,270,lte,92502,14,-119.0,0.9944903161976936,-120.0,-120.0,-119.0,-119.0,-118.0,-117.3,-117.0,-19.0,1.0994504121565505,-22.0,-20.0,-19.75,-19.0,-18.25,-18.0,-18.0
40.4305,-86.913,0,5035,284,lte,92502,11,-110.0,0.5393598899705936,-111.0,-110.0,-110.0,-110.0,-110.0,-109.0,-109.0,-19.0,0.8312094145936335,-20.0,-20.0,-19.5,-19.0,-18.0,-18.0,-18.0
40.4305,-86.913,0,5035,294,lte,92502,3597,-117.0,2.574879335097253,-124.0,-120.0,-118.0,-117.0,-115.0,-113.0,-107.0,-17.0,1.4424764809358832,-22.0,-19.0,-18.0,-17.0,-16.0,-16.0,-12.0
40.4305,-86.913,0,5035,326,lte,92502,74,-118.0,1.9941138856191125,-123.0,-121.0,-120.0,-118.0,-117.0,-116.0,-114.0,-19.0,0.9690699824457731,-22.0,-20.0,-20.0,-19.0,-19.0,-18.0,-16.0
40.4305,-86.913,0,5035,332,lte,92502,13,-115.0,1.344504484072964,-117.0,-116.8,-116.0,-115.0,-114.0,-113.2,-113.0,-20.0,0.7679476477883045,-20.0,-20.0,-20.0,-20.0,-19.0,-18.2,-18.0
40.4305,-86.913,0,5035,375,lte,92502,14,-118.0,1.2838814775327385,-121.0,-120.0,-119.75,-118.0,-118.0,-117.0,-117.0,-19.0,1.0994504121565505,-21.0,-20.7,-20.0,-19.0,-18.0,-18.0,-18.0
40.4305,-86.913,0,5035,429,lte,92502,853,-119.0,2.502100235646272,-125.0,-122.0,-121.0,-119.0,-117.0,-116.0,-112.0,-19.0,1.100153373286875,-22.0,-20.0,-20.0,-19.0,-18.0,-18.0,-16.0
40.4305,-86.913,0,5035,453,lte,92502,32,-116.5,3.3305768172320946,-124.0,-122.0,-119.25,-116.5,-114.0,-113.0,-113.0,-19.0,1.1760376338064324,-21.0,-21.0,-20.0,-19.0,-18.0,-18.0,-16.0
40.4305,-86.913,0,5035,460,lte,92502,3876,-112.0,2.6286301745257363,-120.0,-114.0,-113.0,-112.0,-110.0,-106.0,-103.0,-15.0,1.2014475495230115,-20.0,-16.0,-15.0,-15.0,-14.0,-13.0,-8.0
40.4305,-86.913,0,5035,474,lte,92502,14,-119.5,1.5281246137553164,-123.0,-121.7,-120.75,-119.5,-119.0,-118.0,-118.0,-20.0,0.7559289460184546,-21.0,-20.0,-20.0,-20.0,-19.0,-19.0,-18.0
40.4305,-86.913,0,66736,112,lte,92502,19,-125.0,1.6736694986296654,-128.0,-128.0,-126.5,-125.0,-124.0,-123.0,-123.0,-21.0,1.346426937147361,-22.0,-22.0,-21.5,-21.0,-20.0,-19.0,-17.0
40.4305,-86.913,0,66736,136,lte,92502,39,-122.0,2.3551133103214887,-127.0,-125.0,-123.5,-122.0,-120.0,-119.8,-118.0,-19.0,1.4994375913716291,-23.0,-21.0,-20.0,-19.0,-18.0,-17.0,-16.0
40.4305,-86.913,0,66736,173,lte,92502,3,-129.0,4.725815626252608,-131.0,-130.6,-130.0,-129.0,-125.5,-123.4,-122.0,-20.0,0.5773502691896258,-20.0,-20.0,-20.0,-20.0,-19.5,-19.2,-19.0
40.4305,-86.913,0,66736,179,lte,92502,61,-121.0,2.826107790920515,-128.0,-125.0,-124.0,-121.0,-119.0,-118.0,-116.0,-19.0,0.957855071917362,-22.0,-21.0,-20.0,-19.0,-19.0,-18.0,-18.0
40.4305,-86.913,0,66736,225,lte,92502,1,-132.0,nan,-132.0,-132.0,-132.0,-132.0,-132.0,-132.0,-132.0,-20.0,nan,-20.0,-20.0,-20.0,-20.0,-20.0,-20.0,-20.0
40.4305,-86.913,0,66736,227,lte,92502,721,-124.0,2.9729484885151423,-132.0,-127.0,-126.0,-124.0,-122.0,-120.0,-115.0,-19.0,1.0894940229642855,-24.0,-21.0,-20.0,-19.0,-19.0,-18.0,-15.0
40.4305,-86.913,0,66736,232,lte,92502,272,-124.0,2.115604909438747,-130.0,-127.0,-126.0,-124.0,-123.0,-122.0,-119.0,-21.0,1.5568943835579068,-23.0,-22.0,-21.0,-21.0,-20.0,-18.0,-15.0
40.4305,-86.913,0,66736,277,lte,92502,16,-127.0,1.691892431568863,-129.0,-129.0,-128.0,-127.0,-125.75,-124.5,-124.0,-20.0,0.8920949127381756,-22.0,-21.5,-21.0,-20.0,-20.0,-19.5,-19.0
40.4305,-86.913,0,66736,282,lte,92502,1269,-124.0,2.7481824231788083,-131.0,-127.0,-126.0,-124.0,-122.0,-121.0,-115.0,-19.0,1.064046545795415,-23.0,-21.0,-20.0,-19.0,-19.0,-18.0,-16.0
40.4305,-86.913,0,66736,290,lte,92502,8,-123.0,3.2043497223082786,-130.0,-128.6,-127.25,-123.0,-122.0,-122.0,-122.0,-20.0,0.8345229603962802,-21.0,-21.0,-20.25,-20.0,-19.0,-19.0,-19.0
40.4305,-86.913,0,66736,307,lte,92502,19,-124.0,2.58651473599749,-129.0,-128.0,-126.5,-124.0,-123.0,-121.6,-120.0,-20.0,1.228320776436091,-22.0,-21.2,-21.0,-20.0,-19.5,-19.0,-17.0
40.4305,-86.913,0,66736,346,lte,92502,8,-124.0,1.6903085094570331,-126.0,-126.0,-125.25,-124.0,-122.75,-122.0,-122.0,-21.5,2.065879266282796,-23.0,-22.3,-22.0,-21.5,-19.0,-18.4,-17.0
40.4305,-86.913,0,66736,367,lte,92502,12,-123.5,2.0597146021777486,-128.0,-126.9,-126.0,-123.5,-123.0,-123.0,-121.0,-20.0,0.5773502691896257,-21.0,-21.0,-20.25,-20.0,-20.0,-20.0,-19.0
40.4305,-86.913,0,66736,370,lte,92502,4,-126.5,0.5773502691896257,-127.0,-127.0,-127.0,-126.5,-126.0,-126.0,-126.0,-20.0,1.2583057392117916,-22.0,-21.4,-20.5,-20.0,-19.75,-19.3,-19.0
40.4305,-86.913,0,66736,379,lte,92502,15,-126.0,1.5491933384829666,-127.0,-127.0,-126.5,-126.0,-124.5,-123.4,-122.0,-20.0,0.7237468644557459,-21.0,-21.0,-21.0,-20.0,-20.0,-19.4,-19.0
40.4305,-86.913,0,66736,448,lte,92502,7590,-117.0,2.034626542950121,-124.0,-118.0,-118.0,-117.0,-115.0,-113.0,-110.0,-14.0,1.3285959051758018,-28.0,-15.0,-15.0,-14.0,-13.0,-12.0,-7.0
40.4305,-86.913,0,66736,475,lte,92502,5,-124.0,1.0954451150103321,-126.0,-125.2,-124.0,-124.0,-124.0,-123.4,-123.0,-21.0,1.0954451150103324,-23.0,-22.2,-21.0,-21.0,-21.0,-20.4,-20.0
40.4305,-86.913,0,66736,479,lte,92502,1,-133.0,nan,-133.0,-133.0,-133.0,-133.0,-133.0,-133.0,-133.0,-23.0,nan,-23.0,-23.0,-23.0,-23.0,-23.0,-23.0,-23.0
40.4305,-86.913,0,66736,486,lte,92502,6598,-122.0,2.5820303256962838,-130.0,-125.0,-124.0,-122.0,-120.0,-119.0,-111.0,-17.0,1.55249953936614,-24.0,-19.0,-18.0,-17.0,-16.0,-15.0,-11.0
40.4305,-86.913,0,67011,1,lte,92502,7528,-115.0,1.9376322910649049,-124.0,-117.0,-116.0,-115.0,-113.0,-112.0,-108.0,-13.0,1.3528162644350232,-19.0,-15.0,-14.0,-13.0,-12.0,-11.0,-7.0
40.4305,-86.913,0,67011,45,lte,92502,92,-122.0,3.1215999181083207,-130.0,-126.0,-124.0,-122.0,-120.0,-118.0,-116.0,-19.0,1.1718142303880301,-22.0,-21.0,-20.0,-19.0,-19.0,-18.0,-17.0
40.4305,-86.913,0,67011,58,lte,92502,429,-123.0,2.793074598445351,-130.0,-127.0,-125.0,-123.0,-121.0,-119.0,-115.0,-21.0,1.698832367854108,-24.0,-23.0,-22.0,-21.0,-20.0,-18.80000000000001,-14.0
40.4305,-86.913,0,67011,81,lte,92502,668,-123.0,2.7727860007837664,-131.0,-126.0,-124.0,-123.0,-121.0,-119.0,-114.0,-19.0,1.097509216032072,-24.0,-21.0,-20.0,-19.0,-19.0,-18.0,-16.0
40.4305,-86.913,0,67011,119,lte,92502,1307,-122.0,2.673907716526304,-132.0,-126.0,-124.0,-122.0,-121.0,-119.0,-115.0,-19.0,1.1458450326024443,-25.0,-21.0,-20.0,-19.0,-19.0,-18.0,-16.0
40.4305,-86.913,0,67011,120,lte,92502,7,-119.0,1.9023794624226835,-121.0,-120.4,-119.5,-119.0,-117.0,-116.0,-116.0,-19.0,0.9759000729485333,-21.0,-20.4,-20.0,-19.0,-19.0,-18.6,-18.0
40.4305,-86.913,0,67011,329,lte,92502,125,-123.0,2.894889824634815,-128.0,-126.0,-125.0,-123.0,-121.0,-119.0,-116.0,-20.0,1.1593657888078568,-22.0,-21.0,-20.0,-20.0,-19.0,-18.0,-16.0
40.4305,-86.913,0,67011,424,lte,92502,6,-124.5,0.5477225575051661,-125.0,-125.0,-125.0,-124.5,-124.0,-124.0,-124.0,-21.0,0.8944271909999159,-22.0,-22.0,-21.75,-21.0,-20.25,-20.0,-20.0
40.4305,-86.913,0,67011,450,lte,92502,5910,-121.0,2.3379805839431205,-129.0,-123.0,-122.0,-121.0,-119.0,-117.0,-113.0,-18.0,1.5222886716995363,-23.0,-20.0,-19.0,-18.0,-17.0,-16.0,-10.0
40.4305,-86.913,0,67011,456,lte,92502,8,-121.0,0.7559289460184544,-122.0,-122.0,-121.25,-121.0,-120.75,-120.0,-120.0,-20.0,0.6408699444616557,-21.0,-20.3,-20.0,-20.0,-19.75,-19.0,-19.0
40.4305,-86.913,0,67011,496,lte,92502,12,-122.0,1.1677484162422844,-123.0,-122.9,-122.0,-122.0,-121.0,-120.1,-119.0,-20.0,0.7929614610987591,-21.0,-21.0,-20.25,-20.0,-19.0,-19.0,-19.0
40.4305,-86.913,0,125290,385,sub6,92502,7847,-113.0,3.117026411555769,-138.0,-117.0,-116.0,-113.0,-111.0,-109.0,-105.0,-12.0,1.4223541526324748,-38.0,-14.0,-13.0,-12.0,-11.0,-11.0,-10.0
40.4305,-86.913,0,125290,867,sub6,92502,6654,-120.0,4.018788937045358,-140.0,-125.0,-122.0,-120.0,-119.0,-117.0,-112.0,-17.0,4.449909644417128,-40.0,-21.0,-19.0,-17.0,-16.0,-15.0,-12.0
40.4305,-86.913,0,512190,393,sub6,92502,69,-124.0,5.522603324980076,-139.0,-138.0,-125.0,-124.0,-121.0,-120.0,-119.0,-17.0,7.273109683428274,-39.0,-38.0,-19.0,-17.0,-16.0,-15.0,-14.0
40.4305,-86.913,0,512190,400,sub6,92502,2446,-111.0,2.7028148201242734,-119.0,-115.0,-113.0,-111.0,-109.0,-108.0,-102.0,-11.0,0.7016740556877801,-14.0,-12.0,-11.0,-11.0,-11.0,-10.0,-10.0
40.4305,-86.913,0,512190,540,sub6,92502,175,-126.0,4.588684590661904,-139.0,-137.0,-128.0,-126.0,-124.0,-123.0,-121.0,-18.0,6.694447862513237,-39.0,-36.0,-20.0,-18.0,-17.0,-16.0,-15.0
40.4305,-86.913,0,512190,790,sub6,92502,2280,-121.0,2.4475725640398243,-139.0,-123.0,-122.0,-121.0,-119.0,-118.0,-114.0,-15.0,2.214215509247839,-39.0,-17.0,-16.0,-15.0,-14.0,-13.0,-11.0
40.4305,-86.913,0,520110,89,sub6,92502,10,-127.0,5.546770832355224,-138.0,-137.1,-128.0,-127.0,-124.5,-122.0,-122.0,-19.0,8.107609594284455,-38.0,-36.2,-19.0,-19.0,-18.0,-16.0,-16.0
40.4305,-86.913,0,520110,393,sub6,92502,998,-123.0,5.868371348571099,-140.0,-137.0,-125.0,-123.0,-121.0,-120.0,-116.0,-18.0,7.1180244000121045,-40.0,-36.0,-20.0,-18.0,-17.0,-16.0,-14.0
40.4305,-86.913,0,520110,400,sub6,92502,3228,-113.0,3.118916457964298,-125.0,-117.0,-115.0,-113.0,-111.0,-109.0,-104.0,-12.0,1.0518659318023695,-18.0,-13.0,-12.0,-12.0,-11.0,-11.0,-10.0
40.4305,-86.913,0,520110,540,sub6,92502,2117,-123.0,5.002820009956329,-139.0,-134.0,-125.0,-123.0,-121.0,-120.0,-117.0,-16.0,6.3819964126893,-39.0,-30.0,-18.0,-16.0,-15.0,-15.0,-13.0
40.4305,-86.913,0,520110,572,sub6,92502,14,-122.0,6.977199916966597,-138.0,-137.0,-123.75,-122.0,-120.0,-120.0,-120.0,-18.0,8.47491450246997,-38.0,-36.0,-18.0,-18.0,-16.0,-16.0,-16.0
40.4305,-86.913,0,520110,790,sub6,92502,3098,-119.0,2.5194356484594356,-139.0,-122.0,-121.0,-119.0,-118.0,-116.0,-111.0,-14.0,1.9549660716504682,-39.0,-16.0,-15.0,-14.0,-13.0,-12.0,-11.0
40.4305,-86.9105,0,1001,16,lte,75,3,-120.0,1.1547005383792517,-122.0,-121.6,-121.0,-120.0,-120.0,-120.0,-120.0,-16.0,1.5275252316519468,-17.0,-16.8,-16.5,-16.0,-15.0,-14.4,-14.0
40.4305,-86.9105,0,1001,298,lte,75,3,-116.0,1.1547005383792517,-116.0,-116.0,-116.0,-116.0,-115.0,-114.4,-114.0,-11.0,0.5773502691896257,-12.0,-11.8,-11.5,-11.0,-11.0,-11.0,-11.0
40.4305,-86.9105,0,1001,374,lte,75,3,-126.0,2.3094010767585034,-126.0,-126.0,-126.0,-126.0,-124.0,-122.8,-122.0,-20.0,1.0,-21.0,-20.8,-20.5,-20.0,-19.5,-19.2,-19.0
40.4305,-86.9105,0,1001,443,lte,75,3,-126.0,2.081665999466133,-127.0,-126.8,-126.5,-126.0,-124.5,-123.6,-123.0,-20.0,1.5275252316519468,-22.0,-21.6,-21.0,-20.0,-19.5,-19.2,-19.0
40.4305,-86.9105,0,67011,1,lte,75,2,-114.5,0.7071067811865476,-115.0,-114.9,-114.75,-114.5,-114.25,-114.1,-114.0,-9.0,0.0,-9.0,-9.0,-9.0,-9.0,-9.0,-9.0,-9.0
40.4305,-86.9105,0,67011,58,lte,75,2,-122.5,2.1213203435596424,-124.0,-123.7,-123.25,-122.5,-121.75,-121.3,-121.0,-16.0,2.8284271247461903,-18.0,-17.6,-17.0,-16.0,-15.0,-14.4,-14.0
40.4305,-86.9105,0,67011,119,lte,75,2,-127.0,2.8284271247461903,-129.0,-128.6,-128.0,-127.0,-126.0,-125.4,-125.0,-21.5,0.7071067811865476,-22.0,-21.9,-21.75,-21.5,-21.25,-21.1,-21.0
40.4305,-86.9105,0,67011,329,lte,75,1,-130.0,nan,-130.0,-130.0,-130.0,-130.0,-130.0,-130.0,-130.0,-23.0,nan,-23.0,-23.0,-23.0,-23.0,-23.0,-23.0,-23.0
40.4305,-86.9105,0,520110,351,sub6,75,4,-125.5,1.8929694486000912,-129.0,-128.1,-126.75,-125.5,-125.0,-125.0,-125.0,-19.0,2.5,-24.0,-22.5,-20.25,-19.0,-19.0,-19.0,-19.0
40.4305,-86.9105,0,520110,400,sub6,75,12,-110.0,0.9653072991634227,-112.0,-111.0,-111.0,-110.0,-109.75,-109.0,-109.0,-11.0,0.45226701686664544,-12.0,-12.0,-11.25,-11.0,-11.0,-11.0,-11.0
40.4305,-86.9105,0,520110,540,sub6,75,12,-120.0,0.90033663737852,-121.0,-121.0,-121.0,-120.0,-119.0,-119.0,-119.0,-15.0,0.492365963917331,-16.0,-16.0,-16.0,-15.0,-15.0,-15.0,-15.0
40.4305,-86.9105,0,520110,572,sub6,75,6,-117.0,0.5163977794943223,-117.0,-117.0,-117.0,-117.0,-116.25,-116.0,-116.0,-17.0,0.752772652709081,-18.0,-18.0,-17.75,-17.0,-17.0,-16.5,-16.0
40.4305,-86.9105,0,520110,698,sub6,75,10,-124.0,1.7029386365926402,-128.0,-126.2,-124.75,-124.0,-123.25,-122.9,-122.0,-17.0,2.5841396591085743,-24.0,-22.2,-18.0,-17.0,-17.0,-16.9,-16.0
40.4305,-86.9105,0,520110,790,sub6,75,12,-106.0,0.9045340337332909,-108.0,-107.9,-107.0,-106.0,-106.0,-106.0,-105.0,-10.0,0.0,-10.0,-10.0,-10.0,-10.0,-10.0,-10.0,-10.0
40.4305,-86.91,0,1001,16,lte,522,17,-124.0,2.368605943935601,-126.0,-125.4,-124.0,-124.0,-121.0,-120.0,-117.0,-17.0,2.1282414723677108,-21.0,-19.4,-18.0,-17.0,-16.0,-14.2,-13.0
40.4305,-86.91,0,1001,298,lte,522,17,-119.0,2.8607382839770166,-122.0,-121.0,-120.0,-119.0,-116.0,-113.6,-113.0,-15.0,0.7717436331412897,-17.0,-16.0,-16.0,-15.0,-15.0,-14.6,-14.0
40.4305,-86.91,0,1001,374,lte,522,9,-126.0,2.9059326290271157,-129.0,-127.4,-126.0,-126.0,-123.0,-120.8,-120.0,-20.0,1.3228756555322954,-22.0,-21.2,-21.0,-20.0,-19.0,-18.8,-18.0
40.4305,-86.91,0,1001,443,lte,522,14,-125.0,2.9990841092749454,-130.0,-127.7,-127.0,-125.0,-124.0,-120.89999999999999,-119.0,-20.0,1.0894095588038446,-21.0,-20.0,-20.0,-20.0,-19.0,-18.0,-17.0
40.4305,-86.91,0,2100,310,lte,522,1,-115.0,nan,-115.0,-115.0,-115.0,-115.0,-115.0,-115.0,-115.0,-18.0,nan,-18.0,-18.0,-18.0,-18.0,-18.0,-18.0,-18.0
40.4305,-86.91,0,2100,311,lte,522,2,-112.5,0.7071067811865476,-113.0,-112.9,-112.75,-112.5,-112.25,-112.1,-112.0,-19.5,0.7071067811865476,-20.0,-19.9,-19.75,-19.5,-19.25,-19.1,-19.0
40.4305,-86.91,0,2100,324,lte,522,5,-104.0,0.5477225575051661,-104.0,-104.0,-104.0,-104.0,-103.0,-103.0,-103.0,-11.0,0.5477225575051662,-11.0,-11.0,-11.0,-11.0,-10.0,-10.0,-10.0
40.4305,-86.91,0,2100,340,lte,522,2,-113.5,0.7071067811865476,-114.0,-113.9,-113.75,-113.5,-113.25,-113.1,-113.0,-20.0,0.0,-20.0,-20.0,-20.0,-20.0,-20.0,-20.0,-20.0
40.4305,-86.91,0,2350,247,lte,522,1,-114.0,nan,-114.0,-114.0,-114.0,-114.0,-114.0,-114.0,-114.0,-17.0,nan,-17.0,-17.0,-17.0,-17.0,-17.0,-17.0,-17.0
40.4305,-86.91,0,2350,310,lte,522,5,-111.0,0.4472135954999579,-111.0,-111.0,-111.0,-111.0,-111.0,-110.4,-110.0,-18.0,1.6431676725154982,-18.0,-18.0,-18.0,-18.0,-15.0,-15.0,-15.0
40.4305,-86.91,0,2350,311,lte,522,5,-110.0,1.816590212458495,-113.0,-112.6,-112.0,-110.0,-109.0,-109.0,-109.0,-17.0,0.5477225575051661,-17.0,-17.0,-17.0,-17.0,-16.0,-16.0,-16.0
40.4305,-86.91,0,2350,324,lte,522,5,-107.0,0.5477225575051661,-107.0,-107.0,-107.0,-107.0,-106.0,-106.0,-106.0,-13.0,1.7888543819998317,-15.0,-14.6,-14.0,-13.0,-11.0,-11.0,-11.0
40.4305,-86.91,0,5035,34,lte,522,1,-106.0,nan,-106.0,-106.0,-106.0,-106.0,-106.0,-106.0,-106.0,-15.0,nan,-15.0,-15.0,-15.0,-15.0,-15.0,-15.0,-15.0
40.4305,-86.91,0,5035,326,lte,522,2,-112.0,1.4142135623730951,-113.0,-112.8,-112.5,-112.0,-111.5,-111.2,-111.0,-18.5,0.7071067811865476,-19.0,-18.9,-18.75,-18.5,-18.25,-18.1,-18.0
40.4305,-86.91,0,5035,429,lte,522,3,-106.0,4.618802153517006,-114.0,-112.4,-110.0,-106.0,-106.0,-106.0,-106.0,-14.0,4.618802153517007,-22.0,-20.4,-18.0,-14.0,-14.0,-14.0,-14.0
40.4305,-86.91,0,5035,460,lte,522,3,-104.0,1.0,-105.0,-104.8,-104.5,-104.0,-103.5,-103.2,-103.0,-11.0,2.081665999466133,-14.0,-13.4,-12.5,-11.0,-10.5,-10.2,-10.0
40.4305,-86.91,0,66736,179,lte,522,2,-128.0,0.0,-128.0,-128.0,-128.0,-128.0,-128.0,-128.0,-128.0,-20.5,0.7071067811865476,-21.0,-20.9,-20.75,-20.5,-20.25,-20.1,-20.0
40.4305,-86.91,0,66736,232,lte,522,8,-123.0,2.8252686345094435,-128.0,-128.0,-127.25,-123.0,-122.0,-122.0,-122.0,-15.5,3.313931631332013,-21.0,-21.0,-20.25,-15.5,-14.0,-14.0,-14.0
40.4305,-86.91,0,66736,448,lte,522,7,-121.0,1.2724180205607034,-124.0,-122.8,-121.5,-121.0,-121.0,-120.6,-120.0,-14.0,0.5773502691896257,-15.0,-14.4,-14.0,-14.0,-14.0,-13.6,-13.0
40.4305,-86.91,0,67011,1,lte,522,37,-120.0,1.5002502293786695,-121.0,-120.0,-120.0,-120.0,-119.0,-118.0,-114.0,-13.0,1.142280528068655,-17.0,-14.0,-13.0,-13.0,-13.0,-12.0,-11.0
40.4305,-86.91,0,67011,58,lte,522,37,-122.0,1.761278541884305,-125.0,-123.0,-122.0,-122.0,-120.0,-119.0,-117.0,-14.0,1.198723044300449,-17.0,-16.0,-15.0,-14.0,-14.0,-13.0,-12.0
40.4305,-86.91,0,67011,81,lte,522,18,-127.0,1.886484436567597,-131.0,-129.0,-128.0,-127.0,-126.0,-125.4,-123.0,-21.0,1.0369008625190792,-22.0,-22.0,-21.0,-21.0,-20.0,-19.7,-18.0
40.4305,-86.91,0,67011,119,lte,522,15,-129.0,1.0327955589886444,-129.0,-129.0,-129.0,-129.0,-128.0,-126.8,-126.0,-20.0,0.9856107606091623,-23.0,-21.6,-21.0,-20.0,-20.0,-20.0,-19.0
40.4305,-86.91,0,67011,329,lte,522,35,-126.0,1.6259451033142525,-129.0,-128.0,-127.5,-126.0,-125.0,-125.0,-122.0,-19.0,0.9185300642829262,-22.0,-20.0,-20.0,-19.0,-19.0,-18.4,-17.0
40.4305,-86.91,0,67011,450,lte,522,4,-125.0,2.70801280154532,-130.0,-128.5,-126.25,-125.0,-124.75,-124.3,-124.0,-21.0,0.5,-21.0,-21.0,-21.0,-21.0,-20.75,-20.3,-20.0
40.4305,-86.91,0,125290,333,sub6,522,25,-106.0,4.949747468305833,-121.0,-115.6,-112.0,-106.0,-105.0,-104.0,-103.0,-18.0,2.6820390253188586,-26.0,-23.6,-20.0,-18.0,-17.0,-16.4,-16.0
40.4305,-86.91,0,125290,385,sub6,522,44,-102.0,1.22754675509359,-104.0,-104.0,-103.0,-102.0,-101.0,-101.0,-100.0,-12.0,0.7947369157952181,-14.0,-13.0,-13.0,-12.0,-12.0,-11.0,-11.0
40.4305,-86.91,0,125290,485,sub6,522,37,-108.0,4.216726310869698,-120.0,-116.4,-112.0,-108.0,-106.0,-105.0,-104.0,-18.0,3.0570157581120423,-26.0,-24.0,-20.0,-18.0,-17.0,-15.600000000000001,-14.0
40.4305,-86.91,0,125290,660,sub6,522,7,-116.0,3.605551275463989,-119.0,-119.0,-118.0,-116.0,-111.5,-111.0,-111.0,-22.0,3.1091263510296048,-26.0,-25.4,-24.5,-22.0,-19.5,-18.6,-18.0
40.4305,-86.91,0,125290,697,sub6,522,32,-111.5,5.772222135979936,-124.0,-121.7,-116.5,-111.5,-108.0,-106.0,-105.0,-20.0,3.838997685048332,-29.0,-27.8,-23.25,-20.0,-18.0,-18.0,-17.0
40.4305,-86.91,0,125290,867,sub6,522,6,-119.5,4.546060565661952,-125.0,-124.5,-123.25,-119.5,-117.25,-115.0,-113.0,-24.5,3.8166302763912916,-29.0,-29.0,-28.0,-24.5,-23.25,-21.0,-19.0
40.4305,-86.91,0,512190,400,sub6,522,1,-111.0,nan,-111.0,-111.0,-111.0,-111.0,-111.0,-111.0,-111.0,-12.0,nan,-12.0,-12.0,-12.0,-12.0,-12.0,-12.0,-12.0
40.4305,-86.91,0,512190,790,sub6,522,2,-108.0,0.0,-108.0,-108.0,-108.0,-108.0,-108.0,-108.0,-108.0,-11.0,nan,-11.0,-11.0,-11.0,-11.0,-11.0,-11.0,-11.0
40.4305,-86.91,0,520110,393,sub6,522,3,-119.0,3.4641016151377544,-125.0,-123.8,-122.0,-119.0,-119.0,-119.0,-119.0,-17.0,3.4641016151377544,-23.0,-21.8,-20.0,-17.0,-17.0,-17.0,-17.0
40.4305,-86.91,0,520110,400,sub6,522,30,-111.0,2.1605129233480698,-116.0,-114.2,-112.75,-111.0,-110.0,-109.0,-109.0,-13.0,1.0613372610104645,-15.0,-14.0,-13.0,-13.0,-12.0,-11.0,-11.0
40.4305,-86.91,0,520110,540,sub6,522,20,-120.0,1.9808291724745766,-122.0,-122.0,-121.25,-120.0,-118.0,-117.0,-116.0,-15.0,0.8522416262267903,-16.0,-16.0,-16.0,-15.0,-14.0,-14.0,-14.0
40.4305,-86.91,0,520110,572,sub6,522,6,-115.0,0.752772652709081,-116.0,-116.0,-115.75,-115.0,-115.0,-114.5,-114.0,-16.5,1.2110601416389968,-18.0,-18.0,-17.75,-16.5,-16.0,-15.5,-15.0
40.4305,-86.91,0,520110,698,sub6,522,11,-123.0,1.0269106361049412,-124.0,-124.0,-123.0,-123.0,-122.0,-121.0,-121.0,-17.0,0.674199862463242,-17.0,-17.0,-17.0,-17.0,-16.5,-16.0,-15.0
40.4305,-86.91,0,520110,790,sub6,522,43,-107.0,5.013381871068727,-111.0,-108.0,-108.0,-107.0,-99.5,-97.19999999999999,-92.0,-10.0,0.4371005726021252,-12.0,-11.0,-10.0,-10.0,-10.0,-10.0,-10.0
40.4305,-86.9095,0,1001,16,lte,355,9,-115.0,4.123105625617661,-121.0,-120.2,-120.0,-115.0,-113.0,-111.4,-109.0,-17.0,2.472066162365221,-23.0,-19.0,-17.0,-17.0,-16.0,-15.6,-14.0
40.4305,-86.9095,0,1001,99,lte,355,9,-118.0,1.2360330811826106,-120.0,-120.0,-120.0,-118.0,-118.0,-117.0,-117.0,-18.0,1.5365907428821477,-22.0,-21.2,-20.0,-18.0,-18.0,-18.0,-18.0
40.4305,-86.9095,0,1001,174,lte,355,6,-119.5,1.3662601021279464,-122.0,-121.0,-120.0,-119.5,-119.0,-118.5,-118.0,-20.0,1.0327955589886446,-22.0,-21.5,-20.75,-20.0,-20.0,-19.5,-19.0
40.4305,-86.9095,0,1001,298,lte,355,10,-113.5,3.2998316455372216,-119.0,-116.3,-114.0,-113.5,-110.75,-108.9,-108.0,-13.0,1.0327955589886444,-14.0,-14.0,-13.75,-13.0,-12.0,-11.9,-11.0
40.4305,-86.9095,0,1001,374,lte,355,2,-121.5,2.1213203435596424,-123.0,-122.7,-122.25,-121.5,-120.75,-120.3,-120.0,-21.5,0.7071067811865476,-22.0,-21.9,-21.75,-21.5,-21.25,-21.1,-21.0
40.4305,-86.9095,0,5035,460,lte,355,2,-104.5,6.363961030678928,-109.0,-108.1,-106.75,-104.5,-102.25,-100.9,-100.0,-11.0,2.8284271247461903,-13.0,-12.6,-12.0,-11.0,-10.0,-9.4,-9.0
40.4305,-86.9095,0,66736,232,lte,355,1,-121.0,nan,-121.0,-121.0,-121.0,-121.0,-121.0,-121.0,-121.0,-16.0,nan,-16.0,-16.0,-16.0,-16.0,-16.0,-16.0,-16.0
40.4305,-86.9095,0,66736,448,lte,355,1,-116.0,nan,-116.0,-116.0,-116.0,-116.0,-116.0,-116.0,-116.0,-12.0,nan,-12.0,-12.0,-12.0,-12.0,-12.0,-12.0,-12.0
40.4305,-86.9095,0,66736,486,lte,355,1,-122.0,nan,-122.0,-122.0,-122.0,-122.0,-122.0,-122.0,-122.0,-19.0,nan,-19.0,-19.0,-19.0,-19.0,-19.0,-19.0,-19.0
40.4305,-86.9095,0,67011,1,lte,355,31,-115.0,2.5682092836704684,-119.0,-117.0,-116.0,-115.0,-112.0,-110.0,-109.0,-12.0,1.293490734241994,-15.0,-13.0,-12.5,-12.0,-11.0,-10.0,-9.0
40.4305,-86.9095,0,67011,58,lte,355,29,-119.0,3.0041022855209034,-130.0,-122.0,-120.0,-119.0,-117.0,-116.0,-115.0,-15.0,1.85363442758625,-20.0,-17.2,-16.0,-15.0,-14.0,-13.0,-12.0
40.4305,-86.9095,0,67011,81,lte,355,31,-124.0,2.1447610589527217,-128.0,-126.0,-126.0,-124.0,-122.0,-122.0,-120.0,-20.0,1.6500244377466933,-25.0,-22.0,-21.0,-20.0,-19.0,-19.0,-18.0
40.4305,-86.9095,0,67011,329,lte,355,7,-124.0,2.7516228977511745,-129.0,-127.8,-126.5,-124.0,-123.0,-122.2,-121.0,-20.0,0.5345224838248488,-20.0,-20.0,-20.0,-20.0,-19.0,-19.0,-19.0
40.4305,-86.9095,0,67011,450,lte,355,13,-125.0,2.063106942552968,-128.0,-128.0,-127.0,-125.0,-124.0,-122.4,-122.0,-19.0,1.126601424298216,-21.0,-21.0,-20.0,-19.0,-19.0,-18.0,-18.0
40.4305,-86.9095,0,125290,333,sub6,355,25,-108.0,1.6703293088490063,-113.0,-109.6,-108.0,-108.0,-107.0,-107.0,-104.0,-18.0,1.4999999999999998,-21.0,-19.6,-19.0,-18.0,-18.0,-17.0,-13.0
40.4305,-86.9095,0,125290,385,sub6,355,32,-101.0,1.8813065981197834,-109.0,-102.0,-101.0,-101.0,-99.0,-99.0,-98.0,-12.0,0.7288689868556626,-14.0,-12.0,-12.0,-12.0,-11.0,-11.0,-11.0
40.4305,-86.9095,0,125290,485,sub6,355,10,-108.0,0.7071067811865476,-110.0,-109.1,-109.0,-108.0,-108.0,-108.0,-108.0,-19.5,0.8232726023485647,-20.0,-20.0,-20.0,-19.5,-19.0,-18.0,-18.0
40.4305,-86.9095,0,125290,697,sub6,355,27,-112.0,3.7636740248382528,-121.0,-117.8,-114.5,-112.0,-110.0,-108.19999999999999,-106.0,-21.0,2.722178614686481,-28.0,-25.0,-22.5,-21.0,-19.0,-18.599999999999998,-17.0
40.4305,-86.9095,0,512190,400,sub6,355,1,-112.0,nan,-112.0,-112.0,-112.0,-112.0,-112.0,-112.0,-112.0,-11.0,nan,-11.0,-11.0,-11.0,-11.0,-11.0,-11.0,-11.0
40.4305,-86.9095,0,512190,540,sub6,355,1,-121.0,nan,-121.0,-121.0,-121.0,-121.0,-121.0,-121.0,-121.0,-15.0,nan,-15.0,-15.0,-15.0,-15.0,-15.0,-15.0,-15.0
40.4305,-86.9095,0,512190,790,sub6,355,2,-109.0,0.0,-109.0,-109.0,-109.0,-109.0,-109.0,-109.0,-109.0,-11.0,nan,-11.0,-11.0,-11.0,-11.0,-11.0,-11.0,-11.0
40.4305,-86.9095,0,520110,393,sub6,355,2,-117.5,0.7071067811865476,-118.0,-117.9,-117.75,-117.5,-117.25,-117.1,-117.0,-16.5,0.7071067811865476,-17.0,-16.9,-16.75,-16.5,-16.25,-16.1,-16.0
40.4305,-86.9095,0,520110,400,sub6,355,32,-108.0,1.6064386578049976,-112.0,-110.0,-109.0,-108.0,-107.0,-106.0,-105.0,-11.0,0.6652370423996586,-13.0,-12.0,-12.0,-11.0,-11.0,-11.0,-10.0
40.4305,-86.9095,0,520110,540,sub6,355,24,-117.0,2.6811202503993457,-121.0,-120.0,-118.5,-117.0,-116.0,-114.3,-110.0,-13.5,1.4135729219948654,-17.0,-15.7,-15.0,-13.5,-13.0,-12.3,-11.0
40.4305,-86.9095,0,520110,572,sub6,355,5,-117.0,1.3416407864998738,-118.0,-117.6,-117.0,-117.0,-115.0,-115.0,-115.0,-18.0,0.8366600265340756,-19.0,-18.6,-18.0,-18.0,-17.0,-17.0,-17.0
40.4305,-86.9095,0,520110,698,sub6,355,9,-120.0,1.092906420717,-122.0,-121.2,-121.0,-120.0,-119.0,-119.0,-119.0,-16.0,1.0137937550497031,-18.0,-18.0,-17.0,-16.0,-16.0,-15.8,-15.0
40.4305,-86.9095,0,520110,790,sub6,355,33,-100.0,1.9857446508002525,-106.0,-102.0,-101.0,-100.0,-99.0,-98.0,-98.0,-10.0,0.0,-10.0,-10.0,-10.0,-10.0,-10.0,-10.0,-10.0
40.4305,-86.909,0,1001,16,lte,572,20,-112.0,5.788145780726964,-124.0,-123.1,-114.25,-112.0,-110.0,-108.69999999999999,-103.0,-14.0,2.115108557622118,-19.0,-17.2,-15.25,-14.0,-13.0,-12.899999999999999,-11.0
40.4305,-86.909,0,1001,99,lte,572,7,-118.0,2.9277002188455996,-122.0,-122.0,-121.5,-118.0,-116.5,-115.6,-115.0,-19.0,1.2535663410560174,-21.0,-19.8,-19.0,-19.0,-18.0,-17.6,-17.0
40.4305,-86.909,0,1001,174,lte,572,10,-120.0,2.6749870196985173,-124.0,-122.2,-120.75,-120.0,-118.25,-117.6,-114.0,-20.0,0.9944289260117531,-21.0,-21.0,-20.75,-20.0,-19.25,-18.9,-18.0
40.4305,-86.909,0,1001,298,lte,572,20,-113.5,5.212333551551701,-124.0,-124.0,-119.0,-113.5,-111.75,-109.9,-108.0,-13.0,2.3418391333129156,-19.0,-17.1,-14.25,-13.0,-12.0,-11.0,-11.0
40.4305,-86.909,0,1001,374,lte,572,12,-121.5,4.025486983527018,-130.0,-123.0,-123.0,-121.5,-117.75,-116.1,-116.0,-20.5,1.651445647689541,-22.0,-21.9,-21.0,-20.5,-18.75,-18.0,-17.0
40.4305,-86.909,0,1001,443,lte,572,14,-120.0,3.7919811285291067,-127.0,-123.7,-122.75,-120.0,-117.25,-115.0,-114.0,-20.0,1.8232322463624384,-25.0,-21.7,-21.0,-20.0,-20.0,-18.599999999999998,-17.0
40.4305,-86.909,0,2100,324,lte,572,2,-114.0,0.0,-114.0,-114.0,-114.0,-114.0,-114.0,-114.0,-114.0,-13.5,0.7071067811865476,-14.0,-13.9,-13.75,-13.5,-13.25,-13.1,-13.0
40.4305,-86.909,0,2100,325,lte,572,1,-119.0,nan,-119.0,-119.0,-119.0,-119.0,-119.0,-119.0,-119.0,-17.0,nan,-17.0,-17.0,-17.0,-17.0,-17.0,-17.0,-17.0
40.4305,-86.909,0,2100,340,lte,572,2,-119.0,0.0,-119.0,-119.0,-119.0,-119.0,-119.0,-119.0,-119.0,-17.0,0.0,-17.0,-17.0,-17.0,-17.0,-17.0,-17.0,-17.0
40.4305,-86.909,0,2350,302,lte,572,2,-99.5,0.7071067811865476,-100.0,-99.9,-99.75,-99.5,-99.25,-99.1,-99.0,-19.0,0.0,-19.0,-19.0,-19.0,-19.0,-19.0,-19.0,-19.0
40.4305,-86.909,0,2350,324,lte,572,8,-108.0,9.082951062292475,-113.0,-112.3,-112.0,-108.0,-103.25,-91.4,-90.0,-12.0,1.0690449676496976,-13.0,-12.3,-12.0,-12.0,-10.75,-10.0,-10.0
40.4305,-86.909,0,2350,325,lte,572,8,-114.0,6.759913355319621,-119.0,-118.3,-117.25,-114.0,-110.25,-102.0,-102.0,-17.5,1.7525491637693282,-21.0,-21.0,-18.75,-17.5,-17.0,-17.0,-17.0
40.4305,-86.909,0,2350,339,lte,572,1,-104.0,nan,-104.0,-104.0,-104.0,-104.0,-104.0,-104.0,-104.0,-23.0,nan,-23.0,-23.0,-23.0,-23.0,-23.0,-23.0,-23.0
40.4305,-86.909,0,2350,340,lte,572,3,-114.0,2.6457513110645907,-118.0,-117.2,-116.0,-114.0,-113.5,-113.2,-113.0,-20.0,0.0,-20.0,-20.0,-20.0,-20.0,-20.0,-20.0,-20.0
40.4305,-86.909,0,5035,34,lte,572,30,-109.0,1.3373502709187435,-112.0,-110.0,-110.0,-109.0,-108.0,-107.0,-106.0,-16.0,1.072648457158112,-19.0,-17.0,-16.0,-16.0,-15.0,-15.0,-14.0
40.4305,-86.909,0,5035,326,lte,572,30,-112.5,1.0806553992619587,-114.0,-113.1,-113.0,-112.5,-111.0,-111.0,-110.0,-19.0,1.1366415543118713,-22.0,-20.1,-20.0,-19.0,-18.25,-18.0,-17.0
40.4305,-86.909,0,5035,332,lte,572,30,-110.0,1.6262925893598905,-111.0,-110.0,-110.0,-110.0,-107.25,-106.0,-106.0,-19.0,1.0063019815944514,-20.0,-20.0,-20.0,-19.0,-18.0,-17.9,-17.0
40.4305,-86.909,0,5035,429,lte,572,26,-112.0,1.551178212248304,-115.0,-113.0,-112.75,-112.0,-111.0,-110.0,-108.0,-19.0,1.049542024665264,-21.0,-19.5,-19.0,-19.0,-18.25,-17.0,-16.0
40.4305,-86.909,0,5035,460,lte,572,30,-108.0,1.4735210781716328,-111.0,-110.0,-109.0,-108.0,-107.0,-106.0,-105.0,-15.0,1.3373502709187437,-18.0,-17.0,-16.0,-15.0,-14.25,-13.0,-12.0
40.4305,-86.909,0,66736,179,lte,572,5,-130.0,1.140175425099138,-132.0,-131.6,-131.0,-130.0,-130.0,-129.4,-129.0,-25.0,1.224744871391589,-26.0,-26.0,-26.0,-25.0,-25.0,-23.8,-23.0
40.4305,-86.909,0,66736,232,lte,572,12,-122.0,4.448356863818233,-124.0,-123.0,-123.0,-122.0,-120.0,-111.89999999999999,-111.0,-14.5,1.97522534195852,-17.0,-16.9,-15.25,-14.5,-14.0,-12.2,-10.0
40.4305,-86.909,0,66736,282,lte,572,3,-124.0,1.5275252316519468,-125.0,-124.8,-124.5,-124.0,-123.0,-122.4,-122.0,-19.0,2.3094010767585034,-19.0,-19.0,-19.0,-19.0,-17.0,-15.8,-15.0
40.4305,-86.909,0,66736,448,lte,572,11,-119.0,2.7336289566668097,-124.0,-123.0,-121.5,-119.0,-117.5,-117.0,-116.0,-13.0,2.6967994498529686,-17.0,-17.0,-16.0,-13.0,-11.0,-11.0,-10.0
40.4305,-86.909,0,67011,1,lte,572,32,-115.0,4.384264384540283,-122.0,-120.9,-119.0,-115.0,-111.0,-110.0,-106.0,-13.0,2.16924990752341,-18.0,-15.9,-15.0,-13.0,-11.75,-10.0,-9.0
40.4305,-86.909,0,67011,58,lte,572,32,-115.5,5.117569357520449,-125.0,-123.0,-120.25,-115.5,-110.75,-110.0,-108.0,-15.0,1.4223872482101938,-18.0,-17.0,-16.0,-15.0,-14.0,-13.0,-13.0
40.4305,-86.909,0,67011,81,lte,572,20,-122.0,2.918182563460382,-126.0,-124.1,-123.0,-122.0,-118.75,-117.0,-116.0,-19.0,0.8825799501580878,-22.0,-20.0,-20.0,-19.0,-19.0,-18.9,-18.0
40.4305,-86.909,0,67011,119,lte,572,2,-126.0,0.0,-126.0,-126.0,-126.0,-126.0,-126.0,-126.0,-126.0,-20.0,0.0,-20.0,-20.0,-20.0,-20.0,-20.0,-20.0,-20.0
40.4305,-86.909,0,67011,329,lte,572,14,-119.0,5.413150450726249,-132.0,-127.0,-125.0,-119.0,-117.25,-115.3,-114.0,-21.0,1.7913099142223299,-26.0,-22.7,-21.0,-21.0,-20.25,-20.0,-18.0
40.4305,-86.909,0,67011,450,lte,572,13,-124.0,2.9892971474742085,-129.0,-128.0,-127.0,-124.0,-122.0,-121.2,-120.0,-22.0,1.4232501627054275,-24.0,-23.8,-23.0,-22.0,-21.0,-20.0,-20.0
40.4305,-86.909,0,125290,137,sub6,572,6,-118.0,7.57407860182786,-123.0,-122.5,-122.0,-118.0,-108.75,-107.0,-107.0,-25.5,4.806245936279167,-29.0,-29.0,-28.75,-25.5,-20.0,-19.0,-19.0
40.4305,-86.909,0,125290,333,sub6,572,23,-109.0,2.457544646939218,-114.0,-111.0,-110.0,-109.0,-107.5,-106.0,-104.0,-19.0,2.054590926076962,-23.0,-21.8,-20.0,-19.0,-19.0,-17.2,-14.0
40.4305,-86.909,0,125290,385,sub6,572,26,-101.0,1.07058574908965,-105.0,-101.5,-101.0,-101.0,-100.0,-100.0,-99.0,-12.0,0.5159010042186837,-13.0,-13.0,-12.0,-12.0,-12.0,-12.0,-11.0
40.4305,-86.909,0,125290,485,sub6,572,6,-114.0,5.036533199202271,-120.0,-119.0,-117.25,-114.0,-111.5,-108.5,-106.0,-22.5,3.8686776379877745,-27.0,-26.0,-24.5,-22.5,-20.5,-18.0,-16.0
40.4305,-86.909,0,125290,697,sub6,572,22,-110.0,5.686621346429032,-119.0,-115.0,-113.75,-110.0,-104.0,-102.1,-100.0,-18.0,3.6208271997417394,-25.0,-22.9,-21.75,-18.0,-16.0,-14.099999999999998,-13.0
40.4305,-86.909,0,512190,400,sub6,572,3,-108.0,0.0,-108.0,-108.0,-108.0,-108.0,-108.0,-108.0,-108.0,-11.0,0.0,-11.0,-11.0,-11.0,-11.0,-11.0,-11.0,-11.0
40.4305,-86.909,0,512190,540,sub6,572,1,-120.0,nan,-120.0,-120.0,-120.0,-120.0,-120.0,-120.0,-120.0,-17.0,nan,-17.0,-17.0,-17.0,-17.0,-17.0,-17.0,-17.0
40.4305,-86.909,0,512190,572,sub6,572,1,-114.0,nan,-114.0,-114.0,-114.0,-114.0,-114.0,-114.0,-114.0,-19.0,nan,-19.0,-19.0,-19.0,-19.0,-19.0,-19.0,-19.0
40.4305,-86.909,0,512190,698,sub6,572,1,-124.0,nan,-124.0,-124.0,-124.0,-124.0,-124.0,-124.0,-124.0,-21.0,nan,-21.0,-21.0,-21.0,-21.0,-21.0,-21.0,-21.0
40.4305,-86.909,0,512190,790,sub6,572,3,-104.0,2.081665999466133,-107.0,-106.4,-105.5,-104.0,-103.5,-103.2,-103.0,-10.5,0.7071067811865476,-11.0,-10.9,-10.75,-10.5,-10.25,-10.1,-10.0
40.4305,-86.909,0,520110,400,sub6,572,24,-105.5,2.261444324935418,-109.0,-108.7,-106.25,-105.5,-104.0,-102.3,-101.0,-11.0,0.42174116783664994,-11.0,-11.0,-11.0,-11.0,-11.0,-10.0,-10.0
40.4305,-86.909,0,520110,540,sub6,572,20,-117.0,0.8870412083230168,-119.0,-118.1,-117.0,-117.0,-116.75,-116.0,-116.0,-15.0,1.935812083093974,-20.0,-17.3,-16.0,-15.0,-14.0,-13.899999999999999,-13.0
40.4305,-86.909,0,520110,698,sub6,572,12,-120.0,1.642245321798694,-123.0,-121.0,-121.0,-120.0,-118.75,-118.0,-117.0,-16.5,1.5859229221975182,-20.0,-18.0,-18.0,-16.5,-15.75,-15.0,-15.0
40.4305,-86.909,0,520110,790,sub6,572,24,-99.5,2.811724933461535,-106.0,-102.0,-101.25,-99.5,-98.0,-97.0,-93.0,-10.0,0.20851441405707477,-11.0,-10.0,-10.0,-10.0,-10.0,-10.0,-10.0
40.4305,-86.9085,0,1001,16,lte,563,28,-120.5,1.5600841111499193,-123.0,-122.0,-121.0,-120.5,-119.0,-118.0,-117.0,-18.5,1.7713176275208633,-21.0,-20.3,-19.0,-18.5,-17.0,-15.7,-14.0
40.4305,-86.9085,0,1001,99,lte,563,27,-118.0,2.7195608829388975,-124.0,-122.0,-121.0,-118.0,-116.5,-115.0,-115.0,-19.0,1.3085299814107096,-21.0,-20.0,-19.0,-19.0,-17.0,-17.0,-16.0
40.4305,-86.9085,0,1001,298,lte,563,28,-117.0,2.0625150312102583,-122.0,-121.0,-119.0,-117.0,-116.0,-115.0,-114.0,-16.0,1.7472578667472218,-19.0,-17.3,-16.0,-16.0,-14.0,-13.0,-12.0
40.4305,-86.9085,0,1001,374,lte,563,20,-121.0,2.200478416880723,-125.0,-123.2,-122.25,-121.0,-119.75,-118.0,-118.0,-18.0,1.3726654823065194,-21.0,-19.1,-19.0,-18.0,-17.0,-16.0,-16.0
40.4305,-86.9085,0,1001,443,lte,563,27,-122.0,2.922552059640776,-129.0,-126.0,-123.0,-122.0,-120.5,-119.0,-115.0,-20.0,1.7831116564834575,-28.0,-21.0,-20.5,-20.0,-19.0,-19.0,-18.0
40.4305,-86.9085,0,2100,311,lte,563,2,-119.0,1.4142135623730951,-120.0,-119.8,-119.5,-119.0,-118.5,-118.2,-118.0,-18.5,0.7071067811865476,-19.0,-18.9,-18.75,-18.5,-18.25,-18.1,-18.0
40.4305,-86.9085,0,2100,313,lte,563,1,-116.0,nan,-116.0,-116.0,-116.0,-116.0,-116.0,-116.0,-116.0,-18.0,nan,-18.0,-18.0,-18.0,-18.0,-18.0,-18.0,-18.0
40.4305,-86.9085,0,2100,324,lte,563,5,-117.0,6.519202405202649,-125.0,-123.4,-121.0,-117.0,-114.0,-110.4,-108.0,-15.0,3.082207001484488,-20.0,-19.2,-18.0,-15.0,-15.0,-13.2,-12.0
40.4305,-86.9085,0,2100,325,lte,563,4,-119.5,2.943920288775949,-124.0,-122.8,-121.0,-119.5,-118.5,-117.6,-117.0,-17.5,0.9574271077563381,-19.0,-18.7,-18.25,-17.5,-17.0,-17.0,-17.0
40.4305,-86.9085,0,2100,339,lte,563,1,-113.0,nan,-113.0,-113.0,-113.0,-113.0,-113.0,-113.0,-113.0,-17.0,nan,-17.0,-17.0,-17.0,-17.0,-17.0,-17.0,-17.0
40.4305,-86.9085,0,2100,340,lte,563,1,-115.0,nan,-115.0,-115.0,-115.0,-115.0,-115.0,-115.0,-115.0,-19.0,nan,-19.0,-19.0,-19.0,-19.0,-19.0,-19.0,-19.0
40.4305,-86.9085,0,2350,302,lte,563,3,-124.0,7.211102550927978,-128.0,-127.2,-126.0,-124.0,-119.0,-116.0,-114.0,-20.0,1.0,-21.0,-20.8,-20.5,-20.0,-19.5,-19.2,-19.0
40.4305,-86.9085,0,2350,324,lte,563,6,-116.5,7.033254343948231,-122.0,-121.0,-120.0,-116.5,-108.5,-106.5,-106.0,-15.0,3.265986323710904,-18.0,-17.5,-16.75,-15.0,-11.75,-10.5,-10.0
40.4305,-86.9085,0,2350,325,lte,563,6,-117.0,3.920034013457877,-123.0,-121.0,-119.0,-117.0,-115.0,-113.5,-112.0,-17.0,0.752772652709081,-18.0,-17.5,-17.0,-17.0,-16.25,-16.0,-16.0
40.4305,-86.9085,0,2350,340,lte,563,1,-114.0,nan,-114.0,-114.0,-114.0,-114.0,-114.0,-114.0,-114.0,-20.0,nan,-20.0,-20.0,-20.0,-20.0,-20.0,-20.0,-20.0
40.4305,-86.9085,0,5035,34,lte,563,2,-107.5,2.1213203435596424,-109.0,-108.7,-108.25,-107.5,-106.75,-106.3,-106.0,-15.5,2.1213203435596424,-17.0,-16.7,-16.25,-15.5,-14.75,-14.3,-14.0
40.4305,-86.9085,0,5035,326,lte,563,12,-110.0,2.193309385519074,-114.0,-113.0,-112.25,-110.0,-109.0,-108.1,-107.0,-17.5,1.3113721705515065,-20.0,-18.9,-18.0,-17.5,-16.0,-16.0,-16.0
40.4305,-86.9085,0,5035,332,lte,563,4,-107.0,0.5,-107.0,-107.0,-107.0,-107.0,-106.75,-106.3,-106.0,-16.5,0.5773502691896257,-17.0,-17.0,-17.0,-16.5,-16.0,-16.0,-16.0
40.4305,-86.9085,0,5035,429,lte,563,10,-108.5,2.0575065816014617,-113.0,-112.1,-111.75,-108.5,-108.0,-108.0,-108.0,-17.0,1.3498971154211057,-20.0,-19.1,-18.0,-17.0,-16.25,-16.0,-16.0
40.4305,-86.9085,0,5035,460,lte,563,12,-107.5,1.5447859516333116,-110.0,-109.9,-109.0,-107.5,-107.0,-106.1,-105.0,-14.5,0.9847319278346618,-16.0,-15.0,-15.0,-14.5,-13.75,-13.0,-13.0
40.4305,-86.9085,0,66736,179,lte,563,3,-128.0,2.6457513110645907,-129.0,-128.8,-128.5,-128.0,-126.0,-124.8,-124.0,-20.0,0.5773502691896258,-20.0,-20.0,-20.0,-20.0,-19.5,-19.2,-19.0
40.4305,-86.9085,0,66736,227,lte,563,3,-127.0,2.0816659994661326,-130.0,-129.4,-128.5,-127.0,-126.5,-126.2,-126.0,-18.0,0.5773502691896258,-19.0,-18.8,-18.5,-18.0,-18.0,-18.0,-18.0
40.4305,-86.9085,0,66736,232,lte,563,8,-126.0,3.50255009141299,-129.0,-127.6,-126.25,-126.0,-120.75,-120.0,-120.0,-18.0,1.8322507626258087,-19.0,-18.3,-18.0,-18.0,-17.0,-15.8,-13.0
40.4305,-86.9085,0,66736,282,lte,563,4,-122.5,2.3804761428476167,-125.0,-124.7,-124.25,-122.5,-120.75,-120.3,-120.0,-16.5,1.2909944487358056,-18.0,-17.7,-17.25,-16.5,-15.75,-15.3,-15.0
40.4305,-86.9085,0,66736,448,lte,563,8,-123.0,2.9001231500945415,-126.0,-124.6,-124.0,-123.0,-120.25,-118.0,-118.0,-15.5,0.8864052604279183,-16.0,-16.0,-16.0,-15.5,-14.75,-14.0,-14.0
40.4305,-86.9085,0,67011,1,lte,563,44,-118.0,1.3830367665663912,-121.0,-119.0,-119.0,-118.0,-117.0,-116.0,-114.0,-14.0,1.11779759293612,-16.0,-15.0,-14.25,-14.0,-13.0,-12.0,-12.0
40.4305,-86.9085,0,67011,58,lte,563,43,-123.0,1.0762718145645807,-125.0,-124.0,-123.0,-123.0,-122.0,-121.19999999999999,-120.0,-18.0,1.4290143278003529,-22.0,-20.0,-19.0,-18.0,-17.0,-17.0,-16.0
40.4305,-86.9085,0,67011,81,lte,563,43,-119.0,2.207156386258069,-125.0,-122.0,-121.0,-119.0,-118.0,-117.0,-116.0,-18.0,1.2389042420341587,-21.0,-19.0,-18.0,-18.0,-17.0,-16.0,-16.0
40.4305,-86.9085,0,67011,119,lte,563,42,-123.5,1.485704234755603,-127.0,-125.0,-124.0,-123.5,-123.0,-122.0,-121.0,-19.0,1.0373400272677675,-22.0,-20.9,-20.0,-19.0,-19.0,-18.0,-17.0
40.4305,-86.9085,0,67011,329,lte,563,11,-125.0,3.8043037829184025,-136.0,-127.0,-126.0,-125.0,-123.0,-123.0,-122.0,-19.0,2.9939332597164494,-29.0,-20.0,-20.0,-19.0,-19.0,-19.0,-18.0
40.4305,-86.9085,0,67011,396,lte,563,10,-123.0,1.7126976771553504,-125.0,-124.1,-123.75,-123.0,-122.0,-120.8,-119.0,-20.5,1.1737877907772671,-22.0,-22.0,-21.0,-20.5,-19.25,-19.0,-19.0
40.4305,-86.9085,0,125290,137,sub6,563,11,-112.0,5.575922263707509,-126.0,-120.0,-114.0,-112.0,-109.5,-108.0,-107.0,-19.0,3.9588795476406284,-29.0,-26.0,-21.5,-19.0,-18.0,-17.0,-16.0
40.4305,-86.9085,0,125290,333,sub6,563,38,-105.0,3.020555467837273,-115.0,-110.0,-106.0,-105.0,-104.0,-103.0,-100.0,-16.0,2.178388614527553,-24.0,-20.3,-17.0,-16.0,-15.0,-15.0,-15.0
40.4305,-86.9085,0,125290,385,sub6,563,47,-102.0,1.6980698625481692,-106.0,-105.0,-103.0,-102.0,-101.0,-100.6,-99.0,-13.0,0.7766242565698629,-16.0,-14.399999999999999,-14.0,-13.0,-13.0,-13.0,-12.0
40.4305,-86.9085,0,125290,485,sub6,563,1,-106.0,nan,-106.0,-106.0,-106.0,-106.0,-106.0,-106.0,-106.0,-17.0,nan,-17.0,-17.0,-17.0,-17.0,-17.0,-17.0,-17.0
40.4305,-86.9085,0,125290,697,sub6,563,47,-106.0,3.259938195699112,-114.0,-110.4,-107.0,-106.0,-103.0,-102.0,-101.0,-17.0,1.870705071706895,-22.0,-19.0,-18.0,-17.0,-16.0,-15.0,-14.0
40.4305,-86.908,0,1001,16,lte,324,20,-119.0,2.2478059477960652,-124.0,-123.1,-122.0,-119.0,-118.0,-117.9,-117.0,-17.5,1.5517392618742702,-21.0,-20.0,-19.0,-17.5,-17.0,-16.0,-15.0
40.4305,-86.908,0,1001,99,lte,324,20,-116.0,2.3841582427170787,-120.0,-119.0,-118.0,-116.0,-114.0,-113.0,-112.0,-17.0,1.446411166701189,-20.0,-20.0,-19.0,-17.0,-17.0,-16.0,-16.0
40.4305,-86.908,0,1001,174,lte,324,5,-122.0,1.51657508881031,-123.0,-122.6,-122.0,-122.0,-121.0,-119.8,-119.0,-22.0,1.140175425099138,-23.0,-22.6,-22.0,-22.0,-21.0,-20.4,-20.0
40.4305,-86.908,0,1001,298,lte,324,20,-116.5,2.2682012349227887,-120.0,-119.0,-118.0,-116.5,-114.75,-113.0,-112.0,-13.5,1.4244112357114618,-17.0,-16.0,-15.0,-13.5,-13.0,-12.0,-12.0
40.4305,-86.908,0,1001,374,lte,324,20,-121.0,1.4832396974191324,-123.0,-122.1,-122.0,-121.0,-119.75,-119.0,-118.0,-19.0,0.8255779474818964,-20.0,-20.0,-20.0,-19.0,-18.0,-18.0,-18.0
40.4305,-86.908,0,1001,443,lte,324,1,-123.0,nan,-123.0,-123.0,-123.0,-123.0,-123.0,-123.0,-123.0,-21.0,nan,-21.0,-21.0,-21.0,-21.0,-21.0,-21.0,-21.0
40.4305,-86.908,0,2100,324,lte,324,2,-125.0,0.0,-125.0,-125.0,-125.0,-125.0,-125.0,-125.0,-125.0,-20.5,0.7071067811865476,-21.0,-20.9,-20.75,-20.5,-20.25,-20.1,-20.0
40.4305,-86.908,0,2100,325,lte,324,2,-125.0,0.0,-125.0,-125.0,-125.0,-125.0,-125.0,-125.0,-125.0,-21.0,1.4142135623730951,-22.0,-21.8,-21.5,-21.0,-20.5,-20.2,-20.0
40.4305,-86.908,0,2350,313,lte,324,1,-130.0,nan,-130.0,-130.0,-130.0,-130.0,-130.0,-130.0,-130.0,-21.0,nan,-21.0,-21.0,-21.0,-21.0,-21.0,-21.0,-21.0
40.4305,-86.908,0,2350,324,lte,324,2,-121.0,1.4142135623730951,-122.0,-121.8,-121.5,-121.0,-120.5,-120.2,-120.0,-16.5,0.7071067811865476,-17.0,-16.9,-16.75,-16.5,-16.25,-16.1,-16.0
40.4305,-86.908,0,2350,325,lte,324,2,-120.5,0.7071067811865476,-121.0,-120.9,-120.75,-120.5,-120.25,-120.1,-120.0,-16.0,0.0,-16.0,-16.0,-16.0,-16.0,-16.0,-16.0,-16.0
40.4305,-86.908,0,2350,341,lte,324,2,-125.0,0.0,-125.0,-125.0,-125.0,-125.0,-125.0,-125.0,-125.0,-19.5,0.7071067811865476,-20.0,-19.9,-19.75,-19.5,-19.25,-19.1,-19.0
40.4305,-86.908,0,5035,34,lte,324,2,-108.0,0.0,-108.0,-108.0,-108.0,-108.0,-108.0,-108.0,-108.0,-13.0,0.0,-13.0,-13.0,-13.0,-13.0,-13.0,-13.0,-13.0
40.4305,-86.908,0,5035,326,lte,324,1,-113.0,nan,-113.0,-113.0,-113.0,-113.0,-113.0,-113.0,-113.0,-17.0,nan,-17.0,-17.0,-17.0,-17.0,-17.0,-17.0,-17.0
40.4305,-86.908,0,5035,429,lte,324,1,-111.0,nan,-111.0,-111.0,-111.0,-111.0,-111.0,-111.0,-111.0,-16.0,nan,-16.0,-16.0,-16.0,-16.0,-16.0,-16.0,-16.0
40.4305,-86.908,0,5035,460,lte,324,2,-112.0,0.0,-112.0,-112.0,-112.0,-112.0,-112.0,-112.0,-112.0,-17.0,0.0,-17.0,-17.0,-17.0,-17.0,-17.0,-17.0,-17.0
40.4305,-86.908,0,66736,227,lte,324,1,-131.0,nan,-131.0,-131.0,-131.0,-131.0,-131.0,-131.0,-131.0,-19.0,nan,-19.0,-19.0,-19.0,-19.0,-19.0,-19.0,-19.0
40.4305,-86.908,0,66736,232,lte,324,2,-128.5,0.7071067811865476,-129.0,-128.9,-128.75,-128.5,-128.25,-128.1,-128.0,-17.5,0.7071067811865476,-18.0,-17.9,-17.75,-17.5,-17.25,-17.1,-17.0
40.4305,-86.908,0,66736,282,lte,324,2,-126.0,0.0,-126.0,-126.0,-126.0,-126.0,-126.0,-126.0,-126.0,-15.0,0.0,-15.0,-15.0,-15.0,-15.0,-15.0,-15.0,-15.0
40.4305,-86.908,0,66736,448,lte,324,3,-125.0,0.5773502691896257,-125.0,-125.0,-125.0,-125.0,-124.5,-124.2,-124.0,-16.0,0.5773502691896257,-16.0,-16.0,-16.0,-16.0,-15.5,-15.2,-15.0
40.4305,-86.908,0,67011,1,lte,324,31,-117.0,2.5255681783820276,-121.0,-120.0,-118.0,-117.0,-115.0,-112.0,-111.0,-13.0,1.740102580093286,-17.0,-15.0,-14.0,-13.0,-11.5,-10.0,-10.0
40.4305,-86.908,0,67011,58,lte,324,16,-120.5,2.1447610589527217,-124.0,-123.0,-123.0,-120.5,-119.0,-118.5,-118.0,-17.0,1.1528949070347507,-20.0,-19.0,-18.0,-17.0,-17.0,-16.0,-16.0
40.4305,-86.908,0,67011,81,lte,324,31,-118.0,2.060900732193811,-121.0,-121.0,-120.0,-118.0,-116.0,-116.0,-115.0,-17.0,0.9560222249632357,-19.0,-18.0,-18.0,-17.0,-16.5,-16.0,-15.0
40.4305,-86.908,0,67011,119,lte,324,5,-123.0,1.140175425099138,-125.0,-124.6,-124.0,-123.0,-123.0,-122.4,-122.0,-19.0,0.8366600265340756,-20.0,-20.0,-20.0,-19.0,-19.0,-18.4,-18.0
40.4305,-86.908,0,67011,396,lte,324,9,-123.0,1.6583123951777,-126.0,-126.0,-125.0,-123.0,-122.0,-122.0,-122.0,-22.0,0.9718253158075499,-23.0,-23.0,-22.0,-22.0,-21.0,-20.8,-20.0
40.4305,-86.908,0,125290,137,sub6,324,8,-111.5,3.370036032024414,-117.0,-114.9,-112.5,-111.5,-109.25,-107.0,-107.0,-22.0,3.1622776601683795,-26.0,-24.6,-23.25,-22.0,-20.0,-17.0,-17.0
40.4305,-86.908,0,125290,333,sub6,324,37,-104.0,2.5550985359724456,-108.0,-107.0,-106.0,-104.0,-102.0,-100.0,-99.0,-16.0,1.3025731060852968,-19.0,-18.0,-18.0,-16.0,-16.0,-15.0,-14.0
40.4305,-86.908,0,125290,385,sub6,324,37,-102.0,1.7320508075688772,-105.0,-104.0,-103.0,-102.0,-101.0,-99.6,-98.0,-15.0,0.6518626580230877,-16.0,-15.4,-15.0,-15.0,-14.0,-14.0,-14.0
40.4305,-86.908,0,125290,485,sub6,324,2,-108.0,0.0,-108.0,-108.0,-108.0,-108.0,-108.0,-108.0,-108.0,-16.0,1.4142135623730951,-17.0,-16.8,-16.5,-16.0,-15.5,-15.2,-15.0
40.4305,-86.908,0,125290,697,sub6,324,37,-101.0,1.7958912064001054,-106.0,-104.0,-103.0,-101.0,-100.0,-100.0,-99.0,-15.0,1.2357293502329008,-18.0,-16.0,-16.0,-15.0,-14.0,-13.0,-13.0
40.4305,-86.9075,0,1001,16,lte,351,18,-116.0,1.6449566416599486,-119.0,-117.6,-117.0,-116.0,-115.0,-114.0,-113.0,-16.0,1.957055277573202,-20.0,-19.0,-17.75,-16.0,-15.0,-14.0,-13.0
40.4305,-86.9075,0,1001,17,lte,351,9,-120.0,1.8027756377319946,-122.0,-122.0,-121.0,-120.0,-118.0,-117.8,-117.0,-20.0,0.7071067811865476,-21.0,-21.0,-20.0,-20.0,-20.0,-19.0,-19.0
40.4305,-86.9075,0,1001,99,lte,351,18,-114.0,2.0364328674251486,-118.0,-117.3,-115.75,-114.0,-114.0,-111.7,-111.0,-19.0,1.2113299556429322,-21.0,-20.3,-20.0,-19.0,-18.0,-17.7,-17.0
40.4305,-86.9075,0,1001,174,lte,351,7,-120.0,2.138089935299395,-123.0,-121.8,-121.0,-120.0,-118.0,-117.6,-117.0,-21.0,1.1126972805283735,-22.0,-22.0,-21.5,-21.0,-20.0,-19.6,-19.0
40.4305,-86.9075,0,1001,298,lte,351,18,-113.0,2.354941959791563,-118.0,-117.0,-115.5,-113.0,-112.0,-111.0,-110.0,-14.5,1.7225911474978353,-17.0,-16.3,-16.0,-14.5,-13.25,-12.7,-11.0
40.4305,-86.9075,0,1001,374,lte,351,2,-115.5,0.7071067811865476,-116.0,-115.9,-115.75,-115.5,-115.25,-115.1,-115.0,-17.0,1.4142135623730951,-18.0,-17.8,-17.5,-17.0,-16.5,-16.2,-16.0
40.4305,-86.9075,0,2100,309,lte,351,3,-124.0,1.5275252316519468,-126.0,-125.6,-125.0,-124.0,-123.5,-123.2,-123.0,-19.0,1.0,-20.0,-19.8,-19.5,-19.0,-18.5,-18.2,-18.0
40.4305,-86.9075,0,2100,313,lte,351,3,-123.0,2.8867513459481287,-128.0,-127.0,-125.5,-123.0,-123.0,-123.0,-123.0,-18.0,1.1547005383792515,-20.0,-19.6,-19.0,-18.0,-18.0,-18.0,-18.0
40.4305,-86.9075,0,2100,324,lte,351,2,-122.0,0.0,-122.0,-122.0,-122.0,-122.0,-122.0,-122.0,-122.0,-17.5,0.7071067811865476,-18.0,-17.9,-17.75,-17.5,-17.25,-17.1,-17.0
40.4305,-86.9075,0,2100,325,lte,351,3,-119.0,1.0,-120.0,-119.8,-119.5,-119.0,-118.5,-118.2,-118.0,-14.0,1.0,-15.0,-14.8,-14.5,-14.0,-13.5,-13.2,-13.0
40.4305,-86.9075,0,2350,309,lte,351,2,-124.0,5.656854249492381,-128.0,-127.2,-126.0,-124.0,-122.0,-120.8,-120.0,-19.0,1.4142135623730951,-20.0,-19.8,-19.5,-19.0,-18.5,-18.2,-18.0
40.4305,-86.9075,0,2350,324,lte,351,2,-123.0,2.8284271247461903,-125.0,-124.6,-124.0,-123.0,-122.0,-121.4,-121.0,-18.0,1.4142135623730951,-19.0,-18.8,-18.5,-18.0,-17.5,-17.2,-17.0
40.4305,-86.9075,0,2350,325,lte,351,2,-118.5,6.363961030678928,-123.0,-122.1,-120.75,-118.5,-116.25,-114.9,-114.0,-15.0,1.4142135623730951,-16.0,-15.8,-15.5,-15.0,-14.5,-14.2,-14.0
40.4305,-86.9075,0,2350,341,lte,351,1,-119.0,nan,-119.0,-119.0,-119.0,-119.0,-119.0,-119.0,-119.0,-19.0,nan,-19.0,-19.0,-19.0,-19.0,-19.0,-19.0,-19.0
40.4305,-86.9075,0,66736,227,lte,351,2,-128.0,0.0,-128.0,-128.0,-128.0,-128.0,-128.0,-128.0,-128.0,-19.5,2.1213203435596424,-21.0,-20.7,-20.25,-19.5,-18.75,-18.3,-18.0
40.4305,-86.9075,0,66736,232,lte,351,3,-124.0,0.5773502691896257,-124.0,-124.0,-124.0,-124.0,-123.5,-123.2,-123.0,-18.0,1.7320508075688772,-18.0,-18.0,-18.0,-18.0,-16.5,-15.6,-15.0
40.4305,-86.9075,0,66736,282,lte,351,3,-119.0,3.055050463303893,-123.0,-122.2,-121.0,-119.0,-118.0,-117.4,-117.0,-12.0,2.0816659994661326,-15.0,-14.4,-13.5,-12.0,-11.5,-11.2,-11.0
40.4305,-86.9075,0,66736,448,lte,351,3,-121.0,1.1547005383792517,-123.0,-122.6,-122.0,-121.0,-121.0,-121.0,-121.0,-15.0,0.5773502691896257,-15.0,-15.0,-15.0,-15.0,-14.5,-14.2,-14.0
40.4305,-86.9075,0,67011,1,lte,351,28,-114.5,2.114137346431569,-120.0,-118.0,-116.0,-114.5,-114.0,-112.7,-111.0,-13.0,1.6852142563920738,-17.0,-15.0,-14.0,-13.0,-12.0,-11.0,-9.0
40.4305,-86.9075,0,67011,58,lte,351,28,-118.0,1.7213259316477407,-122.0,-119.6,-119.0,-118.0,-117.0,-116.0,-115.0,-16.5,1.53055303488399,-18.0,-18.0,-18.0,-16.5,-15.0,-14.0,-13.0
40.4305,-86.9075,0,67011,81,lte,351,28,-116.5,2.266328172671246,-121.0,-120.3,-118.0,-116.5,-115.0,-114.0,-113.0,-17.0,1.051579814289008,-19.0,-18.3,-17.25,-17.0,-16.0,-16.0,-15.0
40.4305,-86.9075,0,67011,119,lte,351,21,-121.0,2.321739905862883,-125.0,-124.0,-122.0,-121.0,-119.0,-119.0,-116.0,-19.0,1.0442586798663398,-21.0,-20.0,-20.0,-19.0,-19.0,-18.0,-17.0
40.4305,-86.9075,0,67011,329,lte,351,8,-121.0,1.6035674514745464,-124.0,-123.3,-123.0,-121.0,-120.0,-120.0,-120.0,-21.0,0.6408699444616557,-22.0,-22.0,-21.25,-21.0,-21.0,-20.7,-20.0
40.4305,-86.9075,0,67011,396,lte,351,8,-121.5,1.1877349391654208,-124.0,-122.6,-122.0,-121.5,-121.0,-120.7,-120.0,-21.0,0.3535533905932738,-21.0,-21.0,-21.0,-21.0,-21.0,-20.7,-20.0
40.4305,-86.9075,0,67011,450,lte,351,13,-124.0,0.8987170342729173,-125.0,-125.0,-125.0,-124.0,-124.0,-123.2,-122.0,-21.0,0.8548504142651102,-23.0,-22.0,-22.0,-21.0,-21.0,-20.2,-20.0
40.4305,-86.9075,0,125290,59,sub6,351,4,-101.0,0.5,-101.0,-101.0,-101.0,-101.0,-100.75,-100.3,-100.0,-17.0,1.1547005383792515,-18.0,-18.0,-18.0,-17.0,-16.0,-16.0,-16.0
40.4305,-86.9075,0,125290,137,sub6,351,7,-108.0,6.524678426668135,-121.0,-115.6,-110.5,-108.0,-104.5,-102.0,-102.0,-21.0,3.8047589248453675,-29.0,-26.0,-23.0,-21.0,-19.5,-18.0,-18.0
40.4305,-86.9075,0,125290,333,sub6,351,31,-100.0,3.2541123692687624,-108.0,-105.0,-102.0,-100.0,-98.0,-97.0,-96.0,-16.0,1.6519782861964367,-20.0,-18.0,-17.0,-16.0,-15.0,-14.0,-13.0
40.4305,-86.9075,0,125290,385,sub6,351,37,-100.0,1.6476391336438676,-102.0,-102.0,-101.0,-100.0,-99.0,-97.6,-96.0,-15.0,1.2460146678721533,-18.0,-17.0,-16.0,-15.0,-14.0,-14.0,-13.0
40.4305,-86.9075,0,125290,697,sub6,351,37,-99.0,1.745865987997947,-105.0,-101.4,-100.0,-99.0,-98.0,-98.0,-96.0,-14.0,1.272249432547965,-19.0,-16.0,-15.0,-14.0,-14.0,-14.0,-13.0
40.4305,-86.907,0,1001,16,lte,368,21,-118.0,3.2848860239704187,-122.0,-121.0,-119.0,-118.0,-115.0,-112.0,-111.0,-15.0,2.0609752661347125,-17.0,-17.0,-16.0,-15.0,-14.0,-12.0,-10.0
40.4305,-86.907,0,1001,99,lte,368,21,-118.0,2.4698178070456938,-120.0,-119.0,-118.0,-118.0,-117.0,-112.0,-112.0,-19.0,1.164964745021435,-21.0,-20.0,-19.0,-19.0,-18.0,-17.0,-17.0
40.4305,-86.907,0,1001,298,lte,368,21,-116.0,2.578297703450679,-121.0,-120.0,-118.0,-116.0,-115.0,-114.0,-111.0,-14.0,1.6575943555704598,-19.0,-17.0,-15.0,-14.0,-14.0,-13.0,-12.0
40.4305,-86.907,0,1001,374,lte,368,20,-121.0,2.4836306192007664,-126.0,-124.0,-123.0,-121.0,-120.0,-117.9,-116.0,-19.0,1.005249379900069,-21.0,-20.1,-20.0,-19.0,-19.0,-18.0,-17.0
40.4305,-86.907,0,2100,309,lte,368,1,-127.0,nan,-127.0,-127.0,-127.0,-127.0,-127.0,-127.0,-127.0,-19.0,nan,-19.0,-19.0,-19.0,-19.0,-19.0,-19.0,-19.0
40.4305,-86.907,0,2100,313,lte,368,1,-128.0,nan,-128.0,-128.0,-128.0,-128.0,-128.0,-128.0,-128.0,-20.0,nan,-20.0,-20.0,-20.0,-20.0,-20.0,-20.0,-20.0
40.4305,-86.907,0,2100,325,lte,368,2,-119.5,0.7071067811865476,-120.0,-119.9,-119.75,-119.5,-119.25,-119.1,-119.0,-14.0,0.0,-14.0,-14.0,-14.0,-14.0,-14.0,-14.0,-14.0
40.4305,-86.907,0,2350,309,lte,368,1,-128.0,nan,-128.0,-128.0,-128.0,-128.0,-128.0,-128.0,-128.0,-18.0,nan,-18.0,-18.0,-18.0,-18.0,-18.0,-18.0,-18.0
40.4305,-86.907,0,2350,325,lte,368,2,-123.5,0.7071067811865476,-124.0,-123.9,-123.75,-123.5,-123.25,-123.1,-123.0,-17.5,0.7071067811865476,-18.0,-17.9,-17.75,-17.5,-17.25,-17.1,-17.0
40.4305,-86.907,0,5035,34,lte,368,4,-107.0,0.5,-108.0,-107.7,-107.25,-107.0,-107.0,-107.0,-107.0,-14.0,1.1547005383792515,-15.0,-15.0,-15.0,-14.0,-13.0,-13.0,-13.0
40.4305,-86.907,0,5035,326,lte,368,3,-112.0,1.1547005383792517,-114.0,-113.6,-113.0,-112.0,-112.0,-112.0,-112.0,-19.0,0.5773502691896258,-19.0,-19.0,-19.0,-19.0,-18.5,-18.2,-18.0
40.4305,-86.907,0,5035,429,lte,368,4,-110.5,0.9574271077563381,-112.0,-111.7,-111.25,-110.5,-110.0,-110.0,-110.0,-17.5,0.5773502691896257,-18.0,-18.0,-18.0,-17.5,-17.0,-17.0,-17.0
40.4305,-86.907,0,5035,460,lte,368,4,-109.5,3.8622100754188224,-113.0,-112.7,-112.25,-109.5,-106.5,-105.6,-105.0,-16.0,4.425306015783918,-21.0,-20.4,-19.5,-16.0,-12.75,-12.3,-12.0
40.4305,-86.907,0,66736,232,lte,368,5,-127.0,2.4083189157584592,-128.0,-127.6,-127.0,-127.0,-123.0,-123.0,-123.0,-17.0,1.3416407864998738,-18.0,-17.6,-17.0,-17.0,-15.0,-15.0,-15.0
40.4305,-86.907,0,66736,282,lte,368,2,-122.5,0.7071067811865476,-123.0,-122.9,-122.75,-122.5,-122.25,-122.1,-122.0,-14.5,0.7071067811865476,-15.0,-14.9,-14.75,-14.5,-14.25,-14.1,-14.0
40.4305,-86.907,0,66736,448,lte,368,4,-123.0,0.816496580927726,-124.0,-123.7,-123.25,-123.0,-122.75,-122.3,-122.0,-14.0,1.5,-15.0,-15.0,-15.0,-14.0,-12.75,-12.3,-12.0
40.4305,-86.907,0,67011,1,lte,368,28,-119.5,2.998015216454921,-124.0,-122.3,-121.0,-119.5,-118.0,-115.7,-111.0,-13.5,1.5969547740197747,-17.0,-16.0,-15.0,-13.5,-12.0,-12.0,-11.0
40.4305,-86.907,0,67011,58,lte,368,28,-122.0,4.049952641959706,-125.0,-124.0,-123.0,-122.0,-120.0,-113.8,-110.0,-15.5,1.9823960703891093,-18.0,-17.0,-16.25,-15.5,-14.75,-12.0,-10.0
40.4305,-86.907,0,67011,81,lte,368,28,-120.5,3.35390477632822,-123.0,-122.0,-121.0,-120.5,-120.0,-112.7,-111.0,-17.0,0.9315175080076956,-19.0,-18.0,-17.0,-17.0,-16.0,-16.0,-15.0
40.4305,-86.907,0,67011,119,lte,368,28,-126.0,2.6666666666666665,-128.0,-128.0,-126.25,-126.0,-124.0,-120.0,-119.0,-19.0,0.9833266074561479,-21.0,-21.0,-20.0,-19.0,-19.0,-18.0,-18.0
40.4305,-86.907,0,67011,450,lte,368,7,-126.0,1.889822365046136,-129.0,-129.0,-128.5,-126.0,-125.0,-125.0,-125.0,-22.0,1.1126972805283735,-24.0,-23.4,-23.0,-22.0,-21.5,-21.0,-21.0
40.4305,-86.907,0,125290,333,sub6,368,43,-104.0,1.08498255927519,-107.0,-105.8,-105.0,-104.0,-103.5,-103.0,-102.0,-16.0,1.8302853955092344,-20.0,-19.0,-18.0,-16.0,-15.0,-15.0,-14.0
40.4305,-86.907,0,125290,385,sub6,368,43,-103.0,1.5469757586288033,-106.0,-105.0,-104.0,-103.0,-102.0,-101.0,-100.0,-15.0,0.7624928516630232,-16.0,-16.0,-16.0,-15.0,-15.0,-14.0,-14.0
40.4305,-86.907,0,125290,697,sub6,368,43,-101.0,1.8435485066429669,-107.0,-103.8,-103.0,-101.0,-100.0,-100.0,-98.0,-14.0,1.1537410861667325,-19.0,-15.0,-14.0,-14.0,-13.0,-13.0,-12.0
40.4305,-86.907,0,125290,867,sub6,368,4,-120.0,3.3166247903554,-123.0,-122.1,-120.75,-120.0,-118.75,-116.5,-115.0,-27.0,2.516611478423583,-29.0,-28.4,-27.5,-27.0,-26.0,-24.2,-23.0
40.4305,-86.9065,0,1001,16,lte,275,16,-114.5,2.792848008753788,-119.0,-116.5,-115.0,-114.5,-111.75,-110.5,-108.0,-15.0,1.6278820596099706,-17.0,-16.0,-16.0,-15.0,-14.0,-12.5,-11.0
40.4305,-86.9065,0,1001,99,lte,275,16,-113.5,1.579820664927932,-116.0,-115.0,-114.0,-113.5,-113.0,-111.0,-110.0,-18.0,0.806225774829855,-19.0,-19.0,-18.0,-18.0,-17.75,-17.0,-16.0
40.4305,-86.9065,0,1001,298,lte,275,16,-115.0,1.8073922282301278,-117.0,-117.0,-116.0,-115.0,-114.0,-113.0,-110.0,-16.0,1.2893796958227628,-18.0,-17.5,-17.0,-16.0,-15.75,-14.0,-14.0
40.4305,-86.9065,0,1001,374,lte,275,16,-117.0,1.707825127659933,-119.0,-119.0,-118.0,-117.0,-116.0,-115.0,-113.0,-19.0,1.02469507659596,-20.0,-19.0,-19.0,-19.0,-18.0,-17.0,-16.0
40.4305,-86.9065,0,67011,1,lte,275,17,-114.0,2.5480673183461087,-117.0,-116.4,-115.0,-114.0,-112.0,-109.6,-109.0,-14.0,2.001837391292427,-18.0,-17.0,-16.0,-14.0,-13.0,-12.0,-11.0
40.4305,-86.9065,0,67011,58,lte,275,20,-115.0,2.0072237962970276,-120.0,-117.0,-116.0,-115.0,-114.0,-113.0,-110.0,-16.0,1.719853114903161,-18.0,-17.0,-16.25,-16.0,-14.0,-13.0,-11.0
40.4305,-86.9065,0,67011,81,lte,275,20,-113.0,1.429022485182754,-116.0,-114.1,-113.0,-113.0,-112.0,-110.9,-110.0,-16.0,0.5712405705774795,-17.0,-16.0,-16.0,-16.0,-15.0,-15.0,-15.0
40.4305,-86.9065,0,67011,119,lte,275,16,-118.0,1.682012683265696,-120.0,-120.0,-119.0,-118.0,-116.75,-115.5,-115.0,-19.0,1.0307764064044151,-20.0,-20.0,-19.0,-19.0,-18.0,-17.0,-17.0
40.4305,-86.9065,0,67011,396,lte,275,1,-122.0,nan,-122.0,-122.0,-122.0,-122.0,-122.0,-122.0,-122.0,-22.0,nan,-22.0,-22.0,-22.0,-22.0,-22.0,-22.0,-22.0
40.4305,-86.9065,0,125290,137,sub6,275,6,-112.0,6.801960501698511,-122.0,-121.5,-118.75,-112.0,-108.25,-106.5,-106.0,-21.0,4.2895221179054435,-27.0,-27.0,-26.0,-21.0,-18.25,-18.0,-18.0
40.4305,-86.9065,0,125290,333,sub6,275,41,-103.0,2.434257536929395,-109.0,-105.0,-104.0,-103.0,-100.0,-100.0,-100.0,-16.0,1.564468272484219,-20.0,-19.0,-16.0,-16.0,-15.0,-15.0,-14.0
40.4305,-86.9065,0,125290,385,sub6,275,43,-103.0,1.7852601858944752,-105.0,-105.0,-104.0,-103.0,-101.0,-100.19999999999999,-99.0,-16.0,0.9988919664187202,-18.0,-17.0,-17.0,-16.0,-15.0,-15.0,-14.0
40.4305,-86.9065,0,125290,485,sub6,275,4,-103.5,0.9574271077563381,-104.0,-104.0,-104.0,-103.5,-102.75,-102.3,-102.0,-16.5,0.9574271077563381,-17.0,-17.0,-17.0,-16.5,-15.75,-15.3,-15.0
40.4305,-86.9065,0,125290,697,sub6,275,43,-100.0,2.2978636136972814,-103.0,-102.0,-101.0,-100.0,-99.0,-96.0,-95.0,-14.0,0.5990024930757499,-15.0,-14.0,-14.0,-14.0,-13.0,-13.0,-12.0
40.4305,-86.906,0,1001,16,lte,598,28,-116.5,1.8842145711846487,-120.0,-118.0,-117.0,-116.5,-114.75,-114.0,-111.0,-17.0,1.6883510003933129,-20.0,-19.0,-18.0,-17.0,-15.75,-15.0,-14.0
40.4305,-86.906,0,1001,99,lte,598,30,-115.0,1.7888543819998326,-120.0,-119.0,-116.0,-115.0,-115.0,-114.0,-113.0,-17.5,1.8134237638032746,-20.0,-19.0,-19.0,-17.5,-16.0,-15.0,-14.0
40.4305,-86.906,0,1001,298,lte,598,25,-118.0,2.565800719723442,-123.0,-121.0,-120.0,-118.0,-116.0,-115.0,-114.0,-17.0,1.7107503227141792,-21.0,-20.0,-18.0,-17.0,-17.0,-15.399999999999999,-14.0
40.4305,-86.906,0,1001,374,lte,598,23,-119.0,2.184204886942224,-122.0,-120.0,-120.0,-119.0,-116.0,-115.2,-114.0,-17.0,1.6212521389419086,-20.0,-19.0,-18.0,-17.0,-16.0,-15.2,-14.0
40.4305,-86.906,0,1001,449,lte,598,8,-120.5,1.6690459207925603,-122.0,-122.0,-121.25,-120.5,-119.75,-118.4,-117.0,-19.5,0.5345224838248488,-20.0,-20.0,-20.0,-19.5,-19.0,-19.0,-19.0
40.4305,-86.906,0,5035,34,lte,598,1,-103.0,nan,-103.0,-103.0,-103.0,-103.0,-103.0,-103.0,-103.0,-14.0,nan,-14.0,-14.0,-14.0,-14.0,-14.0,-14.0,-14.0
40.4305,-86.906,0,5035,326,lte,598,1,-108.0,nan,-108.0,-108.0,-108.0,-108.0,-108.0,-108.0,-108.0,-16.0,nan,-16.0,-16.0,-16.0,-16.0,-16.0,-16.0,-16.0
40.4305,-86.906,0,5035,429,lte,598,1,-105.0,nan,-105.0,-105.0,-105.0,-105.0,-105.0,-105.0,-105.0,-15.0,nan,-15.0,-15.0,-15.0,-15.0,-15.0,-15.0,-15.0
40.4305,-86.906,0,66736,232,lte,598,1,-117.0,nan,-117.0,-117.0,-117.0,-117.0,-117.0,-117.0,-117.0,-16.0,nan,-16.0,-16.0,-16.0,-16.0,-16.0,-16.0,-16.0
40.4305,-86.906,0,66736,282,lte,598,1,-119.0,nan,-119.0,-119.0,-119.0,-119.0,-119.0,-119.0,-119.0,-18.0,nan,-18.0,-18.0,-18.0,-18.0,-18.0,-18.0,-18.0
40.4305,-86.906,0,66736,448,lte,598,1,-119.0,nan,-119.0,-119.0,-119.0,-119.0,-119.0,-119.0,-119.0,-20.0,nan,-20.0,-20.0,-20.0,-20.0,-20.0,-20.0,-20.0
40.4305,-86.906,0,67011,1,lte,598,18,-117.0,2.0738017250381584,-121.0,-119.6,-119.0,-117.0,-116.0,-115.0,-114.0,-17.0,2.0934070175616757,-20.0,-19.0,-19.0,-17.0,-15.0,-14.0,-14.0
40.4305,-86.906,0,67011,58,lte,598,47,-117.0,2.1312181157261354,-121.0,-119.0,-118.0,-117.0,-115.0,-114.0,-113.0,-17.0,2.119466185214633,-21.0,-19.0,-18.0,-17.0,-15.0,-14.0,-12.0
40.4305,-86.906,0,67011,81,lte,598,47,-115.0,1.5268185347685759,-118.0,-117.0,-116.0,-115.0,-114.0,-113.6,-111.0,-16.0,1.2507167232927465,-17.0,-16.0,-16.0,-16.0,-14.0,-13.0,-12.0
40.4305,-86.906,0,67011,119,lte,598,47,-118.0,1.119584302397887,-121.0,-119.0,-118.5,-118.0,-117.0,-117.0,-115.0,-18.0,1.091977303373257,-20.0,-18.4,-18.0,-18.0,-17.0,-16.0,-15.0
40.4305,-86.906,0,67011,210,lte,598,8,-121.5,0.5345224838248488,-122.0,-122.0,-122.0,-121.5,-121.0,-121.0,-121.0,-20.0,0.0,-20.0,-20.0,-20.0,-20.0,-20.0,-20.0,-20.0
40.4305,-86.906,0,67011,329,lte,598,8,-119.0,0.8345229603962802,-120.0,-120.0,-120.0,-119.0,-118.75,-118.0,-118.0,-19.5,0.5345224838248488,-20.0,-20.0,-20.0,-19.5,-19.0,-19.0,-19.0
40.4305,-86.906,0,67011,396,lte,598,27,-121.0,1.3846945213219113,-124.0,-123.0,-121.5,-121.0,-120.0,-120.0,-118.0,-20.0,1.3344012817090598,-23.0,-22.0,-22.0,-20.0,-20.0,-19.0,-18.0
40.4305,-86.906,0,125290,137,sub6,598,39,-111.0,3.3459948463007203,-118.0,-115.2,-113.0,-111.0,-107.5,-106.8,-106.0,-19.0,2.1227512512053615,-24.0,-22.2,-21.0,-19.0,-18.0,-17.0,-15.0
40.4305,-86.906,0,125290,333,sub6,598,74,-105.5,3.602520817209835,-115.0,-110.0,-108.0,-105.5,-104.0,-101.0,-98.0,-17.0,1.7280918291176004,-22.0,-19.7,-17.75,-17.0,-16.0,-15.0,-14.0
40.4305,-86.906,0,125290,385,sub6,598,66,-105.0,3.6090084129774103,-115.0,-109.0,-108.0,-105.0,-102.0,-101.0,-98.0,-17.0,1.7491256557036037,-22.0,-19.0,-18.0,-17.0,-16.0,-15.0,-14.0
40.4305,-86.906,0,125290,485,sub6,598,23,-109.0,3.204492893354159,-117.0,-112.8,-111.0,-109.0,-107.5,-106.0,-102.0,-19.0,2.4243494706273734,-23.0,-22.0,-21.0,-19.0,-17.5,-16.2,-14.0
40.4305,-86.906,0,125290,697,sub6,598,74,-102.0,2.4108311071444057,-106.0,-104.0,-103.0,-102.0,-100.0,-98.3,-96.0,-14.0,0.5241307749346696,-15.0,-14.0,-14.0,-14.0,-14.0,-13.0,-13.0
40.4305,-86.9055,0,125290,137,sub6,287,63,-103.0,4.215398587732391,-115.0,-110.6,-105.5,-103.0,-102.0,-99.0,-96.0,-17.0,2.906989652146292,-24.0,-20.8,-18.0,-17.0,-15.0,-13.0,-12.0
40.4305,-86.9055,0,125290,333,sub6,287,64,-104.0,3.665821060501869,-115.0,-110.7,-106.25,-104.0,-103.0,-101.0,-99.0,-17.0,2.427878344144997,-24.0,-21.7,-18.25,-17.0,-16.0,-15.0,-14.0
40.4305,-86.9055,0,125290,385,sub6,287,62,-104.0,2.897691416857471,-114.0,-109.9,-106.0,-104.0,-104.0,-103.0,-101.0,-17.0,1.9635089840403566,-23.0,-20.0,-18.0,-17.0,-16.0,-15.0,-15.0
40.4305,-86.9055,0,125290,485,sub6,287,30,-104.5,2.9093586606143895,-110.0,-108.1,-108.0,-104.5,-103.0,-102.0,-99.0,-17.5,2.230664042155501,-21.0,-20.0,-19.0,-17.5,-16.0,-14.0,-14.0
40.4305,-86.9055,0,125290,697,sub6,287,68,-101.0,1.426191106098693,-104.0,-103.0,-102.0,-101.0,-100.0,-99.0,-98.0,-14.0,1.1316928511721742,-18.0,-15.3,-15.0,-14.0,-14.0,-13.0,-13.0
40.431,-86.914,0,125290,385,sub6,12,6,-98.0,0.7527726527090811,-99.0,-98.5,-98.0,-98.0,-97.25,-97.0,-97.0,-13.0,0.0,-13.0,-13.0,-13.0,-13.0,-13.0,-13.0,-13.0
40.431,-86.914,0,125290,867,sub6,12,6,-99.0,0.7527726527090811,-100.0,-100.0,-99.75,-99.0,-99.0,-98.5,-98.0,-14.0,0.6324555320336759,-15.0,-14.5,-14.0,-14.0,-14.0,-13.5,-13.0
40.431,-86.9135,0,125290,333,sub6,480,16,-102.0,2.676284738214527,-110.0,-104.0,-103.25,-102.0,-101.0,-99.5,-98.0,-18.0,1.8618986725025255,-23.0,-19.5,-19.0,-18.0,-16.75,-16.0,-16.0
40.431,-86.9135,0,125290,385,sub6,480,232,-95.0,3.035685527993535,-100.0,-98.0,-96.0,-95.0,-93.0,-91.0,-85.0,-12.0,0.9478095991675065,-15.0,-13.0,-13.0,-12.0,-11.0,-11.0,-11.0
40.431,-86.9135,0,125290,867,sub6,480,232,-98.0,5.104746963213902,-124.0,-105.0,-101.0,-98.0,-96.0,-93.0,-89.0,-15.0,3.0360543086446232,-30.0,-20.0,-17.0,-15.0,-13.0,-13.0,-12.0
40.431,-86.913,0,125290,333,sub6,26,4,-102.5,1.2909944487358056,-104.0,-103.7,-103.25,-102.5,-101.75,-101.3,-101.0,-17.5,0.9574271077563381,-19.0,-18.7,-18.25,-17.5,-17.0,-17.0,-17.0
40.431,-86.913,0,125290,385,sub6,26,11,-94.0,2.8284271247461903,-96.0,-96.0,-95.0,-94.0,-91.0,-89.0,-88.0,-12.0,0.7006490497453707,-13.0,-13.0,-12.5,-12.0,-12.0,-11.0,-11.0
40.431,-86.913,0,125290,867,sub6,26,11,-100.0,5.293220363652152,-114.0,-107.0,-104.5,-100.0,-98.0,-97.0,-97.0,-16.0,3.585323619221207,-26.0,-20.0,-19.5,-16.0,-15.0,-15.0,-14.0
40.431,-86.9115,0,1001,16,lte,212,7,-117.0,2.2677868380553634,-121.0,-119.2,-117.5,-117.0,-115.5,-114.6,-114.0,-21.0,2.5727509827124,-23.0,-23.0,-22.5,-21.0,-19.0,-17.799999999999997,-16.0
40.431,-86.9115,0,1001,81,lte,212,7,-115.0,2.581988897471611,-119.0,-117.8,-116.5,-115.0,-113.0,-112.0,-112.0,-20.0,1.1338934190276817,-21.0,-20.4,-20.0,-20.0,-18.5,-18.0,-18.0
40.431,-86.9115,0,1001,99,lte,212,7,-113.0,2.449489742783178,-119.0,-116.6,-114.5,-113.0,-112.5,-112.0,-112.0,-18.0,0.8997354108424372,-19.0,-19.0,-18.5,-18.0,-17.0,-17.0,-17.0
40.431,-86.9115,0,1001,298,lte,212,7,-110.0,3.498298906339371,-117.0,-114.6,-112.0,-110.0,-109.0,-107.8,-106.0,-15.0,1.9880595947760098,-17.0,-16.4,-15.5,-15.0,-13.5,-12.2,-11.0
40.431,-86.9115,0,1001,374,lte,212,7,-114.0,2.7342623276105886,-120.0,-119.4,-118.5,-114.0,-114.0,-114.0,-114.0,-20.0,1.6761634196950517,-22.0,-22.0,-21.0,-20.0,-18.5,-18.0,-18.0
40.431,-86.9115,0,67011,1,lte,212,5,-111.0,2.949576240750525,-116.0,-116.0,-116.0,-111.0,-111.0,-110.4,-110.0,-13.0,1.4142135623730951,-15.0,-14.2,-13.0,-13.0,-13.0,-11.8,-11.0
40.431,-86.9115,0,67011,58,lte,212,5,-122.0,2.2803508501982757,-125.0,-124.6,-124.0,-122.0,-120.0,-120.0,-120.0,-20.0,1.4832396974191324,-22.0,-21.2,-20.0,-20.0,-19.0,-18.4,-18.0
40.431,-86.9115,0,67011,81,lte,212,5,-119.0,3.3466401061363023,-123.0,-122.6,-122.0,-119.0,-117.0,-115.8,-115.0,-18.0,0.4472135954999579,-19.0,-18.6,-18.0,-18.0,-18.0,-18.0,-18.0
40.431,-86.9115,0,520110,89,sub6,212,17,-118.0,2.0951624954530237,-123.0,-122.0,-122.0,-118.0,-118.0,-117.6,-117.0,-16.0,1.5024489812224806,-19.0,-18.0,-18.0,-16.0,-15.0,-15.0,-14.0
40.431,-86.9115,0,520110,393,sub6,212,14,-121.0,1.2066664642907567,-122.0,-122.0,-122.0,-121.0,-120.25,-119.0,-119.0,-15.5,0.646206172658864,-16.0,-16.0,-16.0,-15.5,-15.0,-15.0,-14.0
40.431,-86.9115,0,520110,400,sub6,212,31,-106.0,0.8725195256156992,-108.0,-107.0,-107.0,-106.0,-106.0,-105.0,-105.0,-11.0,0.47519096331149135,-11.0,-11.0,-11.0,-11.0,-10.0,-10.0,-10.0
40.431,-86.9115,0,520110,540,sub6,212,31,-111.0,1.9636481300107265,-115.0,-114.0,-113.0,-111.0,-110.0,-109.0,-108.0,-11.0,0.6768046366042656,-13.0,-12.0,-12.0,-11.0,-11.0,-11.0,-11.0
40.431,-86.9115,0,520110,572,sub6,212,11,-116.0,6.121497143079238,-131.0,-127.0,-121.5,-116.0,-114.0,-113.0,-113.0,-17.0,4.020402512639296,-29.0,-25.0,-18.5,-17.0,-17.0,-17.0,-17.0
40.431,-86.9115,0,520110,684,sub6,212,6,-122.0,1.3662601021279464,-123.0,-123.0,-122.75,-122.0,-120.5,-120.0,-120.0,-17.5,1.378404875209022,-19.0,-19.0,-18.75,-17.5,-16.25,-16.0,-16.0
40.431,-86.9115,0,520110,698,sub6,212,15,-121.0,0.9611501047232546,-123.0,-122.0,-122.0,-121.0,-120.5,-120.0,-120.0,-17.0,0.7432233529572067,-18.0,-17.6,-17.0,-17.0,-17.0,-16.0,-15.0
40.431,-86.9115,0,520110,790,sub6,212,31,-107.0,2.3084696788271915,-113.0,-112.0,-109.0,-107.0,-106.0,-105.0,-105.0,-11.0,0.6425754631219993,-12.0,-11.0,-11.0,-11.0,-10.0,-10.0,-10.0
40.431,-86.9115,0,520110,857,sub6,212,6,-126.5,2.449489742783178,-128.0,-128.0,-128.0,-126.5,-125.0,-123.5,-122.0,-21.0,2.16794833886788,-23.0,-22.5,-21.75,-21.0,-19.5,-18.0,-17.0
40.431,-86.911,0,1001,16,lte,262,8,-120.0,2.390457218668787,-124.0,-122.6,-121.25,-120.0,-118.5,-117.0,-117.0,-17.0,2.6049403612586386,-19.0,-18.3,-18.0,-17.0,-15.5,-13.100000000000001,-11.0
40.431,-86.911,0,1001,81,lte,262,2,-125.0,2.8284271247461903,-127.0,-126.6,-126.0,-125.0,-124.0,-123.4,-123.0,-20.0,1.4142135623730951,-21.0,-20.8,-20.5,-20.0,-19.5,-19.2,-19.0
40.431,-86.911,0,1001,99,lte,262,2,-119.0,1.4142135623730951,-120.0,-119.8,-119.5,-119.0,-118.5,-118.2,-118.0,-18.0,0.0,-18.0,-18.0,-18.0,-18.0,-18.0,-18.0,-18.0
40.431,-86.911,0,1001,298,lte,262,8,-117.0,2.850438562747845,-119.0,-119.0,-118.25,-117.0,-114.25,-112.0,-112.0,-13.0,1.2817398889233114,-14.0,-14.0,-14.0,-13.0,-11.75,-11.0,-11.0
40.431,-86.911,0,1001,374,lte,262,4,-120.5,1.707825127659933,-123.0,-122.4,-121.5,-120.5,-119.75,-119.3,-119.0,-18.5,1.707825127659933,-20.0,-19.7,-19.25,-18.5,-17.5,-16.6,-16.0
40.431,-86.911,0,67011,1,lte,262,22,-119.0,1.249242194534775,-120.0,-119.0,-119.0,-119.0,-117.25,-116.1,-116.0,-12.0,0.7101612523427366,-13.0,-12.9,-12.0,-12.0,-12.0,-11.0,-10.0
40.431,-86.911,0,67011,58,lte,262,22,-123.5,1.701158250704323,-127.0,-125.9,-125.0,-123.5,-122.25,-122.0,-120.0,-16.0,1.625020812387534,-20.0,-18.0,-17.75,-16.0,-16.0,-15.0,-13.0
40.431,-86.911,0,67011,81,lte,262,6,-124.0,3.011090610836324,-130.0,-129.0,-127.0,-124.0,-124.0,-123.0,-122.0,-20.0,0.9831920802501751,-21.0,-20.5,-20.0,-20.0,-20.0,-19.0,-18.0
40.431,-86.911,0,67011,119,lte,262,15,-127.0,1.807392228230128,-130.0,-128.0,-128.0,-127.0,-125.0,-124.4,-124.0,-20.0,0.8451542547285166,-21.0,-21.0,-20.5,-20.0,-20.0,-19.0,-18.0
40.431,-86.911,0,520110,89,sub6,262,18,-122.0,0.8498365855987975,-122.0,-122.0,-122.0,-122.0,-121.0,-120.0,-120.0,-18.0,1.1617543641469048,-20.0,-19.0,-19.0,-18.0,-17.0,-16.7,-16.0
40.431,-86.911,0,520110,351,sub6,262,1,-129.0,nan,-129.0,-129.0,-129.0,-129.0,-129.0,-129.0,-129.0,-25.0,nan,-25.0,-25.0,-25.0,-25.0,-25.0,-25.0,-25.0
40.431,-86.911,0,520110,393,sub6,262,22,-124.0,0.6463349888014092,-125.0,-124.0,-124.0,-124.0,-123.0,-123.0,-122.0,-18.0,0.8111773283374345,-19.0,-19.0,-18.0,-18.0,-17.25,-17.0,-16.0
40.431,-86.911,0,520110,400,sub6,262,31,-110.0,1.3271361356622935,-112.0,-111.0,-111.0,-110.0,-109.0,-108.0,-107.0,-11.0,0.2497310381147074,-12.0,-11.0,-11.0,-11.0,-11.0,-11.0,-11.0
40.431,-86.911,0,520110,540,sub6,262,29,-120.0,3.1665586361315206,-125.0,-124.0,-122.0,-120.0,-118.0,-115.0,-114.0,-16.0,2.088556670410751,-18.0,-18.0,-17.0,-16.0,-13.0,-12.8,-12.0
40.431,-86.911,0,520110,572,sub6,262,4,-112.0,1.1547005383792515,-113.0,-113.0,-113.0,-112.0,-111.0,-111.0,-111.0,-18.0,0.5,-18.0,-18.0,-18.0,-18.0,-17.75,-17.3,-17.0
40.431,-86.911,0,520110,698,sub6,262,31,-124.0,2.039396916969876,-130.0,-127.0,-125.0,-124.0,-123.5,-122.0,-121.0,-18.0,2.1830234533438855,-26.0,-22.0,-20.5,-18.0,-18.0,-17.0,-16.0
40.431,-86.911,0,520110,790,sub6,262,31,-106.0,0.6152191671720852,-107.0,-107.0,-107.0,-106.0,-106.0,-106.0,-105.0,-10.0,0.0,-10.0,-10.0,-10.0,-10.0,-10.0,-10.0,-10.0
40.431,-86.911,0,520110,857,sub6,262,6,-126.5,2.073644135332772,-130.0,-128.5,-127.0,-126.5,-125.25,-124.5,-124.0,-19.0,2.8047578623950176,-25.0,-22.5,-19.75,-19.0,-18.25,-17.5,-17.0
40.431,-86.9105,0,1001,16,lte,119,3,-119.0,3.511884584284246,-123.0,-122.2,-121.0,-119.0,-117.5,-116.6,-116.0,-18.0,1.1547005383792515,-18.0,-18.0,-18.0,-18.0,-17.0,-16.4,-16.0
40.431,-86.9105,0,1001,298,lte,119,3,-115.0,1.1547005383792517,-117.0,-116.6,-116.0,-115.0,-115.0,-115.0,-115.0,-14.0,1.0,-15.0,-14.8,-14.5,-14.0,-13.5,-13.2,-13.0
40.431,-86.9105,0,1001,374,lte,119,3,-122.0,2.6457513110645907,-123.0,-122.8,-122.5,-122.0,-120.0,-118.8,-118.0,-19.0,1.5275252316519465,-21.0,-20.6,-20.0,-19.0,-18.5,-18.2,-18.0
40.431,-86.9105,0,1001,443,lte,119,3,-121.0,1.1547005383792517,-123.0,-122.6,-122.0,-121.0,-121.0,-121.0,-121.0,-20.0,2.081665999466133,-21.0,-20.8,-20.5,-20.0,-18.5,-17.6,-17.0
40.431,-86.9105,0,67011,1,lte,119,3,-119.0,3.7859388972001824,-120.0,-119.8,-119.5,-119.0,-116.0,-114.2,-113.0,-14.0,3.605551275463989,-16.0,-15.6,-15.0,-14.0,-11.5,-10.0,-9.0
40.431,-86.9105,0,67011,58,lte,119,3,-120.0,1.1547005383792517,-122.0,-121.6,-121.0,-120.0,-120.0,-120.0,-120.0,-15.0,1.1547005383792517,-15.0,-15.0,-15.0,-15.0,-14.0,-13.4,-13.0
40.431,-86.9105,0,67011,81,lte,119,2,-126.0,0.0,-126.0,-126.0,-126.0,-126.0,-126.0,-126.0,-126.0,-19.0,0.0,-19.0,-19.0,-19.0,-19.0,-19.0,-19.0,-19.0
40.431,-86.9105,0,67011,119,lte,119,3,-127.0,3.055050463303893,-129.0,-128.6,-128.0,-127.0,-125.0,-123.8,-123.0,-21.0,3.0550504633038935,-23.0,-22.6,-22.0,-21.0,-19.0,-17.8,-17.0
40.431,-86.9105,0,520110,351,sub6,119,19,-125.0,3.290958729113014,-132.0,-129.6,-129.0,-125.0,-124.0,-122.0,-121.0,-19.0,3.603117558497208,-28.0,-25.6,-23.5,-19.0,-18.5,-17.0,-17.0
40.431,-86.9105,0,520110,393,sub6,119,4,-121.5,0.9574271077563381,-123.0,-122.7,-122.25,-121.5,-121.0,-121.0,-121.0,-17.0,0.816496580927726,-18.0,-17.7,-17.25,-17.0,-16.75,-16.3,-16.0
40.431,-86.9105,0,520110,400,sub6,119,19,-111.0,0.8481145238787243,-112.0,-112.0,-112.0,-111.0,-110.0,-110.0,-110.0,-12.0,0.535303379031311,-13.0,-12.0,-12.0,-12.0,-11.5,-11.0,-11.0
40.431,-86.9105,0,520110,540,sub6,119,19,-116.0,1.261207070569223,-119.0,-118.0,-117.0,-116.0,-115.0,-115.0,-115.0,-14.0,0.5014598571212789,-15.0,-14.0,-14.0,-14.0,-14.0,-13.0,-13.0
40.431,-86.9105,0,520110,572,sub6,119,7,-120.0,2.794552524023087,-125.0,-123.2,-121.5,-120.0,-118.0,-117.6,-117.0,-21.0,2.6726124191242437,-25.0,-23.8,-22.5,-21.0,-18.5,-18.0,-18.0
40.431,-86.9105,0,520110,698,sub6,119,9,-124.0,1.5365907428821477,-124.0,-124.0,-124.0,-124.0,-123.0,-120.8,-120.0,-19.0,1.118033988749895,-19.0,-19.0,-19.0,-19.0,-18.0,-16.8,-16.0
40.431,-86.9105,0,520110,790,sub6,119,19,-106.0,0.4188539082916956,-106.0,-106.0,-106.0,-106.0,-106.0,-105.0,-105.0,-10.0,0.0,-10.0,-10.0,-10.0,-10.0,-10.0,-10.0,-10.0
40.431,-86.91,0,125290,137,sub6,91,16,-121.5,6.769724268141699,-135.0,-131.0,-124.25,-121.5,-116.75,-114.0,-111.0,-27.0,5.402160061802439,-36.0,-33.5,-29.25,-27.0,-23.75,-19.5,-17.0
40.431,-86.91,0,125290,333,sub6,91,18,-115.0,3.048625534082339,-119.0,-118.0,-116.75,-115.0,-111.25,-110.7,-110.0,-22.0,2.5495097567963922,-26.0,-25.0,-24.0,-22.0,-19.25,-18.7,-18.0
40.431,-86.91,0,125290,385,sub6,91,43,-101.0,1.0077221223973363,-103.0,-102.0,-101.0,-101.0,-100.0,-100.0,-99.0,-11.0,0.21308263231644634,-12.0,-11.0,-11.0,-11.0,-11.0,-11.0,-11.0
40.431,-86.91,0,125290,485,sub6,91,14,-111.0,3.2547513873422944,-118.0,-114.7,-111.0,-111.0,-109.25,-106.6,-106.0,-18.0,3.1422327051996604,-26.0,-23.4,-19.0,-18.0,-17.0,-16.0,-15.0
40.431,-86.906,0,1001,16,lte,155,10,-113.0,0.8755950357709131,-114.0,-114.0,-113.75,-113.0,-113.0,-112.8,-111.0,-16.0,0.9660917830792959,-18.0,-18.0,-16.75,-16.0,-16.0,-15.9,-15.0
40.431,-86.906,0,1001,99,lte,155,10,-115.0,1.3703203194062976,-118.0,-116.2,-115.75,-115.0,-114.25,-113.9,-113.0,-15.0,1.873795909674026,-18.0,-17.1,-16.75,-15.0,-14.25,-12.9,-12.0
40.431,-86.906,0,1001,298,lte,155,10,-118.0,0.9660917830792958,-121.0,-119.2,-119.0,-118.0,-118.0,-118.0,-118.0,-18.0,1.449137674618944,-20.0,-20.0,-19.0,-18.0,-17.25,-16.0,-16.0
40.431,-86.906,0,1001,374,lte,155,10,-118.5,1.828782229912694,-121.0,-120.1,-119.75,-118.5,-117.0,-116.8,-115.0,-18.5,1.3165611772087666,-20.0,-19.1,-19.0,-18.5,-18.0,-16.0,-16.0
40.431,-86.906,0,1001,449,lte,155,1,-114.0,nan,-114.0,-114.0,-114.0,-114.0,-114.0,-114.0,-114.0,-17.0,nan,-17.0,-17.0,-17.0,-17.0,-17.0,-17.0,-17.0
40.431,-86.906,0,67011,1,lte,155,8,-117.0,1.4880476182856899,-119.0,-118.3,-117.25,-117.0,-116.0,-115.4,-114.0,-18.5,1.5526475085202969,-20.0,-19.3,-19.0,-18.5,-17.75,-16.4,-15.0
40.431,-86.906,0,67011,58,lte,155,16,-114.5,1.857417562100671,-116.0,-116.0,-115.0,-114.5,-112.75,-111.5,-110.0,-17.0,1.0781929326423914,-18.0,-17.0,-17.0,-17.0,-15.75,-15.0,-14.0
40.431,-86.906,0,67011,81,lte,155,16,-113.0,1.3601470508735443,-116.0,-115.0,-114.0,-113.0,-112.75,-112.0,-111.0,-15.0,1.5275252316519468,-17.0,-16.0,-16.0,-15.0,-13.75,-12.5,-12.0
40.431,-86.906,0,67011,119,lte,155,16,-117.0,1.7320508075688772,-119.0,-118.0,-117.0,-117.0,-115.0,-114.5,-112.0,-18.0,1.0307764064044151,-19.0,-19.0,-18.0,-18.0,-17.0,-16.0,-16.0
40.431,-86.906,0,67011,396,lte,155,16,-118.0,1.9653244007033546,-120.0,-119.0,-119.0,-118.0,-116.0,-115.0,-113.0,-19.0,0.7187952884282609,-21.0,-20.0,-20.0,-19.0,-19.0,-19.0,-18.0
40.431,-86.906,0,125290,137,sub6,155,7,-112.0,5.31843156256751,-119.0,-118.4,-115.0,-112.0,-107.0,-106.6,-106.0,-22.0,3.994043183589901,-27.0,-26.4,-24.0,-22.0,-18.0,-17.6,-17.0
40.431,-86.906,0,125290,333,sub6,155,10,-110.0,3.802046232695699,-115.0,-114.1,-112.75,-110.0,-106.25,-105.0,-105.0,-20.5,2.7100635498903793,-23.0,-23.0,-21.75,-20.5,-17.0,-16.9,-16.0
40.431,-86.906,0,125290,385,sub6,155,11,-113.0,3.910359202286804,-120.0,-119.0,-116.5,-113.0,-111.0,-110.0,-108.0,-22.0,2.6934263410283665,-27.0,-25.0,-24.5,-22.0,-20.0,-19.0,-19.0
40.431,-86.906,0,125290,485,sub6,155,3,-107.0,2.081665999466133,-110.0,-109.4,-108.5,-107.0,-106.5,-106.2,-106.0,-18.0,2.081665999466133,-21.0,-20.4,-19.5,-18.0,-17.5,-17.2,-17.0
40.431,-86.906,0,125290,697,sub6,155,11,-101.0,0.8090398349558904,-103.0,-102.0,-102.0,-101.0,-101.0,-101.0,-100.0,-13.0,0.504524979109513,-13.0,-13.0,-13.0,-13.0,-12.0,-12.0,-12.0
40.431,-86.9055,0,1001,16,lte,829,43,-114.0,2.614594018698412,-117.0,-116.0,-116.0,-114.0,-113.0,-111.0,-106.0,-17.0,1.8774762164995855,-19.0,-19.0,-18.0,-17.0,-15.0,-14.0,-13.0
40.431,-86.9055,0,1001,99,lte,829,40,-117.0,1.9346701832479658,-120.0,-119.0,-118.0,-117.0,-115.0,-114.9,-113.0,-15.0,1.21000105954605,-17.0,-17.0,-16.0,-15.0,-14.0,-14.0,-13.0
40.431,-86.9055,0,1001,174,lte,829,8,-119.5,1.4880476182856899,-122.0,-121.3,-121.0,-119.5,-118.75,-118.0,-118.0,-20.0,0.9161253813129043,-22.0,-21.3,-21.0,-20.0,-20.0,-19.7,-19.0
40.431,-86.9055,0,1001,298,lte,829,30,-120.0,2.5316388767553035,-124.0,-124.0,-122.0,-120.0,-118.0,-117.0,-116.0,-19.0,1.5610194134588466,-22.0,-20.0,-20.0,-19.0,-18.0,-16.9,-16.0
40.431,-86.9055,0,1001,326,lte,829,4,-118.5,2.943920288775949,-121.0,-120.4,-119.5,-118.5,-117.0,-115.2,-114.0,-19.0,1.8257418583505538,-21.0,-20.7,-20.25,-19.0,-17.75,-17.3,-17.0
40.431,-86.9055,0,1001,374,lte,829,42,-119.0,2.1246028528244905,-123.0,-121.0,-120.0,-119.0,-117.0,-116.0,-114.0,-18.0,1.2393565450509965,-20.0,-19.0,-19.0,-18.0,-17.0,-16.0,-15.0
40.431,-86.9055,0,1001,443,lte,829,24,-120.0,2.3121449982113194,-123.0,-122.0,-121.0,-120.0,-117.0,-116.3,-115.0,-18.0,0.9469631093315001,-21.0,-19.0,-18.25,-18.0,-18.0,-17.0,-16.0
40.431,-86.9055,0,66736,179,lte,829,6,-119.0,1.3662601021279464,-120.0,-119.5,-119.0,-119.0,-119.0,-117.5,-116.0,-17.5,0.816496580927726,-18.0,-18.0,-18.0,-17.5,-17.0,-16.5,-16.0
40.431,-86.9055,0,66736,227,lte,829,3,-120.0,0.0,-120.0,-120.0,-120.0,-120.0,-120.0,-120.0,-120.0,-19.0,0.5773502691896258,-19.0,-19.0,-19.0,-19.0,-18.5,-18.2,-18.0
40.431,-86.9055,0,66736,232,lte,829,7,-112.0,3.9096949095440023,-115.0,-115.0,-114.5,-112.0,-109.0,-106.0,-106.0,-14.0,2.439750182371333,-16.0,-15.4,-15.0,-14.0,-12.0,-10.0,-10.0
40.431,-86.9055,0,66736,282,lte,829,6,-116.0,1.8348478592697177,-118.0,-118.0,-117.5,-116.0,-116.0,-114.5,-113.0,-15.0,1.3662601021279464,-16.0,-16.0,-15.75,-15.0,-13.5,-13.0,-13.0
40.431,-86.9055,0,66736,448,lte,829,5,-122.0,0.5477225575051661,-122.0,-122.0,-122.0,-122.0,-121.0,-121.0,-121.0,-19.0,1.1401754250991378,-20.0,-19.6,-19.0,-19.0,-18.0,-17.4,-17.0
40.431,-86.9055,0,67011,1,lte,829,29,-119.0,2.170105897395639,-124.0,-123.0,-121.0,-119.0,-119.0,-118.0,-116.0,-20.0,1.8806769559942718,-22.0,-21.0,-21.0,-20.0,-19.0,-17.0,-14.0
40.431,-86.9055,0,67011,58,lte,829,73,-115.0,2.7692868706021585,-117.0,-116.8,-116.0,-115.0,-114.0,-112.2,-102.0,-17.0,2.3307226099050635,-19.0,-18.0,-18.0,-17.0,-15.0,-14.0,-9.0
40.431,-86.9055,0,67011,81,lte,829,73,-115.0,1.6216523883981933,-118.0,-117.0,-116.0,-115.0,-114.0,-113.0,-111.0,-14.0,1.5900183317438772,-18.0,-16.0,-15.0,-14.0,-13.0,-12.0,-10.0
40.431,-86.9055,0,67011,119,lte,829,73,-118.0,1.5099870472294146,-122.0,-120.0,-119.0,-118.0,-117.0,-117.0,-114.0,-17.0,1.5385705674982852,-21.0,-19.0,-18.0,-17.0,-16.0,-15.200000000000003,-13.0
40.431,-86.9055,0,67011,329,lte,829,12,-120.0,0.9653072991634227,-122.0,-121.9,-120.25,-120.0,-120.0,-119.1,-119.0,-17.0,0.9962049198956221,-18.0,-18.0,-18.0,-17.0,-16.75,-16.0,-15.0
40.431,-86.9055,0,67011,396,lte,829,69,-120.0,2.136138128494226,-125.0,-123.0,-122.0,-120.0,-119.0,-117.8,-113.0,-19.0,0.8947130875042605,-22.0,-20.0,-20.0,-19.0,-19.0,-18.0,-17.0
40.431,-86.9055,0,67011,486,lte,829,2,-120.0,1.4142135623730951,-121.0,-120.8,-120.5,-120.0,-119.5,-119.2,-119.0,-20.0,0.0,-20.0,-20.0,-20.0,-20.0,-20.0,-20.0,-20.0
40.431,-86.9055,0,125290,137,sub6,829,58,-105.5,3.7529983979741615,-116.0,-112.3,-110.0,-105.5,-104.0,-103.0,-101.0,-18.0,2.649350158311093,-26.0,-23.0,-20.0,-18.0,-17.0,-16.0,-14.0
40.431,-86.9055,0,125290,333,sub6,829,78,-106.0,5.900566355586835,-129.0,-116.6,-113.0,-106.0,-105.0,-104.0,-102.0,-18.0,4.085662821702335,-32.0,-25.3,-21.75,-18.0,-16.0,-15.0,-15.0
40.431,-86.9055,0,125290,385,sub6,829,41,-108.0,4.42787732000059,-119.0,-117.0,-112.0,-108.0,-107.0,-106.0,-102.0,-19.0,3.106641194633703,-28.0,-25.0,-22.0,-19.0,-18.0,-17.0,-16.0
40.431,-86.9055,0,125290,485,sub6,829,21,-103.0,4.915476046315837,-120.0,-105.0,-103.0,-103.0,-102.0,-101.0,-100.0,-17.0,2.7290326212083,-26.0,-18.0,-17.0,-17.0,-17.0,-15.0,-15.0
40.431,-86.9055,0,125290,697,sub6,829,80,-101.0,1.9356335436207621,-104.0,-103.0,-102.0,-101.0,-99.0,-98.0,-97.0,-13.0,0.9871804882875754,-16.0,-15.0,-14.0,-13.0,-13.0,-12.0,-11.0
40.431,-86.9055,0,125290,867,sub6,829,2,-119.5,4.949747468305833,-123.0,-122.3,-121.25,-119.5,-117.75,-116.7,-116.0,-28.5,3.5355339059327378,-31.0,-30.5,-29.75,-28.5,-27.25,-26.5,-26.0
40.4315,-86.9145,0,125290,333,sub6,17,5,-99.0,0.8366600265340756,-100.0,-99.6,-99.0,-99.0,-98.0,-98.0,-98.0,-18.0,0.7071067811865476,-19.0,-18.6,-18.0,-18.0,-18.0,-17.4,-17.0
40.4315,-86.9145,0,125290,385,sub6,17,6,-95.0,0.5163977794943222,-95.0,-95.0,-95.0,-95.0,-94.25,-94.0,-94.0,-13.0,0.5163977794943223,-14.0,-14.0,-13.75,-13.0,-13.0,-13.0,-13.0
40.4315,-86.9145,0,125290,867,sub6,17,6,-95.0,1.3662601021279464,-96.0,-96.0,-95.75,-95.0,-93.5,-93.0,-93.0,-14.0,0.8944271909999159,-15.0,-15.0,-14.75,-14.0,-13.25,-13.0,-13.0
40.4315,-86.914,0,125290,333,sub6,67,5,-100.0,4.123105625617661,-108.0,-107.6,-107.0,-100.0,-100.0,-100.0,-100.0,-17.0,2.701851217221259,-22.0,-21.6,-21.0,-17.0,-17.0,-16.4,-16.0
40.4315,-86.914,0,125290,385,sub6,67,31,-95.0,0.6688137468361349,-96.0,-96.0,-95.0,-95.0,-94.0,-94.0,-94.0,-12.0,0.5506594287321456,-14.0,-13.0,-13.0,-12.0,-12.0,-12.0,-12.0
40.4315,-86.914,0,125290,867,sub6,67,31,-97.0,1.7640374023782053,-100.0,-100.0,-99.0,-97.0,-96.0,-96.0,-94.0,-15.0,1.059519063141995,-16.0,-16.0,-15.0,-15.0,-14.0,-13.0,-13.0
40.4315,-86.91,0,125290,385,sub6,25,25,-98.0,1.0,-100.0,-99.0,-99.0,-98.0,-97.0,-97.0,-96.0,-11.0,0.0,-11.0,-11.0,-11.0,-11.0,-11.0,-11.0,-11.0
40.4315,-86.9055,0,67011,1,lte,522,49,-116.0,2.7510047638788904,-117.0,-117.0,-117.0,-116.0,-115.0,-109.8,-106.0,-17.0,1.2926400764895614,-18.0,-18.0,-17.0,-17.0,-16.0,-14.0,-13.0
40.4315,-86.9055,0,67011,58,lte,522,39,-117.0,2.1730157157610868,-122.0,-120.0,-119.0,-117.0,-116.0,-115.6,-112.0,-18.0,1.7191467613454459,-21.0,-20.0,-19.0,-18.0,-17.0,-15.799999999999997,-14.0
40.4315,-86.9055,0,67011,81,lte,522,49,-117.0,1.6272551071277879,-120.0,-119.0,-118.0,-117.0,-116.0,-115.0,-113.0,-16.0,1.6970863386452457,-22.0,-18.0,-17.0,-16.0,-15.0,-14.0,-14.0
40.4315,-86.9055,0,67011,119,lte,522,49,-119.0,1.812184760294097,-122.0,-120.2,-120.0,-119.0,-118.0,-117.0,-112.0,-19.0,1.1361409800419195,-22.0,-20.0,-19.0,-19.0,-18.0,-17.799999999999997,-16.0
40.4315,-86.9055,0,67011,329,lte,522,33,-118.0,1.1636866703140782,-122.0,-120.0,-120.0,-118.0,-118.0,-117.2,-117.0,-18.0,0.8083372383535788,-20.0,-19.0,-19.0,-18.0,-18.0,-17.0,-17.0
40.4315,-86.9055,0,67011,396,lte,522,28,-120.0,2.284928767139026,-122.0,-121.0,-120.0,-120.0,-117.75,-115.7,-113.0,-20.0,1.0046189622236181,-22.0,-21.0,-20.0,-20.0,-19.0,-18.7,-18.0
40.4315,-86.9055,0,67011,486,lte,522,11,-120.0,1.6011359603844904,-122.0,-121.0,-121.0,-120.0,-119.0,-119.0,-116.0,-20.0,0.5393598899705936,-21.0,-21.0,-20.0,-20.0,-20.0,-20.0,-19.0
40.4315,-86.9055,0,125290,137,sub6,522,37,-109.0,3.488074922742725,-118.0,-114.4,-113.0,-109.0,-108.0,-107.0,-103.0,-18.0,2.6868604763216157,-25.0,-22.4,-22.0,-18.0,-17.0,-16.0,-16.0
40.4315,-86.9055,0,125290,333,sub6,522,57,-107.0,2.3331543074894108,-113.0,-110.0,-108.0,-107.0,-106.0,-104.6,-103.0,-17.0,1.7722802948769205,-22.0,-19.4,-19.0,-17.0,-17.0,-15.600000000000001,-14.0
40.4315,-86.9055,0,125290,385,sub6,522,62,-105.0,3.0511677333902605,-112.0,-110.0,-108.0,-105.0,-103.25,-103.0,-99.0,-17.0,1.9102689459329747,-22.0,-19.9,-18.0,-17.0,-16.0,-15.0,-14.0
40.4315,-86.9055,0,125290,485,sub6,522,46,-107.0,2.4527417371149185,-113.0,-109.0,-108.0,-107.0,-104.25,-103.0,-102.0,-17.0,1.4566190752680608,-22.0,-19.0,-18.0,-17.0,-17.0,-16.0,-15.0
40.4315,-86.9055,0,125290,697,sub6,522,62,-104.0,1.7807508265002812,-106.0,-105.0,-105.0,-104.0,-103.0,-101.0,-98.0,-15.0,0.7771185710046549,-16.0,-16.0,-15.0,-15.0,-14.0,-14.0,-13.0
40.432,-86.915,0,125290,385,sub6,8,6,-93.0,0.408248290463863,-94.0,-93.5,-93.0,-93.0,-93.0,-93.0,-93.0,-11.0,0.0,-11.0,-11.0,-11.0,-11.0,-11.0,-11.0,-11.0
40.432,-86.915,0,125290,867,sub6,8,2,-104.5,6.363961030678928,-109.0,-108.1,-106.75,-104.5,-102.25,-100.9,-100.0,-18.5,4.949747468305833,-22.0,-21.3,-20.25,-18.5,-16.75,-15.7,-15.0
40.432,-86.9145,0,125290,333,sub6,61,1,-101.0,nan,-101.0,-101.0,-101.0,-101.0,-101.0,-101.0,-101.0,-19.0,nan,-19.0,-19.0,-19.0,-19.0,-19.0,-19.0,-19.0
40.432,-86.9145,0,125290,385,sub6,61,31,-90.0,2.6948776579648004,-95.0,-94.0,-94.0,-90.0,-89.0,-87.0,-87.0,-11.0,0.7951465679458907,-13.0,-12.0,-11.0,-11.0,-10.0,-10.0,-10.0
40.432,-86.9145,0,125290,867,sub6,61,29,-103.0,4.224896885674405,-114.0,-110.2,-108.0,-103.0,-101.0,-100.0,-97.0,-20.0,3.3069563938965096,-27.0,-25.2,-23.0,-20.0,-18.0,-17.0,-15.0
40.432,-86.91,0,125290,333,sub6,39,14,-113.0,5.343682724015814,-124.0,-119.0,-117.75,-113.0,-111.0,-106.3,-106.0,-22.0,4.3576382352153775,-29.0,-25.7,-25.0,-22.0,-20.25,-15.299999999999999,-14.0
40.432,-86.91,0,125290,385,sub6,39,25,-98.0,1.339153961773378,-100.0,-99.0,-99.0,-98.0,-97.0,-96.0,-95.0,-11.0,0.47609522856952335,-11.0,-11.0,-11.0,-11.0,-10.0,-10.0,-10.0
40.432,-86.9055,0,1001,16,lte,717,13,-124.0,2.4961508830135313,-128.0,-126.6,-125.0,-124.0,-122.0,-120.4,-119.0,-18.0,1.2142318453899053,-20.0,-19.8,-19.0,-18.0,-17.0,-17.0,-16.0
40.432,-86.9055,0,1001,99,lte,717,17,-123.0,2.2605959651488052,-125.0,-124.0,-124.0,-123.0,-121.0,-118.6,-118.0,-17.0,1.8727928185403933,-21.0,-19.4,-18.0,-17.0,-17.0,-15.6,-13.0
40.432,-86.9055,0,1001,298,lte,717,17,-122.0,1.5904124511289144,-125.0,-124.0,-124.0,-122.0,-121.0,-120.6,-120.0,-17.0,2.316818305095057,-21.0,-21.0,-20.0,-17.0,-16.0,-15.2,-14.0
40.432,-86.9055,0,1001,374,lte,717,15,-123.0,2.3864697976798483,-126.0,-126.0,-125.0,-123.0,-121.5,-120.0,-119.0,-17.0,1.7265434778633235,-19.0,-19.0,-18.5,-17.0,-16.0,-15.4,-13.0
40.432,-86.9055,0,1001,443,lte,717,18,-123.5,2.4733877696033697,-128.0,-127.0,-125.0,-123.5,-122.0,-120.7,-120.0,-18.0,0.6467616667635544,-20.0,-19.0,-18.0,-18.0,-18.0,-18.0,-17.0
40.432,-86.9055,0,2100,32,lte,717,3,-131.0,4.041451884327381,-131.0,-131.0,-131.0,-131.0,-127.5,-125.4,-124.0,-20.0,3.2145502536643185,-21.0,-20.8,-20.5,-20.0,-17.5,-16.0,-15.0
40.432,-86.9055,0,2100,309,lte,717,5,-120.0,3.1304951684997055,-125.0,-125.0,-125.0,-120.0,-119.0,-119.0,-119.0,-15.0,0.0,-15.0,-15.0,-15.0,-15.0,-15.0,-15.0,-15.0
40.432,-86.9055,0,2100,324,lte,717,3,-124.0,0.5773502691896257,-124.0,-124.0,-124.0,-124.0,-123.5,-123.2,-123.0,-19.0,0.5773502691896258,-19.0,-19.0,-19.0,-19.0,-18.5,-18.2,-18.0
40.432,-86.9055,0,2100,325,lte,717,2,-125.5,0.7071067811865476,-126.0,-125.9,-125.75,-125.5,-125.25,-125.1,-125.0,-17.5,0.7071067811865476,-18.0,-17.9,-17.75,-17.5,-17.25,-17.1,-17.0
40.432,-86.9055,0,2350,32,lte,717,4,-124.0,3.304037933599835,-125.0,-125.0,-125.0,-124.0,-121.75,-119.5,-118.0,-17.0,2.217355782608345,-18.0,-17.7,-17.25,-17.0,-16.0,-14.2,-13.0
40.432,-86.9055,0,2350,309,lte,717,10,-123.0,4.565571644870382,-128.0,-128.0,-127.25,-123.0,-118.75,-117.0,-117.0,-15.0,3.7133393177689658,-21.0,-20.1,-19.25,-15.0,-13.25,-11.0,-11.0
40.432,-86.9055,0,2350,313,lte,717,2,-122.0,0.0,-122.0,-122.0,-122.0,-122.0,-122.0,-122.0,-122.0,-13.0,0.0,-13.0,-13.0,-13.0,-13.0,-13.0,-13.0,-13.0
40.432,-86.9055,0,2350,324,lte,717,3,-128.0,0.5773502691896257,-128.0,-128.0,-128.0,-128.0,-127.5,-127.2,-127.0,-20.0,2.0,-22.0,-21.6,-21.0,-20.0,-19.0,-18.4,-18.0
40.432,-86.9055,0,2350,325,lte,717,8,-125.0,2.8284271247461903,-131.0,-128.2,-127.0,-125.0,-123.75,-122.7,-122.0,-18.5,1.5526475085202969,-19.0,-19.0,-19.0,-18.5,-17.5,-15.7,-15.0
40.432,-86.9055,0,5035,34,lte,717,19,-106.0,2.208436773479409,-110.0,-109.0,-107.0,-106.0,-105.0,-102.0,-102.0,-15.0,1.5370663939515445,-18.0,-16.2,-16.0,-15.0,-15.0,-12.8,-12.0
40.432,-86.9055,0,5035,326,lte,717,27,-110.0,2.2072142786315228,-115.0,-113.4,-112.0,-110.0,-110.0,-108.6,-105.0,-19.0,0.9073928715621603,-21.0,-20.0,-19.0,-19.0,-18.0,-18.0,-17.0
40.432,-86.9055,0,5035,332,lte,717,1,-107.0,nan,-107.0,-107.0,-107.0,-107.0,-107.0,-107.0,-107.0,-17.0,nan,-17.0,-17.0,-17.0,-17.0,-17.0,-17.0,-17.0
40.432,-86.9055,0,5035,429,lte,717,27,-107.0,2.2072142786315223,-114.0,-110.0,-109.0,-107.0,-106.0,-105.6,-105.0,-17.0,0.8439494725697222,-20.0,-18.4,-18.0,-17.0,-17.0,-17.0,-16.0
40.432,-86.9055,0,5035,460,lte,717,26,-109.0,1.6865987621883824,-113.0,-112.0,-110.0,-109.0,-108.0,-108.0,-106.0,-17.5,1.0933364602832083,-21.0,-18.5,-18.0,-17.5,-17.0,-17.0,-16.0
40.432,-86.9055,0,66736,179,lte,717,18,-121.0,1.9267636857314898,-124.0,-123.3,-122.75,-121.0,-120.25,-118.7,-117.0,-18.0,1.4337208778404378,-21.0,-19.3,-19.0,-18.0,-17.25,-16.0,-16.0
40.432,-86.9055,0,66736,227,lte,717,15,-121.0,1.2798809468443688,-123.0,-122.6,-121.0,-121.0,-120.0,-119.0,-119.0,-18.0,1.082325538564332,-20.0,-19.6,-19.0,-18.0,-17.0,-17.0,-17.0
40.432,-86.9055,0,66736,232,lte,717,2,-125.5,0.7071067811865476,-126.0,-125.9,-125.75,-125.5,-125.25,-125.1,-125.0,-19.5,0.7071067811865476,-20.0,-19.9,-19.75,-19.5,-19.25,-19.1,-19.0
40.432,-86.9055,0,66736,282,lte,717,26,-119.0,2.52281893615364,-124.0,-123.0,-122.0,-119.0,-118.0,-117.0,-116.0,-17.0,1.378962820941327,-19.0,-18.5,-17.75,-17.0,-16.0,-15.0,-14.0
40.432,-86.9055,0,66736,429,lte,717,3,-121.0,1.1547005383792517,-121.0,-121.0,-121.0,-121.0,-120.0,-119.4,-119.0,-21.0,0.5773502691896258,-21.0,-21.0,-21.0,-21.0,-20.5,-20.2,-20.0
40.432,-86.9055,0,66736,448,lte,717,29,-121.0,2.6914387164734075,-123.0,-123.0,-123.0,-121.0,-119.0,-117.4,-114.0,-17.0,1.8201120519828993,-20.0,-19.2,-19.0,-17.0,-16.0,-15.0,-14.0
40.432,-86.9055,0,67011,1,lte,717,40,-118.0,2.709905855115588,-124.0,-121.0,-120.0,-118.0,-117.0,-114.0,-111.0,-17.0,1.6359346109432527,-20.0,-19.0,-18.0,-17.0,-16.75,-15.0,-13.0
40.432,-86.9055,0,67011,58,lte,717,32,-121.0,1.9672213087040702,-124.0,-123.0,-122.0,-121.0,-119.0,-117.19999999999999,-117.0,-20.0,1.8069645729072652,-23.0,-21.9,-20.0,-20.0,-18.0,-17.0,-16.0
40.432,-86.9055,0,67011,81,lte,717,42,-117.0,2.151762370898099,-122.0,-119.9,-119.0,-117.0,-116.0,-115.0,-113.0,-15.5,2.0190728199509818,-23.0,-17.0,-17.0,-15.5,-15.0,-14.0,-12.0
40.432,-86.9055,0,67011,119,lte,717,41,-120.0,2.2347041054744556,-126.0,-123.0,-122.0,-120.0,-119.0,-118.0,-117.0,-18.0,0.8069817297777699,-20.0,-19.0,-19.0,-18.0,-18.0,-17.0,-16.0
40.432,-86.9055,0,67011,329,lte,717,40,-120.0,2.109806164386209,-125.0,-123.0,-121.25,-120.0,-119.0,-118.0,-116.0,-18.0,0.8533493588238804,-20.0,-19.0,-19.0,-18.0,-18.0,-17.0,-16.0
40.432,-86.9055,0,67011,396,lte,717,29,-121.0,1.5272564667635022,-124.0,-123.0,-123.0,-121.0,-120.0,-119.0,-119.0,-19.0,0.9416472308615164,-21.0,-20.2,-20.0,-19.0,-19.0,-18.0,-18.0
40.432,-86.9055,0,125290,137,sub6,717,31,-111.0,2.34314373879307,-116.0,-114.0,-112.0,-111.0,-110.0,-108.0,-105.0,-18.0,1.788253187433365,-22.0,-20.0,-19.5,-18.0,-17.0,-17.0,-13.0
40.432,-86.9055,0,125290,333,sub6,717,34,-108.0,2.354500374657065,-115.0,-110.0,-109.0,-108.0,-107.0,-106.3,-101.0,-16.0,1.5766228941778166,-21.0,-18.0,-17.0,-16.0,-15.25,-15.0,-14.0
40.432,-86.9055,0,125290,385,sub6,717,35,-107.0,2.275185835978084,-112.0,-109.6,-108.0,-107.0,-106.0,-105.4,-101.0,-16.0,1.4905867098212702,-18.0,-17.6,-17.0,-16.0,-14.0,-14.0,-13.0
40.432,-86.9055,0,125290,485,sub6,717,23,-110.0,3.6093860951953762,-117.0,-116.8,-114.0,-110.0,-109.0,-107.0,-105.0,-18.0,1.9213796097448008,-22.0,-20.0,-19.5,-18.0,-17.0,-16.0,-14.0
40.432,-86.9055,0,125290,697,sub6,717,37,-108.0,1.441033162899653,-111.0,-110.0,-109.0,-108.0,-107.0,-106.0,-105.0,-16.0,1.341640786499874,-19.0,-17.0,-17.0,-16.0,-15.0,-15.0,-12.0
40.432,-86.9055,0,512190,89,sub6,717,2,-119.5,3.5355339059327378,-122.0,-121.5,-120.75,-119.5,-118.25,-117.5,-117.0,-16.5,2.1213203435596424,-18.0,-17.7,-17.25,-16.5,-15.75,-15.3,-15.0
40.432,-86.9055,0,512190,400,sub6,717,2,-116.5,2.1213203435596424,-118.0,-117.7,-117.25,-116.5,-115.75,-115.3,-115.0,-15.0,1.4142135623730951,-16.0,-15.8,-15.5,-15.0,-14.5,-14.2,-14.0
40.432,-86.9055,0,512190,540,sub6,717,2,-117.5,2.1213203435596424,-119.0,-118.7,-118.25,-117.5,-116.75,-116.3,-116.0,-14.0,0.0,-14.0,-14.0,-14.0,-14.0,-14.0,-14.0,-14.0
40.432,-86.9055,0,512190,572,sub6,717,2,-122.0,1.4142135623730951,-123.0,-122.8,-122.5,-122.0,-121.5,-121.2,-121.0,-18.5,0.7071067811865476,-19.0,-18.9,-18.75,-18.5,-18.25,-18.1,-18.0
40.432,-86.9055,0,512190,790,sub6,717,2,-119.5,2.1213203435596424,-121.0,-120.7,-120.25,-119.5,-118.75,-118.3,-118.0,-14.5,0.7071067811865476,-15.0,-14.9,-14.75,-14.5,-14.25,-14.1,-14.0
40.432,-86.9055,0,520110,89,sub6,717,2,-124.0,1.4142135623730951,-125.0,-124.8,-124.5,-124.0,-123.5,-123.2,-123.0,-18.0,2.8284271247461903,-20.0,-19.6,-19.0,-18.0,-17.0,-16.4,-16.0
40.432,-86.9055,0,520110,400,sub6,717,2,-115.5,3.5355339059327378,-118.0,-117.5,-116.75,-115.5,-114.25,-113.5,-113.0,-13.5,2.1213203435596424,-15.0,-14.7,-14.25,-13.5,-12.75,-12.3,-12.0
40.432,-86.9055,0,520110,540,sub6,717,2,-118.5,0.7071067811865476,-119.0,-118.9,-118.75,-118.5,-118.25,-118.1,-118.0,-15.5,2.1213203435596424,-17.0,-16.7,-16.25,-15.5,-14.75,-14.3,-14.0
40.432,-86.9055,0,520110,572,sub6,717,2,-117.5,2.1213203435596424,-119.0,-118.7,-118.25,-117.5,-116.75,-116.3,-116.0,-14.0,0.0,-14.0,-14.0,-14.0,-14.0,-14.0,-14.0,-14.0
40.432,-86.9055,0,520110,790,sub6,717,2,-114.5,4.949747468305833,-118.0,-117.3,-116.25,-114.5,-112.75,-111.7,-111.0,-12.5,2.1213203435596424,-14.0,-13.7,-13.25,-12.5,-11.75,-11.3,-11.0
40.4325,-86.915,0,125290,385,sub6,56,38,-90.0,1.2386038117818206,-93.0,-91.3,-91.0,-90.0,-89.0,-88.0,-88.0,-10.0,0.27327631273309394,-11.0,-10.0,-10.0,-10.0,-10.0,-10.0,-10.0
40.4325,-86.915,0,125290,692,sub6,56,7,-111.0,3.302235894778249,-115.0,-113.8,-113.0,-111.0,-108.5,-106.6,-106.0,-24.0,2.29906813420444,-26.0,-25.4,-25.0,-24.0,-23.0,-21.4,-19.0
40.4325,-86.915,0,125290,867,sub6,56,11,-120.0,10.112098963842545,-136.0,-135.0,-130.5,-120.0,-114.0,-112.0,-107.0,-28.0,5.692099788303083,-37.0,-37.0,-33.5,-28.0,-25.0,-23.0,-20.0
40.4325,-86.9105,0,125290,385,sub6,26,13,-95.0,0.4385290096535145,-95.0,-95.0,-95.0,-95.0,-95.0,-94.0,-94.0,-11.0,0.2773500981126145,-11.0,-11.0,-11.0,-11.0,-11.0,-11.0,-10.0
40.4325,-86.9105,0,125290,867,sub6,26,13,-119.0,8.939970745090664,-134.0,-132.8,-131.0,-119.0,-114.0,-111.4,-111.0,-26.0,5.5746679790749045,-36.0,-34.8,-33.0,-26.0,-24.0,-21.2,-21.0
40.4325,-86.91,0,125290,385,sub6,19,18,-95.5,0.7838233761296739,-97.0,-96.3,-96.0,-95.5,-95.0,-95.0,-94.0,-11.0,0.3233808333817773,-11.0,-11.0,-11.0,-11.0,-11.0,-10.7,-10.0
40.4325,-86.91,0,125290,867,sub6,19,1,-133.0,nan,-133.0,-133.0,-133.0,-133.0,-133.0,-133.0,-133.0,-35.0,nan,-35.0,-35.0,-35.0,-35.0,-35.0,-35.0,-35.0
40.4325,-86.9055,0,1001,16,lte,473,2,-126.5,0.7071067811865476,-127.0,-126.9,-126.75,-126.5,-126.25,-126.1,-126.0,-19.0,0.0,-19.0,-19.0,-19.0,-19.0,-19.0,-19.0,-19.0
40.4325,-86.9055,0,1001,99,lte,473,13,-126.0,1.0801234497346435,-128.0,-127.8,-126.0,-126.0,-125.0,-125.0,-125.0,-18.0,1.281025230440697,-19.0,-19.0,-19.0,-18.0,-17.0,-16.0,-16.0
40.4325,-86.9055,0,1001,298,lte,473,13,-120.0,2.496150883013531,-127.0,-123.2,-120.0,-120.0,-119.0,-118.2,-118.0,-16.0,1.1875421719907089,-18.0,-17.0,-16.0,-16.0,-16.0,-15.0,-13.0
40.4325,-86.9055,0,1001,374,lte,473,13,-126.0,1.8045526471705549,-129.0,-128.8,-128.0,-126.0,-126.0,-124.2,-123.0,-19.0,1.0500305245868342,-21.0,-19.0,-19.0,-19.0,-18.0,-17.2,-17.0
40.4325,-86.9055,0,1001,443,lte,473,4,-124.5,0.9574271077563381,-125.0,-125.0,-125.0,-124.5,-123.75,-123.3,-123.0,-17.5,0.9574271077563381,-19.0,-18.7,-18.25,-17.5,-17.0,-17.0,-17.0
40.4325,-86.9055,0,5035,326,lte,473,1,-117.0,nan,-117.0,-117.0,-117.0,-117.0,-117.0,-117.0,-117.0,-20.0,nan,-20.0,-20.0,-20.0,-20.0,-20.0,-20.0,-20.0
40.4325,-86.9055,0,5035,429,lte,473,2,-110.0,0.0,-110.0,-110.0,-110.0,-110.0,-110.0,-110.0,-110.0,-15.0,0.0,-15.0,-15.0,-15.0,-15.0,-15.0,-15.0,-15.0
40.4325,-86.9055,0,5035,460,lte,473,2,-112.5,0.7071067811865476,-113.0,-112.9,-112.75,-112.5,-112.25,-112.1,-112.0,-16.0,0.0,-16.0,-16.0,-16.0,-16.0,-16.0,-16.0,-16.0
40.4325,-86.9055,0,66736,65,lte,473,1,-132.0,nan,-132.0,-132.0,-132.0,-132.0,-132.0,-132.0,-132.0,-22.0,nan,-22.0,-22.0,-22.0,-22.0,-22.0,-22.0,-22.0
40.4325,-86.9055,0,66736,179,lte,473,4,-125.0,2.217355782608345,-127.0,-126.7,-126.25,-125.0,-123.5,-122.6,-122.0,-16.0,1.632993161855452,-18.0,-17.4,-16.5,-16.0,-15.5,-14.6,-14.0
40.4325,-86.9055,0,66736,227,lte,473,6,-129.0,1.2649110640673518,-131.0,-130.0,-129.0,-129.0,-129.0,-128.0,-127.0,-19.0,1.0327955589886446,-21.0,-21.0,-20.5,-19.0,-19.0,-19.0,-19.0
40.4325,-86.9055,0,66736,232,lte,473,5,-128.0,0.8366600265340756,-129.0,-128.6,-128.0,-128.0,-127.0,-127.0,-127.0,-19.0,0.8944271909999159,-19.0,-19.0,-19.0,-19.0,-18.0,-17.4,-17.0
40.4325,-86.9055,0,66736,282,lte,473,14,-127.0,1.8232322463624386,-129.0,-129.0,-128.0,-127.0,-125.0,-124.3,-124.0,-17.5,1.5566235649883124,-20.0,-19.7,-18.0,-17.5,-17.0,-15.299999999999999,-15.0
40.4325,-86.9055,0,66736,448,lte,473,14,-120.0,4.332347027793453,-130.0,-129.7,-122.0,-120.0,-119.25,-118.3,-118.0,-15.0,2.7376094488632767,-20.0,-20.0,-16.0,-15.0,-14.0,-13.299999999999999,-11.0
40.4325,-86.9055,0,67011,1,lte,473,42,-119.0,2.2259164029119805,-124.0,-122.0,-119.0,-119.0,-117.0,-116.1,-115.0,-16.0,1.4410603916091818,-19.0,-18.9,-16.75,-16.0,-15.0,-15.0,-15.0
40.4325,-86.9055,0,67011,81,lte,473,42,-124.0,1.8604009658604996,-129.0,-126.0,-125.0,-124.0,-123.0,-122.0,-120.0,-18.0,1.3960288792942148,-21.0,-20.0,-19.0,-18.0,-17.0,-16.0,-16.0
40.4325,-86.9055,0,67011,119,lte,473,33,-125.0,1.8417506493946072,-127.0,-126.0,-126.0,-125.0,-124.0,-122.2,-120.0,-19.0,0.8703882797784888,-21.0,-20.0,-19.0,-19.0,-18.0,-18.0,-17.0
40.4325,-86.9055,0,67011,329,lte,473,30,-124.0,1.5447352189134953,-126.0,-125.1,-125.0,-124.0,-123.0,-121.9,-120.0,-18.0,0.8583598366625752,-19.0,-18.0,-18.0,-18.0,-17.0,-16.0,-16.0
40.4325,-86.9055,0,125290,137,sub6,473,47,-117.0,3.438638803038396,-124.0,-121.4,-119.5,-117.0,-114.0,-113.0,-110.0,-20.0,3.262774651639621,-28.0,-25.0,-22.5,-20.0,-17.5,-17.0,-15.0
40.4325,-86.9055,0,125290,167,sub6,473,4,-114.0,0.5,-114.0,-114.0,-114.0,-114.0,-113.75,-113.3,-113.0,-18.0,0.5,-18.0,-18.0,-18.0,-18.0,-17.75,-17.3,-17.0
40.4325,-86.9055,0,125290,333,sub6,473,54,-115.0,3.256611830561724,-124.0,-119.0,-117.0,-115.0,-113.0,-112.0,-108.0,-18.0,2.7778825976030164,-27.0,-22.7,-21.0,-18.0,-17.0,-16.0,-12.0
40.4325,-86.9055,0,125290,385,sub6,473,56,-110.0,1.6945290116809952,-114.0,-111.0,-111.0,-110.0,-108.0,-107.0,-106.0,-14.0,1.0995866992151684,-16.0,-15.0,-15.0,-14.0,-13.0,-12.0,-12.0
40.4325,-86.9055,0,125290,485,sub6,473,39,-113.0,3.50033736565696,-121.0,-117.2,-115.5,-113.0,-111.0,-110.0,-104.0,-18.0,2.429852574902947,-24.0,-21.0,-19.0,-18.0,-16.5,-14.799999999999997,-13.0
40.4325,-86.9055,0,125290,697,sub6,473,32,-115.0,3.014581498799332,-121.0,-118.9,-117.0,-115.0,-112.75,-111.0,-110.0,-20.0,1.7935255423237613,-24.0,-21.9,-20.0,-20.0,-18.0,-17.0,-16.0
40.433,-86.915,0,125290,385,sub6,85,49,-90.0,1.837117307087383,-93.0,-92.0,-92.0,-90.0,-89.0,-88.0,-87.0,-10.0,0.331200660553418,-11.0,-11.0,-10.0,-10.0,-10.0,-10.0,-10.0
40.433,-86.915,0,125290,867,sub6,85,36,-105.5,8.789423658805408,-132.0,-116.0,-110.5,-105.5,-101.0,-97.5,-96.0,-20.0,4.762952265739632,-35.0,-27.0,-23.25,-20.0,-17.75,-17.0,-15.0
40.433,-86.9145,0,125290,385,sub6,45,37,-87.0,0.7007074931745706,-88.0,-88.0,-87.0,-87.0,-86.0,-86.0,-86.0,-10.0,0.0,-10.0,-10.0,-10.0,-10.0,-10.0,-10.0,-10.0
40.433,-86.9145,0,125290,867,sub6,45,8,-108.0,4.4077853201547175,-116.0,-116.0,-112.25,-108.0,-106.0,-105.7,-105.0,-23.0,2.0701966780270626,-27.0,-26.3,-24.5,-23.0,-22.0,-21.7,-21.0
40.433,-86.914,0,125290,385,sub6,63,63,-85.0,1.476041814029655,-89.0,-87.0,-86.0,-85.0,-84.0,-83.0,-83.0,-10.0,0.0,-10.0,-10.0,-10.0,-10.0,-10.0,-10.0,-10.0
40.433,-86.9135,0,125290,333,sub6,72,20,-112.5,10.242327038222063,-129.0,-122.2,-117.5,-112.5,-100.5,-98.0,-97.0,-23.5,5.12989176042577,-34.0,-29.2,-29.0,-23.5,-19.0,-18.0,-17.0
40.433,-86.9135,0,125290,385,sub6,72,37,-89.0,1.734649534923123,-92.0,-91.0,-90.0,-89.0,-88.0,-87.0,-85.0,-10.0,0.47457899787624946,-11.0,-11.0,-11.0,-10.0,-10.0,-10.0,-10.0
40.433,-86.9135,0,125290,867,sub6,72,15,-103.0,5.984105932344765,-116.0,-111.6,-109.0,-103.0,-99.0,-98.0,-97.0,-19.0,4.033195589934446,-26.0,-24.6,-23.0,-19.0,-16.0,-15.0,-14.0
40.433,-86.913,0,125290,333,sub6,118,6,-99.5,1.378404875209022,-101.0,-101.0,-100.75,-99.5,-98.25,-98.0,-98.0,-19.0,0.8366600265340756,-19.0,-19.0,-19.0,-19.0,-18.25,-17.5,-17.0
40.433,-86.913,0,125290,385,sub6,118,56,-92.0,1.0394803896752838,-93.0,-93.0,-93.0,-92.0,-91.0,-90.0,-89.0,-11.0,0.35309393180189974,-11.0,-11.0,-11.0,-11.0,-11.0,-10.0,-10.0
40.433,-86.913,0,125290,867,sub6,118,56,-108.0,5.284841100217248,-127.0,-114.5,-111.0,-108.0,-106.0,-103.0,-101.0,-22.0,3.097915092780614,-33.0,-26.0,-23.25,-22.0,-20.0,-19.0,-18.0
40.433,-86.9125,0,125290,333,sub6,82,6,-103.0,3.1885210782848317,-107.0,-106.5,-105.75,-103.0,-100.25,-100.0,-100.0,-19.0,2.9664793948382653,-22.0,-22.0,-21.75,-19.0,-16.25,-16.0,-16.0
40.433,-86.9125,0,125290,385,sub6,82,38,-93.0,0.8365750130677653,-95.0,-94.0,-94.0,-93.0,-93.0,-92.0,-91.0,-11.0,0.3287979746107146,-12.0,-11.0,-11.0,-11.0,-11.0,-11.0,-10.0
40.433,-86.9125,0,125290,867,sub6,82,38,-107.0,5.455105794745272,-119.0,-114.3,-111.0,-107.0,-102.0,-100.0,-100.0,-20.5,3.061368524107853,-28.0,-25.0,-23.0,-20.5,-18.0,-17.699999999999996,-17.0
40.433,-86.912,0,125290,385,sub6,46,24,-95.0,1.6632210760527557,-97.0,-96.0,-95.25,-95.0,-94.0,-92.3,-90.0,-11.0,0.3378319623460881,-11.0,-11.0,-11.0,-11.0,-11.0,-10.3,-10.0
40.433,-86.912,0,125290,867,sub6,46,22,-106.0,5.8220360610446145,-121.0,-116.8,-112.25,-106.0,-104.0,-102.1,-101.0,-20.0,3.1059919747459337,-28.0,-25.9,-22.75,-20.0,-19.0,-18.0,-18.0
40.433,-86.9115,0,125290,333,sub6,57,13,-101.0,3.559026084010437,-110.0,-107.2,-103.0,-101.0,-100.0,-99.0,-98.0,-18.0,2.1838568563966754,-24.0,-21.6,-18.0,-18.0,-17.0,-17.0,-17.0
40.433,-86.9115,0,125290,385,sub6,57,25,-94.0,0.9882644720249063,-95.0,-95.0,-94.0,-94.0,-93.0,-92.4,-92.0,-11.0,0.5537749241945381,-12.0,-12.0,-11.0,-11.0,-11.0,-11.0,-10.0
40.433,-86.9115,0,125290,867,sub6,57,19,-108.0,7.6046307837215315,-123.0,-116.4,-113.5,-108.0,-101.0,-98.0,-97.0,-21.0,4.102488190930615,-29.0,-26.0,-23.5,-21.0,-17.5,-15.8,-14.0
40.433,-86.911,0,125290,333,sub6,45,1,-101.0,nan,-101.0,-101.0,-101.0,-101.0,-101.0,-101.0,-101.0,-19.0,nan,-19.0,-19.0,-19.0,-19.0,-19.0,-19.0,-19.0
40.433,-86.911,0,125290,385,sub6,45,25,-94.0,1.2013880860626733,-96.0,-95.6,-95.0,-94.0,-93.0,-92.4,-92.0,-11.0,0.47609522856952335,-11.0,-11.0,-11.0,-11.0,-10.0,-10.0,-10.0
40.433,-86.911,0,125290,867,sub6,45,19,-117.0,11.115028549181634,-135.0,-133.0,-125.5,-117.0,-107.0,-102.8,-101.0,-26.0,6.698607693337458,-37.0,-35.2,-30.5,-26.0,-20.0,-17.8,-16.0
40.433,-86.9105,0,125290,137,sub6,256,26,-113.5,9.650587865712955,-134.0,-131.0,-123.0,-113.5,-109.0,-107.0,-102.0,-23.5,6.286493458200685,-36.0,-34.5,-29.75,-23.5,-19.25,-19.0,-16.0
40.433,-86.9105,0,125290,385,sub6,256,193,-92.0,2.7956255923324798,-100.0,-97.8,-95.0,-92.0,-91.0,-90.0,-88.0,-10.0,0.372871043658016,-11.0,-11.0,-10.0,-10.0,-10.0,-10.0,-10.0
40.433,-86.9105,0,125290,867,sub6,256,37,-127.0,9.017000959648739,-137.0,-136.4,-134.0,-127.0,-119.0,-113.2,-105.0,-32.0,5.720334100576838,-38.0,-37.4,-36.0,-32.0,-27.0,-22.0,-18.0
40.433,-86.9055,0,1001,16,lte,578,12,-127.0,1.348399724926484,-129.0,-128.9,-128.0,-127.0,-126.0,-125.1,-125.0,-21.0,0.8660254037844386,-22.0,-21.9,-21.0,-21.0,-20.0,-20.0,-19.0
40.433,-86.9055,0,1001,99,lte,578,9,-125.0,1.5365907428821477,-127.0,-127.0,-126.0,-125.0,-124.0,-123.0,-123.0,-18.0,0.6666666666666667,-19.0,-19.0,-19.0,-18.0,-18.0,-17.8,-17.0
40.433,-86.9055,0,1001,298,lte,578,35,-117.0,2.246191922178624,-121.0,-120.0,-119.0,-117.0,-115.0,-115.0,-114.0,-15.0,0.90563130866092,-17.0,-16.6,-16.0,-15.0,-15.0,-14.0,-14.0
40.433,-86.9055,0,1001,374,lte,578,12,-123.0,1.3142574813455419,-126.0,-125.0,-124.25,-123.0,-122.75,-122.0,-122.0,-17.0,1.4034589305344742,-19.0,-19.0,-18.25,-17.0,-16.0,-16.0,-15.0
40.433,-86.9055,0,1001,443,lte,578,15,-124.0,1.4864467059144133,-127.0,-126.0,-125.0,-124.0,-123.5,-123.0,-121.0,-19.0,1.4573295865416043,-20.0,-19.6,-19.0,-19.0,-17.0,-16.4,-15.0
40.433,-86.9055,0,2100,324,lte,578,1,-123.0,nan,-123.0,-123.0,-123.0,-123.0,-123.0,-123.0,-123.0,-15.0,nan,-15.0,-15.0,-15.0,-15.0,-15.0,-15.0,-15.0
40.433,-86.9055,0,5035,326,lte,578,1,-112.0,nan,-112.0,-112.0,-112.0,-112.0,-112.0,-112.0,-112.0,-20.0,nan,-20.0,-20.0,-20.0,-20.0,-20.0,-20.0,-20.0
40.433,-86.9055,0,5035,429,lte,578,7,-111.0,1.3801311186847083,-114.0,-113.4,-112.5,-111.0,-111.0,-110.6,-110.0,-17.0,1.1126972805283735,-19.0,-18.4,-18.0,-17.0,-16.5,-16.0,-16.0
40.433,-86.9055,0,5035,460,lte,578,17,-107.0,1.1147408034263075,-109.0,-109.0,-108.0,-107.0,-107.0,-106.0,-106.0,-17.0,0.6183469424008423,-18.0,-18.0,-18.0,-17.0,-17.0,-17.0,-16.0
40.433,-86.9055,0,66736,179,lte,578,20,-124.5,2.0589982234597795,-126.0,-126.0,-125.0,-124.5,-122.0,-120.9,-120.0,-19.0,1.1821033884786185,-20.0,-20.0,-19.25,-19.0,-18.0,-17.0,-16.0
40.433,-86.9055,0,66736,227,lte,578,21,-125.0,2.2168188275738085,-129.0,-128.0,-127.0,-125.0,-124.0,-123.0,-119.0,-19.0,0.8646496675642958,-21.0,-20.0,-20.0,-19.0,-18.0,-18.0,-18.0
40.433,-86.9055,0,66736,232,lte,578,23,-125.0,2.0555525881591423,-129.0,-127.0,-127.0,-125.0,-123.5,-122.2,-122.0,-20.0,1.8639496507135744,-22.0,-21.8,-21.0,-20.0,-18.0,-17.0,-16.0
40.433,-86.9055,0,66736,282,lte,578,21,-125.0,2.1591444513753038,-128.0,-127.0,-126.0,-125.0,-123.0,-122.0,-119.0,-19.0,0.746420027292179,-19.0,-19.0,-19.0,-19.0,-18.0,-17.0,-17.0
40.433,-86.9055,0,66736,448,lte,578,23,-119.0,2.873485165447601,-122.0,-121.8,-120.0,-119.0,-116.5,-114.2,-112.0,-15.0,1.4744195615489712,-17.0,-17.0,-16.0,-15.0,-14.0,-13.2,-12.0
40.433,-86.9055,0,67011,1,lte,578,27,-117.0,2.137042715284739,-119.0,-118.0,-118.0,-117.0,-115.5,-113.0,-112.0,-15.0,0.7862783338192769,-17.0,-16.0,-16.0,-15.0,-15.0,-14.0,-14.0
40.433,-86.9055,0,67011,58,lte,578,9,-125.0,1.9364916731037083,-128.0,-128.0,-128.0,-125.0,-124.0,-123.8,-123.0,-22.0,1.0,-22.0,-22.0,-22.0,-22.0,-21.0,-20.6,-19.0
40.433,-86.9055,0,67011,81,lte,578,17,-122.0,2.0951624954530237,-125.0,-123.4,-123.0,-122.0,-121.0,-119.6,-116.0,-18.0,0.9314757424772421,-20.0,-19.0,-19.0,-18.0,-18.0,-17.6,-16.0
40.433,-86.9055,0,67011,119,lte,578,27,-123.0,2.038098661460273,-126.0,-125.0,-124.0,-123.0,-121.0,-120.0,-118.0,-19.0,1.1669718770490407,-21.0,-20.0,-20.0,-19.0,-18.0,-17.599999999999998,-16.0
40.433,-86.9055,0,67011,191,lte,578,10,-123.5,2.282785822435191,-126.0,-125.1,-124.75,-123.5,-122.0,-121.6,-118.0,-20.0,0.4830458915396479,-21.0,-21.0,-20.75,-20.0,-20.0,-20.0,-20.0
40.433,-86.9055,0,67011,329,lte,578,20,-123.0,1.943274501832843,-125.0,-125.0,-123.25,-123.0,-120.75,-119.9,-119.0,-19.0,0.7451598203705945,-20.0,-19.1,-19.0,-19.0,-18.0,-18.0,-17.0
40.433,-86.9055,0,125290,137,sub6,578,35,-115.0,4.852790932229903,-138.0,-122.0,-117.0,-115.0,-114.0,-113.0,-112.0,-20.0,3.745473458532503,-38.0,-23.6,-22.0,-20.0,-19.0,-18.0,-16.0
40.433,-86.9055,0,125290,218,sub6,578,18,-116.5,6.557189338896948,-139.0,-124.6,-119.0,-116.5,-114.0,-112.7,-112.0,-21.0,5.313689313240571,-39.0,-25.6,-21.75,-21.0,-18.0,-17.0,-16.0
40.433,-86.9055,0,125290,333,sub6,578,39,-115.0,3.4116969550885266,-123.0,-121.0,-117.5,-115.0,-114.0,-110.8,-110.0,-19.0,3.3218269874475,-27.0,-24.4,-21.0,-19.0,-17.0,-16.0,-13.0
40.433,-86.9055,0,125290,385,sub6,578,47,-107.0,2.302916141918056,-114.0,-111.0,-109.5,-107.0,-106.0,-105.0,-104.0,-13.0,0.9104864124446757,-17.0,-14.0,-14.0,-13.0,-13.0,-13.0,-11.0
40.433,-86.9055,0,125290,485,sub6,578,41,-114.0,5.046007840060419,-138.0,-119.0,-117.0,-114.0,-112.0,-109.0,-108.0,-19.0,3.796179080306421,-38.0,-23.0,-22.0,-19.0,-17.0,-17.0,-15.0
40.433,-86.9055,0,125290,697,sub6,578,6,-117.5,3.0605010483034745,-124.0,-122.5,-120.25,-117.5,-117.0,-116.5,-116.0,-18.5,3.386246693120078,-26.0,-24.5,-22.0,-18.5,-18.0,-18.0,-18.0
40.433,-86.9055,0,512190,89,sub6,578,3,-119.0,10.96965511460289,-138.0,-134.2,-128.5,-119.0,-119.0,-119.0,-119.0,-15.0,12.701705922171765,-37.0,-32.6,-26.0,-15.0,-15.0,-15.0,-15.0
40.433,-86.9055,0,512190,400,sub6,578,6,-114.0,2.7141603981096374,-118.0,-116.5,-115.0,-114.0,-111.5,-111.0,-111.0,-12.5,0.816496580927726,-14.0,-13.5,-13.0,-12.5,-12.0,-12.0,-12.0
40.433,-86.9055,0,512190,540,sub6,578,3,-119.0,11.547005383792516,-139.0,-135.0,-129.0,-119.0,-119.0,-119.0,-119.0,-17.0,12.701705922171765,-39.0,-34.6,-28.0,-17.0,-17.0,-17.0,-17.0
40.433,-86.9055,0,512190,572,sub6,578,6,-119.5,0.9831920802501751,-121.0,-121.0,-120.75,-119.5,-119.0,-119.0,-119.0,-16.0,0.6324555320336759,-17.0,-16.5,-16.0,-16.0,-16.0,-15.5,-15.0
40.433,-86.9055,0,512190,698,sub6,578,6,-120.5,2.0976176963403033,-125.0,-123.0,-121.0,-120.5,-120.0,-119.5,-119.0,-16.0,1.0954451150103321,-18.0,-17.0,-16.0,-16.0,-15.25,-15.0,-15.0
40.433,-86.9055,0,512190,790,sub6,578,6,-122.0,0.752772652709081,-123.0,-123.0,-122.75,-122.0,-122.0,-121.5,-121.0,-16.5,0.5477225575051661,-17.0,-17.0,-17.0,-16.5,-16.0,-16.0,-16.0
40.433,-86.9055,0,520110,89,sub6,578,5,-123.0,7.861297602813418,-138.0,-132.0,-123.0,-123.0,-119.0,-119.0,-119.0,-18.0,9.181503144910424,-38.0,-30.0,-18.0,-18.0,-17.0,-17.0,-17.0
40.433,-86.9055,0,520110,400,sub6,578,6,-119.0,1.6733200530681511,-119.0,-119.0,-119.0,-119.0,-117.5,-116.0,-115.0,-14.5,1.0488088481701516,-16.0,-15.5,-15.0,-14.5,-14.0,-13.5,-13.0
40.433,-86.9055,0,520110,540,sub6,578,6,-120.0,2.401388487243717,-122.0,-122.0,-122.0,-120.0,-118.0,-117.5,-117.0,-16.0,1.5491933384829668,-18.0,-17.5,-17.0,-16.0,-15.0,-14.5,-14.0
40.433,-86.9055,0,520110,572,sub6,578,6,-117.0,1.5491933384829668,-119.0,-118.5,-118.0,-117.0,-116.0,-115.5,-115.0,-13.5,0.816496580927726,-15.0,-14.5,-14.0,-13.5,-13.0,-13.0,-13.0
40.433,-86.9055,0,520110,698,sub6,578,6,-120.5,2.48327740429189,-124.0,-122.5,-121.0,-120.5,-118.5,-117.5,-117.0,-15.0,1.0327955589886446,-17.0,-16.5,-15.75,-15.0,-15.0,-14.5,-14.0
40.433,-86.9055,0,520110,790,sub6,578,6,-119.5,2.345207879911715,-123.0,-122.0,-120.75,-119.5,-117.5,-117.0,-117.0,-15.0,1.1690451944500122,-17.0,-16.5,-15.75,-15.0,-14.25,-14.0,-14.0
40.4335,-86.9055,0,1001,16,lte,611,9,-128.0,1.509230856356236,-131.0,-130.2,-130.0,-128.0,-127.0,-127.0,-127.0,-20.0,1.4529663145135576,-22.0,-21.2,-21.0,-20.0,-19.0,-18.0,-18.0
40.4335,-86.9055,0,1001,99,lte,611,15,-127.0,2.242447642325552,-132.0,-130.2,-128.0,-127.0,-126.0,-125.4,-123.0,-20.0,2.093072473889134,-25.0,-23.8,-20.0,-20.0,-19.0,-19.0,-18.0
40.4335,-86.9055,0,1001,298,lte,611,22,-124.0,2.2019275302527213,-126.0,-125.0,-124.0,-124.0,-123.0,-121.0,-117.0,-17.0,0.9534625892455924,-18.0,-18.0,-17.0,-17.0,-16.0,-15.099999999999998,-15.0
40.4335,-86.9055,0,1001,374,lte,611,17,-126.0,1.8668942438303944,-129.0,-128.4,-127.0,-126.0,-125.0,-124.0,-122.0,-18.0,1.4168108346481791,-21.0,-20.0,-19.0,-18.0,-18.0,-16.6,-16.0
40.4335,-86.9055,0,1001,443,lte,611,23,-126.0,2.016728458640213,-129.0,-127.8,-126.5,-126.0,-125.0,-123.0,-120.0,-18.0,1.7915038838941724,-20.0,-19.8,-19.0,-18.0,-17.5,-15.399999999999999,-13.0
40.4335,-86.9055,0,2100,32,lte,611,2,-128.5,0.7071067811865476,-129.0,-128.9,-128.75,-128.5,-128.25,-128.1,-128.0,-19.0,0.0,-19.0,-19.0,-19.0,-19.0,-19.0,-19.0,-19.0
40.4335,-86.9055,0,2100,313,lte,611,2,-123.0,0.0,-123.0,-123.0,-123.0,-123.0,-123.0,-123.0,-123.0,-12.5,0.7071067811865476,-13.0,-12.9,-12.75,-12.5,-12.25,-12.1,-12.0
40.4335,-86.9055,0,2100,324,lte,611,7,-127.0,2.225394561056747,-131.0,-130.4,-129.0,-127.0,-126.0,-125.6,-125.0,-19.0,1.6035674514745462,-20.0,-20.0,-20.0,-19.0,-18.0,-16.6,-16.0
40.4335,-86.9055,0,2100,325,lte,611,2,-128.5,3.5355339059327378,-131.0,-130.5,-129.75,-128.5,-127.25,-126.5,-126.0,-20.5,0.7071067811865476,-21.0,-20.9,-20.75,-20.5,-20.25,-20.1,-20.0
40.4335,-86.9055,0,2350,302,lte,611,2,-128.5,0.7071067811865476,-129.0,-128.9,-128.75,-128.5,-128.25,-128.1,-128.0,-19.5,0.7071067811865476,-20.0,-19.9,-19.75,-19.5,-19.25,-19.1,-19.0
40.4335,-86.9055,0,2350,313,lte,611,7,-125.0,1.864454471471609,-126.0,-125.4,-125.0,-125.0,-122.5,-121.6,-121.0,-16.0,1.6761634196950517,-16.0,-16.0,-16.0,-16.0,-14.0,-12.6,-12.0
40.4335,-86.9055,0,2350,324,lte,611,11,-128.0,2.419616799112094,-128.0,-128.0,-128.0,-128.0,-125.0,-123.0,-122.0,-18.0,2.3159525823376357,-21.0,-20.0,-19.5,-18.0,-17.0,-14.0,-14.0
40.4335,-86.9055,0,2350,325,lte,611,4,-130.5,1.7320508075688772,-132.0,-132.0,-132.0,-130.5,-129.0,-129.0,-129.0,-19.5,2.0615528128088303,-22.0,-21.7,-21.25,-19.5,-18.0,-18.0,-18.0
40.4335,-86.9055,0,5035,34,lte,611,44,-109.0,1.858640754569171,-114.0,-111.0,-110.0,-109.0,-108.0,-106.0,-105.0,-18.0,1.399750808387477,-22.0,-19.7,-18.0,-18.0,-17.0,-16.0,-15.0
40.4335,-86.9055,0,5035,326,lte,611,52,-111.0,2.050916728404074,-116.0,-114.0,-112.0,-111.0,-110.0,-109.0,-107.0,-19.0,0.6530471562110152,-21.0,-20.0,-20.0,-19.0,-19.0,-19.0,-18.0
40.4335,-86.9055,0,5035,429,lte,611,52,-110.0,1.8941642537570909,-113.0,-112.0,-112.0,-110.0,-109.0,-107.0,-107.0,-18.5,1.5135137864917025,-21.0,-20.0,-20.0,-18.5,-18.0,-16.1,-15.0
40.4335,-86.9055,0,5035,460,lte,611,52,-108.0,1.974192467171298,-112.0,-110.9,-109.0,-108.0,-107.0,-106.0,-103.0,-17.5,1.7450641446027941,-20.0,-19.0,-18.0,-17.5,-15.0,-14.100000000000001,-14.0
40.4335,-86.9055,0,66736,179,lte,611,24,-122.0,1.9995470501583863,-127.0,-125.0,-124.0,-122.0,-121.0,-120.3,-119.0,-18.0,1.5108304655560048,-21.0,-19.7,-18.25,-18.0,-17.0,-16.0,-15.0
40.4335,-86.9055,0,66736,227,lte,611,23,-123.0,2.131080002319149,-127.0,-126.0,-124.5,-123.0,-121.5,-121.0,-120.0,-18.0,1.587998466760841,-22.0,-20.0,-19.0,-18.0,-17.0,-17.0,-16.0
40.4335,-86.9055,0,66736,232,lte,611,16,-124.5,1.796988221070652,-129.0,-127.5,-126.25,-124.5,-124.0,-123.5,-123.0,-22.0,1.390443574307614,-23.0,-22.5,-22.0,-22.0,-20.75,-19.5,-18.0
40.4335,-86.9055,0,66736,282,lte,611,17,-125.0,3.2686118658249663,-130.0,-128.4,-128.0,-125.0,-122.0,-121.0,-120.0,-20.0,2.332632948105688,-26.0,-24.4,-22.0,-20.0,-19.0,-19.0,-19.0
40.4335,-86.9055,0,66736,448,lte,611,25,-118.0,2.9022979401386992,-126.0,-122.0,-120.0,-118.0,-117.0,-115.4,-114.0,-15.0,1.6703293088490063,-18.0,-17.0,-16.0,-15.0,-15.0,-12.799999999999997,-11.0
40.4335,-86.9055,0,67011,1,lte,611,24,-118.0,3.077501339196073,-126.0,-122.4,-120.0,-118.0,-116.0,-115.3,-112.0,-16.0,1.115600832462626,-19.0,-17.0,-16.0,-16.0,-15.0,-14.3,-14.0
40.4335,-86.9055,0,67011,81,lte,611,20,-122.0,2.7886046312580213,-128.0,-127.1,-123.75,-122.0,-120.75,-120.0,-119.0,-19.0,1.8180382718454349,-24.0,-22.1,-20.25,-19.0,-18.0,-18.0,-17.0
40.4335,-86.9055,0,67011,119,lte,611,12,-120.0,2.6671401094873817,-126.0,-125.6,-121.25,-120.0,-119.0,-119.0,-118.0,-18.0,1.1146408580454255,-20.0,-19.0,-19.0,-18.0,-17.75,-17.0,-16.0
40.4335,-86.9055,0,67011,329,lte,611,25,-121.0,1.7999999999999994,-125.0,-123.6,-123.0,-121.0,-120.0,-119.4,-118.0,-18.0,1.3564659966250538,-19.0,-19.0,-19.0,-18.0,-17.0,-16.0,-14.0
40.4335,-86.9055,0,125290,137,sub6,611,16,-115.0,2.9769951293208394,-122.0,-119.5,-115.25,-115.0,-112.75,-112.0,-112.0,-19.0,2.322893310794392,-25.0,-22.0,-19.25,-19.0,-17.75,-17.0,-16.0
40.4335,-86.9055,0,125290,167,sub6,611,4,-119.0,4.9916597106239795,-121.0,-120.7,-120.25,-119.0,-116.0,-112.4,-110.0,-23.0,4.43471156521669,-25.0,-24.4,-23.5,-23.0,-21.0,-17.4,-15.0
40.4335,-86.9055,0,125290,218,sub6,611,14,-118.5,4.509452831016733,-126.0,-125.4,-122.75,-118.5,-115.25,-114.3,-114.0,-22.0,3.7335720750456174,-29.0,-28.7,-26.0,-22.0,-20.0,-20.0,-20.0
40.4335,-86.9055,0,125290,333,sub6,611,20,-115.0,2.0621909656836754,-119.0,-119.0,-116.25,-115.0,-114.0,-113.0,-112.0,-20.5,2.2589005243585576,-24.0,-23.1,-22.0,-20.5,-18.75,-17.9,-17.0
40.4335,-86.9055,0,125290,385,sub6,611,25,-108.0,1.8681541692269397,-110.0,-109.0,-109.0,-108.0,-106.0,-104.4,-104.0,-14.0,0.9539392014169453,-15.0,-15.0,-15.0,-14.0,-13.0,-13.0,-12.0
40.4335,-86.9055,0,125290,485,sub6,611,23,-112.0,1.854382694555148,-116.0,-113.8,-112.5,-112.0,-110.5,-109.0,-109.0,-17.0,1.6321861476416724,-23.0,-18.0,-17.0,-17.0,-16.0,-15.0,-15.0
40.434,-86.9055,0,1001,298,lte,459,5,-117.0,4.58257569495584,-125.0,-125.0,-125.0,-117.0,-117.0,-116.4,-116.0,-15.0,2.8809720581775866,-20.0,-19.6,-19.0,-15.0,-14.0,-14.0,-14.0
40.434,-86.9055,0,1001,374,lte,459,3,-124.0,1.1547005383792517,-124.0,-124.0,-124.0,-124.0,-123.0,-122.4,-122.0,-19.0,1.0,-20.0,-19.8,-19.5,-19.0,-18.5,-18.2,-18.0
40.434,-86.9055,0,1001,443,lte,459,5,-122.0,2.0493901531919194,-125.0,-125.0,-125.0,-122.0,-121.0,-121.0,-121.0,-18.0,1.3038404810405297,-20.0,-19.6,-19.0,-18.0,-17.0,-17.0,-17.0
40.434,-86.9055,0,5035,429,lte,459,3,-112.0,2.3094010767585034,-112.0,-112.0,-112.0,-112.0,-110.0,-108.8,-108.0,-18.0,0.5773502691896258,-18.0,-18.0,-18.0,-18.0,-17.5,-17.2,-17.0
40.434,-86.9055,0,5035,460,lte,459,3,-118.0,8.386497083606084,-119.0,-118.8,-118.5,-118.0,-111.0,-106.8,-104.0,-19.0,2.081665999466133,-20.0,-19.8,-19.5,-19.0,-17.5,-16.6,-16.0
40.434,-86.9055,0,66736,179,lte,459,4,-125.0,1.0,-127.0,-126.4,-125.5,-125.0,-125.0,-125.0,-125.0,-14.0,1.0,-16.0,-15.4,-14.5,-14.0,-14.0,-14.0,-14.0
40.434,-86.9055,0,66736,227,lte,459,4,-131.0,4.193248541803041,-132.0,-131.7,-131.25,-131.0,-129.0,-125.4,-123.0,-19.0,2.5,-19.0,-19.0,-19.0,-19.0,-17.75,-15.5,-14.0
40.434,-86.9055,0,66736,448,lte,459,4,-127.5,4.856267428111155,-128.0,-128.0,-128.0,-127.5,-124.75,-120.7,-118.0,-16.0,1.5,-16.0,-16.0,-16.0,-16.0,-15.25,-13.899999999999999,-13.0
40.434,-86.9055,0,67011,1,lte,459,36,-123.0,5.504038921051016,-127.0,-125.0,-124.0,-123.0,-113.75,-112.0,-111.0,-17.5,3.5005668475217355,-19.0,-19.0,-18.0,-17.5,-12.0,-10.0,-9.0
40.434,-86.9055,0,67011,81,lte,459,16,-125.5,2.187083293643233,-128.0,-127.0,-126.25,-125.5,-122.75,-122.0,-121.0,-19.0,1.570562531918633,-23.0,-21.0,-20.0,-19.0,-18.0,-17.5,-17.0
40.434,-86.9055,0,67011,119,lte,459,36,-125.0,2.7375982985902882,-129.0,-127.5,-127.0,-125.0,-123.5,-121.0,-118.0,-19.0,1.1557310611531926,-21.0,-20.0,-20.0,-19.0,-18.0,-17.5,-16.0
40.434,-86.9055,0,67011,191,lte,459,10,-124.0,2.8303906287138374,-129.0,-127.2,-126.25,-124.0,-123.25,-121.7,-119.0,-20.5,1.6193277068654823,-22.0,-21.1,-21.0,-20.5,-18.0,-18.0,-18.0
40.434,-86.9055,0,67011,329,lte,459,36,-123.0,2.0476467329246866,-126.0,-125.0,-124.0,-123.0,-121.0,-120.0,-118.0,-16.0,1.4037930476515836,-20.0,-18.0,-17.0,-16.0,-15.75,-15.0,-14.0
40.434,-86.9055,0,125290,137,sub6,459,37,-117.0,2.640354421563792,-125.0,-120.0,-119.0,-117.0,-115.0,-114.0,-113.0,-21.0,2.9400925400647075,-29.0,-25.0,-23.0,-21.0,-20.0,-19.0,-14.0
40.434,-86.9055,0,125290,333,sub6,459,30,-113.0,2.8958948352023626,-122.0,-117.1,-115.0,-113.0,-111.0,-111.0,-110.0,-20.0,2.51798131149885,-26.0,-23.1,-22.0,-20.0,-18.0,-17.0,-16.0
40.434,-86.9055,0,125290,385,sub6,459,38,-106.0,1.155418922999128,-109.0,-108.0,-107.75,-106.0,-106.0,-105.0,-105.0,-13.5,0.7259662712736915,-15.0,-14.0,-14.0,-13.5,-13.0,-13.0,-11.0
40.434,-86.9055,0,125290,485,sub6,459,36,-111.0,2.5227535976162465,-120.0,-112.5,-112.0,-111.0,-109.0,-108.5,-108.0,-17.0,2.5572803013519145,-25.0,-20.0,-19.0,-17.0,-16.0,-15.0,-14.0
40.434,-86.9055,0,512190,400,sub6,459,2,-108.0,0.0,-108.0,-108.0,-108.0,-108.0,-108.0,-108.0,-108.0,-11.0,nan,-11.0,-11.0,-11.0,-11.0,-11.0,-11.0,-11.0
40.434,-86.9055,0,512190,572,sub6,459,1,-116.0,nan,-116.0,-116.0,-116.0,-116.0,-116.0,-116.0,-116.0,-14.0,nan,-14.0,-14.0,-14.0,-14.0,-14.0,-14.0,-14.0
40.434,-86.9055,0,512190,698,sub6,459,1,-115.0,nan,-115.0,-115.0,-115.0,-115.0,-115.0,-115.0,-115.0,-13.0,nan,-13.0,-13.0,-13.0,-13.0,-13.0,-13.0,-13.0
40.434,-86.9055,0,512190,790,sub6,459,1,-118.0,nan,-118.0,-118.0,-118.0,-118.0,-118.0,-118.0,-118.0,-15.0,nan,-15.0,-15.0,-15.0,-15.0,-15.0,-15.0,-15.0
40.434,-86.9055,0,520110,89,sub6,459,19,-118.0,1.7337381443621678,-120.0,-119.2,-119.0,-118.0,-117.0,-115.0,-114.0,-16.0,1.502434671298712,-18.0,-17.0,-16.5,-16.0,-14.0,-13.8,-13.0
40.434,-86.9055,0,520110,400,sub6,459,27,-114.0,4.618802153517006,-120.0,-120.0,-118.0,-114.0,-110.0,-108.6,-107.0,-13.0,2.0490147726313586,-17.0,-16.0,-14.0,-13.0,-11.0,-11.0,-11.0
40.434,-86.9055,0,520110,540,sub6,459,18,-118.0,1.7235394498804246,-121.0,-120.3,-119.0,-118.0,-117.0,-116.0,-115.0,-15.0,0.9428090415820635,-17.0,-16.0,-16.0,-15.0,-15.0,-14.0,-13.0
40.434,-86.9055,0,520110,572,sub6,459,25,-113.0,2.9297326385411564,-122.0,-117.8,-114.0,-113.0,-112.0,-111.4,-109.0,-12.0,1.2622730819174324,-16.0,-14.6,-13.0,-12.0,-12.0,-11.399999999999999,-11.0
40.434,-86.9055,0,520110,698,sub6,459,25,-114.0,1.8867962264113205,-118.0,-117.0,-116.0,-114.0,-113.0,-113.0,-112.0,-13.0,0.577350269189626,-14.0,-13.0,-13.0,-13.0,-12.0,-12.0,-12.0
40.434,-86.9055,0,520110,790,sub6,459,26,-119.0,2.3664319132398464,-124.0,-121.0,-120.0,-119.0,-118.0,-115.5,-113.0,-15.0,1.6677944901990958,-19.0,-17.5,-16.0,-15.0,-14.0,-13.0,-13.0
40.434,-86.9055,0,520110,857,sub6,459,8,-123.5,1.6035674514745464,-125.0,-124.3,-124.0,-123.5,-122.0,-121.4,-120.0,-17.0,0.8345229603962802,-18.0,-18.0,-17.25,-17.0,-16.0,-16.0,-16.0
40.4345,-86.9055,0,1001,298,lte,527,12,-118.0,2.3403573930647275,-121.0,-119.9,-119.0,-118.0,-117.75,-115.2,-112.0,-15.0,1.243163121016122,-16.0,-15.9,-15.0,-15.0,-13.75,-13.0,-12.0
40.4345,-86.9055,0,1001,374,lte,527,11,-123.0,3.0480992587035436,-128.0,-125.0,-125.0,-123.0,-122.0,-121.0,-116.0,-17.0,1.8140862964338524,-21.0,-20.0,-19.5,-17.0,-16.5,-16.0,-16.0
40.4345,-86.9055,0,1001,443,lte,527,13,-125.0,2.215909838025097,-127.0,-125.0,-125.0,-125.0,-124.0,-122.0,-118.0,-19.0,1.3008872711759818,-21.0,-20.0,-19.0,-19.0,-18.0,-17.2,-16.0
40.4345,-86.9055,0,2100,32,lte,527,1,-125.0,nan,-125.0,-125.0,-125.0,-125.0,-125.0,-125.0,-125.0,-19.0,nan,-19.0,-19.0,-19.0,-19.0,-19.0,-19.0,-19.0
40.4345,-86.9055,0,2100,158,lte,527,1,-123.0,nan,-123.0,-123.0,-123.0,-123.0,-123.0,-123.0,-123.0,-17.0,nan,-17.0,-17.0,-17.0,-17.0,-17.0,-17.0,-17.0
40.4345,-86.9055,0,5035,114,lte,527,5,-112.0,2.073644135332772,-114.0,-113.6,-113.0,-112.0,-110.0,-109.4,-109.0,-20.0,1.140175425099138,-22.0,-21.6,-21.0,-20.0,-20.0,-19.4,-19.0
40.4345,-86.9055,0,5035,326,lte,527,6,-110.5,0.816496580927726,-112.0,-111.5,-111.0,-110.5,-110.0,-110.0,-110.0,-19.5,0.816496580927726,-21.0,-20.5,-20.0,-19.5,-19.0,-19.0,-19.0
40.4345,-86.9055,0,5035,429,lte,527,1,-109.0,nan,-109.0,-109.0,-109.0,-109.0,-109.0,-109.0,-109.0,-19.0,nan,-19.0,-19.0,-19.0,-19.0,-19.0,-19.0,-19.0
40.4345,-86.9055,0,5035,460,lte,527,11,-99.0,2.6491851234260357,-104.0,-104.0,-103.5,-99.0,-98.5,-98.0,-98.0,-12.0,1.6180796699117808,-14.0,-13.0,-13.0,-12.0,-10.5,-10.0,-9.0
40.4345,-86.9055,0,66736,179,lte,527,4,-120.5,3.1091263510296048,-126.0,-124.5,-122.25,-120.5,-119.75,-119.3,-119.0,-18.5,0.9574271077563381,-19.0,-19.0,-19.0,-18.5,-17.75,-17.3,-17.0
40.4345,-86.9055,0,66736,227,lte,527,7,-120.0,1.9760470401187071,-124.0,-122.2,-121.0,-120.0,-119.0,-118.6,-118.0,-18.0,2.115700942049815,-20.0,-19.4,-18.5,-18.0,-15.0,-15.0,-15.0
40.4345,-86.9055,0,66736,282,lte,527,1,-126.0,nan,-126.0,-126.0,-126.0,-126.0,-126.0,-126.0,-126.0,-20.0,nan,-20.0,-20.0,-20.0,-20.0,-20.0,-20.0,-20.0
40.4345,-86.9055,0,66736,448,lte,527,6,-116.5,1.8708286933869707,-119.0,-118.5,-117.75,-116.5,-115.25,-114.5,-114.0,-14.0,0.6324555320336759,-15.0,-14.5,-14.0,-14.0,-14.0,-13.5,-13.0
40.4345,-86.9055,0,67011,1,lte,527,24,-115.5,2.4963741822833807,-121.0,-119.0,-117.0,-115.5,-114.0,-113.0,-111.0,-13.0,1.6010639578422372,-16.0,-15.0,-14.25,-13.0,-13.0,-11.0,-10.0
40.4345,-86.9055,0,67011,81,lte,527,1,-131.0,nan,-131.0,-131.0,-131.0,-131.0,-131.0,-131.0,-131.0,-22.0,nan,-22.0,-22.0,-22.0,-22.0,-22.0,-22.0,-22.0
40.4345,-86.9055,0,67011,119,lte,527,25,-123.0,3.337663853655727,-127.0,-126.0,-125.0,-123.0,-120.0,-117.4,-116.0,-18.0,1.3012814197295426,-21.0,-20.0,-19.0,-18.0,-17.0,-17.0,-16.0
40.4345,-86.9055,0,67011,191,lte,527,11,-127.0,2.841254524453462,-128.0,-127.0,-127.0,-127.0,-124.5,-124.0,-118.0,-20.0,0.9816498172140429,-22.0,-21.0,-21.0,-20.0,-19.5,-19.0,-19.0
40.4345,-86.9055,0,67011,329,lte,527,25,-122.0,2.437211521390788,-125.0,-124.6,-124.0,-122.0,-120.0,-118.4,-117.0,-18.0,1.2069244660154448,-20.0,-19.6,-19.0,-18.0,-17.0,-16.4,-16.0
40.4345,-86.9055,0,125290,137,sub6,527,22,-115.0,5.566792387827796,-129.0,-123.8,-120.5,-115.0,-112.0,-111.0,-107.0,-21.0,4.031531564213129,-32.0,-27.9,-26.25,-21.0,-20.0,-19.0,-16.0
40.4345,-86.9055,0,125290,218,sub6,527,18,-108.5,3.197221015541813,-115.0,-112.3,-111.0,-108.5,-107.25,-104.7,-103.0,-19.0,2.3736020997851717,-22.0,-22.0,-20.75,-19.0,-18.25,-16.4,-13.0
40.4345,-86.9055,0,125290,333,sub6,527,53,-112.0,4.3723633979347385,-132.0,-116.6,-113.0,-112.0,-111.0,-110.0,-108.0,-18.0,3.883648876013711,-35.0,-23.0,-20.0,-18.0,-17.0,-16.0,-15.0
40.4345,-86.9055,0,125290,385,sub6,527,113,-102.0,2.471327358479374,-107.0,-105.0,-103.0,-102.0,-100.0,-99.0,-96.0,-12.0,1.296389520992461,-16.0,-14.0,-13.0,-12.0,-12.0,-11.0,-11.0
40.4345,-86.9055,0,125290,485,sub6,527,94,-105.0,5.218635544229084,-120.0,-111.0,-109.0,-105.0,-100.0,-100.0,-100.0,-16.0,3.138312413446528,-25.0,-20.0,-17.0,-16.0,-13.0,-13.0,-12.0
40.4345,-86.9055,0,512190,89,sub6,527,2,-117.0,0.0,-117.0,-117.0,-117.0,-117.0,-117.0,-117.0,-117.0,-14.5,0.7071067811865476,-15.0,-14.9,-14.75,-14.5,-14.25,-14.1,-14.0
40.4345,-86.9055,0,512190,400,sub6,527,3,-105.0,1.7320508075688772,-108.0,-107.4,-106.5,-105.0,-105.0,-105.0,-105.0,-10.5,0.7071067811865476,-11.0,-10.9,-10.75,-10.5,-10.25,-10.1,-10.0
40.4345,-86.9055,0,512190,540,sub6,527,2,-125.0,0.0,-125.0,-125.0,-125.0,-125.0,-125.0,-125.0,-125.0,-18.0,0.0,-18.0,-18.0,-18.0,-18.0,-18.0,-18.0,-18.0
40.4345,-86.9055,0,512190,572,sub6,527,2,-115.0,0.0,-115.0,-115.0,-115.0,-115.0,-115.0,-115.0,-115.0,-13.0,0.0,-13.0,-13.0,-13.0,-13.0,-13.0,-13.0,-13.0
40.4345,-86.9055,0,512190,698,sub6,527,1,-116.0,nan,-116.0,-116.0,-116.0,-116.0,-116.0,-116.0,-116.0,-15.0,nan,-15.0,-15.0,-15.0,-15.0,-15.0,-15.0,-15.0
40.4345,-86.9055,0,512190,790,sub6,527,2,-116.5,0.7071067811865476,-117.0,-116.9,-116.75,-116.5,-116.25,-116.1,-116.0,-14.5,0.7071067811865476,-15.0,-14.9,-14.75,-14.5,-14.25,-14.1,-14.0
40.4345,-86.9055,0,520110,89,sub6,527,8,-117.0,1.7677669529663689,-118.0,-118.0,-118.0,-117.0,-114.75,-114.0,-114.0,-14.5,1.3024701806293193,-16.0,-16.0,-15.25,-14.5,-13.0,-13.0,-13.0
40.4345,-86.9055,0,520110,400,sub6,527,9,-108.0,1.481365736219265,-108.0,-108.0,-108.0,-108.0,-105.0,-105.0,-105.0,-11.0,0.0,-11.0,-11.0,-11.0,-11.0,-11.0,-11.0,-11.0
40.4345,-86.9055,0,520110,540,sub6,527,8,-119.0,1.807721533549109,-120.0,-120.0,-119.25,-119.0,-116.0,-116.0,-116.0,-15.0,0.3535533905932738,-16.0,-15.3,-15.0,-15.0,-15.0,-15.0,-15.0
40.4345,-86.9055,0,520110,572,sub6,527,8,-116.5,1.4880476182856899,-120.0,-117.9,-117.0,-116.5,-116.0,-115.7,-115.0,-13.0,1.0606601717798212,-16.0,-14.6,-14.0,-13.0,-13.0,-13.0,-13.0
40.4345,-86.9055,0,520110,698,sub6,527,8,-116.5,1.5526475085202969,-120.0,-119.3,-117.5,-116.5,-116.0,-116.0,-116.0,-14.5,1.7525491637693282,-19.0,-16.9,-16.0,-14.5,-14.0,-14.0,-14.0
40.4345,-86.9055,0,520110,790,sub6,527,8,-116.5,2.326094212561969,-121.0,-121.0,-118.0,-116.5,-116.0,-115.7,-115.0,-14.0,2.03100960115899,-18.0,-18.0,-15.75,-14.0,-13.75,-13.0,-13.0
40.4345,-86.9055,0,520110,857,sub6,527,1,-123.0,nan,-123.0,-123.0,-123.0,-123.0,-123.0,-123.0,-123.0,-16.0,nan,-16.0,-16.0,-16.0,-16.0,-16.0,-16.0,-16.0
40.435,-86.9055,0,1001,99,lte,479,16,-121.0,2.3865945054267876,-125.0,-125.0,-122.25,-121.0,-120.0,-119.5,-116.0,-19.0,0.9660917830792959,-21.0,-20.0,-20.0,-19.0,-18.0,-18.0,-18.0
40.435,-86.9055,0,1001,224,lte,479,8,-122.5,1.5979898086569353,-124.0,-124.0,-124.0,-122.5,-121.0,-120.7,-120.0,-21.0,1.0690449676496976,-23.0,-22.3,-21.25,-21.0,-20.0,-20.0,-20.0
40.435,-86.9055,0,1001,298,lte,479,20,-119.0,1.6091841672756184,-121.0,-121.0,-120.0,-119.0,-118.0,-116.9,-116.0,-15.0,1.1002392084403616,-17.0,-17.0,-16.25,-15.0,-15.0,-14.899999999999999,-13.0
40.435,-86.9055,0,1001,374,lte,479,20,-116.0,1.9330913339165219,-121.0,-119.0,-118.0,-116.0,-115.0,-114.0,-114.0,-17.0,0.9514531821875087,-19.0,-18.0,-18.0,-17.0,-16.0,-16.0,-16.0
40.435,-86.9055,0,1001,443,lte,479,18,-121.0,2.219933461877495,-124.0,-123.3,-122.75,-121.0,-120.0,-118.4,-116.0,-17.5,1.576999716098631,-20.0,-19.3,-19.0,-17.5,-17.0,-16.0,-14.0
40.435,-86.9055,0,1001,467,lte,479,6,-120.5,1.834847859269718,-123.0,-123.0,-122.5,-120.5,-119.25,-119.0,-119.0,-20.0,0.752772652709081,-21.0,-20.5,-20.0,-20.0,-19.25,-19.0,-19.0
40.435,-86.9055,0,66736,179,lte,479,35,-120.0,2.9780711145009975,-125.0,-124.0,-123.0,-120.0,-118.0,-116.4,-114.0,-19.0,1.2071217242444339,-23.0,-20.6,-20.0,-19.0,-18.0,-18.0,-18.0
40.435,-86.9055,0,66736,227,lte,479,35,-115.0,2.5837241052598565,-120.0,-118.6,-117.5,-115.0,-113.0,-112.0,-111.0,-17.0,0.7005400077947075,-18.0,-17.0,-17.0,-17.0,-16.0,-16.0,-15.0
40.435,-86.9055,0,66736,282,lte,479,7,-123.0,0.9759000729485332,-124.0,-123.4,-123.0,-123.0,-122.0,-121.6,-121.0,-19.0,1.2724180205607039,-20.0,-19.4,-19.0,-19.0,-18.0,-17.2,-16.0
40.435,-86.9055,0,66736,429,lte,479,8,-117.0,1.7525491637693282,-120.0,-119.3,-118.25,-117.0,-116.0,-115.7,-115.0,-21.0,0.7559289460184544,-21.0,-21.0,-21.0,-21.0,-20.0,-19.7,-19.0
40.435,-86.9055,0,66736,448,lte,479,31,-118.0,2.092485274417938,-122.0,-121.0,-120.0,-118.0,-117.0,-115.0,-115.0,-17.0,1.188656058667288,-19.0,-18.0,-17.5,-17.0,-16.0,-15.0,-14.0
40.435,-86.9055,0,67011,1,lte,479,24,-117.5,2.0067819794495563,-122.0,-121.4,-118.0,-117.5,-117.0,-116.0,-115.0,-17.0,1.284664282542556,-19.0,-18.0,-18.0,-17.0,-16.0,-15.0,-14.0
40.435,-86.9055,0,67011,81,lte,479,15,-119.0,2.1712405933672376,-124.0,-123.6,-121.0,-119.0,-118.0,-118.0,-118.0,-19.0,1.2227992865708155,-20.0,-20.0,-20.0,-19.0,-17.5,-17.0,-17.0
40.435,-86.9055,0,67011,119,lte,479,24,-115.0,1.8650096164806276,-120.0,-118.0,-116.0,-115.0,-114.0,-113.3,-113.0,-16.0,1.0959411282189109,-17.0,-17.0,-16.0,-16.0,-15.0,-14.0,-13.0
40.435,-86.9055,0,67011,329,lte,479,17,-119.0,1.4677914581799016,-122.0,-121.0,-120.0,-119.0,-118.0,-117.6,-117.0,-18.0,1.536324873731809,-21.0,-20.0,-19.0,-18.0,-17.0,-16.6,-15.0
40.435,-86.9055,0,125290,137,sub6,479,52,-108.0,3.300897999304122,-117.0,-111.0,-110.0,-108.0,-105.0,-105.0,-100.0,-17.0,3.156071024822713,-25.0,-21.0,-18.0,-17.0,-15.0,-12.100000000000001,-12.0
40.435,-86.9055,0,125290,167,sub6,479,2,-114.0,4.242640687119285,-117.0,-116.4,-115.5,-114.0,-112.5,-111.6,-111.0,-20.5,3.5355339059327378,-23.0,-22.5,-21.75,-20.5,-19.25,-18.5,-18.0
40.435,-86.9055,0,125290,333,sub6,479,17,-110.0,2.1074098961968066,-116.0,-114.4,-112.0,-110.0,-110.0,-109.0,-109.0,-18.0,1.477776549215667,-23.0,-20.4,-20.0,-18.0,-18.0,-18.0,-17.0
40.435,-86.9055,0,125290,385,sub6,479,64,-102.5,4.446301075497278,-114.0,-110.0,-107.0,-102.5,-100.0,-99.0,-97.0,-14.0,1.8617254967896921,-19.0,-17.0,-15.0,-14.0,-13.0,-12.0,-12.0
40.435,-86.9055,0,125290,485,sub6,479,60,-105.0,5.226480813598693,-120.0,-114.1,-111.0,-105.0,-103.0,-101.0,-100.0,-17.0,3.0455580324159905,-26.0,-21.1,-19.0,-17.0,-15.0,-14.0,-13.0
40.4355,-86.9055,0,1001,99,lte,1201,13,-122.0,2.9547875102567414,-127.0,-126.4,-123.0,-122.0,-119.0,-119.0,-118.0,-19.0,0.9607689228305228,-21.0,-21.0,-20.0,-19.0,-19.0,-19.0,-18.0
40.4355,-86.9055,0,1001,224,lte,1201,8,-122.0,1.6690459207925603,-124.0,-123.3,-123.0,-122.0,-120.75,-119.7,-119.0,-21.0,1.807721533549109,-23.0,-23.0,-23.0,-21.0,-19.75,-19.0,-19.0
40.4355,-86.9055,0,1001,298,lte,1201,49,-120.0,2.988782884261033,-127.0,-124.0,-122.0,-120.0,-119.0,-116.8,-113.0,-15.0,1.329288081162653,-18.0,-17.0,-16.0,-15.0,-14.0,-13.0,-13.0
40.4355,-86.9055,0,1001,374,lte,1201,41,-121.0,3.9495291476079624,-127.0,-127.0,-125.0,-121.0,-119.0,-116.0,-114.0,-17.0,1.3411862241332777,-19.0,-18.0,-17.0,-17.0,-15.0,-15.0,-14.0
40.4355,-86.9055,0,1001,443,lte,1201,42,-124.0,3.115283966639169,-128.0,-127.0,-126.0,-124.0,-121.0,-119.1,-117.0,-18.0,1.3960288792942148,-22.0,-19.9,-18.75,-18.0,-17.0,-16.0,-15.0
40.4355,-86.9055,0,1001,467,lte,1201,15,-122.0,3.150207854064478,-129.0,-127.0,-124.5,-122.0,-121.0,-119.8,-118.0,-19.0,0.8164965809277261,-21.0,-20.0,-20.0,-19.0,-19.0,-18.4,-18.0
40.4355,-86.9055,0,2350,32,lte,1201,21,-124.0,1.2891488517253398,-125.0,-125.0,-125.0,-124.0,-122.0,-122.0,-121.0,-16.0,1.600595127415038,-18.0,-17.0,-17.0,-16.0,-14.0,-13.0,-12.0
40.4355,-86.9055,0,2350,158,lte,1201,3,-127.0,1.5275252316519468,-128.0,-127.8,-127.5,-127.0,-126.0,-125.4,-125.0,-19.0,0.5773502691896258,-19.0,-19.0,-19.0,-19.0,-18.5,-18.2,-18.0
40.4355,-86.9055,0,2350,205,lte,1201,5,-124.0,0.4472135954999579,-125.0,-124.6,-124.0,-124.0,-124.0,-124.0,-124.0,-19.0,1.4832396974191324,-21.0,-20.6,-20.0,-19.0,-19.0,-17.8,-17.0
40.4355,-86.9055,0,2350,313,lte,1201,33,-121.0,2.2888067554156604,-127.0,-124.0,-123.0,-121.0,-120.0,-119.0,-118.0,-14.0,2.0921027554577574,-20.0,-16.8,-16.0,-14.0,-13.0,-12.0,-11.0
40.4355,-86.9055,0,2350,324,lte,1201,19,-125.0,2.409775413572736,-128.0,-127.2,-126.5,-125.0,-124.0,-122.4,-119.0,-18.0,1.249561326535008,-20.0,-19.0,-19.0,-18.0,-17.0,-16.0,-16.0
40.4355,-86.9055,0,5035,34,lte,1201,30,-114.0,0.9595257449242377,-116.0,-115.0,-115.0,-114.0,-113.0,-113.0,-112.0,-20.0,0.8610338613230188,-22.0,-22.0,-21.0,-20.0,-20.0,-19.9,-19.0
40.4355,-86.9055,0,5035,294,lte,1201,14,-114.5,0.9138735334633754,-117.0,-115.7,-115.0,-114.5,-114.0,-114.0,-114.0,-20.0,1.0716117059605352,-21.0,-21.0,-21.0,-20.0,-20.0,-18.299999999999997,-18.0
40.4355,-86.9055,0,5035,326,lte,1201,103,-111.0,1.4610886782267842,-119.0,-113.0,-112.0,-111.0,-111.0,-110.0,-109.0,-19.0,1.333642644495596,-25.0,-19.0,-19.0,-19.0,-18.0,-17.0,-15.0
40.4355,-86.9055,0,5035,429,lte,1201,121,-110.0,1.5026606339144744,-116.0,-113.0,-111.0,-110.0,-109.0,-109.0,-108.0,-18.0,1.2286748444068658,-20.0,-19.0,-18.0,-18.0,-17.0,-16.0,-15.0
40.4355,-86.9055,0,5035,460,lte,1201,123,-109.0,1.0342656579200866,-112.0,-111.0,-110.0,-109.0,-108.5,-108.0,-107.0,-18.0,0.8133072886892138,-19.0,-18.0,-18.0,-18.0,-17.0,-17.0,-13.0
40.4355,-86.9055,0,66736,179,lte,1201,34,-121.0,2.9234133835384433,-125.0,-124.0,-122.0,-121.0,-118.0,-116.3,-115.0,-18.0,2.8715830659782138,-22.0,-19.7,-19.0,-18.0,-17.0,-12.0,-12.0
40.4355,-86.9055,0,66736,227,lte,1201,64,-115.0,4.471886386877785,-124.0,-122.0,-119.0,-115.0,-111.0,-110.0,-110.0,-15.0,2.13971330226108,-18.0,-17.0,-16.25,-15.0,-13.75,-12.0,-10.0
40.4355,-86.9055,0,66736,232,lte,1201,3,-125.0,1.5275252316519468,-127.0,-126.6,-126.0,-125.0,-124.5,-124.2,-124.0,-19.0,0.5773502691896258,-20.0,-19.8,-19.5,-19.0,-19.0,-19.0,-19.0
40.4355,-86.9055,0,66736,282,lte,1201,3,-124.0,0.5773502691896257,-125.0,-124.8,-124.5,-124.0,-124.0,-124.0,-124.0,-20.0,0.0,-20.0,-20.0,-20.0,-20.0,-20.0,-20.0,-20.0
40.4355,-86.9055,0,66736,429,lte,1201,1,-114.0,nan,-114.0,-114.0,-114.0,-114.0,-114.0,-114.0,-114.0,-18.0,nan,-18.0,-18.0,-18.0,-18.0,-18.0,-18.0,-18.0
40.4355,-86.9055,0,66736,448,lte,1201,39,-120.0,3.134846161909609,-125.0,-124.0,-121.0,-120.0,-117.0,-115.8,-114.0,-16.0,1.8630580117633706,-20.0,-18.2,-17.5,-16.0,-15.0,-14.0,-13.0
40.4355,-86.9055,0,67011,1,lte,1201,50,-119.0,1.731932976975349,-123.0,-122.0,-120.0,-119.0,-118.0,-117.0,-115.0,-15.0,1.4321384039831015,-19.0,-17.1,-16.75,-15.0,-14.0,-14.0,-13.0
40.4355,-86.9055,0,67011,81,lte,1201,2,-122.5,0.7071067811865476,-123.0,-122.9,-122.75,-122.5,-122.25,-122.1,-122.0,-20.5,0.7071067811865476,-21.0,-20.9,-20.75,-20.5,-20.25,-20.1,-20.0
40.4355,-86.9055,0,67011,119,lte,1201,50,-117.0,1.9394928855402456,-122.0,-120.1,-118.0,-117.0,-116.0,-115.0,-114.0,-15.0,1.6087769470334048,-18.0,-17.0,-16.0,-15.0,-14.0,-13.0,-12.0
40.4355,-86.9055,0,67011,329,lte,1201,34,-121.0,1.7139461509042935,-124.0,-123.0,-122.0,-121.0,-120.0,-119.0,-117.0,-17.0,1.8767742645104388,-22.0,-19.0,-19.0,-17.0,-16.0,-15.0,-14.0
40.4355,-86.9055,0,125290,137,sub6,1201,44,-108.0,3.5041503631325326,-117.0,-112.7,-110.0,-108.0,-106.0,-104.3,-99.0,-16.0,2.4927358473030545,-23.0,-19.0,-16.5,-16.0,-15.0,-13.0,-12.0
40.4355,-86.9055,0,125290,167,sub6,1201,8,-109.5,4.77343841331532,-120.0,-117.2,-111.5,-109.5,-107.0,-107.0,-107.0,-18.0,3.2071349029490928,-26.0,-23.9,-19.25,-18.0,-18.0,-17.7,-17.0
40.4355,-86.9055,0,125290,218,sub6,1201,15,-109.0,2.3844735867092943,-114.0,-112.6,-111.0,-109.0,-107.5,-107.0,-106.0,-18.0,2.210365192839022,-23.0,-20.6,-20.0,-18.0,-16.0,-16.0,-16.0
40.4355,-86.9055,0,125290,333,sub6,1201,17,-111.0,2.527786755711989,-119.0,-114.0,-112.0,-111.0,-110.0,-109.0,-109.0,-18.0,1.765686002329839,-22.0,-20.0,-20.0,-18.0,-17.0,-16.6,-15.0
40.4355,-86.9055,0,125290,385,sub6,1201,46,-108.0,3.1672386973803466,-121.0,-110.5,-108.0,-108.0,-106.0,-104.0,-102.0,-16.0,1.3314380468978915,-19.0,-18.0,-17.0,-16.0,-15.0,-15.0,-14.0
40.4355,-86.9055,0,125290,485,sub6,1201,45,-107.0,3.630399148826197,-122.0,-110.0,-109.0,-107.0,-105.0,-103.4,-101.0,-15.0,2.56477544625275,-28.0,-17.0,-16.5,-15.0,-14.5,-13.0,-12.0
40.4355,-86.9055,0,512190,0,sub6,1201,3,-125.0,1.7320508075688772,-125.0,-125.0,-125.0,-125.0,-123.5,-122.6,-122.0,-19.0,1.5275252316519465,-20.0,-19.8,-19.5,-19.0,-18.0,-17.4,-17.0
40.4355,-86.9055,0,512190,89,sub6,1201,7,-116.0,2.3401261667248794,-122.0,-119.6,-117.5,-116.0,-116.0,-115.6,-115.0,-15.0,2.0354009783964293,-19.0,-16.6,-15.0,-15.0,-13.5,-13.0,-13.0
40.4355,-86.9055,0,512190,400,sub6,1201,8,-112.0,1.3093073414159542,-114.0,-113.3,-113.0,-112.0,-111.0,-110.7,-110.0,-11.0,0.5175491695067657,-12.0,-12.0,-12.0,-11.0,-11.0,-11.0,-11.0
40.4355,-86.9055,0,512190,540,sub6,1201,8,-121.5,1.5979898086569353,-123.0,-123.0,-122.25,-121.5,-121.0,-120.1,-118.0,-17.0,1.246423454758225,-19.0,-18.3,-18.0,-17.0,-16.75,-15.7,-15.0
40.4355,-86.9055,0,512190,572,sub6,1201,8,-119.0,2.8252686345094435,-123.0,-120.9,-120.0,-119.0,-115.75,-115.0,-115.0,-15.0,1.6420805617960927,-18.0,-16.6,-15.25,-15.0,-13.75,-13.0,-13.0
40.4355,-86.9055,0,512190,698,sub6,1201,8,-118.0,2.445841952609133,-120.0,-120.0,-120.0,-118.0,-115.75,-114.7,-114.0,-14.0,0.5345224838248488,-15.0,-14.3,-14.0,-14.0,-14.0,-13.7,-13.0
40.4355,-86.9055,0,512190,790,sub6,1201,8,-121.0,6.25642526870234,-138.0,-127.5,-123.0,-121.0,-119.75,-119.0,-119.0,-17.0,7.387247699341654,-37.0,-23.7,-18.0,-17.0,-15.0,-15.0,-15.0
40.4355,-86.9055,0,520110,89,sub6,1201,9,-116.0,2.5385910352879693,-118.0,-117.2,-116.0,-116.0,-113.0,-111.0,-111.0,-15.0,1.4240006242195886,-17.0,-16.2,-15.0,-15.0,-13.0,-13.0,-13.0
40.4355,-86.9055,0,520110,400,sub6,1201,9,-115.0,2.242270674512285,-120.0,-117.6,-117.0,-115.0,-114.0,-113.0,-113.0,-12.0,0.8660254037844387,-14.0,-13.2,-13.0,-12.0,-12.0,-11.8,-11.0
40.4355,-86.9055,0,520110,540,sub6,1201,8,-118.0,1.6035674514745464,-121.0,-120.3,-120.0,-118.0,-117.0,-117.0,-117.0,-14.5,1.1952286093343936,-17.0,-16.3,-16.0,-14.5,-14.0,-14.0,-14.0
40.4355,-86.9055,0,520110,572,sub6,1201,9,-115.0,1.6914819275153696,-117.0,-117.0,-116.0,-115.0,-114.0,-112.8,-112.0,-13.0,0.4409585518440985,-13.0,-13.0,-13.0,-13.0,-13.0,-12.0,-12.0
40.4355,-86.9055,0,520110,698,sub6,1201,9,-115.0,2.438123139721299,-117.0,-116.2,-116.0,-115.0,-113.0,-110.8,-110.0,-14.0,1.0,-15.0,-15.0,-14.0,-14.0,-13.0,-12.8,-12.0
40.4355,-86.9055,0,520110,790,sub6,1201,9,-118.0,2.9767618499152917,-124.0,-122.4,-121.0,-118.0,-116.0,-116.0,-116.0,-14.0,1.5811388300841895,-17.0,-16.2,-15.0,-14.0,-13.0,-12.8,-12.0
40.4355,-86.9055,0,520110,857,sub6,1201,3,-124.0,8.082903768654761,-138.0,-135.2,-131.0,-124.0,-124.0,-124.0,-124.0,-19.0,10.96965511460289,-38.0,-34.2,-28.5,-19.0,-19.0,-19.0,-19.0
40.436,-86.906,0,1001,16,lte,426,4,-125.0,0.5,-125.0,-125.0,-125.0,-125.0,-124.75,-124.3,-124.0,-19.5,0.9574271077563381,-20.0,-20.0,-20.0,-19.5,-18.75,-18.3,-18.0
40.436,-86.906,0,1001,298,lte,426,8,-124.0,1.4577379737113252,-127.0,-125.6,-124.25,-124.0,-123.75,-122.7,-122.0,-18.5,1.1877349391654208,-20.0,-19.3,-19.0,-18.5,-18.0,-17.4,-16.0
40.436,-86.906,0,1001,374,lte,426,12,-123.5,1.7056057308448835,-127.0,-126.8,-125.0,-123.5,-123.0,-122.1,-122.0,-16.5,1.4142135623730951,-19.0,-19.0,-18.25,-16.5,-16.0,-16.0,-15.0
40.436,-86.906,0,1001,443,lte,426,12,-123.0,1.2154310870109943,-125.0,-124.9,-124.0,-123.0,-122.75,-122.0,-121.0,-17.0,0.6685579234215215,-18.0,-18.0,-17.25,-17.0,-17.0,-16.1,-16.0
40.436,-86.906,0,2350,32,lte,426,12,-125.0,1.9227505550564004,-129.0,-127.0,-126.25,-125.0,-125.0,-124.1,-121.0,-16.0,1.781640374554423,-19.0,-18.9,-18.0,-16.0,-15.0,-14.1,-14.0
40.436,-86.906,0,2350,205,lte,426,2,-127.0,0.0,-127.0,-127.0,-127.0,-127.0,-127.0,-127.0,-127.0,-20.0,0.0,-20.0,-20.0,-20.0,-20.0,-20.0,-20.0,-20.0
40.436,-86.906,0,2350,313,lte,426,14,-127.5,2.5300393082122064,-130.0,-128.7,-128.0,-127.5,-126.25,-122.3,-122.0,-18.0,2.1432234119210705,-20.0,-18.7,-18.0,-18.0,-17.0,-14.199999999999996,-12.0
40.436,-86.906,0,2350,324,lte,426,14,-127.0,2.345207879911715,-131.0,-128.7,-128.0,-127.0,-124.0,-124.0,-123.0,-16.0,1.8232322463624386,-20.0,-18.7,-18.0,-16.0,-15.0,-15.0,-15.0
40.436,-86.906,0,5035,34,lte,426,51,-112.0,1.4375905768565223,-115.0,-113.0,-113.0,-112.0,-111.0,-110.0,-109.0,-18.0,0.9053219555148633,-21.0,-19.0,-18.0,-18.0,-17.0,-17.0,-16.0
40.436,-86.906,0,5035,294,lte,426,20,-114.0,0.9459053029269173,-115.0,-114.1,-114.0,-114.0,-113.0,-112.0,-112.0,-20.0,0.6048053188292994,-21.0,-21.0,-20.0,-20.0,-20.0,-19.0,-19.0
40.436,-86.906,0,5035,300,lte,426,18,-113.0,0.7859052479933758,-115.0,-114.3,-114.0,-113.0,-113.0,-113.0,-112.0,-20.0,0.6183469424008424,-21.0,-21.0,-20.75,-20.0,-20.0,-19.7,-19.0
40.436,-86.906,0,5035,326,lte,426,51,-111.0,1.7529806549048357,-114.0,-112.0,-112.0,-111.0,-109.0,-108.0,-107.0,-17.0,1.4293835226775082,-19.0,-18.0,-18.0,-17.0,-15.5,-15.0,-14.0
40.436,-86.906,0,5035,332,lte,426,32,-110.0,1.1670026397957816,-112.0,-111.0,-111.0,-110.0,-109.0,-108.1,-107.0,-16.0,1.2309025013143549,-18.0,-17.0,-17.0,-16.0,-15.0,-14.0,-14.0
40.436,-86.906,0,5035,368,lte,426,14,-113.0,1.3280573269766118,-115.0,-114.7,-114.0,-113.0,-112.0,-111.3,-111.0,-19.5,1.42389343964797,-21.0,-21.0,-20.0,-19.5,-18.0,-17.299999999999997,-17.0
40.436,-86.906,0,5035,429,lte,426,51,-112.0,1.0062549476190628,-114.0,-112.0,-112.0,-112.0,-111.0,-110.0,-110.0,-18.0,0.7638909685057849,-19.0,-19.0,-18.0,-18.0,-17.0,-17.0,-16.0
40.436,-86.906,0,5035,460,lte,426,51,-112.0,1.1071957157346561,-114.0,-113.0,-113.0,-112.0,-111.0,-111.0,-110.0,-20.0,1.012858505883807,-22.0,-21.0,-20.0,-20.0,-19.0,-19.0,-18.0
40.436,-86.906,0,66736,179,lte,426,12,-125.0,1.5569978883230458,-126.0,-126.0,-126.0,-125.0,-124.0,-122.2,-122.0,-18.0,1.5050420310248862,-20.0,-18.9,-18.0,-18.0,-17.5,-15.1,-15.0
40.436,-86.906,0,66736,227,lte,426,12,-123.0,2.3741027013091993,-127.0,-125.9,-124.25,-123.0,-121.75,-120.1,-119.0,-15.0,0.8876253645985945,-17.0,-17.0,-16.25,-15.0,-15.0,-15.0,-15.0
40.436,-86.906,0,66736,232,lte,426,2,-124.5,0.7071067811865476,-125.0,-124.9,-124.75,-124.5,-124.25,-124.1,-124.0,-18.5,0.7071067811865476,-19.0,-18.9,-18.75,-18.5,-18.25,-18.1,-18.0
40.436,-86.906,0,66736,282,lte,426,1,-122.0,nan,-122.0,-122.0,-122.0,-122.0,-122.0,-122.0,-122.0,-15.0,nan,-15.0,-15.0,-15.0,-15.0,-15.0,-15.0,-15.0
40.436,-86.906,0,66736,448,lte,426,2,-120.5,0.7071067811865476,-121.0,-120.9,-120.75,-120.5,-120.25,-120.1,-120.0,-14.5,0.7071067811865476,-15.0,-14.9,-14.75,-14.5,-14.25,-14.1,-14.0
40.436,-86.906,0,67011,1,lte,426,4,-122.5,2.3804761428476167,-125.0,-124.7,-124.25,-122.5,-120.75,-120.3,-120.0,-16.5,0.5773502691896257,-17.0,-17.0,-17.0,-16.5,-16.0,-16.0,-16.0
40.436,-86.906,0,67011,119,lte,426,12,-118.0,3.3967453227875044,-125.0,-124.0,-123.25,-118.0,-117.0,-116.1,-116.0,-14.5,1.9128750375000738,-18.0,-17.0,-16.25,-14.5,-13.0,-13.0,-12.0
40.436,-86.906,0,67011,329,lte,426,12,-122.5,2.2343733444579583,-126.0,-125.0,-125.0,-122.5,-121.0,-121.0,-120.0,-18.0,1.3113721705515067,-21.0,-19.9,-18.25,-18.0,-17.0,-17.0,-17.0
40.436,-86.906,0,67011,396,lte,426,3,-124.0,0.5773502691896257,-124.0,-124.0,-124.0,-124.0,-123.5,-123.2,-123.0,-20.0,0.5773502691896258,-21.0,-20.8,-20.5,-20.0,-20.0,-20.0,-20.0
40.436,-86.9055,0,1001,298,lte,291,6,-125.0,2.503331114069145,-126.0,-125.5,-125.0,-125.0,-122.0,-120.5,-120.0,-19.5,3.1622776601683795,-21.0,-20.5,-20.0,-19.5,-15.25,-14.0,-14.0
40.436,-86.9055,0,1001,374,lte,291,6,-121.5,2.250925735484551,-126.0,-125.0,-123.5,-121.5,-121.0,-120.5,-120.0,-15.5,1.2649110640673518,-18.0,-17.5,-16.75,-15.5,-15.0,-15.0,-15.0
40.436,-86.9055,0,1001,443,lte,291,6,-124.5,1.9748417658131499,-125.0,-125.0,-125.0,-124.5,-121.75,-121.0,-121.0,-18.5,0.9831920802501751,-19.0,-19.0,-19.0,-18.5,-17.25,-17.0,-17.0
40.436,-86.9055,0,2350,32,lte,291,5,-127.0,2.949576240750525,-128.0,-127.6,-127.0,-127.0,-122.0,-122.0,-122.0,-15.0,2.4899799195977463,-20.0,-19.6,-19.0,-15.0,-15.0,-15.0,-15.0
40.436,-86.9055,0,2350,158,lte,291,3,-129.0,0.5773502691896258,-130.0,-129.8,-129.5,-129.0,-129.0,-129.0,-129.0,-20.0,0.5773502691896258,-20.0,-20.0,-20.0,-20.0,-19.5,-19.2,-19.0
40.436,-86.9055,0,2350,313,lte,291,6,-121.5,4.070217029430576,-130.0,-129.0,-126.5,-121.5,-121.0,-121.0,-121.0,-14.0,3.011090610836324,-20.0,-19.5,-17.75,-14.0,-14.0,-13.5,-13.0
40.436,-86.9055,0,2350,324,lte,291,5,-126.0,1.140175425099138,-127.0,-126.6,-126.0,-126.0,-125.0,-124.4,-124.0,-18.0,1.816590212458495,-19.0,-19.0,-19.0,-18.0,-16.0,-15.4,-15.0
40.436,-86.9055,0,5035,34,lte,291,24,-112.0,1.793203755891931,-115.0,-114.0,-114.0,-112.0,-111.0,-109.6,-109.0,-19.0,1.0179547554081028,-20.0,-19.0,-19.0,-19.0,-18.0,-17.0,-16.0
40.436,-86.9055,0,5035,294,lte,291,15,-114.0,0.7745966692414833,-115.0,-115.0,-115.0,-114.0,-114.0,-113.0,-113.0,-20.0,0.50709255283711,-20.0,-20.0,-20.0,-20.0,-19.0,-19.0,-19.0
40.436,-86.9055,0,5035,326,lte,291,24,-111.0,1.3344650993747549,-114.0,-112.0,-112.0,-111.0,-110.0,-109.3,-108.0,-17.0,1.6010639578422372,-20.0,-19.7,-18.0,-17.0,-16.0,-15.0,-15.0
40.436,-86.9055,0,5035,429,lte,291,24,-112.0,1.2328534123049195,-115.0,-114.0,-113.0,-112.0,-112.0,-111.0,-110.0,-18.0,0.8836272412331317,-20.0,-20.0,-19.0,-18.0,-18.0,-18.0,-17.0
40.436,-86.9055,0,5035,460,lte,291,24,-111.0,0.7506036218280918,-112.0,-112.0,-111.25,-111.0,-110.0,-110.0,-110.0,-18.0,0.8968544062928813,-20.0,-20.0,-20.0,-18.0,-18.0,-18.0,-18.0
40.436,-86.9055,0,66736,179,lte,291,6,-124.5,0.816496580927726,-126.0,-125.5,-125.0,-124.5,-124.0,-124.0,-124.0,-18.0,1.0327955589886446,-18.0,-18.0,-18.0,-18.0,-16.5,-16.0,-16.0
40.436,-86.9055,0,66736,227,lte,291,6,-121.0,1.9748417658131499,-123.0,-122.0,-121.0,-121.0,-120.25,-118.5,-117.0,-14.0,0.752772652709081,-15.0,-14.5,-14.0,-14.0,-13.25,-13.0,-13.0
40.436,-86.9055,0,66736,232,lte,291,2,-127.0,0.0,-127.0,-127.0,-127.0,-127.0,-127.0,-127.0,-127.0,-19.5,0.7071067811865476,-20.0,-19.9,-19.75,-19.5,-19.25,-19.1,-19.0
40.436,-86.9055,0,66736,282,lte,291,1,-123.0,nan,-123.0,-123.0,-123.0,-123.0,-123.0,-123.0,-123.0,-19.0,nan,-19.0,-19.0,-19.0,-19.0,-19.0,-19.0,-19.0
40.436,-86.9055,0,66736,448,lte,291,5,-123.0,1.8708286933869707,-126.0,-124.8,-123.0,-123.0,-122.0,-121.4,-121.0,-15.0,1.6431676725154984,-18.0,-16.8,-15.0,-15.0,-14.0,-14.0,-14.0
40.436,-86.9055,0,67011,1,lte,291,6,-121.5,1.378404875209022,-123.0,-123.0,-122.75,-121.5,-120.25,-120.0,-120.0,-17.0,0.5163977794943222,-18.0,-18.0,-17.75,-17.0,-17.0,-17.0,-17.0
40.436,-86.9055,0,67011,119,lte,291,6,-119.5,1.3662601021279464,-122.0,-121.0,-120.0,-119.5,-119.0,-118.5,-118.0,-15.0,0.7527726527090811,-16.0,-16.0,-15.75,-15.0,-15.0,-14.5,-14.0
40.436,-86.9055,0,67011,329,lte,291,5,-123.0,0.8366600265340756,-124.0,-124.0,-124.0,-123.0,-123.0,-122.4,-122.0,-19.0,0.5477225575051661,-19.0,-19.0,-19.0,-19.0,-18.0,-18.0,-18.0
40.436,-86.9055,0,125290,137,sub6,291,25,-108.0,0.7483314773547883,-110.0,-109.0,-109.0,-108.0,-108.0,-107.4,-107.0,-17.0,1.3928388277184125,-21.0,-20.0,-18.0,-17.0,-17.0,-16.4,-16.0
40.436,-86.9055,0,125290,167,sub6,291,8,-119.0,8.271076972541985,-130.0,-127.9,-121.75,-119.0,-111.75,-107.7,-107.0,-24.5,6.104740546727366,-33.0,-30.9,-27.0,-24.5,-20.0,-16.4,-15.0
40.436,-86.9055,0,125290,333,sub6,291,25,-112.0,4.645069070171796,-127.0,-121.6,-117.0,-112.0,-111.0,-110.0,-109.0,-20.0,3.5393031329156686,-30.0,-27.0,-22.0,-20.0,-19.0,-18.0,-17.0
40.436,-86.9055,0,125290,385,sub6,291,23,-108.0,2.63227159596815,-116.0,-111.8,-110.0,-108.0,-107.0,-106.0,-105.0,-17.0,2.2893463519894905,-24.0,-21.0,-19.0,-17.0,-16.5,-16.0,-16.0
40.436,-86.9055,0,125290,485,sub6,291,25,-105.0,2.817800560721076,-106.0,-106.0,-106.0,-105.0,-103.0,-98.8,-97.0,-14.0,1.206924466015445,-15.0,-15.0,-15.0,-14.0,-14.0,-12.0,-11.0
40.4365,-86.906,0,1001,298,lte,248,5,-130.0,8.04363102087608,-137.0,-136.6,-136.0,-130.0,-121.0,-120.4,-120.0,-22.0,6.797058187186572,-30.0,-29.2,-28.0,-22.0,-16.0,-15.4,-15.0
40.4365,-86.906,0,1001,374,lte,248,5,-129.0,7.049822692805827,-138.0,-137.2,-136.0,-129.0,-123.0,-123.0,-123.0,-21.0,5.244044240850758,-30.0,-28.8,-27.0,-21.0,-19.0,-18.4,-18.0
40.4365,-86.906,0,1001,443,lte,248,4,-124.5,2.0615528128088303,-127.0,-126.7,-126.25,-124.5,-123.0,-123.0,-123.0,-19.0,0.5,-19.0,-19.0,-19.0,-19.0,-18.75,-18.3,-18.0
40.4365,-86.906,0,2350,32,lte,248,6,-129.5,2.073644135332772,-132.0,-131.5,-131.0,-129.5,-128.0,-127.5,-127.0,-18.0,1.9407902170679516,-21.0,-20.0,-18.75,-18.0,-18.0,-16.5,-15.0
40.4365,-86.906,0,2350,313,lte,248,6,-129.5,1.4719601443879746,-131.0,-130.5,-130.0,-129.5,-128.25,-127.5,-127.0,-18.0,2.401388487243717,-21.0,-20.5,-20.0,-18.0,-16.0,-16.0,-16.0
40.4365,-86.906,0,2350,324,lte,248,6,-126.0,2.449489742783178,-130.0,-130.0,-129.25,-126.0,-125.0,-125.0,-125.0,-16.5,1.378404875209022,-18.0,-18.0,-17.75,-16.5,-15.25,-15.0,-15.0
40.4365,-86.906,0,5035,34,lte,248,20,-114.0,1.050062654772261,-115.0,-115.0,-114.0,-114.0,-112.75,-112.0,-112.0,-19.0,0.8013147091860316,-21.0,-20.0,-20.0,-19.0,-19.0,-18.0,-18.0
40.4365,-86.906,0,5035,294,lte,248,25,-115.0,2.3007245235649867,-120.0,-118.6,-117.0,-115.0,-114.0,-113.0,-112.0,-20.0,0.9128709291752771,-23.0,-21.6,-21.0,-20.0,-20.0,-20.0,-20.0
40.4365,-86.906,0,5035,326,lte,248,27,-113.0,1.2101187811068235,-115.0,-114.0,-114.0,-113.0,-112.0,-111.0,-111.0,-18.0,0.992851945536184,-20.0,-19.4,-19.0,-18.0,-17.5,-17.0,-17.0
40.4365,-86.906,0,5035,332,lte,248,4,-110.0,0.5,-110.0,-110.0,-110.0,-110.0,-109.75,-109.3,-109.0,-17.0,0.0,-17.0,-17.0,-17.0,-17.0,-17.0,-17.0,-17.0
40.4365,-86.906,0,5035,372,lte,248,14,-115.0,1.7805419597217218,-117.0,-116.7,-116.0,-115.0,-113.0,-112.3,-112.0,-21.0,0.8017837257372731,-22.0,-22.0,-21.0,-21.0,-20.0,-20.0,-20.0
40.4365,-86.906,0,5035,429,lte,248,27,-112.0,1.4182369376786128,-115.0,-114.4,-113.0,-112.0,-111.0,-111.0,-110.0,-18.0,0.7415238026237253,-19.0,-18.0,-18.0,-18.0,-17.0,-17.0,-16.0
40.4365,-86.906,0,5035,460,lte,248,27,-113.0,2.2072142786315214,-117.0,-117.0,-114.5,-113.0,-111.0,-111.0,-111.0,-19.0,1.1106836784693628,-22.0,-21.4,-21.0,-19.0,-19.0,-19.0,-19.0
40.4365,-86.906,0,66736,179,lte,248,5,-128.0,2.4899799195977463,-128.0,-128.0,-128.0,-128.0,-124.0,-123.4,-123.0,-16.0,0.5477225575051661,-17.0,-17.0,-17.0,-16.0,-16.0,-16.0,-16.0
40.4365,-86.906,0,66736,227,lte,248,5,-128.0,0.8366600265340756,-129.0,-128.6,-128.0,-128.0,-127.0,-127.0,-127.0,-19.0,0.8944271909999159,-19.0,-19.0,-19.0,-19.0,-18.0,-17.4,-17.0
40.4365,-86.906,0,66736,448,lte,248,2,-129.0,0.0,-129.0,-129.0,-129.0,-129.0,-129.0,-129.0,-129.0,-18.0,0.0,-18.0,-18.0,-18.0,-18.0,-18.0,-18.0,-18.0
40.4365,-86.906,0,67011,1,lte,248,1,-126.0,nan,-126.0,-126.0,-126.0,-126.0,-126.0,-126.0,-126.0,-17.0,nan,-17.0,-17.0,-17.0,-17.0,-17.0,-17.0,-17.0
40.4365,-86.906,0,67011,119,lte,248,5,-124.0,0.5477225575051661,-124.0,-124.0,-124.0,-124.0,-123.0,-123.0,-123.0,-16.0,1.51657508881031,-18.0,-18.0,-18.0,-16.0,-15.0,-15.0,-15.0
40.4365,-86.906,0,67011,329,lte,248,5,-125.0,0.0,-125.0,-125.0,-125.0,-125.0,-125.0,-125.0,-125.0,-18.0,0.4472135954999579,-18.0,-18.0,-18.0,-18.0,-18.0,-17.4,-17.0
40.4365,-86.906,0,125290,137,sub6,248,9,-108.0,0.6666666666666667,-109.0,-108.2,-108.0,-108.0,-107.0,-107.0,-107.0,-17.0,0.5270462766947299,-18.0,-18.0,-18.0,-17.0,-17.0,-17.0,-17.0
40.4365,-86.906,0,125290,167,sub6,248,5,-108.0,3.714835124201342,-115.0,-112.2,-108.0,-108.0,-106.0,-106.0,-106.0,-17.0,2.5099800796022267,-22.0,-20.0,-17.0,-17.0,-16.0,-16.0,-16.0
40.4365,-86.906,0,125290,218,sub6,248,9,-119.0,3.5746017649212027,-122.0,-121.2,-120.0,-119.0,-115.0,-112.8,-112.0,-25.0,3.689323936863109,-27.0,-26.2,-26.0,-25.0,-19.0,-18.0,-18.0
40.4365,-86.906,0,125290,333,sub6,248,5,-111.0,2.701851217221259,-112.0,-111.6,-111.0,-111.0,-107.0,-106.4,-106.0,-18.0,0.8944271909999159,-18.0,-18.0,-18.0,-18.0,-18.0,-16.8,-16.0
40.4365,-86.906,0,125290,385,sub6,248,9,-104.0,2.4720661623652207,-108.0,-106.4,-105.0,-104.0,-103.0,-100.8,-100.0,-15.0,1.4240006242195886,-16.0,-16.0,-16.0,-15.0,-14.0,-12.8,-12.0
40.4365,-86.906,0,125290,485,sub6,248,12,-106.0,0.7784989441615231,-107.0,-106.0,-106.0,-106.0,-105.0,-105.0,-104.0,-17.0,1.1146408580454257,-19.0,-18.0,-17.25,-17.0,-16.0,-16.0,-15.0
40.4365,-86.9055,0,125290,137,sub6,55,12,-109.0,2.195035721390843,-115.0,-111.8,-110.0,-109.0,-108.75,-107.1,-107.0,-17.5,1.5859229221975182,-22.0,-19.9,-19.0,-17.5,-17.0,-17.0,-17.0
40.4365,-86.9055,0,125290,218,sub6,55,10,-102.5,1.1547005383792515,-105.0,-104.1,-104.0,-102.5,-102.0,-102.0,-102.0,-15.0,1.1737877907772671,-18.0,-17.1,-16.0,-15.0,-15.0,-14.9,-14.0
40.4365,-86.9055,0,125290,333,sub6,55,9,-107.0,4.711098008367523,-116.0,-115.2,-114.0,-107.0,-106.0,-104.0,-104.0,-19.0,2.1794494717703365,-23.0,-22.2,-20.0,-19.0,-19.0,-16.8,-16.0
40.4365,-86.9055,0,125290,385,sub6,55,12,-107.0,1.5050420310248864,-109.0,-108.0,-107.25,-107.0,-106.0,-104.2,-104.0,-17.0,0.5149286505444373,-17.0,-17.0,-17.0,-17.0,-16.0,-16.0,-16.0
40.4365,-86.9055,0,125290,485,sub6,55,12,-106.5,1.3113721705515065,-108.0,-107.0,-107.0,-106.5,-105.0,-104.1,-104.0,-17.0,0.7929614610987593,-17.0,-17.0,-17.0,-17.0,-16.0,-15.1,-15.0
40.437,-86.906,0,1001,16,lte,258,14,-122.0,0.8644378215075665,-123.0,-123.0,-122.0,-122.0,-121.25,-121.0,-120.0,-19.0,0.6333236937766509,-20.0,-20.0,-20.0,-19.0,-19.0,-19.0,-18.0
40.437,-86.906,0,1001,99,lte,258,14,-120.0,1.5118578920369088,-122.0,-121.7,-121.0,-120.0,-119.0,-118.0,-117.0,-17.0,0.7703288865196432,-18.0,-18.0,-17.0,-17.0,-16.0,-16.0,-16.0
40.437,-86.906,0,1001,298,lte,258,17,-123.0,3.079820468411602,-130.0,-130.0,-124.0,-123.0,-123.0,-121.0,-120.0,-22.0,1.4374200745044003,-24.0,-24.0,-24.0,-22.0,-22.0,-20.0,-20.0
40.437,-86.906,0,1001,374,lte,258,16,-119.0,1.857417562100671,-125.0,-121.0,-120.0,-119.0,-118.0,-118.0,-118.0,-16.0,1.0327955589886444,-18.0,-17.0,-17.0,-16.0,-15.0,-15.0,-14.0
40.437,-86.906,0,1001,443,lte,258,14,-119.0,1.2224996910042532,-122.0,-121.0,-120.0,-119.0,-119.0,-118.0,-118.0,-16.0,0.8548504142651103,-19.0,-17.0,-17.0,-16.0,-16.0,-16.0,-16.0
40.437,-86.906,0,1001,457,lte,258,1,-127.0,nan,-127.0,-127.0,-127.0,-127.0,-127.0,-127.0,-127.0,-20.0,nan,-20.0,-20.0,-20.0,-20.0,-20.0,-20.0,-20.0
40.437,-86.906,0,2350,32,lte,258,2,-134.0,4.242640687119285,-137.0,-136.4,-135.5,-134.0,-132.5,-131.6,-131.0,-24.0,8.48528137423857,-30.0,-28.8,-27.0,-24.0,-21.0,-19.2,-18.0
40.437,-86.906,0,2350,313,lte,258,1,-137.0,nan,-137.0,-137.0,-137.0,-137.0,-137.0,-137.0,-137.0,-30.0,nan,-30.0,-30.0,-30.0,-30.0,-30.0,-30.0,-30.0
40.437,-86.906,0,2350,324,lte,258,2,-133.5,4.949747468305833,-137.0,-136.3,-135.25,-133.5,-131.75,-130.7,-130.0,-24.0,8.48528137423857,-30.0,-28.8,-27.0,-24.0,-21.0,-19.2,-18.0
40.437,-86.906,0,5035,326,lte,258,11,-114.0,0.674199862463242,-115.0,-115.0,-115.0,-114.0,-114.0,-114.0,-113.0,-17.0,0.7862453931068966,-18.0,-18.0,-17.0,-17.0,-16.0,-16.0,-16.0
40.437,-86.906,0,5035,429,lte,258,11,-114.0,1.640399064529449,-116.0,-116.0,-115.0,-114.0,-113.0,-112.0,-111.0,-17.0,1.3280197150781925,-19.0,-18.0,-18.0,-17.0,-16.0,-15.0,-15.0
40.437,-86.906,0,5035,460,lte,258,12,-113.5,3.146667308679955,-118.0,-117.9,-117.0,-113.5,-111.0,-110.1,-110.0,-20.0,3.0883456393154556,-22.0,-22.0,-22.0,-20.0,-15.75,-15.0,-15.0
40.437,-86.906,0,66736,227,lte,258,2,-128.0,0.0,-128.0,-128.0,-128.0,-128.0,-128.0,-128.0,-128.0,-18.0,0.0,-18.0,-18.0,-18.0,-18.0,-18.0,-18.0,-18.0
40.437,-86.906,0,66736,282,lte,258,1,-127.0,nan,-127.0,-127.0,-127.0,-127.0,-127.0,-127.0,-127.0,-17.0,nan,-17.0,-17.0,-17.0,-17.0,-17.0,-17.0,-17.0
40.437,-86.906,0,66736,448,lte,258,8,-132.5,2.5071326821120348,-133.0,-133.0,-133.0,-132.5,-128.0,-128.0,-128.0,-24.0,3.955105199973465,-25.0,-25.0,-25.0,-24.0,-17.0,-17.0,-17.0
40.437,-86.906,0,67011,1,lte,258,2,-132.0,1.4142135623730951,-133.0,-132.8,-132.5,-132.0,-131.5,-131.2,-131.0,-26.0,1.4142135623730951,-27.0,-26.8,-26.5,-26.0,-25.5,-25.2,-25.0
40.437,-86.906,0,67011,81,lte,258,3,-125.0,0.0,-125.0,-125.0,-125.0,-125.0,-125.0,-125.0,-125.0,-20.0,0.0,-20.0,-20.0,-20.0,-20.0,-20.0,-20.0,-20.0
40.437,-86.906,0,67011,119,lte,258,3,-125.0,0.0,-125.0,-125.0,-125.0,-125.0,-125.0,-125.0,-125.0,-19.0,0.5773502691896258,-20.0,-19.8,-19.5,-19.0,-19.0,-19.0,-19.0
40.437,-86.906,0,67011,329,lte,258,5,-124.0,1.224744871391589,-125.0,-125.0,-125.0,-124.0,-124.0,-122.8,-122.0,-19.0,2.0,-20.0,-19.6,-19.0,-19.0,-17.0,-15.8,-15.0
40.437,-86.906,0,67011,396,lte,258,2,-126.0,0.0,-126.0,-126.0,-126.0,-126.0,-126.0,-126.0,-126.0,-20.0,0.0,-20.0,-20.0,-20.0,-20.0,-20.0,-20.0,-20.0
40.437,-86.906,0,125290,137,sub6,258,22,-109.0,1.6729319468230912,-111.0,-110.9,-110.0,-109.0,-107.25,-106.1,-106.0,-17.0,1.4452489711965162,-19.0,-18.0,-18.0,-17.0,-15.0,-15.0,-15.0
40.437,-86.906,0,125290,167,sub6,258,4,-112.5,3.366501646120693,-113.0,-113.0,-113.0,-112.5,-110.5,-107.8,-106.0,-19.5,3.1091263510296048,-21.0,-20.7,-20.25,-19.5,-17.75,-15.5,-14.0
40.437,-86.906,0,125290,218,sub6,258,25,-113.0,3.316624790355399,-121.0,-117.6,-116.0,-113.0,-111.0,-109.0,-109.0,-20.0,2.297099620536007,-25.0,-23.2,-22.0,-20.0,-18.0,-17.4,-17.0
40.437,-86.906,0,125290,333,sub6,258,20,-109.5,2.1636956688426445,-115.0,-112.2,-111.0,-109.5,-109.0,-107.9,-106.0,-17.5,1.5927467172350909,-21.0,-19.1,-19.0,-17.5,-17.0,-15.899999999999999,-15.0
40.437,-86.906,0,125290,385,sub6,258,5,-109.0,1.7888543819998317,-111.0,-110.6,-110.0,-109.0,-107.0,-107.0,-107.0,-17.0,0.5477225575051661,-17.0,-17.0,-17.0,-17.0,-16.0,-16.0,-16.0
40.437,-86.906,0,125290,485,sub6,258,25,-108.0,1.0519822558706333,-109.0,-109.0,-109.0,-108.0,-107.0,-106.4,-106.0,-16.0,0.7371114795831993,-17.0,-17.0,-16.0,-16.0,-15.0,-15.0,-15.0
40.437,-86.906,0,512190,0,sub6,258,2,-121.0,0.0,-121.0,-121.0,-121.0,-121.0,-121.0,-121.0,-121.0,-18.5,0.7071067811865476,-19.0,-18.9,-18.75,-18.5,-18.25,-18.1,-18.0
40.437,-86.906,0,512190,89,sub6,258,2,-115.0,0.0,-115.0,-115.0,-115.0,-115.0,-115.0,-115.0,-115.0,-14.0,0.0,-14.0,-14.0,-14.0,-14.0,-14.0,-14.0,-14.0
40.437,-86.906,0,512190,400,sub6,258,2,-113.0,1.4142135623730951,-114.0,-113.8,-113.5,-113.0,-112.5,-112.2,-112.0,-12.0,0.0,-12.0,-12.0,-12.0,-12.0,-12.0,-12.0,-12.0
40.437,-86.906,0,512190,540,sub6,258,2,-119.5,0.7071067811865476,-120.0,-119.9,-119.75,-119.5,-119.25,-119.1,-119.0,-14.5,0.7071067811865476,-15.0,-14.9,-14.75,-14.5,-14.25,-14.1,-14.0
40.437,-86.906,0,512190,572,sub6,258,2,-116.0,0.0,-116.0,-116.0,-116.0,-116.0,-116.0,-116.0,-116.0,-12.5,0.7071067811865476,-13.0,-12.9,-12.75,-12.5,-12.25,-12.1,-12.0
40.437,-86.906,0,512190,698,sub6,258,2,-116.0,0.0,-116.0,-116.0,-116.0,-116.0,-116.0,-116.0,-116.0,-15.0,0.0,-15.0,-15.0,-15.0,-15.0,-15.0,-15.0,-15.0
40.437,-86.906,0,512190,790,sub6,258,2,-115.0,0.0,-115.0,-115.0,-115.0,-115.0,-115.0,-115.0,-115.0,-13.0,0.0,-13.0,-13.0,-13.0,-13.0,-13.0,-13.0,-13.0
40.437,-86.906,0,512190,857,sub6,258,2,-123.5,0.7071067811865476,-124.0,-123.9,-123.75,-123.5,-123.25,-123.1,-123.0,-16.5,0.7071067811865476,-17.0,-16.9,-16.75,-16.5,-16.25,-16.1,-16.0
40.4375,-86.9065,0,1001,16,lte,183,10,-121.0,1.6193277068654828,-125.0,-122.3,-121.75,-121.0,-120.25,-119.9,-119.0,-19.0,1.4298407059684812,-21.0,-20.1,-19.0,-19.0,-18.0,-16.9,-16.0
40.4375,-86.9065,0,1001,99,lte,183,17,-120.0,1.8668942438303944,-122.0,-122.0,-122.0,-120.0,-119.0,-117.6,-116.0,-18.0,0.874474632195206,-19.0,-18.4,-18.0,-18.0,-17.0,-16.6,-16.0
40.4375,-86.9065,0,1001,298,lte,183,18,-120.0,2.1910393868598614,-123.0,-121.6,-120.75,-120.0,-117.0,-116.7,-116.0,-19.5,1.6409785061104065,-24.0,-22.6,-20.0,-19.5,-19.0,-19.0,-19.0
40.4375,-86.9065,0,1001,374,lte,183,18,-118.5,1.7675358572136375,-122.0,-121.0,-120.0,-118.5,-117.0,-117.0,-117.0,-17.5,1.1991282236408354,-19.0,-19.0,-18.0,-17.5,-17.0,-16.7,-14.0
40.4375,-86.9065,0,1001,443,lte,183,18,-120.5,1.8786728732554483,-122.0,-121.3,-121.0,-120.5,-119.0,-117.0,-116.0,-18.0,1.084652289093281,-20.0,-19.0,-18.0,-18.0,-17.0,-16.0,-16.0
40.4375,-86.9065,0,1001,467,lte,183,15,-122.0,1.8847761013926696,-126.0,-123.0,-122.5,-122.0,-120.0,-119.4,-119.0,-18.0,0.8164965809277263,-20.0,-20.0,-19.0,-18.0,-18.0,-18.0,-18.0
40.4375,-86.9065,0,5035,326,lte,183,2,-108.5,0.7071067811865476,-109.0,-108.9,-108.75,-108.5,-108.25,-108.1,-108.0,-16.0,0.0,-16.0,-16.0,-16.0,-16.0,-16.0,-16.0,-16.0
40.4375,-86.9065,0,5035,429,lte,183,2,-109.5,0.7071067811865476,-110.0,-109.9,-109.75,-109.5,-109.25,-109.1,-109.0,-17.0,0.0,-17.0,-17.0,-17.0,-17.0,-17.0,-17.0,-17.0
40.4375,-86.9065,0,5035,460,lte,183,2,-113.0,0.0,-113.0,-113.0,-113.0,-113.0,-113.0,-113.0,-113.0,-20.5,0.7071067811865476,-21.0,-20.9,-20.75,-20.5,-20.25,-20.1,-20.0
40.4375,-86.9065,0,66736,65,lte,183,1,-124.0,nan,-124.0,-124.0,-124.0,-124.0,-124.0,-124.0,-124.0,-19.0,nan,-19.0,-19.0,-19.0,-19.0,-19.0,-19.0,-19.0
40.4375,-86.9065,0,66736,282,lte,183,1,-121.0,nan,-121.0,-121.0,-121.0,-121.0,-121.0,-121.0,-121.0,-16.0,nan,-16.0,-16.0,-16.0,-16.0,-16.0,-16.0,-16.0
40.4375,-86.9065,0,66736,448,lte,183,1,-123.0,nan,-123.0,-123.0,-123.0,-123.0,-123.0,-123.0,-123.0,-19.0,nan,-19.0,-19.0,-19.0,-19.0,-19.0,-19.0,-19.0
40.4375,-86.9065,0,67011,1,lte,183,2,-122.5,0.7071067811865476,-123.0,-122.9,-122.75,-122.5,-122.25,-122.1,-122.0,-18.0,0.0,-18.0,-18.0,-18.0,-18.0,-18.0,-18.0,-18.0
40.4375,-86.9065,0,67011,81,lte,183,2,-121.0,0.0,-121.0,-121.0,-121.0,-121.0,-121.0,-121.0,-121.0,-17.0,0.0,-17.0,-17.0,-17.0,-17.0,-17.0,-17.0,-17.0
40.4375,-86.9065,0,67011,119,lte,183,2,-120.0,1.4142135623730951,-121.0,-120.8,-120.5,-120.0,-119.5,-119.2,-119.0,-16.0,1.4142135623730951,-17.0,-16.8,-16.5,-16.0,-15.5,-15.2,-15.0
40.4375,-86.9065,0,67011,329,lte,183,2,-121.5,0.7071067811865476,-122.0,-121.9,-121.75,-121.5,-121.25,-121.1,-121.0,-16.5,0.7071067811865476,-17.0,-16.9,-16.75,-16.5,-16.25,-16.1,-16.0
40.4375,-86.9065,0,512190,0,sub6,183,3,-121.0,2.6457513110645907,-122.0,-121.8,-121.5,-121.0,-119.0,-117.8,-117.0,-19.0,2.081665999466133,-20.0,-19.8,-19.5,-19.0,-17.5,-16.6,-16.0
40.4375,-86.9065,0,512190,89,sub6,183,9,-114.0,1.6583123951777,-116.0,-116.0,-115.0,-114.0,-113.0,-112.6,-111.0,-14.0,1.2692955176439846,-16.0,-16.0,-15.0,-14.0,-13.0,-13.0,-13.0
40.4375,-86.9065,0,512190,400,sub6,183,10,-112.5,3.3482997343593834,-116.0,-113.3,-113.0,-112.5,-112.0,-111.10000000000001,-103.0,-12.0,1.0,-14.0,-13.2,-12.0,-12.0,-11.0,-11.0,-11.0
40.4375,-86.9065,0,512190,540,sub6,183,8,-118.0,0.7559289460184544,-119.0,-119.0,-118.25,-118.0,-117.75,-117.0,-117.0,-15.0,0.9161253813129043,-15.0,-15.0,-15.0,-15.0,-13.75,-13.0,-13.0
40.4375,-86.9065,0,512190,572,sub6,183,9,-117.0,0.7817359599705715,-118.0,-118.0,-118.0,-117.0,-117.0,-116.0,-116.0,-13.0,0.6009252125773316,-14.0,-14.0,-13.0,-13.0,-13.0,-12.8,-12.0
40.4375,-86.9065,0,512190,698,sub6,183,9,-116.0,1.3228756555322954,-117.0,-117.0,-116.0,-116.0,-116.0,-113.8,-113.0,-15.0,1.2018504251546631,-17.0,-16.2,-16.0,-15.0,-15.0,-13.8,-13.0
40.4375,-86.9065,0,512190,790,sub6,183,9,-115.0,1.130388330520878,-116.0,-116.0,-115.0,-115.0,-114.0,-113.0,-113.0,-13.0,0.7071067811865476,-14.0,-13.2,-13.0,-13.0,-12.0,-12.0,-12.0
40.4375,-86.9065,0,512190,857,sub6,183,7,-123.0,1.4142135623730951,-125.0,-124.4,-124.0,-123.0,-122.0,-121.6,-121.0,-16.0,0.48795003647426666,-16.0,-16.0,-16.0,-16.0,-15.5,-15.0,-15.0
40.4375,-86.9065,0,520110,89,sub6,183,1,-119.0,nan,-119.0,-119.0,-119.0,-119.0,-119.0,-119.0,-119.0,-18.0,nan,-18.0,-18.0,-18.0,-18.0,-18.0,-18.0,-18.0
40.4375,-86.9065,0,520110,400,sub6,183,1,-112.0,nan,-112.0,-112.0,-112.0,-112.0,-112.0,-112.0,-112.0,-12.0,nan,-12.0,-12.0,-12.0,-12.0,-12.0,-12.0,-12.0
40.4375,-86.9065,0,520110,540,sub6,183,1,-114.0,nan,-114.0,-114.0,-114.0,-114.0,-114.0,-114.0,-114.0,-13.0,nan,-13.0,-13.0,-13.0,-13.0,-13.0,-13.0,-13.0
40.4375,-86.9065,0,520110,572,sub6,183,1,-115.0,nan,-115.0,-115.0,-115.0,-115.0,-115.0,-115.0,-115.0,-13.0,nan,-13.0,-13.0,-13.0,-13.0,-13.0,-13.0,-13.0
40.4375,-86.9065,0,520110,698,sub6,183,1,-116.0,nan,-116.0,-116.0,-116.0,-116.0,-116.0,-116.0,-116.0,-16.0,nan,-16.0,-16.0,-16.0,-16.0,-16.0,-16.0,-16.0
40.4375,-86.9065,0,520110,790,sub6,183,1,-116.0,nan,-116.0,-116.0,-116.0,-116.0,-116.0,-116.0,-116.0,-14.0,nan,-14.0,-14.0,-14.0,-14.0,-14.0,-14.0,-14.0
40.4375,-86.906,0,125290,137,sub6,105,24,-107.0,0.8968544062928813,-108.0,-108.0,-107.0,-107.0,-106.0,-106.0,-104.0,-16.0,0.7506036218280918,-17.0,-17.0,-16.25,-16.0,-15.0,-15.0,-15.0
40.4375,-86.906,0,125290,167,sub6,105,6,-107.5,2.3380903889000244,-113.0,-110.5,-108.0,-107.5,-107.0,-107.0,-107.0,-16.0,2.0,-21.0,-19.0,-16.75,-16.0,-16.0,-16.0,-16.0
40.4375,-86.906,0,125290,218,sub6,105,20,-112.0,2.9629288497061577,-118.0,-116.1,-115.0,-112.0,-109.75,-109.0,-109.0,-20.0,2.417044737516849,-25.0,-23.1,-22.25,-20.0,-18.0,-17.9,-17.0
40.4375,-86.906,0,125290,333,sub6,105,16,-107.5,1.5903353943953669,-110.0,-109.0,-109.0,-107.5,-106.0,-106.0,-105.0,-18.0,0.6191391873668903,-19.0,-18.0,-18.0,-18.0,-17.0,-17.0,-17.0
40.4375,-86.906,0,125290,385,sub6,105,12,-108.0,1.1677484162422844,-112.0,-109.0,-108.25,-108.0,-108.0,-108.0,-108.0,-18.0,1.0298573010888745,-20.0,-19.0,-19.0,-18.0,-17.0,-17.0,-17.0
40.4375,-86.906,0,125290,485,sub6,105,25,-107.0,1.036018017861337,-109.0,-108.0,-107.0,-107.0,-106.0,-105.4,-105.0,-16.0,0.5537749241945382,-17.0,-16.0,-16.0,-16.0,-16.0,-15.0,-15.0
40.4375,-86.906,0,125290,867,sub6,105,2,-115.5,6.363961030678928,-120.0,-119.1,-117.75,-115.5,-113.25,-111.9,-111.0,-22.0,5.656854249492381,-26.0,-25.2,-24.0,-22.0,-20.0,-18.8,-18.0
40.438,-86.9065,0,1001,99,lte,683,4,-127.0,1.5,-128.0,-128.0,-128.0,-127.0,-125.75,-125.3,-125.0,-20.0,0.5,-20.0,-20.0,-20.0,-20.0,-19.75,-19.3,-19.0
40.438,-86.9065,0,1001,298,lte,683,14,-120.0,6.378190862722649,-129.0,-127.4,-124.0,-120.0,-114.0,-111.6,-111.0,-17.5,2.55489188175792,-22.0,-20.4,-18.75,-17.5,-15.25,-14.299999999999999,-13.0
40.438,-86.9065,0,1001,374,lte,683,19,-123.0,3.8365737638697937,-129.0,-128.0,-126.0,-123.0,-118.5,-118.0,-118.0,-18.0,1.3701069237311885,-20.0,-20.0,-19.0,-18.0,-17.0,-16.0,-16.0
40.438,-86.9065,0,1001,443,lte,683,17,-123.0,3.230142958045629,-129.0,-126.4,-126.0,-123.0,-121.0,-119.0,-118.0,-17.0,2.399448466038909,-23.0,-20.4,-19.0,-17.0,-15.0,-15.0,-15.0
40.438,-86.9065,0,1001,467,lte,683,11,-123.0,2.750206603809315,-124.0,-124.0,-124.0,-123.0,-119.5,-118.0,-117.0,-17.0,1.8090680674665818,-20.0,-20.0,-19.0,-17.0,-16.5,-15.0,-15.0
40.438,-86.9065,0,2350,32,lte,683,13,-124.0,2.4205318339105477,-127.0,-126.8,-126.0,-124.0,-121.0,-121.0,-120.0,-15.0,2.8170724939016805,-19.0,-17.8,-16.0,-15.0,-11.0,-11.0,-11.0
40.438,-86.9065,0,2350,158,lte,683,10,-127.0,1.7919573407620815,-128.0,-128.0,-127.0,-127.0,-124.5,-123.9,-123.0,-18.5,1.699673171197595,-20.0,-19.1,-19.0,-18.5,-18.0,-15.0,-15.0
40.438,-86.9065,0,2350,313,lte,683,11,-128.0,1.8040358795061298,-129.0,-129.0,-129.0,-128.0,-127.5,-126.0,-123.0,-20.0,1.7215215257545762,-21.0,-21.0,-20.0,-20.0,-18.0,-17.0,-16.0
40.438,-86.9065,0,2350,324,lte,683,10,-126.0,2.8596814119369625,-129.0,-129.0,-128.75,-126.0,-123.0,-122.9,-122.0,-18.5,2.440400695696417,-20.0,-20.0,-20.0,-18.5,-16.0,-14.9,-14.0
40.438,-86.9065,0,5035,34,lte,683,28,-113.0,1.1818736805705576,-114.0,-114.0,-114.0,-113.0,-112.0,-111.0,-110.0,-18.0,0.693888666488711,-20.0,-19.0,-19.0,-18.0,-18.0,-18.0,-17.0
40.438,-86.9065,0,5035,294,lte,683,38,-114.0,2.6320056553052904,-116.0,-115.3,-115.0,-114.0,-111.25,-108.69999999999999,-107.0,-20.0,1.0617492745692663,-22.0,-21.0,-21.0,-20.0,-20.0,-20.0,-16.0
40.438,-86.9065,0,5035,300,lte,683,16,-116.0,0.5163977794943222,-117.0,-116.5,-116.0,-116.0,-116.0,-115.5,-115.0,-21.5,0.7187952884282609,-22.0,-22.0,-22.0,-21.5,-21.0,-20.5,-20.0
40.438,-86.9065,0,5035,326,lte,683,63,-111.0,2.2685769487164906,-113.0,-113.0,-112.0,-111.0,-110.0,-107.0,-105.0,-17.0,0.9650842495901399,-19.0,-18.0,-18.0,-17.0,-16.0,-16.0,-15.0
40.438,-86.9065,0,5035,332,lte,683,56,-109.0,1.3172186360148934,-111.0,-111.0,-110.0,-109.0,-108.0,-107.0,-106.0,-14.0,1.7557882012908639,-19.0,-17.0,-15.25,-14.0,-13.0,-13.0,-12.0
40.438,-86.9065,0,5035,348,lte,683,20,-115.0,0.7591546545162482,-116.0,-116.0,-116.0,-115.0,-114.75,-114.0,-114.0,-21.0,0.6569466853317864,-22.0,-21.1,-21.0,-21.0,-20.0,-20.0,-20.0
40.438,-86.9065,0,5035,429,lte,683,63,-112.0,2.0846155808243556,-114.0,-113.0,-113.0,-112.0,-111.0,-107.19999999999999,-106.0,-19.0,0.9976931918526476,-23.0,-20.0,-20.0,-19.0,-19.0,-18.0,-17.0
40.438,-86.9065,0,5035,460,lte,683,63,-114.0,3.582971617509572,-116.0,-115.0,-114.0,-114.0,-112.0,-107.0,-101.0,-19.0,1.6490621704431543,-21.0,-20.0,-20.0,-19.0,-18.0,-16.0,-14.0
40.438,-86.9065,0,5035,479,lte,683,8,-112.0,0.4629100498862757,-113.0,-113.0,-112.25,-112.0,-112.0,-112.0,-112.0,-18.0,0.3535533905932738,-19.0,-18.3,-18.0,-18.0,-18.0,-18.0,-18.0
40.438,-86.9065,0,66736,65,lte,683,3,-127.0,2.3094010767585034,-131.0,-130.2,-129.0,-127.0,-127.0,-127.0,-127.0,-18.0,3.4641016151377544,-24.0,-22.8,-21.0,-18.0,-18.0,-18.0,-18.0
40.438,-86.9065,0,66736,179,lte,683,14,-125.0,1.8590438284354556,-126.0,-125.0,-125.0,-125.0,-124.0,-120.89999999999999,-120.0,-16.0,1.780541959721722,-20.0,-19.1,-17.0,-16.0,-15.0,-15.0,-14.0
40.438,-86.9065,0,66736,227,lte,683,15,-126.0,2.2038926600773587,-127.0,-127.0,-127.0,-126.0,-123.0,-122.0,-121.0,-18.0,2.210365192839022,-22.0,-20.6,-19.5,-18.0,-16.0,-15.4,-15.0
40.438,-86.9065,0,66736,282,lte,683,13,-128.0,2.926448797451027,-129.0,-129.0,-129.0,-128.0,-125.0,-121.6,-121.0,-19.0,0.6602252917735247,-19.0,-19.0,-19.0,-19.0,-18.0,-18.0,-17.0
40.438,-86.9065,0,66736,448,lte,683,3,-114.0,4.618802153517006,-122.0,-120.4,-118.0,-114.0,-114.0,-114.0,-114.0,-14.0,1.7320508075688772,-17.0,-16.4,-15.5,-14.0,-14.0,-14.0,-14.0
40.438,-86.9065,0,66736,494,lte,683,2,-129.0,0.0,-129.0,-129.0,-129.0,-129.0,-129.0,-129.0,-129.0,-19.5,0.7071067811865476,-20.0,-19.9,-19.75,-19.5,-19.25,-19.1,-19.0
40.438,-86.9065,0,67011,1,lte,683,2,-109.5,0.7071067811865476,-110.0,-109.9,-109.75,-109.5,-109.25,-109.1,-109.0,-10.5,0.7071067811865476,-11.0,-10.9,-10.75,-10.5,-10.25,-10.1,-10.0
40.438,-86.9065,0,67011,81,lte,683,12,-123.5,3.646293261032983,-130.0,-128.9,-125.0,-123.5,-121.0,-119.2,-119.0,-18.0,2.393172105652397,-21.0,-20.0,-19.25,-18.0,-15.0,-15.0,-14.0
40.438,-86.9065,0,67011,119,lte,683,12,-124.0,2.657180095628834,-126.0,-125.0,-125.0,-124.0,-120.75,-119.1,-119.0,-16.0,1.6764862244009222,-20.0,-17.0,-17.0,-16.0,-15.5,-14.0,-14.0
40.438,-86.9065,0,67011,191,lte,683,2,-125.0,2.8284271247461903,-127.0,-126.6,-126.0,-125.0,-124.0,-123.4,-123.0,-18.5,3.5355339059327378,-21.0,-20.5,-19.75,-18.5,-17.25,-16.5,-16.0
40.438,-86.9065,0,67011,329,lte,683,13,-123.0,1.4719601443879744,-125.0,-125.0,-124.0,-123.0,-122.0,-121.0,-121.0,-16.0,1.5811388300841898,-20.0,-17.0,-16.0,-16.0,-16.0,-14.0,-14.0
40.438,-86.9065,0,67011,396,lte,683,6,-128.5,1.2649110640673518,-129.0,-129.0,-129.0,-128.5,-127.25,-126.5,-126.0,-20.0,1.0327955589886446,-22.0,-22.0,-21.5,-20.0,-20.0,-20.0,-20.0
40.438,-86.9065,0,67011,450,lte,683,1,-126.0,nan,-126.0,-126.0,-126.0,-126.0,-126.0,-126.0,-126.0,-19.0,nan,-19.0,-19.0,-19.0,-19.0,-19.0,-19.0,-19.0
40.438,-86.9065,0,125290,137,sub6,683,26,-107.0,1.4512594000225614,-110.0,-109.0,-108.0,-107.0,-106.0,-105.0,-105.0,-16.0,0.8805592628464114,-18.0,-17.0,-17.0,-16.0,-16.0,-15.0,-15.0
40.438,-86.9065,0,125290,167,sub6,683,1,-111.0,nan,-111.0,-111.0,-111.0,-111.0,-111.0,-111.0,-111.0,-17.0,nan,-17.0,-17.0,-17.0,-17.0,-17.0,-17.0,-17.0
40.438,-86.9065,0,125290,333,sub6,683,26,-108.0,2.0847431127488703,-113.0,-112.0,-110.0,-108.0,-107.25,-106.5,-106.0,-18.0,1.2483835702465569,-21.0,-19.0,-19.0,-18.0,-17.0,-17.0,-16.0
40.438,-86.9065,0,125290,385,sub6,683,24,-110.5,3.078384198790384,-116.0,-114.7,-113.0,-110.5,-109.75,-109.0,-103.0,-19.0,2.07075915505905,-23.0,-21.0,-20.25,-19.0,-17.0,-16.3,-15.0
40.438,-86.9065,0,125290,485,sub6,683,26,-107.0,2.0065278084676152,-115.0,-108.0,-107.0,-107.0,-105.5,-105.0,-104.0,-16.0,0.9156754547663372,-19.0,-17.0,-16.0,-16.0,-15.25,-15.0,-15.0
40.438,-86.9065,0,125290,867,sub6,683,5,-114.0,2.8809720581775866,-117.0,-116.2,-115.0,-114.0,-111.0,-110.4,-110.0,-21.0,1.816590212458495,-24.0,-23.6,-23.0,-21.0,-20.0,-20.0,-20.0
40.438,-86.9065,0,512190,89,sub6,683,1,-121.0,nan,-121.0,-121.0,-121.0,-121.0,-121.0,-121.0,-121.0,-17.0,nan,-17.0,-17.0,-17.0,-17.0,-17.0,-17.0,-17.0
40.438,-86.9065,0,512190,400,sub6,683,1,-104.0,nan,-104.0,-104.0,-104.0,-104.0,-104.0,-104.0,-104.0,-10.0,nan,-10.0,-10.0,-10.0,-10.0,-10.0,-10.0,-10.0
40.438,-86.9065,0,512190,540,sub6,683,1,-117.0,nan,-117.0,-117.0,-117.0,-117.0,-117.0,-117.0,-117.0,-15.0,nan,-15.0,-15.0,-15.0,-15.0,-15.0,-15.0,-15.0
40.438,-86.9065,0,512190,572,sub6,683,1,-122.0,nan,-122.0,-122.0,-122.0,-122.0,-122.0,-122.0,-122.0,-16.0,nan,-16.0,-16.0,-16.0,-16.0,-16.0,-16.0,-16.0
40.438,-86.9065,0,512190,698,sub6,683,1,-119.0,nan,-119.0,-119.0,-119.0,-119.0,-119.0,-119.0,-119.0,-16.0,nan,-16.0,-16.0,-16.0,-16.0,-16.0,-16.0,-16.0
40.438,-86.9065,0,512190,790,sub6,683,1,-117.0,nan,-117.0,-117.0,-117.0,-117.0,-117.0,-117.0,-117.0,-15.0,nan,-15.0,-15.0,-15.0,-15.0,-15.0,-15.0,-15.0
40.438,-86.9065,0,512190,857,sub6,683,1,-122.0,nan,-122.0,-122.0,-122.0,-122.0,-122.0,-122.0,-122.0,-17.0,nan,-17.0,-17.0,-17.0,-17.0,-17.0,-17.0,-17.0
40.438,-86.9065,0,520110,89,sub6,683,1,-116.0,nan,-116.0,-116.0,-116.0,-116.0,-116.0,-116.0,-116.0,-13.0,nan,-13.0,-13.0,-13.0,-13.0,-13.0,-13.0,-13.0
40.438,-86.9065,0,520110,400,sub6,683,1,-107.0,nan,-107.0,-107.0,-107.0,-107.0,-107.0,-107.0,-107.0,-11.0,nan,-11.0,-11.0,-11.0,-11.0,-11.0,-11.0,-11.0
40.438,-86.9065,0,520110,540,sub6,683,1,-120.0,nan,-120.0,-120.0,-120.0,-120.0,-120.0,-120.0,-120.0,-15.0,nan,-15.0,-15.0,-15.0,-15.0,-15.0,-15.0,-15.0
40.438,-86.9065,0,520110,572,sub6,683,1,-115.0,nan,-115.0,-115.0,-115.0,-115.0,-115.0,-115.0,-115.0,-13.0,nan,-13.0,-13.0,-13.0,-13.0,-13.0,-13.0,-13.0
40.438,-86.9065,0,520110,698,sub6,683,1,-117.0,nan,-117.0,-117.0,-117.0,-117.0,-117.0,-117.0,-117.0,-16.0,nan,-16.0,-16.0,-16.0,-16.0,-16.0,-16.0,-16.0
40.438,-86.9065,0,520110,790,sub6,683,1,-118.0,nan,-118.0,-118.0,-118.0,-118.0,-118.0,-118.0,-118.0,-15.0,nan,-15.0,-15.0,-15.0,-15.0,-15.0,-15.0,-15.0
40.438,-86.906,0,125290,137,sub6,19,6,-106.0,0.6324555320336759,-107.0,-106.5,-106.0,-106.0,-106.0,-105.5,-105.0,-16.5,0.5477225575051661,-17.0,-17.0,-17.0,-16.5,-16.0,-16.0,-16.0
40.438,-86.906,0,125290,333,sub6,19,6,-106.0,0.408248290463863,-106.0,-106.0,-106.0,-106.0,-106.0,-105.5,-105.0,-17.0,0.5163977794943222,-18.0,-18.0,-17.75,-17.0,-17.0,-17.0,-17.0
40.438,-86.906,0,125290,385,sub6,19,1,-107.0,nan,-107.0,-107.0,-107.0,-107.0,-107.0,-107.0,-107.0,-19.0,nan,-19.0,-19.0,-19.0,-19.0,-19.0,-19.0,-19.0
40.438,-86.906,0,125290,485,sub6,19,6,-105.0,0.408248290463863,-105.0,-105.0,-105.0,-105.0,-105.0,-104.5,-104.0,-15.5,0.5477225575051661,-16.0,-16.0,-16.0,-15.5,-15.0,-15.0,-15.0
40.4385,-86.9075,0,1001,99,lte,452,39,-117.0,1.202785790246947,-120.0,-119.0,-118.0,-117.0,-116.5,-116.0,-115.0,-19.0,0.8801300357856434,-21.0,-20.2,-20.0,-19.0,-19.0,-18.0,-18.0
40.4385,-86.9075,0,1001,298,lte,452,23,-122.0,2.23606797749979,-127.0,-125.0,-123.0,-122.0,-120.5,-119.2,-119.0,-20.0,1.260528780442601,-22.0,-22.0,-20.5,-20.0,-19.0,-19.0,-18.0
40.4385,-86.9075,0,1001,374,lte,452,39,-117.0,1.779702624176108,-122.0,-118.2,-118.0,-117.0,-116.0,-114.0,-114.0,-15.0,1.2392588442818973,-18.0,-16.2,-16.0,-15.0,-14.0,-14.0,-12.0
40.4385,-86.9075,0,1001,443,lte,452,39,-118.0,1.5792172508892095,-122.0,-120.0,-119.0,-118.0,-117.0,-116.0,-116.0,-17.0,1.0305718182662422,-19.0,-18.0,-17.0,-17.0,-16.0,-15.0,-14.0
40.4385,-86.9075,0,2100,32,lte,452,2,-127.5,0.7071067811865476,-128.0,-127.9,-127.75,-127.5,-127.25,-127.1,-127.0,-20.5,0.7071067811865476,-21.0,-20.9,-20.75,-20.5,-20.25,-20.1,-20.0
40.4385,-86.9075,0,2100,324,lte,452,2,-125.5,0.7071067811865476,-126.0,-125.9,-125.75,-125.5,-125.25,-125.1,-125.0,-18.5,0.7071067811865476,-19.0,-18.9,-18.75,-18.5,-18.25,-18.1,-18.0
40.4385,-86.9075,0,2350,313,lte,452,2,-126.0,0.0,-126.0,-126.0,-126.0,-126.0,-126.0,-126.0,-126.0,-20.5,0.7071067811865476,-21.0,-20.9,-20.75,-20.5,-20.25,-20.1,-20.0
40.4385,-86.9075,0,2350,324,lte,452,1,-125.0,nan,-125.0,-125.0,-125.0,-125.0,-125.0,-125.0,-125.0,-18.0,nan,-18.0,-18.0,-18.0,-18.0,-18.0,-18.0,-18.0
40.4385,-86.9075,0,5035,114,lte,452,3,-113.0,1.7320508075688772,-113.0,-113.0,-113.0,-113.0,-111.5,-110.6,-110.0,-20.0,1.0,-21.0,-20.8,-20.5,-20.0,-19.5,-19.2,-19.0
40.4385,-86.9075,0,5035,326,lte,452,2,-109.0,0.0,-109.0,-109.0,-109.0,-109.0,-109.0,-109.0,-109.0,-17.0,0.0,-17.0,-17.0,-17.0,-17.0,-17.0,-17.0,-17.0
40.4385,-86.9075,0,5035,372,lte,452,2,-109.0,0.0,-109.0,-109.0,-109.0,-109.0,-109.0,-109.0,-109.0,-17.5,0.7071067811865476,-18.0,-17.9,-17.75,-17.5,-17.25,-17.1,-17.0
40.4385,-86.9075,0,5035,429,lte,452,5,-108.0,2.1908902300206643,-108.0,-108.0,-108.0,-108.0,-104.0,-104.0,-104.0,-15.0,2.3021728866442674,-17.0,-16.6,-16.0,-15.0,-12.0,-12.0,-12.0
40.4385,-86.9075,0,5035,460,lte,452,3,-111.0,1.7320508075688772,-114.0,-113.4,-112.5,-111.0,-111.0,-111.0,-111.0,-19.0,2.081665999466133,-20.0,-19.8,-19.5,-19.0,-17.5,-16.6,-16.0
40.4385,-86.9075,0,66736,179,lte,452,6,-119.5,2.4289915602982237,-123.0,-122.0,-120.75,-119.5,-118.25,-117.0,-116.0,-16.5,1.9407902170679516,-18.0,-17.5,-17.0,-16.5,-14.5,-13.5,-13.0
40.4385,-86.9075,0,66736,227,lte,452,9,-119.0,2.7436796055257213,-124.0,-122.4,-122.0,-119.0,-119.0,-116.6,-115.0,-16.0,1.833333333333333,-19.0,-18.2,-16.0,-16.0,-15.0,-13.8,-13.0
40.4385,-86.9075,0,66736,282,lte,452,19,-121.0,0.9428090415820634,-122.0,-122.0,-121.5,-121.0,-121.0,-120.0,-118.0,-20.0,1.3045130838611443,-21.0,-21.0,-20.0,-20.0,-19.0,-17.0,-17.0
40.4385,-86.9075,0,66736,429,lte,452,1,-125.0,nan,-125.0,-125.0,-125.0,-125.0,-125.0,-125.0,-125.0,-20.0,nan,-20.0,-20.0,-20.0,-20.0,-20.0,-20.0,-20.0
40.4385,-86.9075,0,66736,448,lte,452,8,-123.0,1.8322507626258087,-125.0,-124.3,-124.0,-123.0,-122.0,-121.1,-119.0,-19.0,1.1877349391654208,-22.0,-20.6,-19.25,-19.0,-19.0,-18.7,-18.0
40.4385,-86.9075,0,67011,1,lte,452,7,-122.0,1.7728105208558367,-124.0,-123.4,-123.0,-122.0,-121.0,-119.6,-119.0,-18.0,1.618347187425374,-20.0,-20.0,-20.0,-18.0,-17.5,-16.6,-16.0
40.4385,-86.9075,0,67011,81,lte,452,7,-121.0,1.6761634196950517,-121.0,-121.0,-121.0,-121.0,-119.0,-117.6,-117.0,-19.0,1.889822365046136,-19.0,-19.0,-19.0,-19.0,-16.5,-15.0,-15.0
40.4385,-86.9075,0,67011,119,lte,452,7,-120.0,1.7728105208558367,-121.0,-121.0,-120.5,-120.0,-117.5,-117.0,-117.0,-15.0,1.1126972805283735,-17.0,-16.4,-16.0,-15.0,-14.5,-14.0,-14.0
40.4385,-86.9075,0,67011,329,lte,452,7,-121.0,1.8126539343499313,-123.0,-122.4,-121.5,-121.0,-119.0,-118.6,-118.0,-17.0,1.4142135623730951,-19.0,-18.4,-18.0,-17.0,-16.0,-15.6,-15.0
40.4385,-86.9075,0,67011,396,lte,452,7,-123.0,2.058663459163551,-124.0,-124.0,-123.5,-123.0,-122.0,-120.4,-118.0,-20.0,0.9511897312113418,-20.0,-20.0,-20.0,-20.0,-18.5,-18.0,-18.0
40.4385,-86.9075,0,67011,450,lte,452,5,-125.0,1.3038404810405297,-125.0,-125.0,-125.0,-125.0,-124.0,-122.8,-122.0,-21.0,0.4472135954999579,-22.0,-21.6,-21.0,-21.0,-21.0,-21.0,-21.0
40.4385,-86.9075,0,125290,137,sub6,452,4,-108.0,1.1547005383792515,-109.0,-109.0,-109.0,-108.0,-107.0,-107.0,-107.0,-14.0,1.1547005383792517,-16.0,-15.6,-15.0,-14.0,-14.0,-14.0,-14.0
40.4385,-86.9075,0,125290,333,sub6,452,4,-105.0,2.5,-110.0,-108.5,-106.25,-105.0,-105.0,-105.0,-105.0,-16.0,1.5275252316519468,-18.0,-17.6,-17.0,-16.0,-15.5,-15.2,-15.0
40.4385,-86.9075,0,125290,485,sub6,452,4,-105.5,3.947573094109004,-111.0,-110.1,-108.75,-105.5,-103.0,-103.0,-103.0,-18.0,2.6457513110645907,-19.0,-18.8,-18.5,-18.0,-16.0,-14.8,-14.0
40.4385,-86.9075,0,512190,0,sub6,452,16,-120.0,4.064070209367287,-124.0,-124.0,-121.0,-120.0,-115.75,-113.5,-111.0,-16.5,2.462214450449026,-22.0,-20.0,-18.25,-16.5,-15.75,-14.0,-13.0
40.4385,-86.9075,0,512190,89,sub6,452,20,-112.5,3.798891805167452,-121.0,-119.2,-115.0,-112.5,-110.75,-109.9,-107.0,-15.0,1.4608937423083819,-18.0,-17.1,-16.0,-15.0,-14.0,-14.0,-13.0
40.4385,-86.9075,0,512190,348,sub6,452,7,-121.0,2.1491969707422394,-122.0,-121.4,-121.0,-121.0,-117.5,-117.0,-117.0,-15.0,1.2724180205607036,-17.0,-17.0,-16.5,-15.0,-14.5,-14.0,-14.0
40.4385,-86.9075,0,512190,400,sub6,452,19,-113.0,2.8684612905595563,-119.0,-118.0,-115.0,-113.0,-111.0,-110.8,-109.0,-13.0,1.3764944032233706,-16.0,-16.0,-14.0,-13.0,-12.0,-12.0,-12.0
40.4385,-86.9075,0,512190,540,sub6,452,18,-116.0,2.9199561282405724,-120.0,-120.0,-118.5,-116.0,-114.25,-112.7,-110.0,-13.0,1.539246908637998,-16.0,-16.0,-15.0,-13.0,-13.0,-12.0,-11.0
40.4385,-86.9075,0,512190,555,sub6,452,3,-118.0,0.5773502691896257,-119.0,-118.8,-118.5,-118.0,-118.0,-118.0,-118.0,-15.0,0.5773502691896257,-16.0,-15.8,-15.5,-15.0,-15.0,-15.0,-15.0
40.4385,-86.9075,0,512190,572,sub6,452,19,-114.0,2.4850429767895816,-120.0,-116.4,-116.0,-114.0,-113.0,-111.6,-110.0,-15.0,1.1772701101619383,-18.0,-16.2,-15.5,-15.0,-14.0,-14.0,-13.0
40.4385,-86.9075,0,512190,684,sub6,452,10,-122.0,7.890923055426828,-139.0,-139.0,-124.0,-122.0,-119.5,-118.0,-118.0,-17.5,9.297550453987569,-39.0,-39.0,-22.0,-17.5,-16.25,-15.0,-15.0
40.4385,-86.9075,0,512190,698,sub6,452,21,-111.0,1.972429007715155,-113.0,-113.0,-112.0,-111.0,-109.0,-108.0,-107.0,-13.5,1.0954451150103321,-16.0,-15.0,-14.0,-13.5,-13.0,-12.0,-12.0
40.4385,-86.9075,0,512190,790,sub6,452,16,-116.0,2.2721135535003527,-121.0,-119.5,-117.0,-116.0,-115.5,-113.5,-113.0,-17.0,1.7017148213885114,-19.0,-18.5,-18.0,-17.0,-15.0,-14.5,-14.0
40.4385,-86.9075,0,512190,857,sub6,452,10,-119.0,3.155242550986462,-124.0,-124.0,-122.75,-119.0,-118.25,-116.8,-115.0,-15.0,1.523883926754995,-18.0,-18.0,-17.5,-15.0,-15.0,-14.9,-14.0
40.4385,-86.9075,0,520110,0,sub6,452,3,-122.0,9.814954576223638,-139.0,-135.6,-130.5,-122.0,-122.0,-122.0,-122.0,-18.0,12.12435565298214,-39.0,-34.8,-28.5,-18.0,-18.0,-18.0,-18.0
40.4385,-86.9075,0,520110,89,sub6,452,4,-112.0,2.0615528128088303,-115.0,-114.1,-112.75,-112.0,-111.5,-110.6,-110.0,-14.0,1.0,-16.0,-15.4,-14.5,-14.0,-14.0,-14.0,-14.0
40.4385,-86.9075,0,520110,400,sub6,452,4,-112.0,1.9148542155126762,-113.0,-113.0,-113.0,-112.0,-110.5,-109.6,-109.0,-12.5,0.5773502691896257,-13.0,-13.0,-13.0,-12.5,-12.0,-12.0,-12.0
40.4385,-86.9075,0,520110,540,sub6,452,4,-117.0,2.217355782608345,-120.0,-119.4,-118.5,-117.0,-115.75,-115.3,-115.0,-14.0,0.5,-15.0,-14.7,-14.25,-14.0,-14.0,-14.0,-14.0
40.4385,-86.9075,0,520110,555,sub6,452,3,-122.0,1.1547005383792517,-124.0,-123.6,-123.0,-122.0,-122.0,-122.0,-122.0,-18.0,0.0,-18.0,-18.0,-18.0,-18.0,-18.0,-18.0,-18.0
40.4385,-86.9075,0,520110,572,sub6,452,4,-111.5,0.5773502691896257,-112.0,-112.0,-112.0,-111.5,-111.0,-111.0,-111.0,-13.5,1.4142135623730951,-16.0,-15.4,-14.5,-13.5,-13.0,-13.0,-13.0
40.4385,-86.9075,0,520110,684,sub6,452,4,-119.0,2.217355782608345,-122.0,-121.4,-120.5,-119.0,-117.75,-117.3,-117.0,-16.5,1.7320508075688772,-18.0,-18.0,-18.0,-16.5,-15.0,-15.0,-15.0
40.4385,-86.9075,0,520110,698,sub6,452,4,-112.0,12.5,-137.0,-129.5,-118.25,-112.0,-112.0,-112.0,-112.0,-15.0,11.176612486199325,-37.0,-30.4,-20.5,-15.0,-14.75,-14.3,-14.0
40.4385,-86.9075,0,520110,790,sub6,452,2,-114.0,0.0,-114.0,-114.0,-114.0,-114.0,-114.0,-114.0,-114.0,-13.0,0.0,-13.0,-13.0,-13.0,-13.0,-13.0,-13.0,-13.0
40.4385,-86.9075,0,520110,857,sub6,452,4,-122.5,3.4034296427770228,-125.0,-124.4,-123.5,-122.5,-120.75,-118.5,-117.0,-19.5,2.3804761428476167,-20.0,-20.0,-20.0,-19.5,-18.0,-16.2,-15.0
40.4385,-86.907,0,1001,99,lte,912,31,-119.0,1.9989244419765306,-125.0,-122.0,-122.0,-119.0,-119.0,-118.0,-118.0,-20.0,1.216375720109999,-23.0,-22.0,-20.5,-20.0,-20.0,-19.0,-18.0
40.4385,-86.907,0,1001,101,lte,912,11,-122.0,0.6030226891555273,-123.0,-122.0,-122.0,-122.0,-121.5,-121.0,-121.0,-21.0,0.6466697906828633,-22.0,-21.0,-21.0,-21.0,-20.0,-20.0,-20.0
40.4385,-86.907,0,1001,298,lte,912,23,-122.0,1.2652235035099497,-125.0,-124.0,-123.0,-122.0,-122.0,-121.0,-120.0,-20.0,0.6563764465043606,-21.0,-21.0,-21.0,-20.0,-20.0,-20.0,-19.0
40.4385,-86.907,0,1001,374,lte,912,32,-119.0,1.6412033350858064,-122.0,-120.0,-120.0,-119.0,-117.0,-117.0,-115.0,-16.0,1.891193512897558,-19.0,-18.0,-17.0,-16.0,-15.0,-14.0,-10.0
40.4385,-86.907,0,1001,443,lte,912,32,-118.0,3.5964532259507576,-133.0,-120.0,-119.0,-118.0,-117.0,-117.0,-116.0,-16.0,3.045356062661162,-29.0,-17.9,-17.0,-16.0,-16.0,-15.0,-15.0
40.4385,-86.907,0,1001,467,lte,912,17,-121.0,1.9685019685029528,-125.0,-123.4,-123.0,-121.0,-120.0,-119.0,-118.0,-18.0,1.1147408034263073,-20.0,-20.0,-19.0,-18.0,-18.0,-17.0,-17.0
40.4385,-86.907,0,2100,32,lte,912,4,-125.0,0.5,-126.0,-125.7,-125.25,-125.0,-125.0,-125.0,-125.0,-18.5,2.0615528128088303,-21.0,-20.7,-20.25,-18.5,-17.0,-17.0,-17.0
40.4385,-86.907,0,2100,158,lte,912,4,-120.5,0.9574271077563381,-122.0,-121.7,-121.25,-120.5,-120.0,-120.0,-120.0,-14.5,1.7320508075688772,-16.0,-16.0,-16.0,-14.5,-13.0,-13.0,-13.0
40.4385,-86.907,0,2100,324,lte,912,1,-125.0,nan,-125.0,-125.0,-125.0,-125.0,-125.0,-125.0,-125.0,-19.0,nan,-19.0,-19.0,-19.0,-19.0,-19.0,-19.0,-19.0
40.4385,-86.907,0,2350,32,lte,912,4,-125.5,1.7320508075688772,-127.0,-127.0,-127.0,-125.5,-124.0,-124.0,-124.0,-16.0,0.5,-16.0,-16.0,-16.0,-16.0,-15.75,-15.3,-15.0
40.4385,-86.907,0,2350,158,lte,912,5,-125.0,1.816590212458495,-128.0,-127.6,-127.0,-125.0,-124.0,-124.0,-124.0,-14.0,1.3416407864998738,-16.0,-16.0,-16.0,-14.0,-14.0,-13.4,-13.0
40.4385,-86.907,0,2350,313,lte,912,3,-130.0,2.6457513110645907,-131.0,-130.8,-130.5,-130.0,-128.0,-126.8,-126.0,-19.0,0.5773502691896258,-20.0,-19.8,-19.5,-19.0,-19.0,-19.0,-19.0
40.4385,-86.907,0,2350,324,lte,912,5,-130.0,0.8366600265340756,-131.0,-130.6,-130.0,-130.0,-129.0,-129.0,-129.0,-20.0,0.0,-20.0,-20.0,-20.0,-20.0,-20.0,-20.0,-20.0
40.4385,-86.907,0,5035,34,lte,912,14,-114.5,1.1883130530663675,-117.0,-116.7,-115.0,-114.5,-114.0,-114.0,-113.0,-19.0,0.8254203058555569,-21.0,-20.0,-20.0,-19.0,-19.0,-18.299999999999997,-18.0
40.4385,-86.907,0,5035,326,lte,912,24,-113.0,1.718927033043444,-116.0,-114.0,-113.25,-113.0,-111.0,-110.0,-109.0,-17.0,1.3290238326779873,-20.0,-18.0,-18.0,-17.0,-16.0,-15.0,-15.0
40.4385,-86.907,0,5035,332,lte,912,20,-110.5,1.6693837501494846,-114.0,-113.0,-112.25,-110.5,-110.0,-109.0,-108.0,-15.0,1.4608937423083823,-18.0,-17.1,-16.0,-15.0,-15.0,-13.0,-13.0
40.4385,-86.907,0,5035,429,lte,912,24,-113.0,1.4589801878044129,-114.0,-114.0,-114.0,-113.0,-112.0,-110.3,-109.0,-19.0,1.6934443076725039,-20.0,-20.0,-20.0,-19.0,-17.75,-16.0,-15.0
40.4385,-86.907,0,5035,460,lte,912,18,-115.0,1.3491706481792791,-117.0,-117.0,-116.0,-115.0,-114.0,-114.0,-112.0,-20.0,1.319784098009776,-21.0,-21.0,-21.0,-20.0,-19.0,-18.4,-17.0
40.4385,-86.907,0,5035,479,lte,912,7,-112.0,0.951189731211342,-113.0,-112.4,-112.0,-112.0,-111.5,-110.6,-110.0,-17.0,0.5345224838248488,-18.0,-18.0,-18.0,-17.0,-17.0,-17.0,-17.0
40.4385,-86.907,0,66736,65,lte,912,8,-123.5,5.451081150953975,-135.0,-133.6,-127.0,-123.5,-121.75,-121.0,-121.0,-17.5,5.1530157605591915,-29.0,-26.9,-21.5,-17.5,-16.0,-15.7,-15.0
40.4385,-86.907,0,66736,179,lte,912,9,-119.0,3.278719262151,-125.0,-124.2,-124.0,-119.0,-118.0,-117.6,-116.0,-16.0,0.8333333333333333,-17.0,-17.0,-16.0,-16.0,-15.0,-15.0,-15.0
40.4385,-86.907,0,66736,227,lte,912,9,-121.0,4.294699575575042,-128.0,-127.2,-124.0,-121.0,-118.0,-116.8,-116.0,-17.0,2.1081851067789192,-19.0,-18.2,-18.0,-17.0,-14.0,-13.8,-13.0
40.4385,-86.907,0,66736,282,lte,912,11,-125.0,3.3871414603950734,-127.0,-126.0,-126.0,-125.0,-121.0,-119.0,-117.0,-19.0,2.0670576365276494,-22.0,-22.0,-21.5,-19.0,-18.5,-17.0,-16.0
40.4385,-86.907,0,66736,448,lte,912,5,-124.0,0.8366600265340756,-125.0,-124.6,-124.0,-124.0,-123.0,-123.0,-123.0,-20.0,0.8944271909999159,-20.0,-20.0,-20.0,-20.0,-19.0,-18.4,-18.0
40.4385,-86.907,0,67011,81,lte,912,5,-126.0,0.7071067811865476,-127.0,-126.6,-126.0,-126.0,-126.0,-125.4,-125.0,-20.0,1.4142135623730951,-22.0,-21.2,-20.0,-20.0,-20.0,-18.8,-18.0
40.4385,-86.907,0,67011,119,lte,912,9,-125.0,3.320809807528546,-126.0,-126.0,-126.0,-125.0,-123.0,-118.6,-117.0,-19.0,4.2946995755750415,-23.0,-21.4,-21.0,-19.0,-15.0,-11.8,-11.0
40.4385,-86.907,0,67011,191,lte,912,1,-123.0,nan,-123.0,-123.0,-123.0,-123.0,-123.0,-123.0,-123.0,-15.0,nan,-15.0,-15.0,-15.0,-15.0,-15.0,-15.0,-15.0
40.4385,-86.907,0,67011,329,lte,912,9,-125.0,2.0069324297987157,-127.0,-127.0,-126.0,-125.0,-123.0,-122.0,-122.0,-19.0,1.509230856356236,-21.0,-20.2,-19.0,-19.0,-18.0,-16.8,-16.0
40.4385,-86.907,0,125290,137,sub6,912,143,-108.0,2.50159015713832,-116.0,-111.0,-109.0,-108.0,-106.0,-105.0,-104.0,-16.0,2.0872337826863356,-22.0,-19.0,-18.0,-16.0,-15.0,-13.0,-13.0
40.4385,-86.907,0,125290,218,sub6,912,6,-113.0,1.505545305418162,-116.0,-115.5,-114.5,-113.0,-113.0,-112.5,-112.0,-22.5,1.378404875209022,-24.0,-24.0,-23.75,-22.5,-21.25,-21.0,-21.0
40.4385,-86.907,0,125290,333,sub6,912,143,-107.0,2.051681319690084,-110.0,-109.0,-108.0,-107.0,-105.5,-103.2,-100.0,-15.0,1.001623817037067,-17.0,-16.0,-15.0,-15.0,-14.0,-13.200000000000003,-12.0
40.4385,-86.907,0,125290,385,sub6,912,60,-109.0,3.02881640472963,-117.0,-114.0,-110.0,-109.0,-107.75,-105.0,-104.0,-18.0,2.2109128416155035,-23.0,-21.0,-19.0,-18.0,-16.75,-14.0,-14.0
40.4385,-86.907,0,125290,485,sub6,912,60,-110.0,2.91111254869791,-122.0,-114.2,-111.25,-110.0,-109.0,-109.0,-108.0,-18.0,2.164166310432042,-27.0,-21.1,-19.0,-18.0,-18.0,-17.0,-15.0
40.4385,-86.907,0,125290,798,sub6,912,4,-114.0,8.301606270274847,-126.0,-123.9,-120.75,-114.0,-109.0,-109.0,-109.0,-21.5,6.137317546507322,-30.0,-28.5,-26.25,-21.5,-17.75,-17.3,-17.0
40.4385,-86.907,0,125290,867,sub6,912,46,-110.0,4.428279782912185,-124.0,-118.0,-114.75,-110.0,-108.0,-107.0,-105.0,-18.5,2.919201796799046,-28.0,-24.0,-21.0,-18.5,-17.0,-17.0,-15.0
40.4385,-86.907,0,512190,0,sub6,912,8,-116.0,1.5059406173077154,-119.0,-118.3,-118.0,-116.0,-115.75,-115.0,-115.0,-15.5,0.7440238091428449,-17.0,-16.3,-16.0,-15.5,-15.0,-15.0,-15.0
40.4385,-86.907,0,512190,89,sub6,912,12,-112.0,1.243163121016122,-113.0,-112.0,-112.0,-112.0,-111.75,-109.2,-109.0,-14.0,0.8348471099367218,-15.0,-15.0,-14.25,-14.0,-13.0,-13.0,-13.0
40.4385,-86.907,0,512190,348,sub6,912,6,-116.5,1.0488088481701516,-118.0,-117.5,-117.0,-116.5,-116.0,-115.5,-115.0,-15.0,1.0954451150103321,-17.0,-16.0,-15.0,-15.0,-14.25,-14.0,-14.0
40.4385,-86.907,0,512190,400,sub6,912,11,-116.0,1.2060453783110545,-118.0,-118.0,-118.0,-116.0,-116.0,-115.0,-115.0,-14.0,1.1281521496355325,-16.0,-16.0,-15.5,-14.0,-14.0,-13.0,-13.0
40.4385,-86.907,0,512190,540,sub6,912,10,-115.0,1.7288403306519917,-118.0,-117.1,-116.0,-115.0,-114.0,-113.8,-112.0,-14.0,0.4830458915396479,-14.0,-14.0,-14.0,-14.0,-13.25,-13.0,-13.0
40.4385,-86.907,0,512190,555,sub6,912,5,-121.0,0.7071067811865476,-122.0,-121.6,-121.0,-121.0,-121.0,-120.4,-120.0,-16.0,0.8366600265340756,-17.0,-17.0,-17.0,-16.0,-16.0,-15.4,-15.0
40.4385,-86.907,0,512190,572,sub6,912,11,-114.0,2.292279532375023,-118.0,-118.0,-116.5,-114.0,-113.0,-112.0,-112.0,-14.0,0.504524979109513,-15.0,-15.0,-15.0,-14.0,-14.0,-14.0,-14.0
40.4385,-86.907,0,512190,684,sub6,912,9,-118.0,3.1135902820449006,-123.0,-123.0,-123.0,-118.0,-117.0,-116.6,-115.0,-16.0,2.1081851067789197,-20.0,-20.0,-20.0,-16.0,-16.0,-15.8,-15.0
40.4385,-86.907,0,512190,698,sub6,912,10,-112.0,1.4757295747452437,-114.0,-113.1,-112.75,-112.0,-111.25,-109.9,-109.0,-15.0,0.4216370213557839,-15.0,-15.0,-15.0,-15.0,-15.0,-14.0,-14.0
40.4385,-86.907,0,512190,790,sub6,912,12,-113.5,1.7837651700316894,-116.0,-115.9,-115.0,-113.5,-112.0,-111.1,-111.0,-13.5,0.90033663737852,-15.0,-14.9,-14.0,-13.5,-13.0,-13.0,-12.0
40.4385,-86.907,0,512190,857,sub6,912,11,-118.0,1.8040358795061295,-120.0,-119.0,-118.5,-118.0,-116.5,-115.0,-114.0,-14.0,1.1677484162422844,-16.0,-15.0,-15.0,-14.0,-13.5,-13.0,-12.0
40.4385,-86.9065,0,125290,137,sub6,42,10,-106.0,1.1737877907772674,-109.0,-108.1,-107.0,-106.0,-106.0,-105.9,-105.0,-15.5,0.8232726023485646,-17.0,-17.0,-16.0,-15.5,-15.0,-15.0,-15.0
40.4385,-86.9065,0,125290,333,sub6,42,12,-107.0,1.5642792899510294,-109.0,-108.0,-108.0,-107.0,-106.75,-104.2,-104.0,-17.0,1.4847711791873706,-18.0,-17.9,-17.0,-17.0,-15.5,-14.0,-14.0
40.4385,-86.9065,0,125290,385,sub6,42,6,-110.0,1.0327955589886446,-112.0,-111.5,-110.75,-110.0,-110.0,-109.5,-109.0,-18.0,0.5163977794943222,-18.0,-18.0,-18.0,-18.0,-17.25,-17.0,-17.0
40.4385,-86.9065,0,125290,485,sub6,42,12,-108.0,0.49236596391733095,-109.0,-109.0,-109.0,-108.0,-108.0,-108.0,-108.0,-16.0,0.45226701686664544,-17.0,-17.0,-16.25,-16.0,-16.0,-16.0,-16.0
40.4385,-86.9065,0,125290,867,sub6,42,2,-110.5,6.363961030678928,-115.0,-114.1,-112.75,-110.5,-108.25,-106.9,-106.0,-18.5,4.949747468305833,-22.0,-21.3,-20.25,-18.5,-16.75,-15.7,-15.0
40.439,-86.9085,0,1001,16,lte,333,14,-119.5,1.292412345317728,-122.0,-122.0,-121.0,-119.5,-119.0,-119.0,-119.0,-20.0,0.6112498455021265,-21.0,-20.0,-20.0,-20.0,-19.0,-19.0,-19.0
40.439,-86.9085,0,1001,99,lte,333,34,-116.0,1.511984211784135,-119.0,-119.0,-117.0,-116.0,-115.0,-115.0,-113.0,-19.0,1.1206218034562163,-21.0,-20.0,-19.0,-19.0,-18.0,-17.3,-16.0
40.439,-86.9085,0,1001,101,lte,333,17,-120.0,0.781213234429025,-122.0,-121.0,-120.0,-120.0,-120.0,-119.0,-119.0,-20.0,0.3535533905932738,-21.0,-20.0,-20.0,-20.0,-20.0,-20.0,-19.0
40.439,-86.9085,0,1001,174,lte,333,26,-118.5,1.9599843013500033,-122.0,-121.0,-121.0,-118.5,-118.0,-116.0,-115.0,-19.0,1.233506571339797,-21.0,-20.0,-20.0,-19.0,-18.0,-17.0,-17.0
40.439,-86.9085,0,1001,298,lte,333,28,-118.0,1.2279806626883452,-121.0,-120.0,-119.0,-118.0,-117.0,-117.0,-117.0,-19.0,0.5762035942360841,-20.0,-20.0,-19.0,-19.0,-19.0,-18.0,-18.0
40.439,-86.9085,0,1001,374,lte,333,34,-117.0,0.7189812559071419,-118.0,-117.0,-117.0,-117.0,-116.0,-116.0,-115.0,-17.0,0.9941898949582402,-19.0,-18.0,-18.0,-17.0,-17.0,-16.0,-15.0
40.439,-86.9085,0,1001,443,lte,333,25,-119.0,1.4059397805975429,-122.0,-120.0,-120.0,-119.0,-118.0,-117.0,-116.0,-19.0,0.47609522856952335,-20.0,-20.0,-20.0,-19.0,-19.0,-19.0,-19.0
40.439,-86.9085,0,1001,448,lte,333,25,-120.0,1.186029791643813,-122.0,-121.0,-120.0,-120.0,-119.0,-118.0,-118.0,-20.0,1.6411378166788233,-24.0,-23.6,-21.0,-20.0,-20.0,-19.0,-19.0
40.439,-86.9085,0,1001,489,lte,333,21,-119.0,1.1608699529314412,-120.0,-120.0,-120.0,-119.0,-118.0,-117.0,-117.0,-20.0,1.167006753153023,-22.0,-21.0,-21.0,-20.0,-19.0,-18.0,-18.0
40.439,-86.9085,0,5035,34,lte,333,2,-111.0,0.0,-111.0,-111.0,-111.0,-111.0,-111.0,-111.0,-111.0,-17.0,0.0,-17.0,-17.0,-17.0,-17.0,-17.0,-17.0,-17.0
40.439,-86.9085,0,5035,114,lte,333,2,-111.0,2.8284271247461903,-113.0,-112.6,-112.0,-111.0,-110.0,-109.4,-109.0,-18.5,0.7071067811865476,-19.0,-18.9,-18.75,-18.5,-18.25,-18.1,-18.0
40.439,-86.9085,0,5035,294,lte,333,3,-111.0,2.081665999466133,-112.0,-111.8,-111.5,-111.0,-109.5,-108.6,-108.0,-16.0,1.0,-17.0,-16.8,-16.5,-16.0,-15.5,-15.2,-15.0
40.439,-86.9085,0,5035,326,lte,333,3,-111.0,0.0,-111.0,-111.0,-111.0,-111.0,-111.0,-111.0,-111.0,-19.0,0.0,-19.0,-19.0,-19.0,-19.0,-19.0,-19.0,-19.0
40.439,-86.9085,0,5035,429,lte,333,3,-106.0,0.5773502691896257,-107.0,-106.8,-106.5,-106.0,-106.0,-106.0,-106.0,-14.0,1.1547005383792517,-16.0,-15.6,-15.0,-14.0,-14.0,-14.0,-14.0
40.439,-86.9085,0,5035,460,lte,333,1,-109.0,nan,-109.0,-109.0,-109.0,-109.0,-109.0,-109.0,-109.0,-14.0,nan,-14.0,-14.0,-14.0,-14.0,-14.0,-14.0,-14.0
40.439,-86.9085,0,66736,227,lte,333,1,-125.0,nan,-125.0,-125.0,-125.0,-125.0,-125.0,-125.0,-125.0,-18.0,nan,-18.0,-18.0,-18.0,-18.0,-18.0,-18.0,-18.0
40.439,-86.9085,0,66736,282,lte,333,6,-119.0,2.7141603981096374,-124.0,-123.5,-122.0,-119.0,-119.0,-118.0,-117.0,-17.5,1.2110601416389968,-19.0,-19.0,-18.75,-17.5,-17.0,-16.5,-16.0
40.439,-86.9085,0,66736,429,lte,333,4,-125.0,3.0,-127.0,-127.0,-127.0,-125.0,-122.5,-121.6,-121.0,-20.5,1.7320508075688772,-22.0,-22.0,-22.0,-20.5,-19.0,-19.0,-19.0
40.439,-86.9085,0,66736,448,lte,333,3,-127.0,1.7320508075688772,-127.0,-127.0,-127.0,-127.0,-125.5,-124.6,-124.0,-19.0,0.0,-19.0,-19.0,-19.0,-19.0,-19.0,-19.0,-19.0
40.439,-86.9085,0,66736,486,lte,333,4,-122.0,2.8284271247461903,-123.0,-123.0,-123.0,-122.0,-120.0,-118.2,-117.0,-17.5,2.0615528128088303,-19.0,-19.0,-19.0,-17.5,-15.75,-15.3,-15.0
40.439,-86.9085,0,67011,1,lte,333,3,-123.0,3.4641016151377544,-123.0,-123.0,-123.0,-123.0,-120.0,-118.2,-117.0,-20.0,2.886751345948129,-20.0,-20.0,-20.0,-20.0,-17.5,-16.0,-15.0
40.439,-86.9085,0,67011,81,lte,333,10,-118.0,1.8135294011647256,-121.0,-119.2,-118.75,-118.0,-117.25,-115.0,-115.0,-17.0,1.1352924243950933,-19.0,-18.1,-18.0,-17.0,-17.0,-15.9,-15.0
40.439,-86.9085,0,67011,119,lte,333,10,-120.5,2.766867462592951,-125.0,-122.3,-121.0,-120.5,-118.25,-116.0,-116.0,-18.0,1.3703203194062976,-21.0,-19.2,-18.75,-18.0,-17.25,-16.9,-16.0
40.439,-86.9085,0,67011,396,lte,333,3,-123.0,1.7320508075688772,-123.0,-123.0,-123.0,-123.0,-121.5,-120.6,-120.0,-20.0,1.1547005383792515,-22.0,-21.6,-21.0,-20.0,-20.0,-20.0,-20.0
40.439,-86.9085,0,67011,434,lte,333,2,-123.0,0.0,-123.0,-123.0,-123.0,-123.0,-123.0,-123.0,-123.0,-20.0,0.0,-20.0,-20.0,-20.0,-20.0,-20.0,-20.0,-20.0
40.439,-86.9085,0,67011,450,lte,333,8,-120.0,1.6420805617960927,-122.0,-121.3,-121.0,-120.0,-119.5,-117.7,-117.0,-19.0,0.7071067811865476,-20.0,-19.3,-19.0,-19.0,-18.0,-18.0,-18.0
40.439,-86.9085,0,125290,137,sub6,333,9,-112.0,2.3511226632776476,-115.0,-113.4,-113.0,-112.0,-109.0,-108.8,-108.0,-18.0,1.8027756377319948,-21.0,-20.2,-20.0,-18.0,-17.0,-16.0,-16.0
40.439,-86.9085,0,125290,333,sub6,333,10,-110.5,2.131770260709264,-116.0,-113.3,-111.75,-110.5,-110.0,-109.0,-109.0,-17.5,1.791957340762082,-22.0,-20.2,-18.75,-17.5,-17.0,-16.9,-16.0
40.439,-86.9085,0,125290,385,sub6,333,9,-109.0,2.088327347690278,-114.0,-112.4,-111.0,-109.0,-109.0,-108.6,-107.0,-18.0,1.5811388300841898,-21.0,-20.2,-18.0,-18.0,-17.0,-16.8,-16.0
40.439,-86.9085,0,125290,403,sub6,333,1,-114.0,nan,-114.0,-114.0,-114.0,-114.0,-114.0,-114.0,-114.0,-21.0,nan,-21.0,-21.0,-21.0,-21.0,-21.0,-21.0,-21.0
40.439,-86.9085,0,125290,485,sub6,333,2,-113.0,2.8284271247461903,-115.0,-114.6,-114.0,-113.0,-112.0,-111.4,-111.0,-19.0,2.8284271247461903,-21.0,-20.6,-20.0,-19.0,-18.0,-17.4,-17.0
40.439,-86.9085,0,125290,867,sub6,333,10,-113.5,1.5238839267549946,-116.0,-116.0,-115.0,-113.5,-113.0,-112.0,-112.0,-20.5,1.6465452046971294,-23.0,-22.1,-21.75,-20.5,-19.0,-18.9,-18.0
40.439,-86.908,0,1001,17,lte,408,11,-121.0,0.7862453931068965,-122.0,-122.0,-122.0,-121.0,-121.0,-120.0,-120.0,-19.0,0.8090398349558904,-21.0,-21.0,-20.0,-19.0,-19.0,-19.0,-19.0
40.439,-86.908,0,1001,99,lte,408,27,-116.0,2.3007492895679214,-120.0,-119.0,-119.0,-116.0,-115.0,-113.0,-113.0,-18.0,1.2517793603313518,-22.0,-20.0,-19.0,-18.0,-18.0,-17.0,-16.0
40.439,-86.908,0,1001,101,lte,408,6,-121.0,1.0327955589886446,-123.0,-122.5,-121.75,-121.0,-121.0,-120.5,-120.0,-19.5,1.0488088481701516,-21.0,-20.5,-20.0,-19.5,-19.0,-18.5,-18.0
40.439,-86.908,0,1001,108,lte,408,13,-119.0,2.6189643676412167,-124.0,-121.8,-120.0,-119.0,-118.0,-115.2,-115.0,-18.0,1.3867504905630728,-21.0,-20.8,-19.0,-18.0,-18.0,-17.0,-17.0
40.439,-86.908,0,1001,174,lte,408,14,-120.5,2.032699715124723,-123.0,-122.7,-121.75,-120.5,-119.0,-117.3,-117.0,-19.0,1.5424399110243738,-21.0,-20.7,-20.0,-19.0,-18.0,-17.0,-16.0
40.439,-86.908,0,1001,298,lte,408,27,-121.0,2.081665999466133,-124.0,-124.0,-122.0,-121.0,-119.0,-118.0,-117.0,-20.0,1.1094003924504583,-22.0,-21.0,-20.5,-20.0,-19.0,-18.0,-18.0
40.439,-86.908,0,1001,374,lte,408,27,-118.0,1.9900035075632303,-121.0,-121.0,-119.0,-118.0,-117.0,-115.0,-114.0,-17.0,1.2276491791723345,-20.0,-18.0,-18.0,-17.0,-16.0,-15.0,-15.0
40.439,-86.908,0,1001,443,lte,408,23,-119.0,1.8639496507135744,-123.0,-120.8,-120.0,-119.0,-117.0,-117.0,-116.0,-18.0,1.0576280419404611,-19.0,-19.0,-19.0,-18.0,-17.0,-16.2,-16.0
40.439,-86.908,0,1001,448,lte,408,4,-121.0,1.7320508075688772,-122.0,-121.7,-121.25,-121.0,-120.25,-118.9,-118.0,-20.0,1.2583057392117916,-22.0,-21.4,-20.5,-20.0,-19.75,-19.3,-19.0
40.439,-86.908,0,1001,489,lte,408,9,-122.0,1.481365736219265,-123.0,-123.0,-123.0,-122.0,-121.0,-119.8,-119.0,-21.0,1.0,-22.0,-22.0,-21.0,-21.0,-20.0,-19.8,-19.0
40.439,-86.908,0,67011,1,lte,408,5,-122.0,2.073644135332772,-123.0,-123.0,-123.0,-122.0,-121.0,-119.2,-118.0,-20.0,1.3416407864998738,-21.0,-20.6,-20.0,-20.0,-18.0,-18.0,-18.0
40.439,-86.908,0,67011,81,lte,408,8,-119.5,3.7392703642746747,-124.0,-124.0,-123.25,-119.5,-116.0,-115.7,-115.0,-16.5,1.8322507626258087,-20.0,-19.3,-19.0,-16.5,-16.0,-15.7,-15.0
40.439,-86.908,0,67011,119,lte,408,8,-120.5,2.815771906346718,-123.0,-122.3,-122.0,-120.5,-117.75,-116.4,-115.0,-16.5,1.1952286093343936,-19.0,-18.3,-18.0,-16.5,-16.0,-16.0,-16.0
40.439,-86.908,0,67011,329,lte,408,1,-113.0,nan,-113.0,-113.0,-113.0,-113.0,-113.0,-113.0,-113.0,-11.0,nan,-11.0,-11.0,-11.0,-11.0,-11.0,-11.0,-11.0
40.439,-86.908,0,67011,396,lte,408,8,-121.5,2.5634797778466227,-124.0,-124.0,-123.25,-121.5,-121.0,-119.5,-116.0,-19.0,1.6690459207925603,-21.0,-20.3,-20.0,-19.0,-17.75,-16.7,-16.0
40.439,-86.908,0,67011,450,lte,408,8,-119.5,2.866057521105554,-125.0,-124.3,-123.25,-119.5,-119.0,-118.4,-117.0,-20.5,1.8850918886280925,-22.0,-21.3,-21.0,-20.5,-19.25,-17.0,-17.0
40.439,-86.908,0,125290,59,sub6,408,3,-110.0,0.5773502691896257,-110.0,-110.0,-110.0,-110.0,-109.5,-109.2,-109.0,-18.0,0.0,-18.0,-18.0,-18.0,-18.0,-18.0,-18.0,-18.0
40.439,-86.908,0,125290,137,sub6,408,15,-108.0,1.4074631010979939,-112.0,-111.2,-109.0,-108.0,-108.0,-108.0,-108.0,-17.0,1.0555973258234952,-20.0,-18.8,-17.0,-17.0,-17.0,-17.0,-17.0
40.439,-86.908,0,125290,333,sub6,408,18,-109.0,1.7149858514250882,-110.0,-110.0,-109.0,-109.0,-108.0,-105.0,-105.0,-17.0,1.0468205831628137,-18.0,-18.0,-18.0,-17.0,-17.0,-16.5,-14.0
40.439,-86.908,0,125290,385,sub6,408,18,-108.5,1.2833778958394957,-111.0,-110.0,-110.0,-108.5,-108.0,-107.0,-107.0,-16.0,1.408308678285174,-20.0,-17.5,-17.0,-16.0,-15.75,-15.0,-14.0
40.439,-86.908,0,125290,403,sub6,408,4,-109.0,1.8257418583505538,-111.0,-110.7,-110.25,-109.0,-107.75,-107.3,-107.0,-17.0,2.0615528128088303,-20.0,-19.1,-17.75,-17.0,-16.5,-15.6,-15.0
40.439,-86.908,0,125290,485,sub6,408,6,-112.5,4.915960401250875,-114.0,-114.0,-114.0,-112.5,-105.75,-104.0,-104.0,-18.0,2.16794833886788,-21.0,-20.2,-19.0,-18.0,-18.0,-16.2,-15.0
40.439,-86.908,0,125290,798,sub6,408,2,-113.0,0.0,-113.0,-113.0,-113.0,-113.0,-113.0,-113.0,-113.0,-19.0,0.0,-19.0,-19.0,-19.0,-19.0,-19.0,-19.0,-19.0
40.439,-86.908,0,125290,867,sub6,408,12,-111.0,2.8444523358476395,-115.0,-115.0,-115.0,-111.0,-109.5,-108.0,-108.0,-18.0,2.792848008753788,-24.0,-23.0,-21.0,-18.0,-17.0,-17.0,-16.0
40.439,-86.908,0,512190,0,sub6,408,3,-120.0,2.3094010767585034,-120.0,-120.0,-120.0,-120.0,-118.0,-116.8,-116.0,-17.0,0.5773502691896258,-18.0,-17.8,-17.5,-17.0,-17.0,-17.0,-17.0
40.439,-86.908,0,512190,89,sub6,408,4,-116.0,0.816496580927726,-117.0,-116.7,-116.25,-116.0,-115.75,-115.3,-115.0,-14.0,0.816496580927726,-15.0,-14.7,-14.25,-14.0,-13.75,-13.3,-13.0
40.439,-86.908,0,512190,348,sub6,408,2,-126.0,0.0,-126.0,-126.0,-126.0,-126.0,-126.0,-126.0,-126.0,-19.0,0.0,-19.0,-19.0,-19.0,-19.0,-19.0,-19.0,-19.0
40.439,-86.908,0,512190,400,sub6,408,4,-111.5,1.4142135623730951,-112.0,-112.0,-112.0,-111.5,-110.5,-109.6,-109.0,-11.5,0.9574271077563381,-13.0,-12.7,-12.25,-11.5,-11.0,-11.0,-11.0
40.439,-86.908,0,512190,540,sub6,408,4,-114.0,3.4641016151377544,-120.0,-118.2,-115.5,-114.0,-113.5,-112.6,-112.0,-13.0,1.7320508075688772,-16.0,-15.1,-13.75,-13.0,-12.75,-12.3,-12.0
40.439,-86.908,0,512190,572,sub6,408,4,-116.0,1.7320508075688772,-119.0,-118.1,-116.75,-116.0,-115.75,-115.3,-115.0,-14.5,1.707825127659933,-17.0,-16.4,-15.5,-14.5,-13.75,-13.3,-13.0
40.439,-86.908,0,512190,684,sub6,408,4,-121.0,1.2583057392117916,-122.0,-121.7,-121.25,-121.0,-120.5,-119.6,-119.0,-19.0,1.5,-19.0,-19.0,-19.0,-19.0,-18.25,-16.9,-16.0
40.439,-86.908,0,512190,790,sub6,408,4,-121.0,2.0,-121.0,-121.0,-121.0,-121.0,-120.0,-118.2,-117.0,-19.0,1.1547005383792515,-20.0,-20.0,-20.0,-19.0,-18.0,-18.0,-18.0
40.439,-86.908,0,512190,857,sub6,408,4,-119.0,2.0615528128088303,-122.0,-121.1,-119.75,-119.0,-118.5,-117.6,-117.0,-16.0,0.816496580927726,-17.0,-16.7,-16.25,-16.0,-15.75,-15.3,-15.0
40.439,-86.908,0,520110,0,sub6,408,5,-117.0,11.144505372604025,-137.0,-137.0,-137.0,-117.0,-117.0,-116.4,-116.0,-16.0,11.691877522451218,-37.0,-37.0,-37.0,-16.0,-16.0,-15.4,-15.0
40.439,-86.908,0,520110,89,sub6,408,13,-112.0,2.631174057921088,-114.0,-113.0,-113.0,-112.0,-108.0,-108.0,-106.0,-14.0,2.229281716090851,-18.0,-16.9,-16.0,-14.0,-12.0,-12.0,-12.0
40.439,-86.908,0,520110,400,sub6,408,11,-114.0,2.809076198843508,-117.0,-117.0,-115.0,-114.0,-111.0,-110.0,-109.0,-12.0,1.4709304414677,-15.0,-15.0,-15.0,-12.0,-12.0,-12.0,-12.0
40.439,-86.908,0,520110,540,sub6,408,11,-113.0,2.252271580588644,-119.0,-115.0,-114.5,-113.0,-112.5,-111.0,-111.0,-13.0,1.0444659357341868,-15.0,-14.0,-14.0,-13.0,-12.0,-12.0,-12.0
40.439,-86.908,0,520110,555,sub6,408,8,-120.5,0.7440238091428449,-122.0,-121.3,-121.0,-120.5,-120.0,-120.0,-120.0,-16.0,0.7559289460184544,-18.0,-17.3,-17.0,-16.0,-16.0,-16.0,-16.0
40.439,-86.908,0,520110,572,sub6,408,12,-111.0,3.1574826950748234,-118.0,-117.7,-115.0,-111.0,-110.0,-110.0,-110.0,-15.5,1.8504708655481243,-17.0,-17.0,-17.0,-15.5,-13.0,-13.0,-13.0
40.439,-86.908,0,520110,684,sub6,408,11,-117.0,6.694638288823512,-133.0,-133.0,-119.0,-117.0,-116.0,-116.0,-115.0,-16.0,7.131237301797316,-33.0,-33.0,-16.0,-16.0,-15.0,-15.0,-14.0
40.439,-86.908,0,520110,698,sub6,408,10,-110.0,2.6012817353502227,-114.0,-114.0,-114.0,-110.0,-109.0,-108.9,-108.0,-13.5,1.286683937707919,-16.0,-16.0,-15.0,-13.5,-13.0,-13.0,-13.0
40.439,-86.908,0,520110,790,sub6,408,7,-118.0,3.236694374850748,-122.0,-120.2,-119.0,-118.0,-114.5,-113.6,-113.0,-17.0,2.0701966780270626,-20.0,-18.8,-17.5,-17.0,-15.0,-14.6,-14.0
40.439,-86.908,0,520110,857,sub6,408,10,-120.5,1.5811388300841898,-123.0,-122.1,-121.75,-120.5,-119.25,-118.9,-118.0,-17.0,1.5491933384829668,-21.0,-18.3,-17.75,-17.0,-16.0,-16.0,-16.0
40.439,-86.9075,0,1001,17,lte,329,1,-121.0,nan,-121.0,-121.0,-121.0,-121.0,-121.0,-121.0,-121.0,-19.0,nan,-19.0,-19.0,-19.0,-19.0,-19.0,-19.0,-19.0
40.439,-86.9075,0,1001,99,lte,329,8,-117.0,0.9258200997725514,-118.0,-118.0,-118.0,-117.0,-116.0,-116.0,-116.0,-17.5,0.7440238091428449,-18.0,-18.0,-18.0,-17.5,-17.0,-16.7,-16.0
40.439,-86.9075,0,1001,298,lte,329,7,-123.0,0.5773502691896257,-124.0,-123.4,-123.0,-123.0,-123.0,-122.6,-122.0,-20.0,0.5773502691896257,-21.0,-20.4,-20.0,-20.0,-20.0,-19.6,-19.0
40.439,-86.9075,0,1001,374,lte,329,8,-118.0,1.2817398889233114,-120.0,-120.0,-119.25,-118.0,-117.0,-117.0,-117.0,-16.0,0.9161253813129043,-18.0,-18.0,-17.25,-16.0,-16.0,-16.0,-16.0
40.439,-86.9075,0,1001,443,lte,329,8,-121.0,2.0,-122.0,-121.3,-121.0,-121.0,-119.5,-117.4,-116.0,-17.0,0.8864052604279183,-18.0,-17.3,-17.0,-17.0,-16.75,-15.7,-15.0
40.439,-86.9075,0,66736,227,lte,329,2,-124.5,0.7071067811865476,-125.0,-124.9,-124.75,-124.5,-124.25,-124.1,-124.0,-16.5,0.7071067811865476,-17.0,-16.9,-16.75,-16.5,-16.25,-16.1,-16.0
40.439,-86.9075,0,66736,282,lte,329,1,-122.0,nan,-122.0,-122.0,-122.0,-122.0,-122.0,-122.0,-122.0,-17.0,nan,-17.0,-17.0,-17.0,-17.0,-17.0,-17.0,-17.0
40.439,-86.9075,0,66736,429,lte,329,1,-125.0,nan,-125.0,-125.0,-125.0,-125.0,-125.0,-125.0,-125.0,-20.0,nan,-20.0,-20.0,-20.0,-20.0,-20.0,-20.0,-20.0
40.439,-86.9075,0,67011,1,lte,329,4,-125.5,1.2909944487358056,-127.0,-126.7,-126.25,-125.5,-124.75,-124.3,-124.0,-21.0,0.5,-21.0,-21.0,-21.0,-21.0,-20.75,-20.3,-20.0
40.439,-86.9075,0,67011,81,lte,329,4,-120.5,1.2909944487358056,-122.0,-121.7,-121.25,-120.5,-119.75,-119.3,-119.0,-16.0,0.5,-17.0,-16.7,-16.25,-16.0,-16.0,-16.0,-16.0
40.439,-86.9075,0,67011,119,lte,329,4,-119.5,2.0615528128088303,-122.0,-121.7,-121.25,-119.5,-118.0,-118.0,-118.0,-15.0,1.5,-17.0,-16.7,-16.25,-15.0,-14.0,-14.0,-14.0
40.439,-86.9075,0,67011,329,lte,329,4,-122.0,1.2583057392117916,-123.0,-122.7,-122.25,-122.0,-121.5,-120.6,-120.0,-16.0,1.5,-18.0,-17.7,-17.25,-16.0,-15.0,-15.0,-15.0
40.439,-86.9075,0,67011,396,lte,329,4,-122.5,1.4142135623730951,-123.0,-123.0,-123.0,-122.5,-121.5,-120.6,-120.0,-17.0,1.2583057392117916,-18.0,-17.7,-17.25,-17.0,-16.5,-15.6,-15.0
40.439,-86.9075,0,67011,450,lte,329,4,-124.5,0.9574271077563381,-126.0,-125.7,-125.25,-124.5,-124.0,-124.0,-124.0,-19.5,0.5773502691896257,-20.0,-20.0,-20.0,-19.5,-19.0,-19.0,-19.0
40.439,-86.9075,0,125290,137,sub6,329,50,-109.5,2.497427247617607,-118.0,-114.1,-111.0,-109.5,-109.0,-108.0,-107.0,-17.0,1.8608753700495753,-24.0,-20.1,-19.0,-17.0,-17.0,-16.0,-15.0
40.439,-86.9075,0,125290,333,sub6,329,50,-108.0,1.3703865088629072,-110.0,-109.0,-109.0,-108.0,-107.0,-106.0,-105.0,-16.0,0.8734169352933011,-18.0,-17.0,-16.0,-16.0,-15.0,-15.0,-15.0
40.439,-86.9075,0,125290,385,sub6,329,34,-113.0,3.002672606320686,-120.0,-117.0,-115.0,-113.0,-111.0,-109.3,-108.0,-20.0,2.2871024877913357,-25.0,-22.7,-21.0,-20.0,-18.0,-17.0,-14.0
40.439,-86.9075,0,125290,403,sub6,329,14,-111.0,2.449489742783178,-115.0,-114.7,-112.0,-111.0,-109.25,-108.3,-107.0,-18.0,1.6035674514745464,-22.0,-20.0,-19.0,-18.0,-18.0,-16.299999999999997,-16.0
40.439,-86.9075,0,125290,485,sub6,329,35,-113.0,3.0714188000626277,-119.0,-117.0,-116.0,-113.0,-112.0,-111.0,-105.0,-20.0,2.222119512098847,-24.0,-23.0,-21.5,-20.0,-18.0,-17.4,-15.0
40.439,-86.9075,0,125290,798,sub6,329,4,-120.0,3.366501646120693,-124.0,-123.1,-121.75,-120.0,-118.25,-116.9,-116.0,-23.5,2.753785273643051,-27.0,-26.4,-25.5,-23.5,-21.75,-21.3,-21.0
40.439,-86.9075,0,125290,867,sub6,329,43,-112.0,4.505933088840469,-123.0,-119.0,-117.5,-112.0,-110.0,-108.19999999999999,-106.0,-20.0,3.3467062864680597,-28.0,-25.0,-24.0,-20.0,-18.0,-17.0,-15.0
40.439,-86.9075,0,520110,0,sub6,329,5,-118.0,0.5477225575051661,-118.0,-118.0,-118.0,-118.0,-117.0,-117.0,-117.0,-16.0,0.8366600265340756,-17.0,-17.0,-17.0,-16.0,-16.0,-15.4,-15.0
40.439,-86.9075,0,520110,89,sub6,329,5,-112.0,0.0,-112.0,-112.0,-112.0,-112.0,-112.0,-112.0,-112.0,-15.0,0.4472135954999579,-15.0,-15.0,-15.0,-15.0,-15.0,-14.4,-14.0
40.439,-86.9075,0,520110,400,sub6,329,4,-116.0,0.5,-116.0,-116.0,-116.0,-116.0,-115.75,-115.3,-115.0,-14.0,0.0,-14.0,-14.0,-14.0,-14.0,-14.0,-14.0,-14.0
40.439,-86.9075,0,520110,540,sub6,329,5,-114.0,1.140175425099138,-115.0,-114.6,-114.0,-114.0,-113.0,-112.4,-112.0,-12.0,0.0,-12.0,-12.0,-12.0,-12.0,-12.0,-12.0,-12.0
40.439,-86.9075,0,520110,555,sub6,329,4,-121.0,0.0,-121.0,-121.0,-121.0,-121.0,-121.0,-121.0,-121.0,-15.0,0.0,-15.0,-15.0,-15.0,-15.0,-15.0,-15.0,-15.0
40.439,-86.9075,0,520110,572,sub6,329,5,-113.0,1.51657508881031,-114.0,-113.6,-113.0,-113.0,-113.0,-111.2,-110.0,-15.0,0.4472135954999579,-15.0,-15.0,-15.0,-15.0,-15.0,-14.4,-14.0
40.439,-86.9075,0,520110,698,sub6,329,5,-111.0,0.7071067811865476,-112.0,-111.6,-111.0,-111.0,-111.0,-110.4,-110.0,-14.0,0.0,-14.0,-14.0,-14.0,-14.0,-14.0,-14.0,-14.0
40.439,-86.9075,0,520110,790,sub6,329,1,-119.0,nan,-119.0,-119.0,-119.0,-119.0,-119.0,-119.0,-119.0,-17.0,nan,-17.0,-17.0,-17.0,-17.0,-17.0,-17.0,-17.0
40.439,-86.9075,0,520110,857,sub6,329,5,-121.0,1.140175425099138,-122.0,-121.6,-121.0,-121.0,-120.0,-119.4,-119.0,-16.0,0.5477225575051661,-17.0,-17.0,-17.0,-16.0,-16.0,-16.0,-16.0
40.4395,-86.909,0,1001,99,lte,642,63,-117.0,1.9919191588726364,-119.0,-118.0,-117.0,-117.0,-115.0,-113.0,-112.0,-17.0,1.309502862561137,-19.0,-18.0,-18.0,-17.0,-16.0,-15.0,-14.0
40.4395,-86.909,0,1001,174,lte,642,65,-117.0,1.4671073056030526,-121.0,-119.0,-118.0,-117.0,-116.0,-115.0,-114.0,-17.0,1.4079103446106,-21.0,-19.6,-18.0,-17.0,-17.0,-16.0,-15.0
40.4395,-86.909,0,1001,272,lte,642,12,-120.0,1.1381803659589922,-122.0,-120.9,-120.0,-120.0,-119.0,-118.1,-118.0,-20.0,0.28867513459481275,-21.0,-20.0,-20.0,-20.0,-20.0,-20.0,-20.0
40.4395,-86.909,0,1001,298,lte,642,28,-118.0,0.9594972228385656,-120.0,-120.0,-119.0,-118.0,-118.0,-117.7,-117.0,-20.0,0.8357108940373448,-21.0,-20.0,-20.0,-20.0,-19.0,-19.0,-17.0
40.4395,-86.909,0,1001,331,lte,642,22,-120.0,1.7636296692870674,-122.0,-122.0,-121.0,-120.0,-119.0,-117.0,-117.0,-20.0,0.8111773283374345,-21.0,-21.0,-21.0,-20.0,-19.25,-19.0,-19.0
40.4395,-86.909,0,1001,374,lte,642,55,-118.0,1.0708881112428825,-120.0,-119.0,-119.0,-118.0,-117.0,-117.0,-115.0,-19.0,0.5991014596231249,-20.0,-20.0,-20.0,-19.0,-19.0,-19.0,-17.0
40.4395,-86.909,0,1001,448,lte,642,65,-118.0,1.1035345311944087,-119.0,-119.0,-118.0,-118.0,-117.0,-116.0,-115.0,-20.0,1.1989578808281798,-22.0,-21.0,-21.0,-20.0,-19.0,-18.0,-17.0
40.4395,-86.909,0,1001,489,lte,642,48,-119.0,0.8991721961325718,-121.0,-120.0,-120.0,-119.0,-118.0,-118.0,-117.0,-20.0,0.9215697369932694,-21.0,-21.0,-20.0,-20.0,-19.0,-19.0,-17.0
40.4395,-86.909,0,66736,47,lte,642,18,-119.0,1.592465921901722,-122.0,-121.0,-120.75,-119.0,-118.0,-117.7,-116.0,-19.5,1.084652289093281,-21.0,-20.3,-20.0,-19.5,-19.0,-18.0,-17.0
40.4395,-86.909,0,66736,118,lte,642,11,-119.0,1.4206272622267313,-121.0,-121.0,-120.0,-119.0,-119.0,-118.0,-116.0,-20.0,1.3416407864998738,-22.0,-22.0,-20.5,-20.0,-19.5,-18.0,-18.0
40.4395,-86.909,0,66736,219,lte,642,9,-119.0,2.2607766610417563,-124.0,-122.4,-122.0,-119.0,-118.0,-118.0,-118.0,-20.0,0.7817359599705717,-21.0,-20.2,-20.0,-20.0,-20.0,-19.6,-18.0
40.4395,-86.909,0,66736,227,lte,642,22,-119.0,1.5715269548108208,-121.0,-121.0,-120.0,-119.0,-119.0,-118.0,-115.0,-19.0,0.8477114595277796,-20.0,-19.9,-19.0,-19.0,-18.0,-18.0,-17.0
40.4395,-86.909,0,66736,282,lte,642,16,-116.0,2.3084987907007157,-118.0,-118.0,-117.25,-116.0,-114.0,-112.0,-111.0,-17.0,1.3647344063956182,-19.0,-18.0,-17.0,-17.0,-16.0,-14.5,-14.0
40.4395,-86.909,0,66736,304,lte,642,22,-118.0,0.5810872031479763,-119.0,-118.0,-118.0,-118.0,-117.0,-117.0,-117.0,-20.0,1.351606387540332,-21.0,-20.9,-20.0,-20.0,-19.0,-17.099999999999998,-16.0
40.4395,-86.909,0,66736,429,lte,642,10,-118.5,1.4944341180973264,-120.0,-120.0,-119.75,-118.5,-117.0,-116.9,-116.0,-19.0,0.9944289260117531,-21.0,-20.1,-19.0,-19.0,-18.0,-18.0,-18.0
40.4395,-86.909,0,66736,448,lte,642,11,-119.0,0.9244162777371755,-120.0,-119.0,-119.0,-119.0,-118.5,-117.0,-117.0,-19.0,1.1361818036340359,-21.0,-20.0,-20.0,-19.0,-18.5,-18.0,-17.0
40.4395,-86.909,0,66736,486,lte,642,22,-118.0,2.0220644373373937,-121.0,-120.0,-119.0,-118.0,-116.25,-115.0,-114.0,-17.0,1.2309149097933278,-19.0,-18.0,-18.0,-17.0,-16.0,-15.0,-15.0
40.4395,-86.909,0,67011,1,lte,642,2,-122.0,1.4142135623730951,-123.0,-122.8,-122.5,-122.0,-121.5,-121.2,-121.0,-18.5,0.7071067811865476,-19.0,-18.9,-18.75,-18.5,-18.25,-18.1,-18.0
40.4395,-86.909,0,67011,81,lte,642,7,-120.0,1.7182493859684491,-121.0,-121.0,-121.0,-120.0,-118.0,-117.6,-117.0,-17.0,0.7559289460184544,-17.0,-17.0,-17.0,-17.0,-17.0,-16.2,-15.0
40.4395,-86.909,0,67011,119,lte,642,2,-120.5,0.7071067811865476,-121.0,-120.9,-120.75,-120.5,-120.25,-120.1,-120.0,-17.0,0.0,-17.0,-17.0,-17.0,-17.0,-17.0,-17.0,-17.0
40.4395,-86.909,0,67011,412,lte,642,9,-118.0,0.8333333333333334,-119.0,-119.0,-118.0,-118.0,-117.0,-117.0,-117.0,-17.0,0.7817359599705717,-18.0,-18.0,-17.0,-17.0,-16.0,-16.0,-16.0
40.4395,-86.909,0,67011,450,lte,642,4,-120.5,2.0615528128088303,-123.0,-122.7,-122.25,-120.5,-119.0,-119.0,-119.0,-18.0,1.8257418583505538,-20.0,-19.7,-19.25,-18.0,-16.75,-16.3,-16.0
40.4395,-86.909,0,125290,137,sub6,642,22,-112.5,7.317180163227192,-129.0,-123.9,-122.0,-112.5,-109.0,-108.0,-107.0,-20.0,5.726259100847892,-32.0,-28.9,-27.75,-20.0,-17.0,-16.0,-15.0
40.4395,-86.909,0,125290,333,sub6,642,31,-111.0,2.707218546417063,-120.0,-116.0,-113.5,-111.0,-110.0,-109.0,-108.0,-19.0,2.3971309015445494,-26.0,-23.0,-21.0,-19.0,-18.0,-17.0,-16.0
40.4395,-86.909,0,125290,385,sub6,642,15,-114.0,4.2403953095144775,-122.0,-119.8,-116.5,-114.0,-111.5,-110.0,-106.0,-19.0,2.850229731760148,-26.0,-23.8,-21.0,-19.0,-18.0,-18.0,-15.0
40.4395,-86.909,0,125290,403,sub6,642,8,-112.0,5.540435774506241,-122.0,-120.6,-118.5,-112.0,-110.75,-108.8,-106.0,-19.5,4.026696625558687,-26.0,-26.0,-24.5,-19.5,-17.75,-16.7,-16.0
40.4395,-86.909,0,125290,483,sub6,642,3,-112.0,2.5166114784235836,-115.0,-114.4,-113.5,-112.0,-111.0,-110.4,-110.0,-18.0,2.6457513110645907,-22.0,-21.2,-20.0,-18.0,-17.5,-17.2,-17.0
40.4395,-86.909,0,125290,485,sub6,642,9,-114.0,4.8419463487779835,-121.0,-120.2,-117.0,-114.0,-112.0,-107.8,-107.0,-21.0,3.9510898637098992,-26.0,-26.0,-24.0,-21.0,-18.0,-16.6,-15.0
40.4395,-86.909,0,125290,867,sub6,642,31,-108.0,3.302003302004953,-116.0,-113.0,-110.5,-108.0,-105.0,-105.0,-104.0,-16.0,2.489548043795418,-22.0,-21.0,-18.5,-16.0,-15.0,-14.0,-14.0
40.4395,-86.9085,0,1001,99,lte,216,24,-116.5,1.2958965337120694,-120.0,-118.7,-117.0,-116.5,-116.0,-116.0,-115.0,-18.0,0.9078961186825509,-20.0,-19.0,-18.0,-18.0,-17.0,-17.0,-16.0
40.4395,-86.9085,0,1001,174,lte,216,20,-119.0,0.8255779474818964,-121.0,-120.1,-120.0,-119.0,-119.0,-118.9,-118.0,-20.0,0.5982430416161189,-21.0,-20.0,-20.0,-20.0,-19.0,-19.0,-19.0
40.4395,-86.9085,0,1001,298,lte,216,11,-120.0,2.053821272209882,-122.0,-121.0,-120.0,-120.0,-119.0,-116.0,-115.0,-20.0,1.3684762594679063,-21.0,-21.0,-20.0,-20.0,-19.0,-17.0,-17.0
40.4395,-86.9085,0,1001,374,lte,216,21,-118.0,1.1019463300386794,-119.0,-119.0,-119.0,-118.0,-117.0,-116.0,-116.0,-18.0,0.8890872794479686,-19.0,-19.0,-19.0,-18.0,-17.0,-17.0,-17.0
40.4395,-86.9085,0,1001,448,lte,216,24,-120.0,0.6538625481582941,-121.0,-121.0,-120.0,-120.0,-119.75,-119.0,-119.0,-23.0,0.8340576562282991,-24.0,-23.0,-23.0,-23.0,-22.0,-21.0,-21.0
40.4395,-86.9085,0,1001,489,lte,216,21,-121.0,1.7687768170607132,-122.0,-122.0,-121.0,-121.0,-118.0,-117.0,-117.0,-20.0,0.9436504599035548,-21.0,-21.0,-21.0,-20.0,-19.0,-19.0,-18.0
40.4395,-86.9085,0,2100,32,lte,216,2,-125.0,0.0,-125.0,-125.0,-125.0,-125.0,-125.0,-125.0,-125.0,-20.5,0.7071067811865476,-21.0,-20.9,-20.75,-20.5,-20.25,-20.1,-20.0
40.4395,-86.9085,0,2100,324,lte,216,2,-124.0,0.0,-124.0,-124.0,-124.0,-124.0,-124.0,-124.0,-124.0,-19.0,0.0,-19.0,-19.0,-19.0,-19.0,-19.0,-19.0,-19.0
40.4395,-86.9085,0,2350,324,lte,216,1,-123.0,nan,-123.0,-123.0,-123.0,-123.0,-123.0,-123.0,-123.0,-17.0,nan,-17.0,-17.0,-17.0,-17.0,-17.0,-17.0,-17.0
40.4395,-86.9085,0,5035,114,lte,216,2,-109.0,0.0,-109.0,-109.0,-109.0,-109.0,-109.0,-109.0,-109.0,-18.0,0.0,-18.0,-18.0,-18.0,-18.0,-18.0,-18.0,-18.0
40.4395,-86.9085,0,5035,294,lte,216,2,-107.5,0.7071067811865476,-108.0,-107.9,-107.75,-107.5,-107.25,-107.1,-107.0,-16.5,0.7071067811865476,-17.0,-16.9,-16.75,-16.5,-16.25,-16.1,-16.0
40.4395,-86.9085,0,5035,326,lte,216,2,-110.0,0.0,-110.0,-110.0,-110.0,-110.0,-110.0,-110.0,-110.0,-19.0,0.0,-19.0,-19.0,-19.0,-19.0,-19.0,-19.0,-19.0
40.4395,-86.9085,0,5035,429,lte,216,2,-106.0,0.0,-106.0,-106.0,-106.0,-106.0,-106.0,-106.0,-106.0,-15.5,0.7071067811865476,-16.0,-15.9,-15.75,-15.5,-15.25,-15.1,-15.0
40.4395,-86.9085,0,66736,282,lte,216,1,-117.0,nan,-117.0,-117.0,-117.0,-117.0,-117.0,-117.0,-117.0,-16.0,nan,-16.0,-16.0,-16.0,-16.0,-16.0,-16.0,-16.0
40.4395,-86.9085,0,66736,304,lte,216,2,-124.5,0.7071067811865476,-125.0,-124.9,-124.75,-124.5,-124.25,-124.1,-124.0,-20.5,0.7071067811865476,-21.0,-20.9,-20.75,-20.5,-20.25,-20.1,-20.0
40.4395,-86.9085,0,66736,486,lte,216,2,-123.0,0.0,-123.0,-123.0,-123.0,-123.0,-123.0,-123.0,-123.0,-18.0,0.0,-18.0,-18.0,-18.0,-18.0,-18.0,-18.0,-18.0
40.4395,-86.9085,0,67011,1,lte,216,3,-122.0,0.5773502691896257,-123.0,-122.8,-122.5,-122.0,-122.0,-122.0,-122.0,-20.0,0.5773502691896258,-21.0,-20.8,-20.5,-20.0,-20.0,-20.0,-20.0
40.4395,-86.9085,0,67011,81,lte,216,3,-121.0,0.0,-121.0,-121.0,-121.0,-121.0,-121.0,-121.0,-121.0,-18.0,0.5773502691896258,-18.0,-18.0,-18.0,-18.0,-17.5,-17.2,-17.0
40.4395,-86.9085,0,67011,119,lte,216,1,-125.0,nan,-125.0,-125.0,-125.0,-125.0,-125.0,-125.0,-125.0,-18.0,nan,-18.0,-18.0,-18.0,-18.0,-18.0,-18.0,-18.0
40.4395,-86.9085,0,67011,450,lte,216,2,-121.0,0.0,-121.0,-121.0,-121.0,-121.0,-121.0,-121.0,-121.0,-17.5,0.7071067811865476,-18.0,-17.9,-17.75,-17.5,-17.25,-17.1,-17.0
40.4395,-86.9085,0,125290,137,sub6,216,12,-110.0,2.454124543035107,-116.0,-112.8,-111.0,-110.0,-108.75,-108.0,-107.0,-18.0,1.6764862244009222,-22.0,-19.8,-18.0,-18.0,-17.0,-16.1,-16.0
40.4395,-86.9085,0,125290,333,sub6,216,16,-109.0,1.8929694486000912,-115.0,-110.5,-109.25,-109.0,-108.0,-107.5,-107.0,-17.0,1.4705441169852742,-22.0,-18.0,-17.0,-17.0,-17.0,-16.0,-15.0
40.4395,-86.9085,0,125290,385,sub6,216,15,-110.0,1.759328876372492,-114.0,-112.0,-111.5,-110.0,-109.0,-108.0,-108.0,-17.0,1.1832159566199232,-20.0,-19.0,-18.0,-17.0,-17.0,-16.0,-16.0
40.4395,-86.9085,0,125290,403,sub6,216,6,-110.5,1.8708286933869707,-113.0,-112.5,-111.75,-110.5,-109.25,-108.5,-108.0,-17.0,0.408248290463863,-18.0,-17.5,-17.0,-17.0,-17.0,-17.0,-17.0
40.4395,-86.9085,0,125290,485,sub6,216,7,-113.0,4.070801956792859,-119.0,-117.2,-115.5,-113.0,-112.0,-109.6,-106.0,-20.0,2.370453040886408,-23.0,-21.8,-21.0,-20.0,-18.0,-17.2,-16.0
40.4395,-86.9085,0,125290,867,sub6,216,12,-110.0,2.3403573930647275,-114.0,-113.0,-112.25,-110.0,-108.0,-108.0,-107.0,-18.0,1.378954368902449,-20.0,-19.9,-19.0,-18.0,-17.0,-16.1,-16.0
40.4395,-86.908,0,125290,137,sub6,142,28,-109.0,1.9255316039140884,-114.0,-112.0,-110.25,-109.0,-108.0,-107.0,-106.0,-17.5,1.1426091000668408,-21.0,-19.0,-18.0,-17.5,-17.0,-17.0,-16.0
40.4395,-86.908,0,125290,333,sub6,142,30,-109.0,0.8200084103858011,-111.0,-111.0,-110.0,-109.0,-109.0,-109.0,-108.0,-18.0,0.7588557629520362,-20.0,-19.0,-18.0,-18.0,-17.0,-17.0,-17.0
40.4395,-86.908,0,125290,385,sub6,142,30,-110.0,3.1413080224572094,-118.0,-114.0,-111.0,-110.0,-107.25,-106.0,-105.0,-17.0,2.3393190874917957,-23.0,-20.0,-18.0,-17.0,-15.0,-14.0,-13.0
40.4395,-86.908,0,125290,403,sub6,142,15,-112.0,3.5617010382279815,-117.0,-115.8,-114.0,-112.0,-109.5,-106.4,-106.0,-19.0,2.474633209954462,-24.0,-22.0,-21.0,-19.0,-17.5,-16.0,-16.0
40.4395,-86.908,0,125290,485,sub6,142,16,-110.5,2.613267431141839,-117.0,-112.0,-111.25,-110.5,-108.0,-107.5,-106.0,-19.0,1.6111590031195968,-23.0,-20.0,-20.0,-19.0,-18.0,-17.5,-16.0
40.4395,-86.908,0,125290,867,sub6,142,23,-109.0,5.8993534850441005,-121.0,-118.0,-116.5,-109.0,-105.0,-104.0,-104.0,-17.0,4.187785740354278,-26.0,-24.0,-23.0,-17.0,-15.0,-15.0,-14.0
40.44,-86.9095,0,1001,99,lte,369,17,-122.0,2.420804436059852,-124.0,-123.4,-123.0,-122.0,-120.0,-117.0,-116.0,-18.0,1.3004524099667145,-21.0,-20.0,-19.0,-18.0,-17.0,-17.0,-16.0
40.44,-86.9095,0,1001,174,lte,369,28,-120.0,2.115700942049815,-122.0,-122.0,-121.0,-120.0,-118.75,-117.7,-114.0,-16.0,1.3622848842368125,-19.0,-17.3,-16.0,-16.0,-15.0,-14.7,-13.0
40.44,-86.9095,0,1001,272,lte,369,3,-125.0,2.0,-127.0,-126.6,-126.0,-125.0,-124.0,-123.4,-123.0,-21.0,0.5773502691896258,-22.0,-21.8,-21.5,-21.0,-21.0,-21.0,-21.0
40.44,-86.9095,0,1001,331,lte,369,28,-121.0,1.608509119433765,-123.0,-122.3,-122.0,-121.0,-120.75,-119.7,-115.0,-17.0,1.3991683092723184,-21.0,-19.0,-18.0,-17.0,-16.0,-16.0,-16.0
40.44,-86.9095,0,1001,374,lte,369,16,-124.0,1.0954451150103321,-126.0,-126.0,-125.25,-124.0,-124.0,-123.0,-123.0,-20.0,0.5439056290693574,-21.0,-20.0,-20.0,-20.0,-19.75,-19.0,-19.0
40.44,-86.9095,0,1001,448,lte,369,28,-118.0,1.3801311186847083,-120.0,-120.0,-119.0,-118.0,-117.0,-117.0,-115.0,-17.0,0.994029797388005,-19.0,-18.0,-17.0,-17.0,-16.0,-16.0,-15.0
40.44,-86.9095,0,1001,489,lte,369,15,-125.0,0.9258200997725514,-126.0,-126.0,-126.0,-125.0,-124.0,-124.0,-124.0,-20.0,0.7037315505489968,-22.0,-21.0,-20.5,-20.0,-20.0,-20.0,-19.0
40.44,-86.9095,0,125290,137,sub6,369,14,-116.0,8.160478331164576,-138.0,-122.0,-118.0,-116.0,-109.0,-109.0,-108.0,-21.5,6.603778472199844,-38.0,-28.0,-25.0,-21.5,-17.25,-15.0,-15.0
40.44,-86.9095,0,125290,218,sub6,369,2,-130.0,11.313708498984761,-138.0,-136.4,-134.0,-130.0,-126.0,-123.6,-122.0,-29.0,12.727922061357855,-38.0,-36.2,-33.5,-29.0,-24.5,-21.8,-20.0
40.44,-86.9095,0,125290,333,sub6,369,27,-111.0,2.7456258919345764,-118.0,-112.4,-112.0,-111.0,-107.0,-107.0,-106.0,-18.0,1.2353759938390605,-22.0,-19.5,-19.0,-18.0,-18.0,-17.0,-16.0
40.44,-86.9095,0,125290,385,sub6,369,5,-115.0,10.917875251164945,-137.0,-128.2,-115.0,-115.0,-111.0,-111.0,-111.0,-17.0,9.391485505499116,-38.0,-29.6,-17.0,-17.0,-17.0,-17.0,-17.0
40.44,-86.9095,0,125290,403,sub6,369,29,-111.0,3.1886498215904897,-120.0,-115.0,-112.0,-111.0,-108.0,-107.0,-107.0,-19.0,1.9034580923570674,-25.0,-21.2,-20.0,-19.0,-18.0,-17.0,-16.0
40.44,-86.9095,0,125290,483,sub6,369,5,-112.0,11.122050170719426,-137.0,-127.8,-114.0,-112.0,-112.0,-111.4,-111.0,-19.0,8.927485648266257,-38.0,-30.4,-19.0,-19.0,-19.0,-17.2,-16.0
40.44,-86.9095,0,125290,485,sub6,369,8,-115.0,2.0701966780270626,-117.0,-115.6,-115.0,-115.0,-112.0,-111.7,-111.0,-19.0,2.7774602993176543,-25.0,-24.3,-22.5,-19.0,-18.75,-18.0,-18.0
40.44,-86.9095,0,125290,697,sub6,369,7,-111.0,9.484322904265806,-133.0,-120.4,-111.5,-111.0,-108.0,-105.0,-105.0,-22.0,6.023762469230862,-35.0,-27.2,-22.0,-22.0,-19.5,-17.0,-17.0
40.44,-86.9095,0,125290,867,sub6,369,31,-107.0,2.741555950962531,-112.0,-109.0,-107.5,-107.0,-104.0,-102.0,-101.0,-15.0,1.203443335628631,-17.0,-16.0,-16.0,-15.0,-14.0,-13.0,-13.0
40.44,-86.9095,0,512190,0,sub6,369,5,-120.0,1.3038404810405297,-122.0,-121.6,-121.0,-120.0,-119.0,-119.0,-119.0,-17.0,0.8944271909999159,-19.0,-18.6,-18.0,-17.0,-17.0,-17.0,-17.0
40.44,-86.9095,0,512190,10,sub6,369,5,-118.0,0.7071067811865476,-119.0,-118.6,-118.0,-118.0,-118.0,-117.4,-117.0,-13.0,0.8944271909999159,-15.0,-14.6,-14.0,-13.0,-13.0,-13.0,-13.0
40.44,-86.9095,0,512190,89,sub6,369,4,-122.5,7.847504911329036,-138.0,-133.5,-126.75,-122.5,-122.0,-122.0,-122.0,-18.0,10.0,-38.0,-32.0,-23.0,-18.0,-18.0,-18.0,-18.0
40.44,-86.9095,0,512190,201,sub6,369,5,-119.0,1.3038404810405297,-120.0,-120.0,-120.0,-119.0,-118.0,-117.4,-117.0,-15.0,1.1401754250991378,-16.0,-15.6,-15.0,-15.0,-14.0,-13.4,-13.0
40.44,-86.9095,0,512190,393,sub6,369,5,-120.0,1.3416407864998738,-122.0,-122.0,-122.0,-120.0,-120.0,-119.4,-119.0,-15.0,1.0954451150103324,-17.0,-17.0,-17.0,-15.0,-15.0,-15.0,-15.0
40.44,-86.9095,0,512190,400,sub6,369,5,-113.0,3.1144823004794877,-118.0,-117.6,-117.0,-113.0,-112.0,-111.4,-111.0,-12.0,1.51657508881031,-15.0,-14.2,-13.0,-12.0,-12.0,-11.4,-11.0
40.44,-86.9095,0,512190,540,sub6,369,5,-123.0,1.0,-124.0,-124.0,-124.0,-123.0,-122.0,-122.0,-122.0,-19.0,0.8944271909999159,-19.0,-19.0,-19.0,-19.0,-18.0,-17.4,-17.0
40.44,-86.9095,0,512190,572,sub6,369,5,-120.0,0.7071067811865476,-121.0,-120.6,-120.0,-120.0,-120.0,-119.4,-119.0,-16.0,1.0,-17.0,-17.0,-17.0,-16.0,-15.0,-15.0,-15.0
40.44,-86.9095,0,512190,684,sub6,369,5,-124.0,2.5099800796022262,-127.0,-125.8,-124.0,-124.0,-121.0,-121.0,-121.0,-17.0,2.0493901531919194,-20.0,-18.8,-17.0,-17.0,-15.0,-15.0,-15.0
40.44,-86.9095,0,512190,698,sub6,369,1,-138.0,nan,-138.0,-138.0,-138.0,-138.0,-138.0,-138.0,-138.0,-38.0,nan,-38.0,-38.0,-38.0,-38.0,-38.0,-38.0,-38.0
40.44,-86.9095,0,520110,0,sub6,369,6,-119.0,7.615773105863909,-138.0,-131.0,-122.75,-119.0,-119.0,-119.0,-119.0,-18.0,8.2138095100061,-38.0,-30.0,-21.0,-18.0,-17.25,-17.0,-17.0
40.44,-86.9095,0,520110,10,sub6,369,6,-116.0,1.2110601416389968,-116.0,-116.0,-116.0,-116.0,-115.25,-114.0,-113.0,-12.5,0.816496580927726,-14.0,-13.5,-13.0,-12.5,-12.0,-12.0,-12.0
40.44,-86.9095,0,520110,89,sub6,369,6,-120.0,1.3662601021279464,-123.0,-121.5,-120.0,-120.0,-120.0,-119.5,-119.0,-17.0,0.816496580927726,-19.0,-18.0,-17.0,-17.0,-17.0,-17.0,-17.0
40.44,-86.9095,0,520110,201,sub6,369,6,-117.0,1.760681686165901,-120.0,-119.5,-118.75,-117.0,-116.0,-116.0,-116.0,-14.0,1.3291601358251257,-16.0,-15.5,-15.0,-14.0,-13.0,-13.0,-13.0
40.44,-86.9095,0,520110,393,sub6,369,6,-119.0,0.6324555320336759,-120.0,-119.5,-119.0,-119.0,-119.0,-118.5,-118.0,-15.5,1.1690451944500122,-18.0,-17.0,-16.0,-15.5,-15.0,-15.0,-15.0
40.44,-86.9095,0,520110,400,sub6,369,6,-116.0,0.8366600265340756,-116.0,-116.0,-116.0,-116.0,-115.25,-114.5,-114.0,-13.5,0.816496580927726,-14.0,-14.0,-14.0,-13.5,-13.0,-12.5,-12.0
40.44,-86.9095,0,520110,540,sub6,369,6,-119.5,2.1602468994692865,-122.0,-121.5,-120.75,-119.5,-118.25,-117.0,-116.0,-15.5,0.983192080250175,-16.0,-16.0,-16.0,-15.5,-14.25,-14.0,-14.0
40.44,-86.9095,0,520110,572,sub6,369,6,-118.5,0.5477225575051661,-119.0,-119.0,-119.0,-118.5,-118.0,-118.0,-118.0,-16.0,0.7527726527090811,-17.0,-16.5,-16.0,-16.0,-15.25,-15.0,-15.0
40.44,-86.9095,0,520110,684,sub6,369,6,-122.5,1.602081978759722,-123.0,-123.0,-123.0,-122.5,-121.25,-120.0,-119.0,-16.5,0.816496580927726,-17.0,-17.0,-17.0,-16.5,-16.0,-15.5,-15.0
40.44,-86.9095,0,520110,698,sub6,369,6,-122.0,7.222649560006817,-138.0,-130.0,-122.0,-122.0,-122.0,-119.5,-117.0,-19.0,8.091147425839345,-38.0,-28.5,-19.0,-19.0,-19.0,-17.5,-16.0
40.44,-86.9095,0,520110,857,sub6,369,1,-138.0,nan,-138.0,-138.0,-138.0,-138.0,-138.0,-138.0,-138.0,-38.0,nan,-38.0,-38.0,-38.0,-38.0,-38.0,-38.0,-38.0
40.44,-86.909,0,125290,137,sub6,47,6,-111.0,4.4907311951024935,-121.0,-116.5,-111.75,-111.0,-109.5,-109.0,-109.0,-18.0,4.03732584763727,-26.0,-22.5,-18.75,-18.0,-15.75,-15.0,-15.0
40.44,-86.909,0,125290,333,sub6,47,12,-107.0,0.8528028654224418,-108.0,-108.0,-108.0,-107.0,-106.0,-106.0,-106.0,-17.0,0.8876253645985945,-19.0,-18.0,-18.0,-17.0,-17.0,-16.1,-16.0
40.44,-86.909,0,125290,385,sub6,47,3,-118.0,4.58257569495584,-121.0,-120.4,-119.5,-118.0,-115.0,-113.2,-112.0,-25.0,4.163331998932266,-27.0,-26.6,-26.0,-25.0,-22.0,-20.2,-19.0
40.44,-86.909,0,125290,403,sub6,47,12,-105.0,2.0670576365276494,-107.0,-106.9,-106.0,-105.0,-102.75,-102.0,-101.0,-15.5,1.6764862244009227,-18.0,-17.0,-17.0,-15.5,-14.0,-13.1,-13.0
40.44,-86.909,0,125290,485,sub6,47,2,-115.5,6.363961030678928,-120.0,-119.1,-117.75,-115.5,-113.25,-111.9,-111.0,-23.0,4.242640687119285,-26.0,-25.4,-24.5,-23.0,-21.5,-20.6,-20.0
40.44,-86.909,0,125290,867,sub6,47,12,-110.0,2.1033883198882757,-113.0,-112.8,-111.0,-110.0,-108.0,-107.1,-107.0,-19.0,1.7320508075688772,-21.0,-20.9,-19.25,-19.0,-17.0,-16.1,-16.0
40.44,-86.9085,0,125290,137,sub6,99,14,-112.5,3.7709123855878994,-119.0,-118.4,-116.0,-112.5,-111.0,-108.3,-108.0,-20.0,2.7345972240938847,-25.0,-24.4,-22.75,-20.0,-19.25,-17.299999999999997,-16.0
40.44,-86.9085,0,125290,333,sub6,99,24,-107.0,0.7172815023567722,-109.0,-108.0,-108.0,-107.0,-107.0,-107.0,-106.0,-16.5,0.5107539184552492,-17.0,-17.0,-17.0,-16.5,-16.0,-16.0,-16.0
40.44,-86.9085,0,125290,385,sub6,99,19,-109.0,2.0433889978394295,-114.0,-111.2,-111.0,-109.0,-108.0,-107.0,-106.0,-17.0,1.4669856112538153,-21.0,-19.2,-18.0,-17.0,-16.5,-16.0,-15.0
40.44,-86.9085,0,125290,403,sub6,99,18,-109.5,2.007339474206065,-113.0,-112.3,-110.75,-109.5,-108.0,-107.0,-106.0,-19.0,1.4199788270537859,-21.0,-20.3,-19.0,-19.0,-18.0,-17.0,-15.0
40.44,-86.9085,0,125290,485,sub6,99,4,-118.0,5.560275772537426,-124.0,-122.8,-121.0,-118.0,-114.75,-112.5,-111.0,-24.5,4.69041575982343,-29.0,-28.1,-26.75,-24.5,-21.75,-19.5,-18.0
40.44,-86.9085,0,125290,867,sub6,99,20,-106.0,2.373094803704315,-113.0,-107.6,-107.0,-106.0,-105.0,-105.0,-104.0,-16.0,1.8666040089734592,-22.0,-18.3,-17.0,-16.0,-16.0,-15.0,-15.0
40.4405,-86.91,0,1001,174,lte,325,9,-122.0,2.1473497877875207,-125.0,-124.2,-123.0,-122.0,-121.0,-119.6,-118.0,-17.0,1.5898986690282426,-20.0,-19.2,-19.0,-17.0,-16.0,-16.0,-16.0
40.4405,-86.91,0,1001,331,lte,325,4,-118.5,3.366501646120693,-125.0,-123.2,-120.5,-118.5,-118.0,-118.0,-118.0,-17.0,1.5,-20.0,-19.1,-17.75,-17.0,-17.0,-17.0,-17.0
40.4405,-86.91,0,1001,448,lte,325,11,-116.0,2.284333998823688,-121.0,-120.0,-117.5,-116.0,-115.5,-115.0,-113.0,-17.0,1.6949121725703882,-19.0,-18.0,-17.5,-17.0,-15.5,-15.0,-13.0
40.4405,-86.91,0,1001,489,lte,325,8,-123.0,2.416461403433896,-125.0,-124.3,-123.25,-123.0,-121.25,-118.7,-118.0,-18.0,1.8468119248354136,-20.0,-20.0,-18.5,-18.0,-16.0,-15.7,-15.0
40.4405,-86.91,0,2350,193,lte,325,4,-130.0,1.1547005383792515,-131.0,-131.0,-131.0,-130.0,-129.0,-129.0,-129.0,-18.5,0.9574271077563381,-19.0,-19.0,-19.0,-18.5,-17.75,-17.3,-17.0
40.4405,-86.91,0,2350,313,lte,325,2,-125.5,0.7071067811865476,-126.0,-125.9,-125.75,-125.5,-125.25,-125.1,-125.0,-18.5,0.7071067811865476,-19.0,-18.9,-18.75,-18.5,-18.25,-18.1,-18.0
40.4405,-86.91,0,5035,114,lte,325,33,-115.0,1.4367998953904262,-117.0,-117.0,-117.0,-115.0,-114.0,-114.0,-113.0,-19.0,1.0316946929174051,-20.0,-20.0,-19.0,-19.0,-18.0,-17.0,-17.0
40.4405,-86.91,0,5035,192,lte,325,11,-116.0,1.7529196424044295,-117.0,-117.0,-117.0,-116.0,-114.0,-113.0,-113.0,-20.0,0.9244162777371753,-20.0,-20.0,-20.0,-20.0,-19.0,-19.0,-17.0
40.4405,-86.91,0,5035,288,lte,325,15,-119.0,0.9611501047232549,-119.0,-119.0,-119.0,-119.0,-118.0,-117.0,-116.0,-20.0,0.9154754164341269,-21.0,-20.6,-20.0,-20.0,-19.0,-18.4,-18.0
40.4405,-86.91,0,5035,294,lte,325,34,-112.0,1.6024157342535195,-116.0,-113.7,-113.0,-112.0,-111.0,-110.0,-109.0,-14.5,1.1608589849278426,-17.0,-16.0,-15.0,-14.5,-14.0,-13.3,-11.0
40.4405,-86.91,0,5035,326,lte,325,17,-115.0,1.393261092038472,-117.0,-116.4,-116.0,-115.0,-114.0,-113.0,-112.0,-19.0,1.0325582165612917,-21.0,-20.4,-20.0,-19.0,-18.0,-18.0,-18.0
40.4405,-86.91,0,5035,332,lte,325,15,-118.0,1.334523278535216,-121.0,-119.6,-119.0,-118.0,-117.0,-117.0,-116.0,-20.0,1.1212238211627763,-21.0,-21.0,-20.5,-20.0,-19.0,-18.0,-18.0
40.4405,-86.91,0,5035,372,lte,325,15,-118.0,1.1212238211627759,-119.0,-119.0,-118.5,-118.0,-117.0,-116.0,-116.0,-20.0,1.1254628677422756,-21.0,-20.6,-20.0,-20.0,-19.0,-18.0,-17.0
40.4405,-86.91,0,5035,424,lte,325,34,-112.5,1.157783856387071,-114.0,-114.0,-113.0,-112.5,-112.0,-111.3,-109.0,-18.0,1.4183040762695867,-19.0,-19.0,-18.75,-18.0,-17.0,-16.3,-13.0
40.4405,-86.91,0,5035,429,lte,325,21,-115.0,1.220850601210562,-117.0,-116.0,-116.0,-115.0,-114.0,-114.0,-112.0,-19.0,0.7302967433402217,-20.0,-19.0,-19.0,-19.0,-18.0,-18.0,-17.0
40.4405,-86.91,0,66736,47,lte,325,6,-126.0,0.752772652709081,-127.0,-126.5,-126.0,-126.0,-125.25,-125.0,-125.0,-21.0,0.752772652709081,-22.0,-21.5,-21.0,-21.0,-20.25,-20.0,-20.0
40.4405,-86.91,0,66736,118,lte,325,5,-122.0,0.4472135954999579,-122.0,-122.0,-122.0,-122.0,-122.0,-121.4,-121.0,-18.0,0.8944271909999159,-18.0,-18.0,-18.0,-18.0,-17.0,-16.4,-16.0
40.4405,-86.91,0,66736,282,lte,325,2,-125.0,1.4142135623730951,-126.0,-125.8,-125.5,-125.0,-124.5,-124.2,-124.0,-18.0,0.0,-18.0,-18.0,-18.0,-18.0,-18.0,-18.0,-18.0
40.4405,-86.91,0,66736,304,lte,325,5,-122.0,2.23606797749979,-122.0,-122.0,-122.0,-122.0,-122.0,-119.0,-117.0,-16.0,2.073644135332772,-17.0,-17.0,-17.0,-16.0,-16.0,-13.6,-12.0
40.4405,-86.91,0,67011,81,lte,325,4,-122.0,3.095695936834452,-127.0,-125.8,-124.0,-122.0,-120.75,-120.3,-120.0,-19.0,1.5,-20.0,-20.0,-20.0,-19.0,-17.75,-17.3,-17.0
40.4405,-86.91,0,67011,396,lte,325,2,-125.0,2.8284271247461903,-127.0,-126.6,-126.0,-125.0,-124.0,-123.4,-123.0,-20.0,0.0,-20.0,-20.0,-20.0,-20.0,-20.0,-20.0,-20.0
40.4405,-86.91,0,67011,412,lte,325,8,-118.5,2.8753881725529062,-123.0,-123.0,-123.0,-118.5,-117.0,-117.0,-117.0,-14.5,1.5118578920369088,-16.0,-16.0,-16.0,-14.5,-13.75,-12.7,-12.0
40.4405,-86.91,0,67011,450,lte,325,1,-122.0,nan,-122.0,-122.0,-122.0,-122.0,-122.0,-122.0,-122.0,-16.0,nan,-16.0,-16.0,-16.0,-16.0,-16.0,-16.0,-16.0
40.4405,-86.91,0,67011,486,lte,325,1,-122.0,nan,-122.0,-122.0,-122.0,-122.0,-122.0,-122.0,-122.0,-17.0,nan,-17.0,-17.0,-17.0,-17.0,-17.0,-17.0,-17.0
40.4405,-86.91,0,125290,137,sub6,325,1,-115.0,nan,-115.0,-115.0,-115.0,-115.0,-115.0,-115.0,-115.0,-18.0,nan,-18.0,-18.0,-18.0,-18.0,-18.0,-18.0,-18.0
40.4405,-86.91,0,125290,218,sub6,325,2,-119.0,4.242640687119285,-122.0,-121.4,-120.5,-119.0,-117.5,-116.6,-116.0,-18.5,2.1213203435596424,-20.0,-19.7,-19.25,-18.5,-17.75,-17.3,-17.0
40.4405,-86.91,0,125290,333,sub6,325,1,-110.0,nan,-110.0,-110.0,-110.0,-110.0,-110.0,-110.0,-110.0,-16.0,nan,-16.0,-16.0,-16.0,-16.0,-16.0,-16.0,-16.0
40.4405,-86.91,0,125290,403,sub6,325,1,-111.0,nan,-111.0,-111.0,-111.0,-111.0,-111.0,-111.0,-111.0,-17.0,nan,-17.0,-17.0,-17.0,-17.0,-17.0,-17.0,-17.0
40.4405,-86.91,0,125290,483,sub6,325,2,-118.0,5.656854249492381,-122.0,-121.2,-120.0,-118.0,-116.0,-114.8,-114.0,-22.5,4.949747468305833,-26.0,-25.3,-24.25,-22.5,-20.75,-19.7,-19.0
40.4405,-86.91,0,125290,867,sub6,325,2,-112.0,2.8284271247461903,-114.0,-113.6,-113.0,-112.0,-111.0,-110.4,-110.0,-15.5,0.7071067811865476,-16.0,-15.9,-15.75,-15.5,-15.25,-15.1,-15.0
40.4405,-86.91,0,512190,0,sub6,325,3,-117.0,2.081665999466133,-120.0,-119.4,-118.5,-117.0,-116.5,-116.2,-116.0,-15.0,1.1547005383792517,-17.0,-16.6,-16.0,-15.0,-15.0,-15.0,-15.0
40.4405,-86.91,0,512190,10,sub6,325,3,-119.0,0.5773502691896257,-119.0,-119.0,-119.0,-119.0,-118.5,-118.2,-118.0,-14.0,0.5773502691896257,-14.0,-14.0,-14.0,-14.0,-13.5,-13.2,-13.0
40.4405,-86.91,0,512190,201,sub6,325,3,-117.0,1.5275252316519468,-118.0,-117.8,-117.5,-117.0,-116.0,-115.4,-115.0,-14.0,0.5773502691896257,-14.0,-14.0,-14.0,-14.0,-13.5,-13.2,-13.0
40.4405,-86.91,0,512190,400,sub6,325,3,-116.0,1.0,-117.0,-116.8,-116.5,-116.0,-115.5,-115.2,-115.0,-13.0,0.5773502691896257,-14.0,-13.8,-13.5,-13.0,-13.0,-13.0,-13.0
40.4405,-86.91,0,512190,540,sub6,325,3,-123.0,0.0,-123.0,-123.0,-123.0,-123.0,-123.0,-123.0,-123.0,-18.0,0.5773502691896258,-19.0,-18.8,-18.5,-18.0,-18.0,-18.0,-18.0
40.4405,-86.91,0,512190,572,sub6,325,3,-120.0,2.0,-122.0,-121.6,-121.0,-120.0,-119.0,-118.4,-118.0,-15.0,1.1547005383792517,-17.0,-16.6,-16.0,-15.0,-15.0,-15.0,-15.0
40.4405,-86.91,0,512190,684,sub6,325,1,-127.0,nan,-127.0,-127.0,-127.0,-127.0,-127.0,-127.0,-127.0,-20.0,nan,-20.0,-20.0,-20.0,-20.0,-20.0,-20.0,-20.0
40.4405,-86.91,0,512190,698,sub6,325,2,-119.0,0.0,-119.0,-119.0,-119.0,-119.0,-119.0,-119.0,-119.0,-16.0,0.0,-16.0,-16.0,-16.0,-16.0,-16.0,-16.0,-16.0
40.4405,-86.91,0,520110,0,sub6,325,3,-120.0,0.5773502691896257,-120.0,-120.0,-120.0,-120.0,-119.5,-119.2,-119.0,-17.0,0.0,-17.0,-17.0,-17.0,-17.0,-17.0,-17.0,-17.0
40.4405,-86.91,0,520110,10,sub6,325,3,-115.0,0.5773502691896257,-115.0,-115.0,-115.0,-115.0,-114.5,-114.2,-114.0,-12.0,0.0,-12.0,-12.0,-12.0,-12.0,-12.0,-12.0,-12.0
40.4405,-86.91,0,520110,89,sub6,325,2,-119.5,0.7071067811865476,-120.0,-119.9,-119.75,-119.5,-119.25,-119.1,-119.0,-18.0,0.0,-18.0,-18.0,-18.0,-18.0,-18.0,-18.0,-18.0
40.4405,-86.91,0,520110,201,sub6,325,3,-113.0,0.5773502691896257,-113.0,-113.0,-113.0,-113.0,-112.5,-112.2,-112.0,-13.0,0.5773502691896257,-13.0,-13.0,-13.0,-13.0,-12.5,-12.2,-12.0
40.4405,-86.91,0,520110,393,sub6,325,1,-119.0,nan,-119.0,-119.0,-119.0,-119.0,-119.0,-119.0,-119.0,-18.0,nan,-18.0,-18.0,-18.0,-18.0,-18.0,-18.0,-18.0
40.4405,-86.91,0,520110,400,sub6,325,3,-114.0,2.3094010767585034,-118.0,-117.2,-116.0,-114.0,-114.0,-114.0,-114.0,-13.0,1.1547005383792517,-15.0,-14.6,-14.0,-13.0,-13.0,-13.0,-13.0
40.4405,-86.91,0,520110,540,sub6,325,2,-120.5,0.7071067811865476,-121.0,-120.9,-120.75,-120.5,-120.25,-120.1,-120.0,-15.5,0.7071067811865476,-16.0,-15.9,-15.75,-15.5,-15.25,-15.1,-15.0
40.4405,-86.91,0,520110,572,sub6,325,3,-116.0,1.5275252316519468,-118.0,-117.6,-117.0,-116.0,-115.5,-115.2,-115.0,-16.0,0.5773502691896257,-16.0,-16.0,-16.0,-16.0,-15.5,-15.2,-15.0
40.4405,-86.91,0,520110,684,sub6,325,3,-120.0,0.0,-120.0,-120.0,-120.0,-120.0,-120.0,-120.0,-120.0,-15.0,0.0,-15.0,-15.0,-15.0,-15.0,-15.0,-15.0,-15.0
40.4405,-86.91,0,520110,698,sub6,325,3,-117.0,2.0,-119.0,-118.6,-118.0,-117.0,-116.0,-115.4,-115.0,-16.0,1.0,-17.0,-16.8,-16.5,-16.0,-15.5,-15.2,-15.0
40.4405,-86.91,0,520110,857,sub6,325,2,-125.0,0.0,-125.0,-125.0,-125.0,-125.0,-125.0,-125.0,-125.0,-21.0,0.0,-21.0,-21.0,-21.0,-21.0,-21.0,-21.0,-21.0
40.4405,-86.9095,0,125290,137,sub6,51,8,-115.5,2.669269563007828,-120.0,-118.6,-116.5,-115.5,-114.75,-113.1,-111.0,-21.0,2.5495097567963922,-25.0,-23.6,-22.25,-21.0,-21.0,-19.5,-16.0
40.4405,-86.9095,0,125290,218,sub6,51,3,-112.0,3.7859388972001824,-118.0,-116.8,-115.0,-112.0,-111.5,-111.2,-111.0,-19.0,2.6457513110645907,-23.0,-22.2,-21.0,-19.0,-18.5,-18.2,-18.0
40.4405,-86.9095,0,125290,333,sub6,51,6,-114.5,3.5449494589721118,-123.0,-120.0,-116.5,-114.5,-114.0,-114.0,-114.0,-21.5,2.6394443859772205,-27.0,-25.0,-22.75,-21.5,-20.25,-20.0,-20.0
40.4405,-86.9095,0,125290,385,sub6,51,5,-123.0,3.361547262794322,-127.0,-125.8,-124.0,-123.0,-121.0,-119.2,-118.0,-27.0,2.701851217221259,-30.0,-29.2,-28.0,-27.0,-25.0,-23.8,-23.0
40.4405,-86.9095,0,125290,403,sub6,51,12,-106.0,0.45226701686664544,-107.0,-107.0,-106.25,-106.0,-106.0,-106.0,-106.0,-14.0,0.5773502691896258,-15.0,-15.0,-14.25,-14.0,-14.0,-14.0,-13.0
40.4405,-86.9095,0,125290,483,sub6,51,1,-111.0,nan,-111.0,-111.0,-111.0,-111.0,-111.0,-111.0,-111.0,-18.0,nan,-18.0,-18.0,-18.0,-18.0,-18.0,-18.0,-18.0
40.4405,-86.9095,0,125290,798,sub6,51,4,-116.5,2.8722813232690143,-121.0,-120.1,-118.75,-116.5,-115.0,-115.0,-115.0,-22.5,2.8722813232690143,-27.0,-26.1,-24.75,-22.5,-21.0,-21.0,-21.0
40.4405,-86.9095,0,125290,867,sub6,51,12,-114.0,4.935953440181174,-124.0,-120.7,-115.0,-114.0,-109.75,-109.0,-108.0,-20.0,3.2983007562664564,-27.0,-23.9,-21.5,-20.0,-17.0,-17.0,-16.0
40.4405,-86.909,0,125290,137,sub6,63,9,-114.0,5.024937810560446,-123.0,-122.2,-121.0,-114.0,-112.0,-111.8,-111.0,-19.0,4.558264777059114,-28.0,-26.4,-26.0,-19.0,-18.0,-17.0,-17.0
40.4405,-86.909,0,125290,333,sub6,63,13,-110.0,3.2364114346539705,-120.0,-111.0,-111.0,-110.0,-108.0,-108.0,-107.0,-17.0,2.8442474557857285,-25.0,-21.0,-20.0,-17.0,-16.0,-16.0,-15.0
40.4405,-86.909,0,125290,403,sub6,63,19,-103.0,1.4100723717480785,-106.0,-105.0,-104.0,-103.0,-102.0,-102.0,-101.0,-14.0,0.535303379031311,-15.0,-14.0,-14.0,-14.0,-13.5,-13.0,-13.0
40.4405,-86.909,0,125290,483,sub6,63,2,-110.5,3.5355339059327378,-113.0,-112.5,-111.75,-110.5,-109.25,-108.5,-108.0,-19.0,2.8284271247461903,-21.0,-20.6,-20.0,-19.0,-18.0,-17.4,-17.0
40.4405,-86.909,0,125290,798,sub6,63,1,-109.0,nan,-109.0,-109.0,-109.0,-109.0,-109.0,-109.0,-109.0,-16.0,nan,-16.0,-16.0,-16.0,-16.0,-16.0,-16.0,-16.0
40.4405,-86.909,0,125290,867,sub6,63,19,-109.0,2.2581884785549597,-115.0,-113.2,-111.5,-109.0,-109.0,-107.8,-107.0,-18.0,1.7438278792686563,-22.0,-21.0,-19.5,-18.0,-17.0,-16.8,-16.0
40.441,-86.9105,0,1001,84,lte,164,3,-125.0,0.5773502691896257,-126.0,-125.8,-125.5,-125.0,-125.0,-125.0,-125.0,-21.0,0.5773502691896258,-21.0,-21.0,-21.0,-21.0,-20.5,-20.2,-20.0
40.441,-86.9105,0,1001,99,lte,164,13,-123.0,3.7450822455109076,-135.0,-125.0,-125.0,-123.0,-122.0,-121.0,-120.0,-17.0,2.662657242256988,-26.0,-18.0,-18.0,-17.0,-17.0,-16.0,-15.0
40.441,-86.9105,0,1001,174,lte,164,11,-123.0,1.4206272622267313,-127.0,-124.0,-123.5,-123.0,-122.5,-122.0,-122.0,-18.0,0.9045340337332909,-19.0,-19.0,-18.0,-18.0,-17.0,-17.0,-16.0
40.441,-86.9105,0,1001,331,lte,164,12,-125.5,0.6685579234215215,-127.0,-126.0,-126.0,-125.5,-125.0,-125.0,-125.0,-20.0,0.621581560508061,-21.0,-21.0,-21.0,-20.0,-20.0,-20.0,-19.0
40.441,-86.9105,0,1001,448,lte,164,12,-120.5,1.6025547785276542,-123.0,-122.9,-122.0,-120.5,-119.0,-119.0,-119.0,-18.0,1.5050420310248864,-20.0,-20.0,-19.25,-18.0,-17.0,-16.1,-16.0
40.441,-86.9105,0,1001,489,lte,164,1,-128.0,nan,-128.0,-128.0,-128.0,-128.0,-128.0,-128.0,-128.0,-18.0,nan,-18.0,-18.0,-18.0,-18.0,-18.0,-18.0,-18.0
40.441,-86.9105,0,5035,114,lte,164,3,-117.0,1.1547005383792517,-119.0,-118.6,-118.0,-117.0,-117.0,-117.0,-117.0,-18.0,1.0,-19.0,-18.8,-18.5,-18.0,-17.5,-17.2,-17.0
40.441,-86.9105,0,5035,294,lte,164,11,-112.0,1.6348477827391983,-113.0,-113.0,-112.5,-112.0,-111.5,-109.0,-108.0,-14.0,1.4396969378057562,-18.0,-16.0,-15.0,-14.0,-14.0,-13.0,-13.0
40.441,-86.9105,0,5035,424,lte,164,11,-114.0,0.9341987329938276,-116.0,-116.0,-115.0,-114.0,-114.0,-114.0,-113.0,-17.0,0.7745966692414834,-18.0,-18.0,-17.5,-17.0,-16.5,-16.0,-16.0
40.441,-86.9105,0,5035,429,lte,164,11,-116.0,3.9312269655344823,-120.0,-120.0,-119.0,-116.0,-112.0,-110.0,-110.0,-21.0,3.207944683268259,-24.0,-23.0,-22.5,-21.0,-18.0,-15.0,-15.0
40.441,-86.9105,0,39750,111,lte,164,2,-122.0,0.0,-122.0,-122.0,-122.0,-122.0,-122.0,-122.0,-122.0,-12.0,0.0,-12.0,-12.0,-12.0,-12.0,-12.0,-12.0,-12.0
40.441,-86.9105,0,39750,364,lte,164,1,-129.0,nan,-129.0,-129.0,-129.0,-129.0,-129.0,-129.0,-129.0,-19.0,nan,-19.0,-19.0,-19.0,-19.0,-19.0,-19.0,-19.0
40.441,-86.9105,0,66736,47,lte,164,1,-133.0,nan,-133.0,-133.0,-133.0,-133.0,-133.0,-133.0,-133.0,-20.0,nan,-20.0,-20.0,-20.0,-20.0,-20.0,-20.0,-20.0
40.441,-86.9105,0,66736,282,lte,164,4,-132.5,2.449489742783178,-134.0,-134.0,-134.0,-132.5,-130.5,-129.6,-129.0,-21.0,2.6299556396765835,-24.0,-23.7,-23.25,-21.0,-19.0,-19.0,-19.0
40.441,-86.9105,0,66736,304,lte,164,4,-131.0,4.272001872658765,-133.0,-133.0,-133.0,-131.0,-127.75,-125.5,-124.0,-18.5,2.3804761428476167,-19.0,-19.0,-19.0,-18.5,-17.0,-15.2,-14.0
40.441,-86.9105,0,67011,81,lte,164,11,-123.0,9.04735018967131,-139.0,-138.0,-135.5,-123.0,-119.5,-118.0,-117.0,-18.0,5.0990195135927845,-28.0,-27.0,-25.5,-18.0,-17.0,-16.0,-15.0
40.441,-86.9105,0,67011,119,lte,164,2,-121.0,1.4142135623730951,-122.0,-121.8,-121.5,-121.0,-120.5,-120.2,-120.0,-20.0,0.0,-20.0,-20.0,-20.0,-20.0,-20.0,-20.0,-20.0
40.441,-86.9105,0,67011,396,lte,164,6,-123.0,1.4142135623730951,-125.0,-124.5,-123.75,-123.0,-122.25,-121.5,-121.0,-19.5,0.5477225575051661,-20.0,-20.0,-20.0,-19.5,-19.0,-19.0,-19.0
40.441,-86.9105,0,67011,412,lte,164,7,-120.0,4.913538149119954,-132.0,-125.4,-120.5,-120.0,-118.5,-118.0,-118.0,-17.0,0.7559289460184544,-18.0,-18.0,-18.0,-17.0,-17.0,-16.6,-16.0
40.441,-86.9105,0,67011,450,lte,164,6,-120.0,0.5163977794943223,-121.0,-121.0,-120.75,-120.0,-120.0,-120.0,-120.0,-17.5,0.983192080250175,-18.0,-18.0,-18.0,-17.5,-16.25,-16.0,-16.0
40.441,-86.9105,0,67011,486,lte,164,1,-121.0,nan,-121.0,-121.0,-121.0,-121.0,-121.0,-121.0,-121.0,-20.0,nan,-20.0,-20.0,-20.0,-20.0,-20.0,-20.0,-20.0
40.441,-86.9105,0,125290,333,sub6,164,8,-106.0,1.4577379737113252,-108.0,-108.0,-107.25,-106.0,-105.0,-104.7,-104.0,-16.0,0.8345229603962802,-17.0,-17.0,-16.25,-16.0,-15.0,-15.0,-15.0
40.441,-86.9105,0,125290,403,sub6,164,6,-109.0,0.8944271909999159,-110.0,-110.0,-109.75,-109.0,-108.25,-108.0,-108.0,-17.0,0.5163977794943222,-18.0,-18.0,-17.75,-17.0,-17.0,-17.0,-17.0
40.441,-86.9105,0,125290,483,sub6,164,8,-114.0,0.7559289460184544,-116.0,-115.3,-115.0,-114.0,-114.0,-114.0,-114.0,-23.0,0.6408699444616557,-24.0,-24.0,-23.25,-23.0,-23.0,-22.7,-22.0
40.441,-86.9105,0,125290,867,sub6,164,9,-106.0,1.0,-108.0,-107.2,-107.0,-106.0,-106.0,-105.0,-105.0,-15.0,0.7817359599705717,-16.0,-16.0,-15.0,-15.0,-14.0,-14.0,-14.0
40.441,-86.91,0,125290,385,sub6,30,9,-113.0,2.692582403567252,-118.0,-115.6,-113.0,-113.0,-111.0,-109.8,-109.0,-18.0,2.0,-22.0,-19.6,-19.0,-18.0,-17.0,-15.8,-15.0
40.441,-86.91,0,125290,403,sub6,30,12,-106.5,3.537676004830221,-110.0,-109.9,-109.0,-106.5,-102.75,-101.1,-101.0,-14.0,1.4222261679238197,-15.0,-14.9,-14.0,-14.0,-12.0,-11.1,-11.0
40.441,-86.91,0,125290,483,sub6,30,6,-107.0,3.4302575219167823,-114.0,-111.5,-108.75,-107.0,-105.25,-105.0,-105.0,-14.5,1.2649110640673518,-17.0,-16.5,-15.75,-14.5,-14.0,-14.0,-14.0
40.441,-86.91,0,125290,867,sub6,30,3,-120.0,5.507570547286102,-121.0,-120.8,-120.5,-120.0,-115.5,-112.8,-111.0,-24.0,4.618802153517007,-24.0,-24.0,-24.0,-24.0,-20.0,-17.6,-16.0
40.441,-86.9095,0,125290,137,sub6,63,3,-126.0,4.358898943540674,-127.0,-126.8,-126.5,-126.0,-122.5,-120.4,-119.0,-30.0,2.886751345948129,-30.0,-30.0,-30.0,-30.0,-27.5,-26.0,-25.0
40.441,-86.9095,0,125290,218,sub6,63,3,-122.0,3.055050463303893,-126.0,-125.2,-124.0,-122.0,-121.0,-120.4,-120.0,-26.0,2.6457513110645907,-30.0,-29.2,-28.0,-26.0,-25.5,-25.2,-25.0
40.441,-86.9095,0,125290,385,sub6,63,12,-117.0,5.136765873228372,-127.0,-123.8,-121.25,-117.0,-113.75,-111.2,-111.0,-23.0,5.113855214172098,-31.0,-28.8,-26.25,-23.0,-20.0,-16.1,-15.0
40.441,-86.9095,0,125290,403,sub6,63,19,-102.0,2.845947154231498,-106.0,-105.0,-105.0,-102.0,-99.0,-98.8,-98.0,-12.0,1.5024346712987113,-15.0,-14.2,-14.0,-12.0,-11.0,-11.0,-11.0
40.441,-86.9095,0,125290,483,sub6,63,13,-108.0,1.7246329970051526,-114.0,-109.8,-109.0,-108.0,-108.0,-108.0,-107.0,-18.0,1.6525039276108333,-23.0,-19.0,-19.0,-18.0,-17.0,-17.0,-17.0
40.441,-86.9095,0,125290,867,sub6,63,13,-120.0,4.991017572625488,-126.0,-124.6,-122.0,-120.0,-116.0,-112.0,-111.0,-24.0,4.0509574683346665,-30.0,-28.8,-27.0,-24.0,-22.0,-18.2,-18.0
40.4415,-86.911,0,1001,174,lte,97,12,-123.0,1.5642792899510294,-125.0,-124.0,-123.25,-123.0,-122.0,-121.1,-119.0,-18.5,1.1381803659589922,-20.0,-19.0,-19.0,-18.5,-17.75,-17.0,-16.0
40.4415,-86.911,0,1001,331,lte,97,9,-125.0,1.3333333333333335,-127.0,-125.4,-125.0,-125.0,-123.0,-123.0,-123.0,-20.0,0.7264831572567789,-20.0,-20.0,-20.0,-20.0,-19.0,-18.8,-18.0
40.4415,-86.911,0,1001,448,lte,97,12,-119.0,0.5149286505444373,-120.0,-120.0,-120.0,-119.0,-119.0,-119.0,-119.0,-17.0,0.5149286505444373,-17.0,-17.0,-17.0,-17.0,-16.0,-16.0,-16.0
40.4415,-86.911,0,1001,489,lte,97,12,-122.5,1.2154310870109943,-125.0,-124.8,-123.0,-122.5,-122.0,-122.0,-121.0,-18.0,0.6685579234215214,-19.0,-18.9,-18.0,-18.0,-17.75,-17.0,-17.0
40.4415,-86.911,0,39750,141,lte,97,1,-130.0,nan,-130.0,-130.0,-130.0,-130.0,-130.0,-130.0,-130.0,-18.0,nan,-18.0,-18.0,-18.0,-18.0,-18.0,-18.0,-18.0
40.4415,-86.911,0,39750,248,lte,97,1,-134.0,nan,-134.0,-134.0,-134.0,-134.0,-134.0,-134.0,-134.0,-22.0,nan,-22.0,-22.0,-22.0,-22.0,-22.0,-22.0,-22.0
40.4415,-86.911,0,39750,364,lte,97,1,-132.0,nan,-132.0,-132.0,-132.0,-132.0,-132.0,-132.0,-132.0,-18.0,nan,-18.0,-18.0,-18.0,-18.0,-18.0,-18.0,-18.0
40.4415,-86.911,0,66736,118,lte,97,1,-132.0,nan,-132.0,-132.0,-132.0,-132.0,-132.0,-132.0,-132.0,-21.0,nan,-21.0,-21.0,-21.0,-21.0,-21.0,-21.0,-21.0
40.4415,-86.911,0,66736,304,lte,97,1,-128.0,nan,-128.0,-128.0,-128.0,-128.0,-128.0,-128.0,-128.0,-17.0,nan,-17.0,-17.0,-17.0,-17.0,-17.0,-17.0,-17.0
40.4415,-86.911,0,67011,81,lte,97,6,-123.0,1.0954451150103321,-125.0,-124.0,-123.0,-123.0,-122.25,-122.0,-122.0,-17.5,0.5477225575051661,-18.0,-18.0,-18.0,-17.5,-17.0,-17.0,-17.0
40.4415,-86.911,0,67011,412,lte,97,9,-118.0,0.8660254037844386,-119.0,-119.0,-119.0,-118.0,-117.0,-117.0,-117.0,-15.0,0.44095855184409843,-16.0,-16.0,-15.0,-15.0,-15.0,-15.0,-15.0
40.4415,-86.911,0,67011,450,lte,97,9,-122.0,1.5811388300841898,-124.0,-124.0,-123.0,-122.0,-121.0,-120.0,-120.0,-18.0,1.0,-19.0,-19.0,-18.0,-18.0,-17.0,-16.8,-16.0
40.4415,-86.911,0,67011,486,lte,97,6,-123.0,2.1369760566432805,-125.0,-125.0,-124.75,-123.0,-121.25,-120.5,-120.0,-15.5,1.7888543819998317,-19.0,-18.0,-16.75,-15.5,-15.0,-14.5,-14.0
40.4415,-86.911,0,125290,403,sub6,97,6,-110.5,3.1885210782848317,-113.0,-112.5,-111.75,-110.5,-109.25,-106.5,-104.0,-16.5,2.345207879911715,-19.0,-19.0,-18.5,-16.5,-15.25,-14.0,-13.0
40.4415,-86.911,0,125290,483,sub6,97,6,-107.0,0.5163977794943223,-108.0,-108.0,-107.75,-107.0,-107.0,-107.0,-107.0,-15.0,0.408248290463863,-15.0,-15.0,-15.0,-15.0,-15.0,-14.5,-14.0
40.4415,-86.911,0,125290,867,sub6,97,5,-113.0,3.9623225512317894,-120.0,-118.0,-115.0,-113.0,-111.0,-110.4,-110.0,-19.0,4.03732584763727,-26.0,-23.2,-19.0,-19.0,-18.0,-16.2,-15.0
40.4415,-86.9105,0,1001,99,lte,282,5,-122.0,1.0954451150103321,-124.0,-124.0,-124.0,-122.0,-122.0,-122.0,-122.0,-18.0,0.4472135954999579,-18.0,-18.0,-18.0,-18.0,-18.0,-17.4,-17.0
40.4415,-86.9105,0,1001,174,lte,282,16,-123.0,0.7187952884282609,-125.0,-124.0,-124.0,-123.0,-123.0,-123.0,-122.0,-19.0,0.7719024117939607,-20.0,-20.0,-20.0,-19.0,-18.75,-18.0,-18.0
40.4415,-86.9105,0,1001,331,lte,282,16,-124.5,0.8139410298049853,-126.0,-125.0,-125.0,-124.5,-124.0,-123.5,-123.0,-20.0,0.9810708435174292,-22.0,-21.0,-21.0,-20.0,-20.0,-19.0,-18.0
40.4415,-86.9105,0,1001,448,lte,282,21,-119.0,0.511766315719159,-120.0,-119.0,-119.0,-119.0,-119.0,-118.0,-118.0,-17.0,0.0,-17.0,-17.0,-17.0,-17.0,-17.0,-17.0,-17.0
40.4415,-86.9105,0,1001,489,lte,282,11,-124.0,0.9341987329938276,-124.0,-124.0,-124.0,-124.0,-123.0,-123.0,-121.0,-20.0,0.4045199174779452,-20.0,-20.0,-20.0,-20.0,-20.0,-19.0,-19.0
40.4415,-86.9105,0,5035,114,lte,282,1,-115.0,nan,-115.0,-115.0,-115.0,-115.0,-115.0,-115.0,-115.0,-17.0,nan,-17.0,-17.0,-17.0,-17.0,-17.0,-17.0,-17.0
40.4415,-86.9105,0,5035,294,lte,282,3,-114.0,1.7320508075688772,-117.0,-116.4,-115.5,-114.0,-114.0,-114.0,-114.0,-15.0,2.886751345948129,-20.0,-19.0,-17.5,-15.0,-15.0,-15.0,-15.0
40.4415,-86.9105,0,5035,424,lte,282,3,-115.0,0.5773502691896257,-115.0,-115.0,-115.0,-115.0,-114.5,-114.2,-114.0,-16.0,0.5773502691896258,-17.0,-16.8,-16.5,-16.0,-16.0,-16.0,-16.0
40.4415,-86.9105,0,5035,429,lte,282,2,-115.0,0.0,-115.0,-115.0,-115.0,-115.0,-115.0,-115.0,-115.0,-15.0,0.0,-15.0,-15.0,-15.0,-15.0,-15.0,-15.0,-15.0
40.4415,-86.9105,0,39750,248,lte,282,2,-130.5,4.949747468305833,-134.0,-133.3,-132.25,-130.5,-128.75,-127.7,-127.0,-18.5,3.5355339059327378,-21.0,-20.5,-19.75,-18.5,-17.25,-16.5,-16.0
40.4415,-86.9105,0,66736,45,lte,282,2,-130.5,0.7071067811865476,-131.0,-130.9,-130.75,-130.5,-130.25,-130.1,-130.0,-20.0,0.0,-20.0,-20.0,-20.0,-20.0,-20.0,-20.0,-20.0
40.4415,-86.9105,0,66736,118,lte,282,1,-131.0,nan,-131.0,-131.0,-131.0,-131.0,-131.0,-131.0,-131.0,-20.0,nan,-20.0,-20.0,-20.0,-20.0,-20.0,-20.0,-20.0
40.4415,-86.9105,0,66736,282,lte,282,1,-132.0,nan,-132.0,-132.0,-132.0,-132.0,-132.0,-132.0,-132.0,-19.0,nan,-19.0,-19.0,-19.0,-19.0,-19.0,-19.0,-19.0
40.4415,-86.9105,0,66736,304,lte,282,2,-130.0,0.0,-130.0,-130.0,-130.0,-130.0,-130.0,-130.0,-130.0,-18.0,0.0,-18.0,-18.0,-18.0,-18.0,-18.0,-18.0,-18.0
40.4415,-86.9105,0,67011,81,lte,282,10,-122.0,1.9119507199599979,-124.0,-124.0,-123.75,-122.0,-121.0,-119.0,-119.0,-19.0,0.9428090415820634,-21.0,-20.1,-19.0,-19.0,-18.25,-18.0,-18.0
40.4415,-86.9105,0,67011,119,lte,282,3,-122.0,2.0,-124.0,-123.6,-123.0,-122.0,-121.0,-120.4,-120.0,-20.0,0.5773502691896258,-20.0,-20.0,-20.0,-20.0,-19.5,-19.2,-19.0
40.4415,-86.9105,0,67011,396,lte,282,3,-121.0,2.3094010767585034,-125.0,-124.2,-123.0,-121.0,-121.0,-121.0,-121.0,-19.0,0.5773502691896258,-20.0,-19.8,-19.5,-19.0,-19.0,-19.0,-19.0
40.4415,-86.9105,0,67011,412,lte,282,10,-118.0,0.4830458915396479,-119.0,-119.0,-118.75,-118.0,-118.0,-118.0,-118.0,-16.0,0.3162277660168379,-17.0,-16.1,-16.0,-16.0,-16.0,-16.0,-16.0
40.4415,-86.9105,0,67011,450,lte,282,10,-121.5,1.6499158227686108,-124.0,-124.0,-122.0,-121.5,-120.25,-119.9,-119.0,-18.5,1.1595018087284057,-20.0,-19.1,-19.0,-18.5,-18.0,-16.9,-16.0
40.4415,-86.9105,0,67011,486,lte,282,10,-121.0,1.6193277068654826,-124.0,-124.0,-121.0,-121.0,-120.25,-119.9,-119.0,-18.5,0.9660917830792958,-20.0,-19.1,-19.0,-18.5,-18.0,-17.0,-17.0
40.4415,-86.9105,0,125290,167,sub6,282,5,-118.0,5.770615218501403,-123.0,-123.0,-123.0,-118.0,-112.0,-111.4,-111.0,-23.0,4.764451699828638,-28.0,-27.6,-27.0,-23.0,-18.0,-18.0,-18.0
40.4415,-86.9105,0,125290,333,sub6,282,27,-111.0,2.0000000000000004,-114.0,-112.0,-112.0,-111.0,-108.5,-107.6,-106.0,-18.0,1.700511067808114,-20.0,-20.0,-19.0,-18.0,-16.5,-15.0,-15.0
40.4415,-86.9105,0,125290,385,sub6,282,7,-114.0,2.3603873774083293,-115.0,-115.0,-115.0,-114.0,-112.5,-110.2,-109.0,-18.0,1.7182493859684491,-21.0,-20.4,-20.0,-18.0,-17.0,-17.0,-17.0
40.4415,-86.9105,0,125290,403,sub6,282,32,-109.5,0.7156093726283553,-111.0,-110.0,-110.0,-109.5,-109.0,-109.0,-108.0,-17.0,0.842423539174232,-18.0,-18.0,-18.0,-17.0,-17.0,-16.0,-15.0
40.4415,-86.9105,0,125290,483,sub6,282,32,-111.0,2.1914423001390455,-116.0,-113.9,-112.25,-111.0,-110.0,-109.0,-107.0,-18.0,1.8997028630135648,-23.0,-20.9,-20.0,-18.0,-17.0,-16.0,-15.0
40.4415,-86.9105,0,125290,485,sub6,282,17,-114.0,3.88814185168488,-122.0,-120.0,-116.0,-114.0,-112.0,-110.6,-108.0,-20.0,3.473640233327026,-27.0,-24.0,-22.0,-20.0,-18.0,-16.2,-14.0
40.4415,-86.9105,0,125290,867,sub6,282,30,-109.0,3.3044727612563336,-116.0,-114.0,-111.0,-109.0,-106.0,-105.0,-105.0,-17.0,2.204749314600162,-21.0,-20.0,-18.0,-17.0,-15.0,-14.899999999999999,-13.0
40.4415,-86.91,0,125290,167,sub6,48,2,-111.5,0.7071067811865476,-112.0,-111.9,-111.75,-111.5,-111.25,-111.1,-111.0,-17.0,0.0,-17.0,-17.0,-17.0,-17.0,-17.0,-17.0,-17.0
40.4415,-86.91,0,125290,333,sub6,48,2,-111.0,0.0,-111.0,-111.0,-111.0,-111.0,-111.0,-111.0,-111.0,-18.5,0.7071067811865476,-19.0,-18.9,-18.75,-18.5,-18.25,-18.1,-18.0
40.4415,-86.91,0,125290,385,sub6,48,6,-121.5,3.03315017762062,-126.0,-125.5,-124.25,-121.5,-120.25,-119.0,-118.0,-25.5,3.03315017762062,-29.0,-28.0,-26.75,-25.5,-22.75,-21.5,-21.0
40.4415,-86.91,0,125290,403,sub6,48,13,-109.0,0.650443635587991,-110.0,-110.0,-110.0,-109.0,-109.0,-109.0,-108.0,-15.0,0.8548504142651104,-17.0,-16.0,-16.0,-15.0,-15.0,-14.2,-14.0
40.4415,-86.91,0,125290,483,sub6,48,12,-112.0,1.834021909257456,-114.0,-113.9,-113.0,-112.0,-110.0,-109.1,-109.0,-17.0,1.2154310870109943,-20.0,-18.0,-18.0,-17.0,-16.0,-16.0,-16.0
40.4415,-86.91,0,125290,867,sub6,48,13,-114.0,2.41522945769824,-117.0,-115.0,-115.0,-114.0,-111.0,-110.0,-109.0,-19.0,1.5063966175050876,-21.0,-20.0,-20.0,-19.0,-17.0,-17.0,-16.0
40.442,-86.9115,0,1001,174,lte,147,3,-120.0,2.081665999466133,-123.0,-122.4,-121.5,-120.0,-119.5,-119.2,-119.0,-19.0,0.0,-19.0,-19.0,-19.0,-19.0,-19.0,-19.0,-19.0
40.442,-86.9115,0,1001,331,lte,147,12,-115.5,2.800162332956625,-121.0,-119.8,-117.25,-115.5,-113.0,-113.0,-113.0,-15.0,2.3143164446679725,-20.0,-18.9,-16.5,-15.0,-14.0,-14.0,-12.0
40.442,-86.9115,0,1001,448,lte,147,13,-114.0,0.49354811679282456,-115.0,-114.0,-114.0,-114.0,-114.0,-113.2,-113.0,-16.0,0.6887372317211944,-17.0,-17.0,-17.0,-16.0,-16.0,-15.2,-15.0
40.442,-86.9115,0,1001,489,lte,147,13,-118.0,2.8711652240144145,-122.0,-119.0,-119.0,-118.0,-116.0,-113.4,-111.0,-17.0,2.345207879911715,-19.0,-18.0,-18.0,-17.0,-14.0,-13.0,-13.0
40.442,-86.9115,0,67011,412,lte,147,15,-114.0,0.4577377082170635,-114.0,-114.0,-114.0,-114.0,-113.5,-113.0,-113.0,-14.0,0.5163977794943223,-15.0,-15.0,-15.0,-14.0,-14.0,-14.0,-14.0
40.442,-86.9115,0,67011,450,lte,147,12,-116.5,2.757908737804898,-123.0,-122.0,-119.75,-116.5,-116.0,-116.0,-116.0,-18.0,1.4668044012461756,-21.0,-19.9,-19.0,-18.0,-17.75,-16.1,-16.0
40.442,-86.9115,0,67011,486,lte,147,10,-116.0,1.9888578520235063,-121.0,-119.2,-117.75,-116.0,-115.25,-115.0,-115.0,-16.0,1.632993161855452,-19.0,-18.1,-16.75,-16.0,-15.0,-14.0,-14.0
40.442,-86.9115,0,125290,385,sub6,147,6,-112.0,4.792355023020171,-120.0,-118.0,-115.25,-112.0,-111.0,-108.5,-106.0,-20.5,3.0605010483034745,-26.0,-24.5,-22.5,-20.5,-20.0,-18.5,-17.0
40.442,-86.9115,0,125290,403,sub6,147,31,-105.0,1.2313119150962786,-107.0,-107.0,-106.0,-105.0,-104.0,-104.0,-103.0,-15.0,1.4686692096288492,-19.0,-17.0,-16.0,-15.0,-14.0,-13.0,-13.0
40.442,-86.9115,0,125290,483,sub6,147,31,-102.0,2.8112676511587456,-106.0,-105.0,-105.0,-102.0,-100.5,-98.0,-97.0,-13.0,1.1177935254739124,-14.0,-14.0,-14.0,-13.0,-12.0,-11.0,-11.0
40.442,-86.9115,0,125290,867,sub6,147,1,-129.0,nan,-129.0,-129.0,-129.0,-129.0,-129.0,-129.0,-129.0,-33.0,nan,-33.0,-33.0,-33.0,-33.0,-33.0,-33.0,-33.0
40.442,-86.911,0,1001,174,lte,126,7,-124.0,1.1547005383792515,-126.0,-125.4,-124.5,-124.0,-123.0,-123.0,-123.0,-19.0,1.6183471874253743,-22.0,-21.4,-20.5,-19.0,-18.0,-18.0,-18.0
40.442,-86.911,0,1001,331,lte,126,10,-121.0,3.591656999213594,-125.0,-125.0,-123.0,-121.0,-119.0,-115.9,-115.0,-16.0,1.5055453054181622,-19.0,-18.1,-18.0,-16.0,-15.25,-15.0,-15.0
40.442,-86.911,0,1001,448,lte,126,10,-118.5,1.7029386365926404,-119.0,-119.0,-119.0,-118.5,-116.5,-115.0,-115.0,-16.0,0.0,-16.0,-16.0,-16.0,-16.0,-16.0,-16.0,-16.0
40.442,-86.911,0,1001,489,lte,126,10,-122.0,1.1972189997378646,-124.0,-123.1,-123.0,-122.0,-121.25,-120.9,-120.0,-18.5,0.8232726023485647,-19.0,-19.0,-19.0,-18.5,-18.0,-17.0,-17.0
40.442,-86.911,0,67011,412,lte,126,9,-115.0,1.4529663145135578,-117.0,-117.0,-116.0,-115.0,-114.0,-113.8,-113.0,-14.0,0.5,-15.0,-15.0,-15.0,-14.0,-14.0,-14.0,-14.0
40.442,-86.911,0,67011,450,lte,126,7,-121.0,2.911389784311004,-127.0,-124.0,-121.5,-121.0,-119.5,-118.6,-118.0,-18.0,0.9759000729485331,-20.0,-19.4,-19.0,-18.0,-18.0,-17.6,-17.0
40.442,-86.911,0,125290,333,sub6,126,6,-117.0,3.777124126457412,-122.0,-120.5,-118.75,-117.0,-113.75,-112.5,-112.0,-21.0,3.488074922742725,-26.0,-25.0,-23.5,-21.0,-18.5,-17.5,-17.0
40.442,-86.911,0,125290,385,sub6,126,8,-115.0,2.748376143938713,-119.0,-118.3,-117.25,-115.0,-112.75,-112.0,-112.0,-21.0,3.3273756282434617,-24.0,-23.3,-21.5,-21.0,-16.75,-15.7,-15.0
40.442,-86.911,0,125290,403,sub6,126,23,-108.0,1.339576949324695,-109.0,-109.0,-108.0,-108.0,-106.5,-105.2,-105.0,-15.0,0.9980217586956907,-17.0,-16.0,-16.0,-15.0,-14.0,-14.0,-14.0
40.442,-86.911,0,125290,483,sub6,126,23,-106.0,1.0724726702618101,-108.0,-107.0,-106.0,-106.0,-105.0,-105.0,-104.0,-14.0,0.694415897524803,-15.0,-15.0,-14.0,-14.0,-13.0,-13.0,-13.0
40.442,-86.911,0,125290,485,sub6,126,1,-117.0,nan,-117.0,-117.0,-117.0,-117.0,-117.0,-117.0,-117.0,-23.0,nan,-23.0,-23.0,-23.0,-23.0,-23.0,-23.0,-23.0
40.442,-86.911,0,125290,867,sub6,126,12,-114.5,3.646293261032983,-120.0,-119.8,-117.25,-114.5,-113.0,-110.3,-108.0,-19.5,3.8954129979043843,-25.0,-24.9,-22.5,-19.5,-16.0,-16.0,-14.0
40.4425,-86.912,0,1001,174,lte,118,5,-123.0,1.4832396974191324,-125.0,-124.2,-123.0,-123.0,-122.0,-121.4,-121.0,-19.0,0.8366600265340756,-20.0,-20.0,-20.0,-19.0,-19.0,-18.4,-18.0
40.4425,-86.912,0,1001,331,lte,118,7,-120.0,1.2909944487358056,-123.0,-122.4,-122.0,-120.0,-120.0,-120.0,-120.0,-18.0,1.3451854182690985,-20.0,-19.4,-18.5,-18.0,-17.0,-16.6,-16.0
40.4425,-86.912,0,1001,448,lte,118,7,-117.0,0.6900655593423543,-118.0,-117.4,-117.0,-117.0,-116.5,-116.0,-116.0,-17.0,0.5345224838248488,-17.0,-17.0,-17.0,-17.0,-16.0,-16.0,-16.0
40.4425,-86.912,0,1001,489,lte,118,7,-119.0,1.3451854182690985,-121.0,-120.4,-120.0,-119.0,-118.5,-117.6,-117.0,-16.0,1.0690449676496976,-18.0,-17.4,-16.5,-16.0,-15.5,-15.0,-15.0
40.4425,-86.912,0,67011,412,lte,118,6,-115.0,0.0,-115.0,-115.0,-115.0,-115.0,-115.0,-115.0,-115.0,-15.0,0.408248290463863,-16.0,-15.5,-15.0,-15.0,-15.0,-15.0,-15.0
40.4425,-86.912,0,67011,450,lte,118,6,-120.0,1.0327955589886446,-121.0,-120.5,-120.0,-120.0,-119.25,-118.5,-118.0,-19.0,0.752772652709081,-20.0,-19.5,-19.0,-19.0,-18.25,-18.0,-18.0
40.4425,-86.912,0,67011,486,lte,118,6,-119.0,1.0954451150103321,-121.0,-120.0,-119.0,-119.0,-118.25,-118.0,-118.0,-16.0,1.7224014243685086,-18.0,-18.0,-17.75,-16.0,-15.0,-14.5,-14.0
40.4425,-86.912,0,125290,385,sub6,118,6,-118.5,4.324349662087931,-123.0,-121.5,-120.0,-118.5,-114.0,-112.5,-112.0,-23.0,4.505552130427524,-26.0,-25.5,-24.75,-23.0,-18.25,-16.0,-15.0
40.4425,-86.912,0,125290,403,sub6,118,31,-108.0,1.9482553540876462,-109.0,-109.0,-108.0,-108.0,-105.5,-104.0,-103.0,-16.0,1.3591584999392046,-19.0,-18.0,-17.0,-16.0,-15.5,-14.0,-14.0
40.4425,-86.912,0,125290,483,sub6,118,31,-101.0,2.790151651175816,-104.0,-103.0,-103.0,-101.0,-99.0,-95.0,-95.0,-12.0,0.48637345711392027,-12.0,-12.0,-12.0,-12.0,-11.0,-11.0,-11.0
40.4425,-86.912,0,125290,867,sub6,118,6,-122.5,7.563068160475615,-130.0,-129.5,-128.0,-122.5,-118.5,-114.0,-110.0,-25.5,6.623191577077223,-32.0,-32.0,-31.0,-25.5,-22.25,-18.5,-15.0
40.4425,-86.9115,0,1001,174,lte,73,5,-121.0,3.7815340802378072,-125.0,-125.0,-125.0,-121.0,-120.0,-117.6,-116.0,-19.0,1.1401754250991378,-20.0,-19.6,-19.0,-19.0,-18.0,-17.4,-17.0
40.4425,-86.9115,0,1001,331,lte,73,3,-121.0,2.0,-123.0,-122.6,-122.0,-121.0,-120.0,-119.4,-119.0,-20.0,3.0550504633038935,-22.0,-21.6,-21.0,-20.0,-18.0,-16.8,-16.0
40.4425,-86.9115,0,1001,448,lte,73,8,-116.0,0.7071067811865476,-117.0,-116.3,-116.0,-116.0,-115.0,-115.0,-115.0,-16.0,0.0,-16.0,-16.0,-16.0,-16.0,-16.0,-16.0,-16.0
40.4425,-86.9115,0,1001,489,lte,73,8,-119.5,0.9258200997725514,-121.0,-120.3,-120.0,-119.5,-119.0,-118.7,-118.0,-18.0,2.052872551885702,-20.0,-19.3,-18.25,-18.0,-15.75,-14.7,-14.0
40.4425,-86.9115,0,67011,412,lte,73,8,-115.0,0.5175491695067657,-115.0,-115.0,-115.0,-115.0,-114.0,-114.0,-114.0,-15.0,0.0,-15.0,-15.0,-15.0,-15.0,-15.0,-15.0,-15.0
40.4425,-86.9115,0,67011,450,lte,73,8,-119.0,3.020761493398643,-125.0,-122.2,-121.0,-119.0,-117.75,-116.4,-115.0,-18.5,0.9910312089651149,-19.0,-19.0,-19.0,-18.5,-17.0,-17.0,-17.0
40.4425,-86.9115,0,67011,486,lte,73,4,-116.0,1.0,-116.0,-116.0,-116.0,-116.0,-115.5,-114.6,-114.0,-13.0,1.9148542155126762,-14.0,-14.0,-14.0,-13.0,-11.5,-10.6,-10.0
40.4425,-86.9115,0,125290,403,sub6,73,13,-106.0,2.967775649824681,-113.0,-108.0,-108.0,-106.0,-104.0,-103.0,-102.0,-17.0,1.386750490563073,-20.0,-17.8,-17.0,-17.0,-16.0,-15.0,-15.0
40.4425,-86.9115,0,125290,483,sub6,73,13,-102.0,2.868931722918695,-104.0,-104.0,-103.0,-102.0,-98.0,-97.2,-97.0,-12.0,0.75955452531275,-13.0,-13.0,-12.0,-12.0,-11.0,-11.0,-11.0
40.4425,-86.9115,0,125290,867,sub6,73,3,-109.0,1.0,-110.0,-109.8,-109.5,-109.0,-108.5,-108.2,-108.0,-17.0,1.5275252316519465,-19.0,-18.6,-18.0,-17.0,-16.5,-16.2,-16.0
40.443,-86.9125,0,1001,448,lte,94,3,-110.0,0.5773502691896257,-111.0,-110.8,-110.5,-110.0,-110.0,-110.0,-110.0,-15.0,0.0,-15.0,-15.0,-15.0,-15.0,-15.0,-15.0,-15.0
40.443,-86.9125,0,1001,489,lte,94,3,-116.0,1.5275252316519468,-117.0,-116.8,-116.5,-116.0,-115.0,-114.4,-114.0,-19.0,1.7320508075688772,-19.0,-19.0,-19.0,-19.0,-17.5,-16.6,-16.0
40.443,-86.9125,0,67011,396,lte,94,3,-115.0,4.618802153517006,-123.0,-121.4,-119.0,-115.0,-115.0,-115.0,-115.0,-19.0,1.0,-20.0,-19.8,-19.5,-19.0,-18.5,-18.2,-18.0
40.443,-86.9125,0,67011,412,lte,94,3,-110.0,1.1547005383792517,-112.0,-111.6,-111.0,-110.0,-110.0,-110.0,-110.0,-14.0,0.5773502691896257,-14.0,-14.0,-14.0,-14.0,-13.5,-13.2,-13.0
40.443,-86.9125,0,67011,450,lte,94,3,-115.0,3.214550253664318,-120.0,-119.0,-117.5,-115.0,-114.5,-114.2,-114.0,-18.0,0.5773502691896258,-19.0,-18.8,-18.5,-18.0,-18.0,-18.0,-18.0
40.443,-86.9125,0,67011,486,lte,94,3,-114.0,2.081665999466133,-117.0,-116.4,-115.5,-114.0,-113.5,-113.2,-113.0,-16.0,1.5275252316519468,-18.0,-17.6,-17.0,-16.0,-15.5,-15.2,-15.0
40.443,-86.9125,0,125290,385,sub6,94,6,-111.5,3.204163957519444,-118.0,-116.5,-114.25,-111.5,-110.25,-110.0,-110.0,-21.5,2.503331114069145,-25.0,-24.5,-23.5,-21.5,-19.5,-19.0,-19.0
40.443,-86.9125,0,125290,403,sub6,94,35,-107.0,1.9966358260455854,-112.0,-108.6,-108.0,-107.0,-105.0,-104.4,-103.0,-17.0,1.5107458228227777,-20.0,-19.0,-18.0,-17.0,-15.5,-15.0,-14.0
40.443,-86.9125,0,125290,483,sub6,94,35,-100.0,2.511151598956377,-102.0,-102.0,-101.5,-100.0,-99.0,-96.6,-92.0,-11.0,0.5841031335203014,-12.0,-12.0,-12.0,-11.0,-11.0,-11.0,-10.0
40.443,-86.912,0,1001,174,lte,92,2,-125.0,1.4142135623730951,-126.0,-125.8,-125.5,-125.0,-124.5,-124.2,-124.0,-17.5,0.7071067811865476,-18.0,-17.9,-17.75,-17.5,-17.25,-17.1,-17.0
40.443,-86.912,0,1001,331,lte,92,2,-123.5,0.7071067811865476,-124.0,-123.9,-123.75,-123.5,-123.25,-123.1,-123.0,-16.5,0.7071067811865476,-17.0,-16.9,-16.75,-16.5,-16.25,-16.1,-16.0
40.443,-86.912,0,1001,448,lte,92,14,-116.5,2.471819190371761,-118.0,-118.0,-117.75,-116.5,-113.25,-112.3,-111.0,-16.0,0.6793662204867574,-17.0,-17.0,-16.0,-16.0,-16.0,-15.0,-15.0
40.443,-86.912,0,1001,489,lte,92,14,-118.0,2.7665585397468377,-122.0,-120.7,-119.75,-118.0,-114.5,-114.0,-114.0,-15.0,1.5191090506254998,-17.0,-16.7,-16.0,-15.0,-14.25,-13.0,-12.0
40.443,-86.912,0,67011,412,lte,92,13,-114.0,1.7246329970051524,-116.0,-115.8,-115.0,-114.0,-113.0,-111.2,-111.0,-15.0,0.5188745216627708,-15.0,-15.0,-15.0,-15.0,-14.0,-14.0,-14.0
40.443,-86.912,0,67011,450,lte,92,13,-120.0,3.886201757830402,-125.0,-124.6,-122.0,-120.0,-117.0,-115.4,-112.0,-18.0,1.0377490433255419,-19.0,-19.0,-19.0,-18.0,-17.0,-17.0,-16.0
40.443,-86.912,0,67011,486,lte,92,13,-116.0,2.2954805094425805,-120.0,-119.0,-119.0,-116.0,-115.0,-114.0,-113.0,-16.0,2.4547181153120263,-18.0,-17.0,-17.0,-16.0,-14.0,-11.599999999999998,-10.0
40.443,-86.912,0,125290,403,sub6,92,10,-105.0,1.429840705968481,-108.0,-107.1,-106.0,-105.0,-105.0,-103.9,-103.0,-18.0,0.9486832980505139,-19.0,-19.0,-18.0,-18.0,-17.0,-16.9,-16.0
40.443,-86.912,0,125290,483,sub6,92,11,-97.0,1.9632996344280855,-101.0,-100.0,-98.0,-97.0,-96.0,-95.0,-95.0,-11.0,0.0,-11.0,-11.0,-11.0,-11.0,-11.0,-11.0,-11.0
40.4435,-86.913,0,1001,331,lte,98,10,-123.5,2.6749870196985173,-125.0,-125.0,-124.75,-123.5,-122.0,-118.0,-118.0,-17.5,2.412928142780514,-19.0,-19.0,-18.75,-17.5,-15.0,-13.0,-13.0
40.4435,-86.913,0,1001,448,lte,98,10,-120.0,0.8432740427115678,-120.0,-120.0,-120.0,-120.0,-119.0,-118.0,-118.0,-16.0,0.0,-16.0,-16.0,-16.0,-16.0,-16.0,-16.0,-16.0
40.4435,-86.913,0,1001,489,lte,98,10,-123.0,2.0976176963403033,-124.0,-124.0,-123.75,-123.0,-122.0,-118.9,-118.0,-17.0,1.449137674618944,-17.0,-17.0,-17.0,-17.0,-16.0,-13.9,-13.0
40.4435,-86.913,0,67011,412,lte,98,6,-114.0,1.0954451150103321,-115.0,-115.0,-115.0,-114.0,-113.0,-113.0,-113.0,-14.0,0.8944271909999159,-15.0,-15.0,-14.75,-14.0,-13.25,-13.0,-13.0
40.4435,-86.913,0,67011,450,lte,98,2,-126.5,2.1213203435596424,-128.0,-127.7,-127.25,-126.5,-125.75,-125.3,-125.0,-20.0,0.0,-20.0,-20.0,-20.0,-20.0,-20.0,-20.0,-20.0
40.4435,-86.913,0,67011,486,lte,98,6,-120.0,2.5099800796022267,-122.0,-122.0,-121.5,-120.0,-117.75,-116.5,-116.0,-16.5,1.378404875209022,-18.0,-18.0,-17.75,-16.5,-15.25,-15.0,-15.0
40.4435,-86.913,0,125290,403,sub6,98,27,-105.0,1.4627375498021304,-108.0,-107.4,-107.0,-105.0,-104.0,-104.0,-104.0,-15.0,1.1923306679157513,-17.0,-17.0,-16.0,-15.0,-14.0,-14.0,-13.0
40.4435,-86.913,0,125290,483,sub6,98,27,-101.0,1.5275252316519472,-103.0,-103.0,-102.0,-101.0,-100.0,-99.0,-98.0,-12.0,0.6814598039411163,-13.0,-13.0,-12.0,-12.0,-11.0,-11.0,-11.0
40.4435,-86.9125,0,1001,331,lte,77,5,-119.0,2.5884358211089573,-121.0,-120.6,-120.0,-119.0,-116.0,-115.4,-115.0,-19.0,1.7888543819998317,-21.0,-20.6,-20.0,-19.0,-17.0,-17.0,-17.0
40.4435,-86.9125,0,1001,448,lte,77,7,-115.0,1.5735915849388864,-115.0,-115.0,-115.0,-115.0,-113.0,-112.2,-111.0,-15.0,0.5345224838248488,-16.0,-16.0,-16.0,-15.0,-15.0,-15.0,-15.0
40.4435,-86.9125,0,1001,489,lte,77,7,-117.0,0.9511897312113419,-119.0,-118.4,-117.5,-117.0,-117.0,-116.6,-116.0,-17.0,1.9148542155126762,-20.0,-18.8,-18.0,-17.0,-16.0,-15.2,-14.0
40.4435,-86.9125,0,67011,396,lte,77,5,-120.0,1.7888543819998317,-122.0,-121.6,-121.0,-120.0,-118.0,-118.0,-118.0,-19.0,0.0,-19.0,-19.0,-19.0,-19.0,-19.0,-19.0,-19.0
40.4435,-86.9125,0,67011,412,lte,77,6,-113.0,0.7527726527090811,-114.0,-113.5,-113.0,-113.0,-112.25,-112.0,-112.0,-14.0,0.408248290463863,-15.0,-14.5,-14.0,-14.0,-14.0,-14.0,-14.0
40.4435,-86.9125,0,67011,450,lte,77,3,-118.0,2.3094010767585034,-118.0,-118.0,-118.0,-118.0,-116.0,-114.8,-114.0,-17.0,1.1547005383792515,-19.0,-18.6,-18.0,-17.0,-17.0,-17.0,-17.0
40.4435,-86.9125,0,67011,486,lte,77,6,-116.0,2.136976056643281,-119.0,-118.5,-117.5,-116.0,-115.25,-114.0,-113.0,-16.0,1.7224014243685084,-18.0,-17.5,-16.75,-16.0,-15.25,-14.0,-13.0
40.4435,-86.9125,0,125290,333,sub6,77,4,-109.0,5.0,-119.0,-116.0,-111.5,-109.0,-109.0,-109.0,-109.0,-18.0,3.696845502136472,-25.0,-22.9,-19.75,-18.0,-17.75,-17.3,-17.0
40.4435,-86.9125,0,125290,403,sub6,77,17,-105.0,2.513200443774478,-114.0,-107.8,-106.0,-105.0,-104.0,-104.0,-104.0,-16.0,2.0846074535255115,-21.0,-20.4,-17.0,-16.0,-15.0,-15.0,-14.0
40.4435,-86.9125,0,125290,483,sub6,77,17,-99.0,2.627624738181973,-104.0,-103.0,-100.0,-99.0,-98.0,-96.6,-94.0,-11.0,0.7018882096342189,-13.0,-12.4,-11.0,-11.0,-11.0,-11.0,-11.0
40.444,-86.9135,0,1001,174,lte,40,3,-125.0,1.5275252316519468,-126.0,-125.8,-125.5,-125.0,-124.0,-123.4,-123.0,-19.0,0.5773502691896258,-20.0,-19.8,-19.5,-19.0,-19.0,-19.0,-19.0
40.444,-86.9135,0,1001,331,lte,40,2,-125.5,0.7071067811865476,-126.0,-125.9,-125.75,-125.5,-125.25,-125.1,-125.0,-22.0,0.0,-22.0,-22.0,-22.0,-22.0,-22.0,-22.0,-22.0
40.444,-86.9135,0,1001,448,lte,40,3,-120.0,1.1547005383792517,-120.0,-120.0,-120.0,-120.0,-119.0,-118.4,-118.0,-16.0,0.5773502691896258,-17.0,-16.8,-16.5,-16.0,-16.0,-16.0,-16.0
40.444,-86.9135,0,1001,489,lte,40,3,-123.0,1.5275252316519468,-124.0,-123.8,-123.5,-123.0,-122.0,-121.4,-121.0,-18.0,0.5773502691896258,-19.0,-18.8,-18.5,-18.0,-18.0,-18.0,-18.0
40.444,-86.9135,0,67011,144,lte,40,3,-122.0,3.0,-125.0,-124.4,-123.5,-122.0,-120.5,-119.6,-119.0,-20.0,0.5773502691896258,-21.0,-20.8,-20.5,-20.0,-20.0,-20.0,-20.0
40.444,-86.9135,0,67011,412,lte,40,3,-115.0,0.0,-115.0,-115.0,-115.0,-115.0,-115.0,-115.0,-115.0,-14.0,0.5773502691896257,-15.0,-14.8,-14.5,-14.0,-14.0,-14.0,-14.0
40.444,-86.9135,0,67011,450,lte,40,3,-121.0,5.507570547286102,-126.0,-125.0,-123.5,-121.0,-118.0,-116.2,-115.0,-20.0,1.7320508075688772,-20.0,-20.0,-20.0,-20.0,-18.5,-17.6,-17.0
40.444,-86.9135,0,67011,486,lte,40,3,-119.0,0.5773502691896257,-119.0,-119.0,-119.0,-119.0,-118.5,-118.2,-118.0,-17.0,2.6457513110645907,-18.0,-17.8,-17.5,-17.0,-15.0,-13.8,-13.0
40.444,-86.9135,0,125290,403,sub6,40,8,-105.0,2.2677868380553634,-109.0,-106.9,-106.0,-105.0,-104.25,-102.0,-102.0,-14.0,0.9161253813129043,-16.0,-15.3,-15.0,-14.0,-14.0,-13.7,-13.0
40.444,-86.9135,0,125290,483,sub6,40,8,-101.5,1.1877349391654208,-104.0,-102.6,-102.0,-101.5,-101.0,-100.7,-100.0,-12.0,0.5345224838248488,-13.0,-12.3,-12.0,-12.0,-12.0,-11.7,-11.0
40.444,-86.9135,0,125290,867,sub6,40,1,-122.0,nan,-122.0,-122.0,-122.0,-122.0,-122.0,-122.0,-122.0,-26.0,nan,-26.0,-26.0,-26.0,-26.0,-26.0,-26.0,-26.0
40.444,-86.913,0,1001,174,lte,161,3,-124.0,3.0,-127.0,-126.4,-125.5,-124.0,-122.5,-121.6,-121.0,-20.0,1.1547005383792515,-20.0,-20.0,-20.0,-20.0,-19.0,-18.4,-18.0
40.444,-86.913,0,1001,331,lte,161,12,-121.0,3.1139957766460924,-127.0,-122.9,-122.0,-121.0,-117.75,-117.0,-116.0,-17.5,1.729862492345632,-18.0,-18.0,-18.0,-17.5,-15.0,-15.0,-13.0
40.444,-86.913,0,1001,448,lte,161,13,-117.0,1.9774368283857793,-120.0,-119.0,-119.0,-117.0,-116.0,-114.2,-114.0,-16.0,0.554700196225229,-17.0,-17.0,-16.0,-16.0,-16.0,-16.0,-15.0
40.444,-86.913,0,1001,489,lte,161,13,-121.0,2.0599975105785306,-124.0,-123.8,-123.0,-121.0,-120.0,-119.0,-117.0,-17.0,1.1208970766356101,-19.0,-19.0,-18.0,-17.0,-17.0,-16.0,-16.0
40.444,-86.913,0,67011,144,lte,161,2,-121.0,1.4142135623730951,-122.0,-121.8,-121.5,-121.0,-120.5,-120.2,-120.0,-18.5,0.7071067811865476,-19.0,-18.9,-18.75,-18.5,-18.25,-18.1,-18.0
40.444,-86.913,0,67011,412,lte,161,12,-114.0,0.8528028654224418,-115.0,-115.0,-115.0,-114.0,-113.0,-113.0,-113.0,-14.0,0.8660254037844386,-15.0,-15.0,-15.0,-14.0,-14.0,-14.0,-12.0
40.444,-86.913,0,67011,450,lte,161,12,-120.5,3.2891004572955533,-129.0,-124.8,-123.0,-120.5,-120.0,-119.1,-116.0,-19.0,1.2154310870109943,-22.0,-20.9,-19.25,-19.0,-18.75,-18.0,-18.0
40.444,-86.913,0,67011,486,lte,161,12,-119.0,2.4984843890695503,-123.0,-120.9,-120.0,-119.0,-116.75,-116.0,-114.0,-17.0,1.5374122295716148,-20.0,-18.0,-18.0,-17.0,-16.75,-15.1,-14.0
40.444,-86.913,0,125290,403,sub6,161,41,-104.0,1.935231756462133,-108.0,-106.0,-106.0,-104.0,-102.0,-102.0,-101.0,-15.0,1.0960016022776253,-18.0,-17.0,-16.0,-15.0,-14.0,-14.0,-14.0
40.444,-86.913,0,125290,483,sub6,161,41,-99.0,1.3942390178962831,-103.0,-101.0,-100.0,-99.0,-99.0,-98.0,-97.0,-11.0,0.506060827347474,-12.0,-12.0,-12.0,-11.0,-11.0,-11.0,-11.0
40.4445,-86.9135,0,1001,174,lte,206,3,-124.0,1.7320508075688772,-124.0,-124.0,-124.0,-124.0,-122.5,-121.6,-121.0,-19.0,0.5773502691896258,-19.0,-19.0,-19.0,-19.0,-18.5,-18.2,-18.0
40.4445,-86.9135,0,1001,331,lte,206,13,-122.0,2.097006413303473,-126.0,-125.0,-125.0,-122.0,-121.0,-120.2,-120.0,-18.0,2.2216879699673027,-21.0,-21.0,-21.0,-18.0,-17.0,-16.2,-15.0
40.4445,-86.9135,0,1001,448,lte,206,17,-117.0,1.7341721198244626,-119.0,-118.0,-118.0,-117.0,-115.0,-114.0,-113.0,-16.0,0.4925921830718891,-16.0,-16.0,-16.0,-16.0,-15.0,-15.0,-15.0
40.4445,-86.9135,0,1001,489,lte,206,17,-123.0,1.212678125181665,-125.0,-125.0,-124.0,-123.0,-123.0,-121.6,-121.0,-19.0,0.899346167730627,-20.0,-20.0,-20.0,-19.0,-18.0,-18.0,-17.0
40.4445,-86.9135,0,67011,144,lte,206,2,-121.5,0.7071067811865476,-122.0,-121.9,-121.75,-121.5,-121.25,-121.1,-121.0,-18.5,0.7071067811865476,-19.0,-18.9,-18.75,-18.5,-18.25,-18.1,-18.0
40.4445,-86.9135,0,67011,412,lte,206,25,-110.0,2.2891046284519194,-118.0,-113.2,-110.0,-110.0,-109.0,-108.0,-108.0,-14.0,0.5259911279353169,-15.0,-14.0,-14.0,-14.0,-14.0,-13.0,-13.0
40.4445,-86.9135,0,67011,450,lte,206,4,-120.0,2.362907813126304,-121.0,-121.0,-121.0,-120.0,-118.25,-116.9,-116.0,-18.0,1.1547005383792515,-19.0,-19.0,-19.0,-18.0,-17.0,-17.0,-17.0
40.4445,-86.9135,0,67011,486,lte,206,18,-116.0,3.311694469820232,-124.0,-120.3,-118.5,-116.0,-114.25,-112.7,-111.0,-18.0,1.3048426644944466,-20.0,-19.0,-19.0,-18.0,-17.0,-16.7,-15.0
40.4445,-86.9135,0,125290,403,sub6,206,53,-103.0,1.6584217933633372,-108.0,-105.0,-104.0,-103.0,-103.0,-101.0,-100.0,-13.0,0.9151205239172757,-16.0,-14.0,-14.0,-13.0,-13.0,-12.0,-12.0
40.4445,-86.9135,0,125290,483,sub6,206,53,-104.0,1.3238353043023408,-106.0,-105.0,-104.0,-104.0,-103.0,-102.0,-100.0,-13.0,0.6041703159558136,-14.0,-14.0,-13.0,-13.0,-13.0,-12.0,-12.0
40.4445,-86.9135,0,125290,867,sub6,206,1,-118.0,nan,-118.0,-118.0,-118.0,-118.0,-118.0,-118.0,-118.0,-21.0,nan,-21.0,-21.0,-21.0,-21.0,-21.0,-21.0,-21.0
40.445,-86.914,0,1001,331,lte,120,13,-120.0,3.625055260409921,-124.0,-123.6,-121.0,-120.0,-117.0,-115.0,-112.0,-19.0,2.926448797451027,-24.0,-22.8,-21.0,-19.0,-18.0,-16.0,-14.0
40.445,-86.914,0,1001,448,lte,120,13,-109.0,3.7757661813743515,-115.0,-114.0,-113.0,-109.0,-106.0,-105.0,-105.0,-14.0,0.5991446895152781,-15.0,-15.0,-15.0,-14.0,-14.0,-14.0,-13.0
40.445,-86.914,0,67011,412,lte,120,64,-104.0,2.05093861593886,-107.0,-105.0,-105.0,-104.0,-102.0,-100.3,-99.0,-13.0,0.861287104391141,-13.0,-13.0,-13.0,-13.0,-12.0,-11.0,-10.0
40.445,-86.914,0,125290,403,sub6,120,15,-98.0,1.3201731488169053,-101.0,-98.6,-98.0,-98.0,-97.5,-96.4,-95.0,-11.0,0.48795003647426666,-12.0,-12.0,-12.0,-11.0,-11.0,-11.0,-11.0
40.445,-86.914,0,125290,483,sub6,120,15,-103.0,1.7182493859684491,-106.0,-105.6,-104.5,-103.0,-102.0,-101.0,-101.0,-15.0,0.8837151016885368,-17.0,-16.6,-15.5,-15.0,-15.0,-14.4,-14.0
40.445,-86.9135,0,1001,174,lte,622,1,-120.0,nan,-120.0,-120.0,-120.0,-120.0,-120.0,-120.0,-120.0,-20.0,nan,-20.0,-20.0,-20.0,-20.0,-20.0,-20.0,-20.0
40.445,-86.9135,0,1001,331,lte,622,2,-123.0,0.0,-123.0,-123.0,-123.0,-123.0,-123.0,-123.0,-123.0,-23.0,1.4142135623730951,-24.0,-23.8,-23.5,-23.0,-22.5,-22.2,-22.0
40.445,-86.9135,0,1001,448,lte,622,6,-113.5,1.1690451944500122,-114.0,-114.0,-114.0,-113.5,-113.0,-112.0,-111.0,-15.0,0.0,-15.0,-15.0,-15.0,-15.0,-15.0,-15.0,-15.0
40.445,-86.9135,0,1001,489,lte,622,6,-120.5,1.8708286933869707,-123.0,-122.5,-121.75,-120.5,-119.25,-118.5,-118.0,-19.0,1.211060141638997,-22.0,-21.0,-19.75,-19.0,-19.0,-19.0,-19.0
40.445,-86.9135,0,67011,412,lte,622,31,-106.0,1.0064309344443125,-108.0,-107.0,-106.0,-106.0,-105.0,-105.0,-104.0,-14.0,0.4863734571139202,-14.0,-14.0,-14.0,-14.0,-13.0,-13.0,-13.0
40.445,-86.9135,0,125290,403,sub6,622,364,-92.0,4.4085407376173205,-105.0,-101.0,-94.0,-92.0,-89.0,-88.0,-88.0,-10.0,0.8108553834938705,-14.0,-11.699999999999996,-10.0,-10.0,-10.0,-10.0,-10.0
40.445,-86.9135,0,125290,483,sub6,622,212,-102.0,3.514494584003367,-121.0,-106.9,-104.0,-102.0,-101.0,-101.0,-99.0,-19.0,3.2124957224684776,-30.0,-21.0,-20.0,-19.0,-16.0,-14.0,-12.0
40.4455,-86.914,0,1001,331,lte,271,15,-124.0,2.29906813420444,-127.0,-127.0,-125.0,-124.0,-123.5,-122.0,-118.0,-20.0,1.3522468075656267,-21.0,-21.0,-20.5,-20.0,-19.0,-17.4,-17.0
40.4455,-86.914,0,1001,448,lte,271,52,-116.0,1.488518147188607,-118.0,-117.0,-116.0,-116.0,-114.75,-114.0,-109.0,-15.0,0.45746695847847585,-15.0,-15.0,-15.0,-15.0,-15.0,-14.0,-13.0
40.4455,-86.914,0,67011,412,lte,271,102,-116.0,1.8042691881856838,-118.0,-117.0,-117.0,-116.0,-116.0,-114.0,-108.0,-14.0,0.8172689628033347,-15.0,-14.0,-14.0,-14.0,-14.0,-14.0,-10.0
40.4455,-86.914,0,125290,403,sub6,271,56,-99.0,3.255714257221498,-103.0,-102.0,-101.0,-99.0,-97.0,-93.0,-92.0,-11.0,0.7205247005869009,-12.0,-12.0,-12.0,-11.0,-11.0,-10.0,-10.0
40.4455,-86.914,0,125290,483,sub6,271,46,-105.0,1.7412306159641853,-111.0,-107.5,-106.0,-105.0,-104.0,-103.5,-103.0,-15.0,1.1479871062582825,-18.0,-17.0,-16.0,-15.0,-15.0,-14.0,-13.0
40.4455,-86.9135,0,125290,403,sub6,12,12,-95.0,0.9962049198956218,-97.0,-96.9,-96.0,-95.0,-95.0,-94.1,-94.0,-10.0,0.0,-10.0,-10.0,-10.0,-10.0,-10.0,-10.0,-10.0
40.446,-86.9145,0,1001,174,lte,220,1,-114.0,nan,-114.0,-114.0,-114.0,-114.0,-114.0,-114.0,-114.0,-20.0,nan,-20.0,-20.0,-20.0,-20.0,-20.0,-20.0,-20.0
40.446,-86.9145,0,1001,331,lte,220,26,-115.0,5.476804233801371,-129.0,-125.5,-123.25,-115.0,-113.0,-112.5,-112.0,-20.0,1.636600604442495,-23.0,-22.0,-21.0,-20.0,-19.0,-18.0,-17.0
40.446,-86.9145,0,1001,448,lte,220,44,-106.0,2.932918078750175,-114.0,-113.0,-108.0,-106.0,-105.0,-105.0,-105.0,-15.0,0.49735027281476535,-15.0,-15.0,-15.0,-15.0,-14.0,-14.0,-14.0
40.446,-86.9145,0,1001,489,lte,220,8,-115.0,1.7728105208558367,-117.0,-116.3,-115.25,-115.0,-113.5,-112.0,-112.0,-20.0,0.6408699444616557,-21.0,-21.0,-20.25,-20.0,-20.0,-19.7,-19.0
40.446,-86.9145,0,67011,119,lte,220,12,-113.0,3.325748947320898,-119.0,-117.9,-114.0,-113.0,-111.5,-110.0,-108.0,-18.0,1.243163121016122,-20.0,-20.0,-20.0,-18.0,-17.75,-17.0,-17.0
40.446,-86.9145,0,67011,412,lte,220,29,-107.0,3.67021025961098,-115.0,-115.0,-110.0,-107.0,-106.0,-105.0,-105.0,-13.0,0.49380397379123997,-14.0,-14.0,-14.0,-13.0,-13.0,-13.0,-13.0
40.446,-86.9145,0,67011,486,lte,220,29,-114.0,5.108671272208428,-126.0,-123.2,-117.0,-114.0,-112.0,-111.0,-109.0,-19.0,0.7987058497862393,-20.0,-20.0,-19.0,-19.0,-18.0,-18.0,-17.0
40.446,-86.9145,0,125290,403,sub6,220,33,-101.0,1.0141050689692321,-103.0,-102.0,-102.0,-101.0,-100.0,-100.0,-99.0,-11.0,0.43519413988924477,-12.0,-12.0,-11.0,-11.0,-11.0,-11.0,-11.0
40.446,-86.9145,0,125290,483,sub6,220,33,-106.0,1.450574598794101,-108.0,-107.0,-107.0,-106.0,-105.0,-104.0,-102.0,-15.0,0.9055803429711562,-16.0,-16.0,-16.0,-15.0,-14.0,-14.0,-13.0
40.446,-86.9145,0,520110,201,sub6,220,5,-121.0,2.04939015319192,-124.0,-122.8,-121.0,-121.0,-119.0,-119.0,-119.0,-15.0,1.6733200530681511,-18.0,-17.2,-16.0,-15.0,-14.0,-14.0,-14.0
40.446,-86.914,0,1001,331,lte,95,4,-123.5,1.707825127659933,-125.0,-124.7,-124.25,-123.5,-122.5,-121.6,-121.0,-21.5,1.8929694486000912,-22.0,-22.0,-22.0,-21.5,-20.25,-18.9,-18.0
40.446,-86.914,0,1001,448,lte,95,4,-115.0,0.816496580927726,-116.0,-115.7,-115.25,-115.0,-114.75,-114.3,-114.0,-15.0,0.0,-15.0,-15.0,-15.0,-15.0,-15.0,-15.0,-15.0
40.446,-86.914,0,67011,412,lte,95,12,-116.0,0.4264014327112209,-117.0,-116.0,-116.0,-116.0,-116.0,-116.0,-115.0,-14.0,0.0,-14.0,-14.0,-14.0,-14.0,-14.0,-14.0,-14.0
40.446,-86.914,0,67011,486,lte,95,1,-126.0,nan,-126.0,-126.0,-126.0,-126.0,-126.0,-126.0,-126.0,-20.0,nan,-20.0,-20.0,-20.0,-20.0,-20.0,-20.0,-20.0
40.446,-86.914,0,125290,403,sub6,95,37,-101.0,1.0932498320124242,-103.0,-102.4,-101.0,-101.0,-100.0,-100.0,-99.0,-11.0,0.41734179538380095,-12.0,-12.0,-11.0,-11.0,-11.0,-11.0,-11.0
40.446,-86.914,0,125290,483,sub6,95,37,-106.0,1.5976709775647027,-110.0,-108.0,-107.0,-106.0,-105.0,-104.0,-104.0,-16.0,0.7978951288462895,-17.0,-16.4,-16.0,-16.0,-15.0,-15.0,-14.0
40.4465,-86.9145,0,1001,50,lte,301,11,-112.0,1.7372915179041823,-114.0,-113.0,-112.0,-112.0,-110.5,-109.0,-108.0,-20.0,1.1832159566199232,-20.0,-20.0,-20.0,-20.0,-18.0,-18.0,-17.0
40.4465,-86.9145,0,1001,174,lte,301,6,-112.0,2.136976056643281,-115.0,-114.5,-113.75,-112.0,-110.25,-110.0,-110.0,-20.0,0.983192080250175,-21.0,-20.5,-20.0,-20.0,-20.0,-19.0,-18.0
40.4465,-86.9145,0,1001,331,lte,301,18,-112.0,2.9466941707526604,-114.0,-113.0,-112.0,-112.0,-108.25,-105.7,-104.0,-16.0,2.1910393868598628,-22.0,-18.3,-17.0,-16.0,-15.0,-13.7,-13.0
40.4465,-86.9145,0,1001,448,lte,301,70,-104.0,0.9370452658371118,-106.0,-106.0,-105.0,-104.0,-104.0,-103.0,-103.0,-14.0,0.7971221529402344,-16.0,-15.0,-14.0,-14.0,-13.0,-13.0,-13.0
40.4465,-86.9145,0,1001,489,lte,301,8,-111.0,1.4880476182856899,-114.0,-114.0,-112.5,-111.0,-111.0,-110.7,-110.0,-19.0,0.7559289460184544,-20.0,-20.0,-19.25,-19.0,-18.75,-18.0,-18.0
40.4465,-86.9145,0,67011,412,lte,301,68,-104.0,0.8744746321952063,-106.0,-105.0,-105.0,-104.0,-104.0,-103.0,-103.0,-13.0,0.45204636650620966,-13.0,-13.0,-13.0,-13.0,-12.0,-12.0,-12.0
40.4465,-86.9145,0,67011,486,lte,301,14,-112.0,2.54195563720897,-114.0,-113.7,-112.0,-112.0,-110.25,-107.6,-105.0,-19.5,1.167320591199077,-21.0,-20.0,-20.0,-19.5,-18.0,-18.0,-17.0
40.4465,-86.9145,0,125290,403,sub6,301,53,-100.0,1.1871347119780309,-102.0,-101.8,-101.0,-100.0,-100.0,-99.0,-96.0,-11.0,0.3922322702763681,-12.0,-11.0,-11.0,-11.0,-11.0,-11.0,-10.0
40.4465,-86.9145,0,125290,483,sub6,301,53,-106.0,1.1944477259811737,-108.0,-107.0,-106.0,-106.0,-105.0,-104.19999999999999,-102.0,-16.0,1.2238557642897292,-18.0,-17.0,-17.0,-16.0,-15.0,-14.0,-13.0
40.4465,-86.914,0,125290,403,sub6,12,6,-99.0,1.96638416050035,-102.0,-101.5,-100.75,-99.0,-98.0,-97.5,-97.0,-11.0,0.408248290463863,-11.0,-11.0,-11.0,-11.0,-11.0,-10.5,-10.0
40.4465,-86.914,0,125290,483,sub6,12,6,-106.5,1.2110601416389968,-108.0,-107.5,-107.0,-106.5,-105.25,-105.0,-105.0,-16.0,0.5163977794943223,-16.0,-16.0,-16.0,-16.0,-15.25,-15.0,-15.0
40.447,-86.915,0,1001,331,lte,267,7,-110.0,1.7994708216848745,-114.0,-112.2,-110.5,-110.0,-109.0,-109.0,-109.0,-23.0,1.8126539343499315,-24.0,-24.0,-24.0,-23.0,-21.0,-20.0,-20.0
40.447,-86.915,0,1001,397,lte,267,11,-108.0,3.297381881542881,-114.0,-112.0,-111.0,-108.0,-106.5,-104.0,-104.0,-21.0,0.8201995322647245,-23.0,-22.0,-22.0,-21.0,-21.0,-21.0,-20.0
40.447,-86.915,0,1001,448,lte,267,51,-98.0,2.1953605269151706,-104.0,-102.0,-98.0,-98.0,-97.0,-97.0,-96.0,-13.0,0.3156071024822713,-14.0,-13.0,-13.0,-13.0,-13.0,-13.0,-12.0
40.447,-86.915,0,67011,412,lte,267,111,-105.0,2.263697047823389,-111.0,-109.0,-108.0,-105.0,-104.0,-104.0,-103.0,-13.0,0.4997952078554272,-13.0,-13.0,-13.0,-13.0,-12.0,-12.0,-12.0
40.447,-86.915,0,125290,403,sub6,267,50,-96.5,3.702398560668586,-102.0,-101.0,-101.0,-96.5,-94.0,-92.0,-90.0,-10.0,0.49487165930539345,-11.0,-11.0,-11.0,-10.0,-10.0,-10.0,-10.0
40.447,-86.915,0,125290,483,sub6,267,37,-105.0,3.0555419055114146,-109.0,-108.0,-107.0,-105.0,-102.0,-100.0,-98.0,-17.0,1.2006004503753283,-19.0,-18.0,-18.0,-17.0,-16.0,-16.0,-14.0
40.447,-86.9145,0,125290,403,sub6,36,18,-101.0,0.802365782965103,-102.0,-102.0,-101.75,-101.0,-101.0,-100.0,-99.0,-11.0,0.0,-11.0,-11.0,-11.0,-11.0,-11.0,-11.0,-11.0
40.447,-86.9145,0,125290,483,sub6,36,18,-107.0,1.2313975269103983,-109.0,-108.0,-108.0,-107.0,-106.0,-105.0,-105.0,-16.0,0.937595311059234,-17.0,-17.0,-17.0,-16.0,-15.25,-15.0,-14.0
40.4475,-86.9155,0,1001,448,lte,59,17,-100.0,0.5,-101.0,-100.4,-100.0,-100.0,-100.0,-99.6,-99.0,-14.0,0.5072996561958922,-15.0,-15.0,-15.0,-14.0,-14.0,-14.0,-14.0
40.4475,-86.9155,0,67011,412,lte,59,17,-106.0,0.7998161553463027,-108.0,-107.4,-107.0,-106.0,-106.0,-106.0,-105.0,-14.0,0.0,-14.0,-14.0,-14.0,-14.0,-14.0,-14.0,-14.0
40.4475,-86.9155,0,125290,403,sub6,59,15,-97.0,4.421807430495018,-101.0,-100.6,-98.5,-97.0,-96.0,-88.0,-88.0,-10.0,0.25819888974716104,-11.0,-10.0,-10.0,-10.0,-10.0,-10.0,-10.0
40.4475,-86.9155,0,125290,483,sub6,59,10,-107.0,1.8856180831641267,-110.0,-109.1,-108.5,-107.0,-106.0,-104.9,-104.0,-17.0,0.5676462121975466,-18.0,-18.0,-17.0,-17.0,-17.0,-16.9,-16.0
40.4475,-86.915,0,1001,397,lte,269,16,-107.5,2.7294688127912363,-111.0,-110.5,-108.0,-107.5,-105.0,-104.0,-101.0,-21.5,1.3601470508735443,-23.0,-22.5,-22.0,-21.5,-20.0,-19.0,-19.0
40.4475,-86.915,0,1001,448,lte,269,70,-98.0,0.730296743340221,-100.0,-99.0,-99.0,-98.0,-98.0,-98.0,-96.0,-13.0,0.49844478627922717,-14.0,-14.0,-14.0,-13.0,-13.0,-13.0,-13.0
40.4475,-86.915,0,67011,412,lte,269,106,-107.0,1.2502290895193253,-110.0,-108.0,-108.0,-107.0,-106.0,-105.0,-104.0,-14.0,0.49335203092223595,-14.0,-14.0,-14.0,-14.0,-13.0,-13.0,-13.0
40.4475,-86.915,0,125290,403,sub6,269,51,-91.0,7.857156098792002,-102.0,-102.0,-101.0,-91.0,-86.0,-84.0,-83.0,-10.0,0.4826397999239063,-11.0,-11.0,-11.0,-10.0,-10.0,-10.0,-10.0
40.4475,-86.915,0,125290,483,sub6,269,26,-108.0,2.1739719055576248,-111.0,-111.0,-109.75,-108.0,-108.0,-107.0,-100.0,-17.0,0.7844645405527361,-19.0,-18.0,-18.0,-17.0,-17.0,-16.0,-16.0
40.448,-86.9155,0,1001,331,lte,297,3,-121.0,1.1547005383792517,-121.0,-121.0,-121.0,-121.0,-120.0,-119.4,-119.0,-23.0,1.0,-24.0,-23.8,-23.5,-23.0,-22.5,-22.2,-22.0
40.448,-86.9155,0,1001,397,lte,297,7,-117.0,1.4638501094227998,-118.0,-117.4,-117.0,-117.0,-115.0,-114.6,-114.0,-20.0,1.0,-21.0,-21.0,-21.0,-20.0,-19.0,-19.0,-19.0
40.448,-86.9155,0,1001,448,lte,297,79,-107.0,3.344884238355253,-109.0,-108.0,-107.5,-107.0,-102.0,-99.8,-99.0,-14.0,0.5904135167321458,-15.0,-15.0,-14.0,-14.0,-14.0,-13.0,-13.0
40.448,-86.9155,0,67011,412,lte,297,133,-98.0,2.8637312963682606,-108.0,-104.0,-99.0,-98.0,-97.0,-97.0,-96.0,-13.0,0.7763741960102593,-14.0,-14.0,-14.0,-13.0,-13.0,-13.0,-10.0
40.448,-86.9155,0,125290,403,sub6,297,50,-93.0,3.2592098704428096,-97.0,-96.0,-96.0,-93.0,-89.0,-88.0,-88.0,-10.0,0.0,-10.0,-10.0,-10.0,-10.0,-10.0,-10.0,-10.0
40.448,-86.9155,0,125290,483,sub6,297,25,-105.0,1.4352700094407325,-108.0,-107.0,-106.0,-105.0,-104.0,-104.0,-102.0,-18.0,0.763762615825973,-19.0,-19.0,-18.0,-18.0,-17.0,-17.0,-16.0
40.4485,-86.9155,0,1001,50,lte,129,9,-120.0,2.8625940062196116,-123.0,-121.4,-120.0,-120.0,-118.0,-114.8,-114.0,-19.0,1.0,-21.0,-20.2,-20.0,-19.0,-19.0,-18.0,-18.0
40.4485,-86.9155,0,1001,331,lte,129,11,-121.0,2.339386088854782,-123.0,-123.0,-122.0,-121.0,-119.5,-117.0,-116.0,-21.0,1.3416407864998738,-23.0,-22.0,-22.0,-21.0,-20.0,-19.0,-19.0
40.4485,-86.9155,0,1001,448,lte,129,19,-107.0,2.077447826946374,-112.0,-111.0,-110.0,-107.0,-107.0,-106.0,-106.0,-14.0,0.3153017676423058,-15.0,-14.2,-14.0,-14.0,-14.0,-14.0,-14.0
40.4485,-86.9155,0,67011,412,lte,129,24,-99.0,1.1131623577819225,-102.0,-101.0,-101.0,-99.0,-99.0,-99.0,-99.0,-13.0,0.3586407511783863,-14.0,-13.0,-13.0,-13.0,-13.0,-13.0,-12.0
40.4485,-86.9155,0,67011,486,lte,129,10,-109.0,1.2516655570345725,-112.0,-110.2,-110.0,-109.0,-108.25,-108.0,-108.0,-19.0,0.8232726023485646,-21.0,-20.1,-19.75,-19.0,-19.0,-18.9,-18.0
40.4485,-86.9155,0,125290,403,sub6,129,44,-99.0,1.9457494194738094,-102.0,-101.0,-100.25,-99.0,-97.0,-96.0,-94.0,-10.0,0.0,-10.0,-10.0,-10.0,-10.0,-10.0,-10.0,-10.0
40.4485,-86.9155,0,125290,483,sub6,129,12,-108.5,2.443296332763787,-113.0,-111.9,-111.0,-108.5,-106.75,-106.0,-106.0,-18.0,1.243163121016122,-19.0,-18.9,-18.0,-18.0,-16.75,-16.0,-15.0
40.449,-86.9155,0,1001,50,lte,108,14,-117.5,2.1187286256174924,-122.0,-120.0,-119.0,-117.5,-116.0,-115.3,-115.0,-19.0,0.9287827316640652,-21.0,-20.7,-20.0,-19.0,-19.0,-18.299999999999997,-18.0
40.449,-86.9155,0,1001,331,lte,108,3,-122.0,1.7320508075688772,-125.0,-124.4,-123.5,-122.0,-122.0,-122.0,-122.0,-24.0,4.358898943540674,-25.0,-24.8,-24.5,-24.0,-20.5,-18.4,-17.0
40.449,-86.9155,0,1001,448,lte,108,18,-107.5,3.1101772641409178,-112.0,-111.3,-109.75,-107.5,-105.25,-103.0,-103.0,-14.0,0.42779263194649864,-14.0,-14.0,-14.0,-14.0,-14.0,-13.0,-13.0
40.449,-86.9155,0,67011,412,lte,108,29,-99.0,1.2846191285430555,-102.0,-101.2,-100.0,-99.0,-98.0,-98.0,-98.0,-13.0,0.3099340466946033,-13.0,-13.0,-13.0,-13.0,-13.0,-12.8,-12.0
40.449,-86.9155,0,67011,486,lte,108,10,-108.0,2.2135943621178655,-111.0,-110.1,-109.0,-108.0,-106.0,-105.8,-104.0,-18.0,0.7071067811865476,-20.0,-19.1,-19.0,-18.0,-18.0,-18.0,-18.0
40.449,-86.9155,0,125290,403,sub6,108,32,-95.0,3.8393915428560863,-101.0,-100.0,-98.0,-95.0,-93.0,-90.0,-87.0,-10.0,0.0,-10.0,-10.0,-10.0,-10.0,-10.0,-10.0,-10.0
40.449,-86.9155,0,125290,483,sub6,108,2,-108.0,1.4142135623730951,-109.0,-108.8,-108.5,-108.0,-107.5,-107.2,-107.0,-18.5,0.7071067811865476,-19.0,-18.9,-18.75,-18.5,-18.25,-18.1,-18.0
40.4495,-86.9155,0,1001,50,lte,166,9,-110.0,1.878237944930774,-113.0,-113.0,-112.0,-110.0,-109.0,-108.8,-108.0,-19.0,0.7817359599705717,-20.0,-20.0,-19.0,-19.0,-18.0,-18.0,-18.0
40.4495,-86.9155,0,1001,331,lte,166,13,-113.0,1.7504578155735613,-116.0,-115.0,-115.0,-113.0,-112.0,-111.2,-111.0,-22.0,0.869718492622904,-24.0,-23.0,-23.0,-22.0,-22.0,-21.2,-21.0
40.4495,-86.9155,0,1001,448,lte,166,24,-102.0,1.0072203103706696,-104.0,-103.0,-102.0,-102.0,-101.0,-100.3,-100.0,-13.0,0.44842720314644063,-14.0,-14.0,-13.0,-13.0,-13.0,-13.0,-12.0
40.4495,-86.9155,0,67011,412,lte,166,70,-96.0,1.088619845355514,-99.0,-97.0,-96.0,-96.0,-95.0,-94.0,-94.0,-12.0,0.28196295074009653,-13.0,-12.0,-12.0,-12.0,-12.0,-12.0,-12.0
40.4495,-86.9155,0,125290,403,sub6,166,39,-91.0,2.1363760352762244,-95.0,-93.2,-92.0,-91.0,-89.5,-88.0,-86.0,-10.0,0.0,-10.0,-10.0,-10.0,-10.0,-10.0,-10.0,-10.0
40.4495,-86.9155,0,125290,483,sub6,166,11,-102.0,5.2345009313209605,-114.0,-110.0,-108.0,-102.0,-99.5,-99.0,-99.0,-18.0,0.9341987329938276,-19.0,-18.0,-18.0,-18.0,-17.0,-16.0,-16.0
40.45,-86.916,0,1001,50,lte,107,12,-110.5,2.261335084333227,-115.0,-113.0,-112.25,-110.5,-109.0,-108.1,-108.0,-19.0,1.0730867399773198,-20.0,-20.0,-19.25,-19.0,-18.0,-17.1,-17.0
40.45,-86.916,0,1001,331,lte,107,12,-111.0,1.614329769923297,-114.0,-113.0,-112.25,-111.0,-110.75,-110.0,-108.0,-20.0,2.269694946796849,-23.0,-22.0,-22.0,-20.0,-18.0,-17.1,-16.0
40.45,-86.916,0,1001,448,lte,107,12,-103.0,1.243163121016122,-104.0,-104.0,-103.25,-103.0,-101.0,-101.0,-101.0,-14.0,0.45226701686664544,-14.0,-14.0,-14.0,-14.0,-13.75,-13.0,-13.0
40.45,-86.916,0,67011,412,lte,107,56,-95.0,0.4831579021826698,-96.0,-95.0,-95.0,-95.0,-95.0,-94.0,-94.0,-12.0,0.41403933560541234,-13.0,-13.0,-12.0,-12.0,-12.0,-12.0,-12.0
40.45,-86.916,0,125290,403,sub6,107,15,-90.0,1.121223821162776,-91.0,-91.0,-90.0,-90.0,-89.0,-88.4,-87.0,-10.0,0.0,-10.0,-10.0,-10.0,-10.0,-10.0,-10.0,-10.0
40.45,-86.9155,0,1001,50,lte,51,4,-107.5,1.2909944487358056,-109.0,-108.7,-108.25,-107.5,-106.75,-106.3,-106.0,-19.0,0.816496580927726,-20.0,-19.7,-19.25,-19.0,-18.75,-18.3,-18.0
40.45,-86.9155,0,1001,331,lte,51,4,-111.0,1.2583057392117916,-112.0,-111.7,-111.25,-111.0,-110.5,-109.6,-109.0,-21.0,0.5,-22.0,-21.7,-21.25,-21.0,-21.0,-21.0,-21.0
40.45,-86.9155,0,1001,448,lte,51,4,-99.0,0.5,-100.0,-99.7,-99.25,-99.0,-99.0,-99.0,-99.0,-13.0,0.0,-13.0,-13.0,-13.0,-13.0,-13.0,-13.0,-13.0
40.45,-86.9155,0,67011,412,lte,51,16,-93.0,0.6191391873668903,-94.0,-93.0,-93.0,-93.0,-92.0,-92.0,-92.0,-12.5,0.5163977794943222,-13.0,-13.0,-13.0,-12.5,-12.0,-12.0,-12.0
40.45,-86.9155,0,125290,403,sub6,51,23,-86.0,2.1623804771739965,-91.0,-90.0,-88.5,-86.0,-85.0,-84.2,-84.0,-10.0,0.0,-10.0,-10.0,-10.0,-10.0,-10.0,-10.0,-10.0
40.4505,-86.916,0,1001,50,lte,670,77,-107.0,2.719640722522656,-114.0,-110.0,-108.0,-107.0,-106.0,-103.0,-100.0,-16.0,1.8033916553948501,-19.0,-18.0,-17.0,-16.0,-14.0,-13.0,-12.0
40.4505,-86.916,0,1001,240,lte,670,12,-110.0,3.0748244591432297,-116.0,-113.8,-111.25,-110.0,-107.75,-106.1,-106.0,-20.0,0.996204919895622,-22.0,-21.0,-20.25,-20.0,-19.0,-19.0,-19.0
40.4505,-86.916,0,1001,331,lte,670,63,-108.0,2.6487493305092147,-114.0,-111.8,-110.0,-108.0,-106.0,-105.0,-103.0,-17.0,2.1392870071894374,-22.0,-20.0,-18.0,-17.0,-16.0,-14.199999999999996,-12.0
40.4505,-86.916,0,1001,448,lte,670,77,-103.0,2.39916253331116,-108.0,-107.0,-105.0,-103.0,-102.0,-100.0,-99.0,-15.0,0.7136018599266488,-17.0,-16.0,-16.0,-15.0,-15.0,-14.0,-14.0
40.4505,-86.916,0,66736,47,lte,670,13,-96.0,1.2351684199496948,-98.0,-97.8,-97.0,-96.0,-95.0,-95.0,-94.0,-10.0,1.8081014266989472,-14.0,-12.8,-11.0,-10.0,-9.0,-8.2,-8.0
40.4505,-86.916,0,66736,304,lte,670,13,-102.0,1.091928428198338,-103.0,-103.0,-103.0,-102.0,-101.0,-100.2,-100.0,-18.0,1.1208970766356101,-20.0,-20.0,-20.0,-18.0,-18.0,-17.2,-17.0
40.4505,-86.916,0,67011,412,lte,670,340,-103.0,2.550520253958222,-106.0,-104.0,-103.0,-103.0,-102.0,-99.0,-92.0,-13.0,0.6998859627990348,-15.0,-14.0,-14.0,-13.0,-13.0,-13.0,-11.0
40.4505,-86.916,0,125290,403,sub6,670,70,-89.0,2.0390088120991057,-96.0,-93.0,-91.0,-89.0,-89.0,-88.0,-86.0,-10.0,0.0,-10.0,-10.0,-10.0,-10.0,-10.0,-10.0,-10.0
40.4505,-86.916,0,520110,10,sub6,670,5,-123.0,1.224744871391589,-124.0,-124.0,-124.0,-123.0,-123.0,-121.8,-121.0,-16.0,0.7071067811865476,-17.0,-16.6,-16.0,-16.0,-16.0,-15.4,-15.0
40.4505,-86.9155,0,125290,403,sub6,25,25,-90.0,1.5077577170531524,-92.0,-92.0,-91.0,-90.0,-89.0,-88.4,-87.0,-10.0,0.0,-10.0,-10.0,-10.0,-10.0,-10.0,-10.0,-10.0
40.451,-86.916,0,1001,50,lte,242,23,-102.0,1.4128154270215338,-104.0,-103.8,-103.0,-102.0,-101.0,-100.0,-99.0,-14.0,1.2605287804426009,-17.0,-15.0,-15.0,-14.0,-13.0,-12.2,-12.0
40.451,-86.916,0,1001,240,lte,242,9,-107.0,1.3017082793177757,-108.0,-107.2,-107.0,-107.0,-105.0,-104.8,-104.0,-19.0,0.7071067811865476,-20.0,-20.0,-19.0,-19.0,-19.0,-18.0,-18.0
40.451,-86.916,0,1001,331,lte,242,23,-105.0,1.89861609679365,-108.0,-107.0,-106.5,-105.0,-103.0,-103.0,-101.0,-17.0,0.8481554037632527,-18.0,-18.0,-18.0,-17.0,-16.0,-16.0,-16.0
40.451,-86.916,0,1001,448,lte,242,23,-100.0,1.1660547990838181,-103.0,-102.8,-101.5,-100.0,-100.0,-100.0,-99.0,-16.0,0.625543242171224,-17.0,-16.8,-16.0,-16.0,-15.5,-15.0,-15.0
40.451,-86.916,0,66736,47,lte,242,18,-96.0,1.2628425245572248,-99.0,-97.0,-96.0,-96.0,-95.0,-94.0,-94.0,-10.5,1.6499158227686108,-13.0,-12.3,-12.0,-10.5,-10.0,-8.0,-8.0
40.451,-86.916,0,66736,304,lte,242,18,-101.5,1.862074182581862,-105.0,-104.3,-104.0,-101.5,-100.25,-100.0,-100.0,-19.5,1.8194662723831594,-22.0,-21.0,-21.0,-19.5,-18.0,-17.0,-16.0
40.451,-86.916,0,67011,412,lte,242,98,-101.0,2.5355872315656183,-106.0,-104.0,-103.0,-101.0,-99.0,-97.0,-97.0,-14.0,0.19888178879993884,-14.0,-14.0,-14.0,-14.0,-14.0,-14.0,-13.0
40.451,-86.916,0,125290,403,sub6,242,30,-91.0,3.5950157066464232,-97.0,-97.0,-96.0,-91.0,-88.0,-88.0,-88.0,-10.0,0.0,-10.0,-10.0,-10.0,-10.0,-10.0,-10.0,-10.0
40.451,-86.9155,0,1001,50,lte,644,63,-101.0,2.1923621080704767,-106.0,-104.0,-103.0,-101.0,-100.0,-99.0,-96.0,-14.0,1.7053873853622192,-20.0,-17.0,-16.0,-14.0,-13.5,-13.0,-12.0
40.451,-86.9155,0,1001,223,lte,644,5,-109.0,0.7071067811865476,-110.0,-109.6,-109.0,-109.0,-109.0,-108.4,-108.0,-23.0,1.224744871391589,-24.0,-24.0,-24.0,-23.0,-23.0,-21.8,-21.0
40.451,-86.9155,0,1001,240,lte,644,9,-105.0,1.5898986690282426,-108.0,-107.2,-107.0,-105.0,-104.0,-104.0,-104.0,-20.0,0.8333333333333331,-21.0,-21.0,-20.0,-20.0,-19.0,-19.0,-19.0
40.451,-86.9155,0,1001,331,lte,644,63,-104.0,2.182882717537832,-111.0,-107.0,-106.0,-104.0,-103.0,-102.0,-101.0,-18.0,2.044186742145628,-22.0,-21.0,-19.0,-18.0,-16.0,-15.199999999999996,-14.0
40.451,-86.9155,0,1001,373,lte,644,4,-108.5,1.707825127659933,-110.0,-109.7,-109.25,-108.5,-107.5,-106.6,-106.0,-23.5,0.9574271077563381,-25.0,-24.7,-24.25,-23.5,-23.0,-23.0,-23.0
40.451,-86.9155,0,1001,448,lte,644,63,-100.0,2.1699431683375137,-104.0,-102.0,-102.0,-100.0,-98.0,-97.0,-94.0,-15.0,0.7119778384165577,-16.0,-16.0,-16.0,-15.0,-15.0,-14.0,-13.0
40.451,-86.9155,0,66736,47,lte,644,44,-98.0,4.083367490616655,-106.0,-101.7,-100.25,-98.0,-96.0,-92.3,-87.0,-11.5,2.322333884759993,-17.0,-15.0,-13.25,-11.5,-10.0,-9.0,-8.0
40.451,-86.9155,0,66736,118,lte,644,9,-106.0,4.044887033170532,-110.0,-109.2,-108.0,-106.0,-102.0,-101.2,-98.0,-20.0,1.5898986690282426,-23.0,-23.0,-21.0,-20.0,-19.0,-19.0,-19.0
40.451,-86.9155,0,66736,304,lte,644,44,-103.0,3.2304052331560027,-108.0,-105.0,-104.0,-103.0,-101.0,-97.0,-96.0,-19.0,1.914670192234608,-23.0,-21.0,-20.0,-19.0,-18.0,-16.0,-15.0
40.451,-86.9155,0,67011,412,lte,644,255,-102.0,3.377362450054271,-108.0,-106.0,-104.0,-102.0,-100.0,-97.0,-93.0,-13.0,0.5849747523282594,-14.0,-14.0,-14.0,-13.0,-13.0,-13.0,-12.0
40.451,-86.9155,0,125290,403,sub6,644,85,-92.0,3.855876957949505,-99.0,-96.0,-94.0,-92.0,-88.0,-86.0,-84.0,-10.0,0.0,-10.0,-10.0,-10.0,-10.0,-10.0,-10.0,-10.0
40.4515,-86.9155,0,1001,50,lte,132,7,-98.0,1.7994708216848745,-102.0,-100.8,-99.5,-98.0,-97.5,-97.0,-97.0,-17.0,1.3451854182690985,-19.0,-19.0,-18.0,-17.0,-16.0,-16.0,-16.0
40.4515,-86.9155,0,1001,223,lte,132,1,-107.0,nan,-107.0,-107.0,-107.0,-107.0,-107.0,-107.0,-107.0,-25.0,nan,-25.0,-25.0,-25.0,-25.0,-25.0,-25.0,-25.0
40.4515,-86.9155,0,1001,240,lte,132,4,-100.0,1.2583057392117916,-102.0,-101.4,-100.5,-100.0,-99.75,-99.3,-99.0,-19.5,0.9574271077563381,-20.0,-20.0,-20.0,-19.5,-18.75,-18.3,-18.0
40.4515,-86.9155,0,1001,331,lte,132,5,-102.0,1.0,-103.0,-103.0,-103.0,-102.0,-101.0,-101.0,-101.0,-22.0,0.8944271909999159,-22.0,-22.0,-22.0,-22.0,-21.0,-20.4,-20.0
40.4515,-86.9155,0,1001,373,lte,132,2,-105.5,0.7071067811865476,-106.0,-105.9,-105.75,-105.5,-105.25,-105.1,-105.0,-22.0,1.4142135623730951,-23.0,-22.8,-22.5,-22.0,-21.5,-21.2,-21.0
40.4515,-86.9155,0,1001,448,lte,132,7,-94.0,1.7182493859684491,-95.0,-95.0,-94.5,-94.0,-93.5,-91.8,-90.0,-14.0,0.6900655593423541,-15.0,-15.0,-14.5,-14.0,-14.0,-13.6,-13.0
40.4515,-86.9155,0,66736,47,lte,132,10,-91.0,2.1186998109427604,-94.0,-92.2,-91.75,-91.0,-90.0,-88.7,-86.0,-11.0,2.3570226039551585,-16.0,-14.2,-14.0,-11.0,-11.0,-9.0,-9.0
40.4515,-86.9155,0,66736,304,lte,132,10,-94.5,2.2135943621178655,-98.0,-97.1,-96.75,-94.5,-93.0,-92.0,-92.0,-17.0,1.4907119849998598,-19.0,-19.0,-18.0,-17.0,-16.0,-15.0,-15.0
40.4515,-86.9155,0,67011,412,lte,132,49,-93.0,2.107848953526878,-97.0,-97.0,-93.0,-93.0,-91.0,-91.0,-91.0,-13.0,0.43448303787844444,-13.0,-13.0,-13.0,-13.0,-13.0,-12.0,-12.0
40.4515,-86.9155,0,125290,403,sub6,132,37,-86.0,3.977602458934442,-89.0,-89.0,-88.0,-86.0,-81.0,-79.0,-78.0,-10.0,0.0,-10.0,-10.0,-10.0,-10.0,-10.0,-10.0,-10.0
40.4515,-86.915,0,1001,50,lte,61,7,-94.0,2.690370836538197,-100.0,-98.8,-96.5,-94.0,-93.5,-93.0,-93.0,-12.0,2.3603873774083297,-16.0,-15.4,-13.5,-12.0,-10.5,-10.0,-10.0
40.4515,-86.915,0,1001,240,lte,61,1,-99.0,nan,-99.0,-99.0,-99.0,-99.0,-99.0,-99.0,-99.0,-20.0,nan,-20.0,-20.0,-20.0,-20.0,-20.0,-20.0,-20.0
40.4515,-86.915,0,1001,331,lte,61,7,-103.0,1.3801311186847083,-106.0,-105.4,-104.5,-103.0,-103.0,-102.6,-102.0,-20.0,1.2724180205607036,-21.0,-21.0,-20.5,-20.0,-18.5,-18.0,-18.0
40.4515,-86.915,0,1001,448,lte,61,7,-96.0,0.9759000729485332,-98.0,-97.4,-97.0,-96.0,-96.0,-95.6,-95.0,-16.0,1.1126972805283737,-17.0,-17.0,-16.5,-16.0,-15.0,-14.6,-14.0
40.4515,-86.915,0,66736,47,lte,61,6,-88.0,3.4302575219167823,-96.0,-92.5,-88.75,-88.0,-87.25,-87.0,-87.0,-9.0,2.1602468994692865,-14.0,-11.5,-9.0,-9.0,-9.0,-8.5,-8.0
40.4515,-86.915,0,66736,304,lte,61,6,-97.0,1.0954451150103321,-98.0,-98.0,-97.75,-97.0,-97.0,-96.0,-95.0,-20.0,1.8708286933869707,-21.0,-21.0,-20.75,-20.0,-19.25,-17.5,-16.0
40.4515,-86.915,0,67011,412,lte,61,22,-97.0,1.5625487005397438,-98.0,-97.9,-97.0,-97.0,-95.0,-94.0,-93.0,-13.0,0.4923659639173308,-13.0,-13.0,-13.0,-13.0,-12.0,-12.0,-12.0
40.4515,-86.915,0,125290,403,sub6,61,5,-89.0,1.224744871391589,-90.0,-90.0,-90.0,-89.0,-89.0,-87.8,-87.0,-10.0,0.0,-10.0,-10.0,-10.0,-10.0,-10.0,-10.0,-10.0
40.452,-86.9155,0,125290,403,sub6,25,25,-83.0,4.204362813395945,-87.0,-86.0,-85.0,-83.0,-77.0,-75.0,-75.0,-10.0,0.0,-10.0,-10.0,-10.0,-10.0,-10.0,-10.0,-10.0
40.452,-86.915,0,1001,50,lte,196,20,-97.0,2.43007472269779,-101.0,-100.0,-99.0,-97.0,-95.75,-93.9,-93.0,-16.5,2.1001253095445223,-20.0,-20.0,-19.0,-16.5,-15.75,-14.899999999999999,-14.0
40.452,-86.915,0,1001,331,lte,196,9,-101.0,1.5365907428821477,-103.0,-103.0,-102.0,-101.0,-100.0,-99.0,-99.0,-21.0,1.0137937550497031,-23.0,-23.0,-22.0,-21.0,-21.0,-20.8,-20.0
40.452,-86.915,0,1001,448,lte,196,20,-92.5,3.483419372730736,-96.0,-95.0,-94.0,-92.5,-90.0,-85.9,-83.0,-14.0,0.7326950970650464,-15.0,-15.0,-14.0,-14.0,-13.0,-13.0,-13.0
40.452,-86.915,0,66736,47,lte,196,18,-94.0,2.2701530281551134,-97.0,-95.3,-94.0,-94.0,-93.0,-90.7,-87.0,-12.5,1.9778181680534621,-16.0,-15.0,-14.0,-12.5,-11.0,-10.0,-10.0
40.452,-86.915,0,66736,304,lte,196,18,-93.0,1.9645551975404014,-97.0,-96.0,-95.75,-93.0,-92.25,-91.0,-91.0,-15.0,1.2432826042324117,-18.0,-17.0,-17.0,-15.0,-15.0,-14.0,-14.0
40.452,-86.915,0,67011,412,lte,196,87,-92.0,3.2501105197830733,-98.0,-97.0,-95.0,-92.0,-90.0,-88.0,-87.0,-13.0,0.40742900749794664,-13.0,-13.0,-13.0,-13.0,-13.0,-12.0,-12.0
40.452,-86.915,0,125290,403,sub6,196,24,-79.0,5.144118634104304,-90.0,-87.7,-82.5,-79.0,-77.0,-73.3,-72.0,-10.0,0.0,-10.0,-10.0,-10.0,-10.0,-10.0,-10.0,-10.0
40.4525,-86.9155,0,125290,403,sub6,25,25,-83.0,4.437341546466758,-88.0,-87.6,-86.0,-83.0,-79.0,-75.19999999999999,-73.0,-10.0,0.0,-10.0,-10.0,-10.0,-10.0,-10.0,-10.0,-10.0
40.4525,-86.915,0,1001,50,lte,183,21,-101.0,4.030833542534229,-104.0,-103.0,-102.0,-101.0,-97.0,-92.0,-91.0,-17.0,1.6704718466577608,-20.0,-19.0,-18.0,-17.0,-16.0,-15.0,-14.0
40.4525,-86.915,0,1001,240,lte,183,5,-93.0,3.4351128074635335,-99.0,-98.2,-97.0,-93.0,-92.0,-91.4,-91.0,-20.0,1.5165750888103102,-23.0,-22.2,-21.0,-20.0,-20.0,-19.4,-19.0
40.4525,-86.915,0,1001,448,lte,183,21,-96.0,5.600170065444867,-99.0,-99.0,-98.0,-96.0,-92.0,-85.0,-83.0,-14.0,0.5070925528371099,-15.0,-15.0,-15.0,-14.0,-14.0,-14.0,-14.0
40.4525,-86.915,0,1001,467,lte,183,12,-103.0,4.249777177759565,-107.0,-103.9,-103.0,-103.0,-100.75,-94.6,-92.0,-19.5,1.0552897060221726,-21.0,-20.0,-20.0,-19.5,-18.0,-18.0,-18.0
40.4525,-86.915,0,66736,47,lte,183,16,-96.0,3.2602402774437755,-101.0,-99.0,-98.0,-96.0,-93.0,-91.0,-90.0,-12.5,2.280350850198276,-17.0,-16.0,-14.5,-12.5,-11.0,-10.5,-10.0
40.4525,-86.915,0,66736,304,lte,183,16,-98.0,4.09827199357648,-101.0,-100.0,-99.25,-98.0,-92.5,-90.0,-90.0,-16.0,1.3102162671355697,-19.0,-18.0,-17.0,-16.0,-15.0,-15.0,-15.0
40.4525,-86.915,0,67011,412,lte,183,74,-97.0,4.216489729022237,-101.0,-101.0,-100.0,-97.0,-96.0,-90.0,-87.0,-13.0,0.421778466919957,-14.0,-13.0,-13.0,-13.0,-13.0,-13.0,-12.0
40.4525,-86.915,0,125290,403,sub6,183,18,-82.0,3.6590830666833583,-87.0,-85.6,-84.5,-82.0,-80.25,-75.7,-75.0,-10.0,0.0,-10.0,-10.0,-10.0,-10.0,-10.0,-10.0,-10.0
40.453,-86.9155,0,125290,403,sub6,19,19,-77.0,2.4826886011053575,-81.0,-81.0,-81.0,-77.0,-76.0,-75.0,-75.0,-10.0,0.0,-10.0,-10.0,-10.0,-10.0,-10.0,-10.0,-10.0
40.453,-86.915,0,1001,50,lte,400,41,-105.0,2.491204038407053,-110.0,-108.0,-107.0,-105.0,-103.0,-102.0,-102.0,-17.0,1.3744178368472604,-19.0,-18.0,-18.0,-17.0,-16.0,-15.0,-13.0
40.453,-86.915,0,1001,240,lte,400,4,-105.0,1.9148542155126762,-108.0,-107.4,-106.5,-105.0,-104.0,-104.0,-104.0,-19.0,0.0,-19.0,-19.0,-19.0,-19.0,-19.0,-19.0,-19.0
40.453,-86.915,0,1001,331,lte,400,5,-110.0,0.8366600265340756,-111.0,-110.6,-110.0,-110.0,-109.0,-109.0,-109.0,-21.0,0.5477225575051661,-22.0,-22.0,-22.0,-21.0,-21.0,-21.0,-21.0
40.453,-86.915,0,1001,448,lte,400,41,-100.0,1.5169770967931986,-103.0,-102.0,-101.0,-100.0,-99.0,-99.0,-97.0,-15.0,0.4347693529262412,-15.0,-15.0,-15.0,-15.0,-15.0,-14.0,-14.0
40.453,-86.915,0,1001,475,lte,400,5,-110.0,4.8166378315169185,-120.0,-116.8,-112.0,-110.0,-109.0,-108.4,-108.0,-21.0,0.8366600265340756,-22.0,-21.6,-21.0,-21.0,-20.0,-20.0,-20.0
40.453,-86.915,0,66736,47,lte,400,38,-101.0,2.3464206571769566,-105.0,-104.0,-102.75,-101.0,-99.0,-98.0,-96.0,-13.5,2.0014219696072946,-17.0,-15.3,-15.0,-13.5,-12.0,-10.699999999999996,-9.0
40.453,-86.915,0,66736,304,lte,400,38,-102.0,1.5142753620056169,-105.0,-103.0,-103.0,-102.0,-100.0,-100.0,-99.0,-17.0,0.5987184036630073,-18.0,-17.0,-17.0,-17.0,-16.0,-16.0,-16.0
40.453,-86.915,0,67011,191,lte,400,11,-109.0,2.600699206681996,-113.0,-111.0,-110.5,-109.0,-107.0,-106.0,-104.0,-19.0,1.1908743922772955,-22.0,-21.0,-20.5,-19.0,-19.0,-19.0,-18.0
40.453,-86.915,0,67011,412,lte,400,158,-101.0,2.202920375200313,-109.0,-105.0,-103.0,-101.0,-101.0,-100.0,-99.0,-14.0,0.5215658733578651,-14.0,-14.0,-14.0,-14.0,-13.0,-13.0,-12.0
40.453,-86.915,0,125290,372,sub6,400,7,-129.0,11.553189623484524,-139.0,-139.0,-138.0,-129.0,-121.0,-114.39999999999999,-109.0,-32.0,8.159131606453506,-39.0,-39.0,-38.5,-32.0,-26.5,-21.599999999999998,-18.0
40.453,-86.915,0,125290,403,sub6,400,52,-85.0,1.5750457868802512,-89.0,-87.9,-87.0,-85.0,-84.75,-84.0,-83.0,-10.0,0.0,-10.0,-10.0,-10.0,-10.0,-10.0,-10.0,-10.0
40.4535,-86.9155,0,1001,50,lte,302,45,-105.0,1.8482861294078947,-109.0,-107.0,-106.0,-105.0,-103.0,-103.0,-101.0,-15.0,2.290295733186993,-19.0,-18.0,-17.0,-15.0,-13.0,-12.0,-10.0
40.4535,-86.9155,0,1001,448,lte,302,45,-101.0,1.4794894014114757,-104.0,-103.0,-101.0,-101.0,-100.0,-99.0,-98.0,-14.0,1.725331178866155,-16.0,-15.0,-15.0,-14.0,-12.0,-11.0,-10.0
40.4535,-86.9155,0,5035,424,lte,302,7,-84.0,0.0,-84.0,-84.0,-84.0,-84.0,-84.0,-84.0,-84.0,-13.0,0.48795003647426666,-13.0,-13.0,-13.0,-13.0,-12.5,-12.0,-12.0
40.4535,-86.9155,0,66736,47,lte,302,38,-95.0,2.2891916243577928,-99.0,-98.0,-96.75,-95.0,-93.25,-92.0,-91.0,-12.0,2.1751211931376178,-16.0,-15.3,-13.75,-12.0,-11.0,-9.699999999999996,-8.0
40.4535,-86.9155,0,66736,304,lte,302,38,-99.0,1.9662877052892211,-102.0,-101.0,-100.0,-99.0,-98.0,-96.0,-94.0,-15.0,2.4320056524603033,-18.0,-17.0,-16.0,-15.0,-13.0,-10.699999999999996,-9.0
40.4535,-86.9155,0,67011,191,lte,302,13,-107.0,1.4455945454184551,-109.0,-108.6,-107.0,-107.0,-106.0,-105.0,-104.0,-19.0,1.1151635501529558,-20.0,-20.0,-20.0,-19.0,-18.0,-17.2,-17.0
40.4535,-86.9155,0,67011,412,lte,302,38,-98.0,1.0777063257719233,-101.0,-99.0,-98.0,-98.0,-97.0,-97.0,-97.0,-12.0,2.076249216932016,-14.0,-14.0,-13.0,-12.0,-10.25,-8.699999999999996,-7.0
40.4535,-86.9155,0,125290,403,sub6,302,60,-84.0,3.7853419342672376,-95.0,-92.0,-86.0,-84.0,-83.0,-81.0,-78.0,-10.0,0.0,-10.0,-10.0,-10.0,-10.0,-10.0,-10.0,-10.0
40.4535,-86.9155,0,512190,10,sub6,302,18,-98.0,3.564531154716028,-105.0,-105.0,-103.75,-98.0,-97.0,-96.0,-96.0,-10.0,0.0,-10.0,-10.0,-10.0,-10.0,-10.0,-10.0,-10.0
40.4535,-86.915,0,1001,50,lte,122,11,-103.0,1.7372915179041823,-105.0,-105.0,-104.0,-103.0,-101.5,-101.0,-100.0,-16.0,1.8877596148970779,-19.0,-18.0,-17.0,-16.0,-15.0,-13.0,-13.0
40.4535,-86.915,0,1001,331,lte,122,2,-108.5,0.7071067811865476,-109.0,-108.9,-108.75,-108.5,-108.25,-108.1,-108.0,-20.0,0.0,-20.0,-20.0,-20.0,-20.0,-20.0,-20.0,-20.0
40.4535,-86.915,0,1001,448,lte,122,11,-100.0,1.0,-102.0,-101.0,-100.0,-100.0,-100.0,-99.0,-98.0,-15.0,0.4670993664969138,-16.0,-16.0,-15.5,-15.0,-15.0,-15.0,-15.0
40.4535,-86.915,0,66736,47,lte,122,11,-98.0,2.2279219832921355,-102.0,-101.0,-98.5,-98.0,-96.5,-95.0,-95.0,-14.0,1.2933395813657265,-17.0,-16.0,-15.0,-14.0,-13.5,-13.0,-13.0
40.4535,-86.915,0,66736,304,lte,122,11,-99.0,0.6466697906828633,-100.0,-99.0,-99.0,-99.0,-98.0,-98.0,-98.0,-16.0,0.5393598899705937,-17.0,-17.0,-16.0,-16.0,-16.0,-16.0,-15.0
40.4535,-86.915,0,67011,191,lte,122,3,-107.0,1.0,-108.0,-107.8,-107.5,-107.0,-106.5,-106.2,-106.0,-18.0,0.5773502691896258,-19.0,-18.8,-18.5,-18.0,-18.0,-18.0,-18.0
40.4535,-86.915,0,67011,412,lte,122,55,-101.0,0.8019336899629809,-102.0,-102.0,-101.0,-101.0,-100.0,-100.0,-99.0,-13.0,0.4656554701010362,-14.0,-14.0,-13.0,-13.0,-13.0,-13.0,-12.0
40.4535,-86.915,0,125290,403,sub6,122,18,-85.0,0.6691131580686884,-86.0,-85.3,-85.0,-85.0,-84.0,-84.0,-84.0,-10.0,0.0,-10.0,-10.0,-10.0,-10.0,-10.0,-10.0,-10.0
40.454,-86.9155,0,1001,50,lte,214,31,-104.0,3.240868063721757,-113.0,-111.0,-107.0,-104.0,-103.0,-102.0,-101.0,-15.0,2.5882281064818833,-23.0,-18.0,-16.5,-15.0,-13.0,-12.0,-11.0
40.454,-86.9155,0,1001,331,lte,214,17,-110.0,2.670646539918091,-117.0,-114.0,-112.0,-110.0,-109.0,-108.0,-107.0,-19.0,1.5857824196127734,-22.0,-22.0,-20.0,-19.0,-19.0,-17.6,-17.0
40.454,-86.9155,0,1001,414,lte,214,8,-116.0,5.548487567410986,-125.0,-120.8,-117.5,-116.0,-111.25,-108.7,-108.0,-22.5,3.251373336211726,-29.0,-26.9,-24.5,-22.5,-20.0,-20.0,-20.0
40.454,-86.9155,0,1001,448,lte,214,31,-99.0,1.9778341581106456,-104.0,-102.0,-100.0,-99.0,-98.0,-97.0,-96.0,-12.0,1.4270806353478929,-14.0,-13.0,-12.5,-12.0,-11.0,-10.0,-9.0
40.454,-86.9155,0,66736,47,lte,214,15,-97.0,2.4630604269214893,-101.0,-100.0,-98.5,-97.0,-95.5,-94.4,-92.0,-12.0,2.1201976547572388,-18.0,-13.0,-13.0,-12.0,-11.0,-10.0,-9.0
40.454,-86.9155,0,66736,304,lte,214,16,-96.5,5.2117655357853545,-100.0,-99.0,-99.0,-96.5,-93.0,-91.5,-79.0,-12.0,2.344319375284292,-15.0,-14.5,-13.25,-12.0,-10.75,-9.5,-6.0
40.454,-86.9155,0,67011,412,lte,214,43,-100.0,2.6139586116611135,-106.0,-104.0,-100.5,-100.0,-99.0,-96.19999999999999,-95.0,-11.0,2.006909438116671,-14.0,-14.0,-12.0,-11.0,-9.0,-9.0,-8.0
40.454,-86.9155,0,125290,403,sub6,214,21,-90.0,4.971346468944376,-94.0,-93.0,-93.0,-90.0,-84.0,-81.0,-80.0,-10.0,0.0,-10.0,-10.0,-10.0,-10.0,-10.0,-10.0,-10.0
40.454,-86.9155,0,512190,10,sub6,214,12,-101.5,1.815338686155987,-103.0,-102.9,-102.0,-101.5,-99.0,-99.0,-98.0,-10.0,0.3162277660168379,-11.0,-10.1,-10.0,-10.0,-10.0,-10.0,-10.0
40.454,-86.9155,0,512190,698,sub6,214,1,-125.0,nan,-125.0,-125.0,-125.0,-125.0,-125.0,-125.0,-125.0,-16.0,nan,-16.0,-16.0,-16.0,-16.0,-16.0,-16.0,-16.0
40.454,-86.9155,0,520110,10,sub6,214,13,-100.0,2.3750843439814178,-101.0,-100.8,-100.0,-100.0,-99.0,-96.0,-93.0,-10.0,0.0,-10.0,-10.0,-10.0,-10.0,-10.0,-10.0,-10.0
40.454,-86.9155,0,520110,698,sub6,214,6,-120.0,4.501851470969102,-127.0,-124.0,-120.75,-120.0,-117.0,-115.0,-114.0,-15.0,2.2286019533929036,-19.0,-17.5,-15.75,-15.0,-13.5,-13.0,-13.0
40.4545,-86.916,0,1001,50,lte,60,15,-98.0,3.0906926331133198,-106.0,-101.6,-100.0,-98.0,-96.5,-95.0,-94.0,-19.0,3.9904648255321744,-22.0,-21.6,-20.5,-19.0,-12.5,-12.0,-12.0
40.4545,-86.916,0,1001,448,lte,60,15,-87.0,5.961783050636542,-98.0,-98.0,-94.0,-87.0,-84.5,-83.0,-82.0,-11.0,1.558387444947959,-13.0,-13.0,-12.0,-11.0,-10.0,-9.0,-8.0
40.4545,-86.916,0,66736,47,lte,60,12,-97.0,4.100073909163841,-102.0,-99.9,-98.25,-97.0,-95.0,-90.2,-88.0,-16.0,2.5030284687057627,-19.0,-18.8,-17.0,-16.0,-14.75,-13.1,-10.0
40.4545,-86.916,0,66736,304,lte,60,12,-89.0,2.6111648393354674,-95.0,-92.9,-90.5,-89.0,-88.0,-87.1,-86.0,-10.0,1.928651593652148,-14.0,-13.8,-11.25,-10.0,-9.0,-9.0,-8.0
40.4545,-86.916,0,520110,10,sub6,60,5,-91.0,1.51657508881031,-94.0,-92.8,-91.0,-91.0,-91.0,-90.4,-90.0,-10.0,0.0,-10.0,-10.0,-10.0,-10.0,-10.0,-10.0,-10.0
40.4545,-86.916,0,520110,393,sub6,60,1,-123.0,nan,-123.0,-123.0,-123.0,-123.0,-123.0,-123.0,-123.0,-16.0,nan,-16.0,-16.0,-16.0,-16.0,-16.0,-16.0,-16.0
40.4545,-86.9155,0,1001,50,lte,130,14,-104.0,3.23103086329432,-110.0,-108.4,-105.0,-104.0,-101.25,-100.3,-99.0,-16.0,3.197698348073928,-23.0,-21.4,-19.0,-16.0,-15.0,-13.299999999999999,-13.0
40.4545,-86.9155,0,1001,331,lte,130,11,-105.0,5.349596416383372,-113.0,-111.0,-108.5,-105.0,-102.0,-99.0,-95.0,-18.0,1.916436086262016,-22.0,-21.0,-20.0,-18.0,-17.0,-17.0,-17.0
40.4545,-86.9155,0,1001,448,lte,130,14,-95.5,5.329268139350741,-104.0,-102.7,-101.0,-95.5,-91.25,-90.3,-89.0,-11.0,0.825420305855557,-13.0,-12.0,-12.0,-11.0,-11.0,-10.299999999999999,-10.0
40.4545,-86.9155,0,66736,47,lte,130,9,-97.0,1.4142135623730951,-100.0,-99.2,-99.0,-97.0,-97.0,-96.0,-96.0,-13.0,2.6822461565718463,-21.0,-16.2,-14.0,-13.0,-13.0,-12.8,-12.0
40.4545,-86.9155,0,66736,304,lte,130,9,-95.0,6.353039517515306,-102.0,-100.4,-98.0,-95.0,-92.0,-84.0,-84.0,-12.0,2.7738861628488727,-16.0,-15.2,-13.0,-12.0,-10.0,-8.0,-8.0
40.4545,-86.9155,0,67011,412,lte,130,7,-98.0,0.5345224838248488,-99.0,-99.0,-99.0,-98.0,-98.0,-98.0,-98.0,-6.0,0.0,-6.0,-6.0,-6.0,-6.0,-6.0,-6.0,-6.0
40.4545,-86.9155,0,125290,403,sub6,130,35,-83.0,4.251939745179681,-96.0,-88.6,-86.0,-83.0,-80.5,-79.0,-78.0,-10.0,0.0,-10.0,-10.0,-10.0,-10.0,-10.0,-10.0,-10.0
40.4545,-86.9155,0,512190,10,sub6,130,6,-100.0,1.1690451944500122,-102.0,-101.5,-100.75,-100.0,-99.25,-99.0,-99.0,-10.0,0.0,-10.0,-10.0,-10.0,-10.0,-10.0,-10.0,-10.0
40.4545,-86.9155,0,520110,10,sub6,130,10,-97.0,0.9428090415820634,-99.0,-98.1,-97.0,-97.0,-96.25,-96.0,-96.0,-10.0,0.0,-10.0,-10.0,-10.0,-10.0,-10.0,-10.0,-10.0
40.4545,-86.9155,0,520110,393,sub6,130,7,-126.0,1.0,-127.0,-127.0,-127.0,-126.0,-125.0,-125.0,-125.0,-21.0,1.889822365046136,-21.0,-21.0,-21.0,-21.0,-18.5,-17.0,-17.0
40.4545,-86.9155,0,520110,685,sub6,130,7,-126.0,3.265986323710904,-130.0,-128.2,-126.5,-126.0,-123.0,-121.8,-120.0,-25.0,3.1997023671109224,-29.0,-28.4,-27.0,-25.0,-22.0,-21.0,-21.0
40.4545,-86.9155,0,520110,698,sub6,130,1,-119.0,nan,-119.0,-119.0,-119.0,-119.0,-119.0,-119.0,-119.0,-15.0,nan,-15.0,-15.0,-15.0,-15.0,-15.0,-15.0,-15.0
40.455,-86.916,0,1001,50,lte,209,17,-99.0,2.6747732174346823,-104.0,-102.4,-100.0,-99.0,-97.0,-95.6,-95.0,-17.0,2.5190451038625965,-20.0,-20.0,-19.0,-17.0,-14.0,-13.6,-13.0
40.455,-86.916,0,1001,331,lte,209,6,-107.5,1.51657508881031,-110.0,-109.0,-108.0,-107.5,-106.25,-106.0,-106.0,-21.0,0.752772652709081,-22.0,-21.5,-21.0,-21.0,-20.25,-20.0,-20.0
40.455,-86.916,0,1001,448,lte,209,28,-90.5,4.833059652897489,-100.0,-99.0,-95.25,-90.5,-87.0,-87.0,-86.0,-13.0,1.1968874978625532,-15.0,-15.0,-14.0,-13.0,-12.0,-12.0,-11.0
40.455,-86.916,0,66736,47,lte,209,17,-98.0,2.2784153419840365,-101.0,-100.0,-100.0,-98.0,-97.0,-95.6,-92.0,-17.0,2.6471405216150634,-21.0,-20.0,-18.0,-17.0,-14.0,-14.0,-12.0
40.455,-86.916,0,66736,304,lte,209,17,-94.0,4.99043202185,-101.0,-100.0,-99.0,-94.0,-89.0,-88.2,-87.0,-14.0,2.3168183050950564,-18.0,-18.0,-16.0,-14.0,-14.0,-11.6,-10.0
40.455,-86.916,0,67011,412,lte,209,87,-96.0,5.609115428371909,-100.0,-100.0,-100.0,-96.0,-90.5,-85.0,-83.0,-12.0,0.5084162030777459,-13.0,-13.0,-13.0,-12.0,-12.0,-12.0,-11.0
40.455,-86.916,0,125290,121,sub6,209,4,-121.0,7.22841614740048,-128.0,-127.7,-127.25,-121.0,-115.0,-115.0,-115.0,-27.5,4.654746681256314,-32.0,-31.7,-31.25,-27.5,-23.75,-23.3,-23.0
40.455,-86.916,0,125290,372,sub6,209,10,-127.0,8.679477710861024,-137.0,-136.1,-132.75,-127.0,-119.25,-116.5,-112.0,-32.5,6.142746399887702,-38.0,-37.1,-35.0,-32.5,-26.5,-24.400000000000002,-19.0
40.455,-86.916,0,125290,403,sub6,209,19,-94.0,5.919044493775853,-99.0,-98.0,-97.0,-94.0,-86.0,-84.4,-81.0,-10.0,0.0,-10.0,-10.0,-10.0,-10.0,-10.0,-10.0,-10.0
40.455,-86.916,0,520110,10,sub6,209,4,-103.0,3.947573094109004,-105.0,-104.4,-103.5,-103.0,-101.25,-98.1,-96.0,-10.0,0.5,-11.0,-10.7,-10.25,-10.0,-10.0,-10.0,-10.0
40.455,-86.9155,0,1001,50,lte,732,47,-101.0,1.776087437738916,-105.0,-103.0,-103.0,-101.0,-100.5,-99.0,-98.0,-15.0,1.9853766970142417,-20.0,-18.0,-17.0,-15.0,-14.0,-13.0,-12.0
40.455,-86.9155,0,1001,331,lte,732,22,-107.0,1.9634098795153174,-110.0,-109.9,-108.0,-107.0,-105.25,-104.1,-104.0,-22.0,0.9500512631418385,-24.0,-23.0,-22.0,-22.0,-22.0,-21.0,-20.0
40.455,-86.9155,0,1001,448,lte,732,47,-98.0,1.4719077717155493,-100.0,-100.0,-99.0,-98.0,-97.0,-96.0,-96.0,-15.0,0.4711864293980074,-15.0,-15.0,-15.0,-15.0,-14.0,-14.0,-14.0
40.455,-86.9155,0,66736,47,lte,732,47,-100.0,2.0953231918837427,-103.0,-103.0,-101.0,-100.0,-99.0,-97.6,-94.0,-14.0,1.5580057938448186,-17.0,-15.399999999999999,-15.0,-14.0,-13.0,-12.0,-10.0
40.455,-86.9155,0,66736,304,lte,732,47,-101.0,1.3295892544575258,-103.0,-102.0,-101.0,-101.0,-100.0,-99.0,-98.0,-16.0,0.8548712244313621,-18.0,-17.0,-17.0,-16.0,-16.0,-15.600000000000001,-14.0
40.455,-86.9155,0,67011,412,lte,732,267,-99.0,1.772238584980904,-103.0,-101.0,-100.0,-99.0,-98.0,-97.0,-95.0,-13.0,0.5060530232674662,-14.0,-14.0,-14.0,-13.0,-13.0,-13.0,-12.0
40.455,-86.9155,0,125290,121,sub6,732,48,-119.0,7.269111518576637,-136.0,-129.3,-125.0,-119.0,-113.75,-110.69999999999999,-108.0,-27.0,5.472691715228356,-37.0,-33.0,-31.0,-27.0,-21.75,-19.0,-17.0
40.455,-86.9155,0,125290,372,sub6,732,29,-127.0,8.998905242667158,-135.0,-133.2,-131.0,-127.0,-114.0,-110.0,-110.0,-30.0,6.986440068274128,-37.0,-35.2,-34.0,-30.0,-23.0,-17.0,-16.0
40.455,-86.9155,0,125290,403,sub6,732,178,-96.0,4.847516168172964,-104.0,-100.0,-98.0,-96.0,-94.0,-91.69999999999999,-78.0,-10.0,0.28682755063135107,-11.0,-10.0,-10.0,-10.0,-10.0,-10.0,-10.0
40.4555,-86.9155,0,1001,50,lte,547,86,-102.0,2.131934248247561,-106.0,-104.0,-103.0,-102.0,-100.0,-99.0,-95.0,-13.0,1.4705964432055483,-19.0,-15.5,-14.0,-13.0,-13.0,-12.0,-11.0
40.4555,-86.9155,0,1001,331,lte,547,44,-109.0,2.0699960678538094,-113.0,-111.0,-110.0,-109.0,-108.0,-106.0,-104.0,-20.0,1.036337672609749,-21.0,-21.0,-20.0,-20.0,-19.0,-18.0,-17.0
40.4555,-86.9155,0,1001,448,lte,547,86,-99.0,2.6078121087471087,-106.0,-104.0,-102.0,-99.0,-98.0,-97.0,-95.0,-12.0,1.4292718626823728,-15.0,-14.0,-13.0,-12.0,-11.0,-10.5,-9.0
40.4555,-86.9155,0,66736,32,lte,547,4,-110.5,0.5773502691896257,-111.0,-111.0,-111.0,-110.5,-110.0,-110.0,-110.0,-22.0,0.816496580927726,-23.0,-22.7,-22.25,-22.0,-21.75,-21.3,-21.0
40.4555,-86.9155,0,66736,47,lte,547,53,-99.0,1.5612785501554864,-104.0,-101.0,-100.0,-99.0,-99.0,-97.0,-97.0,-15.0,0.8881578593718608,-16.0,-15.0,-15.0,-15.0,-14.0,-13.199999999999996,-12.0
40.4555,-86.9155,0,66736,304,lte,547,53,-101.0,2.1437796065480645,-105.0,-104.0,-102.0,-101.0,-99.0,-98.0,-97.0,-14.0,2.0137408956405087,-20.0,-16.8,-16.0,-14.0,-13.0,-12.0,-11.0
40.4555,-86.9155,0,67011,412,lte,547,31,-99.0,0.9848311901632075,-100.0,-99.0,-99.0,-99.0,-97.0,-97.0,-97.0,-13.0,0.5122163521382829,-14.0,-13.0,-13.0,-13.0,-13.0,-12.0,-12.0
40.4555,-86.9155,0,125290,121,sub6,547,8,-114.0,1.6690459207925603,-117.0,-116.3,-115.25,-114.0,-113.0,-112.7,-112.0,-19.5,1.8850918886280925,-21.0,-20.3,-20.0,-19.5,-18.25,-16.0,-16.0
40.4555,-86.9155,0,125290,372,sub6,547,56,-122.0,9.380277735206478,-139.0,-137.0,-130.25,-122.0,-117.0,-111.5,-104.0,-27.5,6.4775336014907365,-39.0,-38.0,-33.0,-27.5,-24.0,-18.5,-16.0
40.4555,-86.9155,0,125290,403,sub6,547,126,-98.0,4.084605244084182,-105.0,-102.0,-101.0,-98.0,-93.0,-92.0,-91.0,-10.0,0.3592761682596896,-11.0,-11.0,-10.0,-10.0,-10.0,-10.0,-10.0
40.456,-86.9155,0,1001,50,lte,203,22,-95.5,5.281676239235408,-101.0,-99.9,-98.75,-95.5,-89.5,-87.0,-84.0,-10.0,0.9454836825347092,-11.0,-11.0,-10.0,-10.0,-9.0,-8.099999999999998,-8.0
40.456,-86.9155,0,1001,294,lte,203,13,-105.0,4.02077936060494,-109.0,-108.0,-108.0,-105.0,-101.0,-100.0,-96.0,-21.0,1.031553471276484,-22.0,-22.0,-21.0,-21.0,-20.0,-19.2,-19.0
40.456,-86.9155,0,1001,331,lte,203,18,-105.0,3.4978985287808255,-109.0,-109.0,-107.75,-105.0,-103.25,-100.4,-97.0,-20.0,1.3394467690277296,-22.0,-21.3,-20.75,-20.0,-19.0,-18.0,-17.0
40.456,-86.9155,0,1001,448,lte,203,22,-101.0,2.671397319075475,-105.0,-104.9,-102.0,-101.0,-99.0,-97.1,-97.0,-14.0,2.7825212025111767,-20.0,-19.0,-16.75,-14.0,-13.0,-12.0,-10.0
40.456,-86.9155,0,66736,47,lte,203,22,-95.0,3.997022701485504,-98.0,-98.0,-96.0,-95.0,-90.25,-87.1,-87.0,-13.0,0.590326052690247,-14.0,-14.0,-14.0,-13.0,-13.0,-13.0,-12.0
40.456,-86.9155,0,66736,304,lte,203,22,-98.5,3.753209304925597,-106.0,-103.0,-102.0,-98.5,-96.0,-94.1,-93.0,-17.5,1.9159842564581975,-20.0,-19.9,-19.0,-17.5,-16.0,-15.099999999999998,-13.0
40.456,-86.9155,0,125290,372,sub6,203,28,-123.0,6.6239704201471294,-134.0,-131.3,-127.25,-123.0,-118.75,-113.7,-111.0,-26.5,4.833059652897491,-36.0,-34.0,-31.0,-26.5,-23.75,-21.4,-18.0
40.456,-86.9155,0,125290,403,sub6,203,56,-100.0,2.3332714895947806,-103.0,-102.0,-102.0,-100.0,-98.75,-96.0,-93.0,-11.0,0.4639609253587422,-11.0,-11.0,-11.0,-11.0,-10.0,-10.0,-10.0
40.4565,-86.9155,0,1001,50,lte,155,12,-92.0,2.037526724122938,-94.0,-93.0,-93.0,-92.0,-91.75,-91.0,-86.0,-9.0,0.621581560508061,-10.0,-9.0,-9.0,-9.0,-8.0,-8.0,-8.0
40.4565,-86.9155,0,1001,294,lte,155,7,-105.0,5.380741673076394,-108.0,-107.4,-106.5,-105.0,-103.0,-98.6,-92.0,-20.0,0.7867957924694431,-22.0,-21.4,-20.5,-20.0,-20.0,-20.0,-20.0
40.4565,-86.9155,0,1001,331,lte,155,5,-105.0,5.941380311005179,-108.0,-107.2,-106.0,-105.0,-105.0,-97.8,-93.0,-20.0,1.3416407864998738,-22.0,-22.0,-22.0,-20.0,-20.0,-19.4,-19.0
40.4565,-86.9155,0,1001,448,lte,155,12,-104.0,3.910940365878077,-107.0,-105.0,-105.0,-104.0,-102.5,-96.5,-94.0,-18.5,2.0056737702645644,-21.0,-20.0,-20.0,-18.5,-17.0,-16.1,-14.0
40.4565,-86.9155,0,66736,47,lte,155,12,-93.5,2.449489742783178,-95.0,-95.0,-94.25,-93.5,-92.75,-92.0,-86.0,-13.0,0.28867513459481287,-13.0,-13.0,-13.0,-13.0,-13.0,-13.0,-12.0
40.4565,-86.9155,0,66736,304,lte,155,12,-100.0,3.5537005893558162,-104.0,-102.9,-102.0,-100.0,-99.75,-99.0,-90.0,-19.0,1.6143297699232975,-21.0,-20.0,-20.0,-19.0,-17.75,-16.1,-16.0
40.4565,-86.9155,0,125290,121,sub6,155,13,-122.0,2.7873339895374523,-126.0,-124.8,-123.0,-122.0,-120.0,-117.4,-117.0,-25.0,2.7873339895374523,-29.0,-27.8,-26.0,-25.0,-23.0,-21.2,-19.0
40.4565,-86.9155,0,125290,372,sub6,155,40,-118.0,4.313886343497634,-126.0,-122.1,-120.25,-118.0,-115.0,-112.8,-107.0,-23.0,3.22490309931942,-29.0,-27.0,-25.25,-23.0,-20.0,-18.0,-17.0
40.4565,-86.9155,0,125290,403,sub6,155,42,-103.0,1.6222895737480874,-106.0,-105.0,-105.0,-103.0,-102.0,-101.0,-101.0,-11.0,0.2971017571861745,-12.0,-11.0,-11.0,-11.0,-11.0,-11.0,-11.0
40.457,-86.9335,0,125290,17,sub6,166,79,-114.0,9.842165645954239,-136.0,-127.2,-122.0,-114.0,-107.0,-102.39999999999999,-96.0,-25.0,5.858108005665055,-37.0,-34.0,-30.0,-25.0,-21.5,-18.0,-15.0
40.457,-86.9335,0,125290,372,sub6,166,87,-89.0,3.91328759922765,-98.0,-94.4,-91.0,-89.0,-86.0,-84.0,-84.0,-10.0,0.44535681101848595,-12.0,-11.0,-10.0,-10.0,-10.0,-10.0,-10.0
40.457,-86.933,0,125290,17,sub6,40,8,-114.5,7.837638128197259,-124.0,-124.0,-119.5,-114.5,-110.5,-106.6,-101.0,-24.5,4.749060057376767,-31.0,-30.3,-27.75,-24.5,-21.75,-19.8,-17.0
40.457,-86.933,0,125290,372,sub6,40,32,-92.0,1.7367006167610077,-93.0,-93.0,-93.0,-92.0,-90.0,-89.0,-87.0,-10.0,0.0,-10.0,-10.0,-10.0,-10.0,-10.0,-10.0,-10.0
40.457,-86.9155,0,1001,50,lte,133,10,-89.0,2.0,-92.0,-91.1,-90.75,-89.0,-87.25,-86.9,-86.0,-8.5,0.5270462766947299,-9.0,-9.0,-9.0,-8.5,-8.0,-8.0,-8.0
40.457,-86.9155,0,1001,294,lte,133,3,-101.0,2.0,-103.0,-102.6,-102.0,-101.0,-100.0,-99.4,-99.0,-20.0,1.1547005383792515,-22.0,-21.6,-21.0,-20.0,-20.0,-20.0,-20.0
40.457,-86.9155,0,1001,448,lte,133,10,-98.5,2.2335820757001272,-103.0,-102.1,-100.5,-98.5,-98.0,-96.9,-96.0,-18.0,2.2827858224351907,-21.0,-21.0,-19.0,-18.0,-17.0,-14.9,-14.0
40.457,-86.9155,0,66736,47,lte,133,10,-90.0,1.5811388300841898,-92.0,-92.0,-92.0,-90.0,-90.0,-89.7,-87.0,-12.0,0.3162277660168379,-13.0,-12.1,-12.0,-12.0,-12.0,-12.0,-12.0
40.457,-86.9155,0,66736,304,lte,133,10,-97.5,2.581988897471611,-100.0,-100.0,-98.75,-97.5,-95.5,-93.0,-93.0,-18.0,2.2997584414213783,-19.0,-19.0,-19.0,-18.0,-16.25,-14.700000000000001,-12.0
40.457,-86.9155,0,125290,121,sub6,133,6,-124.0,5.49241901776136,-128.0,-127.0,-125.75,-124.0,-118.5,-115.5,-114.0,-27.0,5.192943930629972,-31.0,-30.5,-29.5,-27.0,-23.75,-20.0,-17.0
40.457,-86.9155,0,125290,372,sub6,133,42,-111.5,5.587234496130469,-122.0,-119.0,-115.75,-111.5,-108.0,-105.0,-102.0,-19.0,3.6372220769017543,-27.0,-24.9,-22.0,-19.0,-17.0,-15.0,-14.0
40.457,-86.9155,0,125290,403,sub6,133,42,-102.0,2.8668678858693575,-105.0,-104.0,-104.0,-102.0,-99.25,-96.1,-95.0,-11.0,0.5054867366041313,-12.0,-12.0,-12.0,-11.0,-11.0,-11.0,-11.0
40.4575,-86.934,0,125290,17,sub6,3211,1389,-99.0,13.284171154823966,-139.0,-124.0,-107.0,-99.0,-94.0,-87.0,-80.0,-21.0,6.217560909725451,-39.0,-32.0,-25.0,-21.0,-18.0,-16.0,-11.0
40.4575,-86.934,0,125290,372,sub6,3211,1822,-86.0,3.8550518696396865,-93.0,-88.0,-87.0,-86.0,-82.0,-80.0,-70.0,-10.0,0.3675897937117429,-15.0,-10.0,-10.0,-10.0,-10.0,-10.0,-10.0
40.4575,-86.9335,0,125290,17,sub6,9,3,-102.0,0.0,-102.0,-102.0,-102.0,-102.0,-102.0,-102.0,-102.0,-19.0,1.0,-20.0,-19.8,-19.5,-19.0,-18.5,-18.2,-18.0
40.4575,-86.9335,0,125290,372,sub6,9,6,-91.0,0.7527726527090811,-92.0,-92.0,-91.75,-91.0,-91.0,-90.5,-90.0,-10.0,0.0,-10.0,-10.0,-10.0,-10.0,-10.0,-10.0,-10.0
40.4575,-86.933,0,125290,17,sub6,19,1,-100.0,nan,-100.0,-100.0,-100.0,-100.0,-100.0,-100.0,-100.0,-17.0,nan,-17.0,-17.0,-17.0,-17.0,-17.0,-17.0,-17.0
40.4575,-86.933,0,125290,372,sub6,19,18,-85.5,1.986885104453867,-89.0,-87.3,-86.75,-85.5,-84.0,-82.7,-82.0,-10.0,0.0,-10.0,-10.0,-10.0,-10.0,-10.0,-10.0,-10.0
40.4575,-86.9325,0,125290,17,sub6,156,50,-105.5,8.469296286695652,-127.0,-118.1,-111.75,-105.5,-100.0,-97.9,-91.0,-22.0,4.625969286185836,-33.0,-29.0,-26.0,-22.0,-20.0,-17.0,-14.0
40.4575,-86.9325,0,125290,372,sub6,156,106,-87.0,1.5239330587840738,-90.0,-89.0,-88.0,-87.0,-86.0,-85.0,-83.0,-10.0,0.0,-10.0,-10.0,-10.0,-10.0,-10.0,-10.0,-10.0
40.4575,-86.9155,0,1001,50,lte,157,17,-89.0,1.8884322785284713,-92.0,-92.0,-90.0,-89.0,-88.0,-86.6,-86.0,-8.0,0.5622957145383871,-9.0,-9.0,-9.0,-8.0,-8.0,-8.0,-7.0
40.4575,-86.9155,0,1001,294,lte,157,3,-101.0,2.5166114784235836,-103.0,-102.6,-102.0,-101.0,-99.5,-98.6,-98.0,-21.0,0.5773502691896258,-22.0,-21.8,-21.5,-21.0,-21.0,-21.0,-21.0
40.4575,-86.9155,0,1001,448,lte,157,16,-102.5,3.4635001563928554,-107.0,-104.5,-104.0,-102.5,-100.5,-97.0,-94.0,-20.0,2.2051077071199945,-22.0,-21.0,-20.25,-20.0,-17.0,-16.5,-14.0
40.4575,-86.9155,0,66736,47,lte,157,17,-93.0,1.519481335657587,-95.0,-95.0,-94.0,-93.0,-92.0,-91.0,-91.0,-13.0,0.4696682183138621,-13.0,-13.0,-13.0,-13.0,-12.0,-12.0,-12.0
40.4575,-86.9155,0,66736,304,lte,157,17,-100.0,2.710274568248412,-105.0,-104.0,-103.0,-100.0,-99.0,-98.0,-95.0,-18.0,1.3639259941972872,-21.0,-19.4,-19.0,-18.0,-17.0,-16.6,-16.0
40.4575,-86.9155,0,66736,413,lte,157,9,-102.0,1.8782379449307742,-104.0,-104.0,-102.0,-102.0,-101.0,-99.6,-98.0,-20.0,0.97182531580755,-22.0,-21.2,-21.0,-20.0,-20.0,-19.0,-19.0
40.4575,-86.9155,0,125290,372,sub6,157,39,-112.0,3.7459830036944397,-122.0,-117.2,-114.0,-112.0,-110.0,-108.8,-106.0,-17.0,3.5205201431425737,-28.0,-22.4,-19.0,-17.0,-15.0,-14.0,-14.0
40.4575,-86.9155,0,125290,403,sub6,157,39,-107.0,3.607983350799879,-109.0,-108.2,-108.0,-107.0,-104.0,-100.8,-94.0,-12.0,0.8206182455888072,-13.0,-13.0,-13.0,-12.0,-12.0,-11.0,-10.0
40.458,-86.934,0,125290,17,sub6,111,36,-89.5,13.237362946515358,-131.0,-112.5,-94.5,-89.5,-83.0,-82.0,-81.0,-17.0,6.686814792073433,-36.0,-30.0,-22.0,-17.0,-14.0,-13.0,-13.0
40.458,-86.934,0,125290,372,sub6,111,75,-76.0,3.2531066233221897,-83.0,-81.0,-78.5,-76.0,-73.5,-72.0,-72.0,-10.0,0.6608757498628292,-12.0,-11.6,-10.0,-10.0,-10.0,-10.0,-10.0
40.458,-86.933,0,125290,17,sub6,54,11,-126.0,12.971296984285937,-135.0,-133.0,-131.0,-126.0,-112.0,-106.0,-96.0,-32.0,7.573878554851297,-37.0,-36.0,-34.5,-32.0,-23.5,-21.0,-14.0
40.458,-86.933,0,125290,372,sub6,54,43,-77.0,2.3382324774268937,-80.0,-78.8,-78.0,-77.0,-73.5,-73.0,-72.0,-10.0,0.0,-10.0,-10.0,-10.0,-10.0,-10.0,-10.0,-10.0
40.458,-86.9325,0,125290,17,sub6,22,9,-120.0,8.819171036881967,-130.0,-126.8,-123.0,-120.0,-112.0,-109.0,-101.0,-29.0,4.272001872658765,-35.0,-33.4,-31.0,-29.0,-26.0,-24.2,-21.0
40.458,-86.9325,0,125290,372,sub6,22,13,-83.0,1.5021352323976214,-85.0,-84.8,-83.0,-83.0,-82.0,-81.0,-80.0,-10.0,0.0,-10.0,-10.0,-10.0,-10.0,-10.0,-10.0,-10.0
40.458,-86.9155,0,1001,50,lte,190,42,-86.0,2.8789959857872085,-91.0,-90.0,-88.0,-86.0,-84.0,-82.0,-81.0,-8.0,0.5927357389374335,-9.0,-8.899999999999999,-8.0,-8.0,-8.0,-7.0,-7.0
40.458,-86.9155,0,1001,448,lte,190,8,-97.0,3.9256482631170977,-105.0,-103.6,-100.75,-97.0,-95.75,-94.7,-94.0,-21.0,0.8345229603962802,-22.0,-22.0,-21.25,-21.0,-20.0,-20.0,-20.0
40.458,-86.9155,0,66736,47,lte,190,51,-90.0,2.312286026136618,-96.0,-93.0,-92.5,-90.0,-89.0,-87.0,-87.0,-13.0,0.7200217861627668,-13.0,-13.0,-13.0,-13.0,-12.0,-12.0,-9.0
40.458,-86.9155,0,66736,304,lte,190,3,-101.0,1.7320508075688772,-104.0,-103.4,-102.5,-101.0,-101.0,-101.0,-101.0,-19.0,0.5773502691896258,-19.0,-19.0,-19.0,-19.0,-18.5,-18.2,-18.0
40.458,-86.9155,0,125290,372,sub6,190,43,-109.0,1.999169262684824,-115.0,-112.8,-111.0,-109.0,-108.0,-108.0,-107.0,-15.0,1.3643945675614293,-19.0,-16.8,-15.0,-15.0,-14.0,-13.0,-13.0
40.458,-86.9155,0,125290,403,sub6,190,43,-107.0,2.0643040115372377,-112.0,-109.8,-108.0,-107.0,-106.0,-105.0,-103.0,-13.0,0.618109861322768,-14.0,-13.0,-13.0,-13.0,-12.0,-12.0,-12.0
40.4585,-86.9345,0,125290,17,sub6,104,42,-104.0,16.725164471447815,-137.0,-131.9,-123.0,-104.0,-92.0,-90.0,-88.0,-24.0,7.193525285942141,-38.0,-35.9,-32.0,-24.0,-19.0,-17.0,-16.0
40.4585,-86.9345,0,125290,372,sub6,104,62,-75.0,3.0483500231378042,-81.0,-79.0,-78.0,-75.0,-73.0,-71.1,-69.0,-10.0,0.21633454320768036,-11.0,-10.0,-10.0,-10.0,-10.0,-10.0,-10.0
40.4585,-86.934,0,125290,372,sub6,13,13,-72.0,0.9128709291752769,-74.0,-73.0,-72.0,-72.0,-71.0,-71.0,-71.0,-10.0,0.0,-10.0,-10.0,-10.0,-10.0,-10.0,-10.0,-10.0
40.4585,-86.933,0,125290,17,sub6,85,28,-99.5,8.464991710337621,-124.0,-112.8,-107.25,-99.5,-95.0,-93.0,-91.0,-23.0,4.0863691338904635,-33.0,-29.0,-26.0,-23.0,-21.0,-20.0,-15.0
40.4585,-86.933,0,125290,372,sub6,85,57,-72.0,0.8309489698388163,-74.0,-74.0,-73.0,-72.0,-72.0,-72.0,-71.0,-10.0,0.0,-10.0,-10.0,-10.0,-10.0,-10.0,-10.0,-10.0
40.4585,-86.9155,0,1001,50,lte,287,146,-91.0,1.4485508207849618,-93.0,-92.0,-92.0,-91.0,-90.0,-88.0,-87.0,-8.0,0.6406553682733759,-9.0,-8.0,-8.0,-8.0,-7.0,-7.0,-6.0
40.4585,-86.9155,0,66736,47,lte,287,17,-99.0,2.2508168451893713,-103.0,-101.8,-100.0,-99.0,-97.0,-96.0,-96.0,-10.0,1.007326105267277,-12.0,-12.0,-11.0,-10.0,-10.0,-9.6,-9.0
40.4585,-86.9155,0,66736,304,lte,287,14,-108.5,2.786348194992195,-113.0,-110.7,-109.0,-108.5,-108.0,-103.6,-103.0,-20.0,1.4392458342578485,-22.0,-21.7,-21.0,-20.0,-19.25,-18.299999999999997,-17.0
40.4585,-86.9155,0,66736,393,lte,287,3,-109.0,0.5773502691896257,-110.0,-109.8,-109.5,-109.0,-109.0,-109.0,-109.0,-20.0,2.081665999466133,-21.0,-20.8,-20.5,-20.0,-18.5,-17.6,-17.0
40.4585,-86.9155,0,125290,121,sub6,287,1,-122.0,nan,-122.0,-122.0,-122.0,-122.0,-122.0,-122.0,-122.0,-22.0,nan,-22.0,-22.0,-22.0,-22.0,-22.0,-22.0,-22.0
40.4585,-86.9155,0,125290,372,sub6,287,52,-112.0,1.734552593566758,-118.0,-114.0,-113.0,-112.0,-111.0,-110.1,-109.0,-15.0,1.3920426737100642,-20.0,-16.9,-16.0,-15.0,-14.0,-14.0,-12.0
40.4585,-86.9155,0,125290,403,sub6,287,54,-112.0,2.815550310323909,-116.0,-114.0,-113.75,-112.0,-109.0,-107.0,-106.0,-13.0,1.2859776997695875,-17.0,-15.7,-14.75,-13.0,-13.0,-12.0,-12.0
40.459,-86.935,0,125290,17,sub6,104,48,-122.5,13.05389808904409,-139.0,-137.3,-130.25,-122.5,-113.0,-106.39999999999999,-84.0,-32.5,5.518344648495097,-39.0,-39.0,-36.0,-32.5,-28.0,-26.0,-17.0
40.459,-86.935,0,125290,372,sub6,104,56,-72.0,4.5726104397560725,-82.0,-80.0,-77.0,-72.0,-70.0,-68.5,-66.0,-10.0,0.0,-10.0,-10.0,-10.0,-10.0,-10.0,-10.0,-10.0
40.459,-86.9345,0,125290,17,sub6,36,17,-96.0,13.442141811132192,-126.0,-115.4,-105.0,-96.0,-90.0,-82.6,-82.0,-23.0,5.10550452654664,-34.0,-30.4,-26.0,-23.0,-20.0,-18.0,-18.0
40.459,-86.9345,0,125290,372,sub6,36,19,-72.0,1.2042808632793347,-73.0,-73.0,-72.5,-72.0,-71.0,-70.0,-69.0,-10.0,0.0,-10.0,-10.0,-10.0,-10.0,-10.0,-10.0,-10.0
40.459,-86.9335,0,125290,17,sub6,104,23,-99.0,12.072901089276861,-129.0,-118.8,-113.0,-99.0,-93.5,-91.2,-90.0,-22.0,5.7514390706499885,-35.0,-30.8,-28.0,-22.0,-18.5,-17.2,-16.0
40.459,-86.9335,0,125290,372,sub6,104,81,-81.0,2.811187965572167,-86.0,-84.0,-83.0,-81.0,-78.0,-77.0,-77.0,-10.0,0.0,-10.0,-10.0,-10.0,-10.0,-10.0,-10.0,-10.0
40.459,-86.933,0,125290,372,sub6,12,12,-75.5,1.3142574813455419,-77.0,-77.0,-77.0,-75.5,-74.0,-74.0,-74.0,-10.0,0.0,-10.0,-10.0,-10.0,-10.0,-10.0,-10.0,-10.0
40.459,-86.9155,0,1001,50,lte,312,150,-91.0,4.346249894239483,-94.0,-93.0,-92.0,-91.0,-87.0,-82.9,-77.0,-8.0,0.5352872485672971,-9.0,-8.1,-8.0,-8.0,-8.0,-7.0,-7.0
40.459,-86.9155,0,66736,47,lte,312,7,-98.0,4.191828786034631,-104.0,-102.8,-101.5,-98.0,-95.0,-93.6,-93.0,-11.0,1.5275252316519468,-13.0,-12.4,-12.0,-11.0,-10.0,-9.0,-9.0
40.459,-86.9155,0,66736,118,lte,312,1,-109.0,nan,-109.0,-109.0,-109.0,-109.0,-109.0,-109.0,-109.0,-20.0,nan,-20.0,-20.0,-20.0,-20.0,-20.0,-20.0,-20.0
40.459,-86.9155,0,66736,304,lte,312,7,-107.0,3.9339789623472154,-112.0,-111.4,-109.0,-107.0,-105.0,-102.2,-101.0,-19.0,0.816496580927726,-20.0,-20.0,-19.5,-19.0,-18.5,-18.0,-18.0
40.459,-86.9155,0,66736,393,lte,312,7,-107.0,3.532165125838609,-111.0,-111.0,-109.5,-107.0,-104.5,-102.6,-102.0,-20.0,1.2724180205607036,-21.0,-21.0,-20.5,-20.0,-18.5,-18.0,-18.0
40.459,-86.9155,0,125290,121,sub6,312,8,-117.0,1.685018016012207,-121.0,-119.6,-118.25,-117.0,-116.75,-116.0,-116.0,-19.0,2.03100960115899,-23.0,-21.6,-19.5,-19.0,-17.75,-17.0,-17.0
40.459,-86.9155,0,125290,372,sub6,312,63,-113.0,1.698618456127865,-117.0,-114.0,-114.0,-113.0,-112.0,-110.19999999999999,-109.0,-16.0,1.6061198883489762,-21.0,-17.0,-16.0,-16.0,-15.0,-14.0,-13.0
40.459,-86.9155,0,125290,403,sub6,312,63,-111.0,2.781421061867459,-116.0,-114.0,-113.0,-111.0,-109.5,-106.0,-105.0,-14.0,1.4327384183164849,-17.0,-15.0,-15.0,-14.0,-12.0,-12.0,-11.0
40.459,-86.9155,0,125290,483,sub6,312,3,-114.0,2.8867513459481287,-119.0,-118.0,-116.5,-114.0,-114.0,-114.0,-114.0,-17.0,2.6457513110645907,-21.0,-20.2,-19.0,-17.0,-16.5,-16.2,-16.0
40.459,-86.9155,0,125290,793,sub6,312,3,-116.0,1.5275252316519468,-117.0,-116.8,-116.5,-116.0,-115.0,-114.4,-114.0,-17.0,1.5275252316519465,-18.0,-17.8,-17.5,-17.0,-16.0,-15.4,-15.0
40.4595,-86.935,0,125290,17,sub6,17,5,-87.0,2.408318915758459,-89.0,-88.6,-88.0,-87.0,-85.0,-83.8,-83.0,-17.0,1.1401754250991378,-18.0,-17.6,-17.0,-17.0,-16.0,-15.4,-15.0
40.4595,-86.935,0,125290,372,sub6,17,12,-79.0,1.3113721705515067,-82.0,-80.9,-79.25,-79.0,-78.0,-78.0,-78.0,-10.0,0.0,-10.0,-10.0,-10.0,-10.0,-10.0,-10.0,-10.0
40.4595,-86.9345,0,125290,17,sub6,58,26,-119.0,8.516770785654892,-130.0,-127.0,-124.5,-119.0,-112.0,-107.0,-98.0,-30.0,4.13781807980226,-35.0,-33.5,-32.0,-30.0,-27.25,-24.0,-20.0
40.4595,-86.9345,0,125290,372,sub6,58,32,-83.0,1.2309025013143549,-85.0,-84.0,-84.0,-83.0,-82.0,-81.0,-81.0,-10.0,0.0,-10.0,-10.0,-10.0,-10.0,-10.0,-10.0,-10.0
40.4595,-86.934,0,125290,17,sub6,75,31,-119.0,12.743878986121267,-139.0,-138.0,-130.5,-119.0,-109.5,-106.0,-93.0,-30.0,6.670751436771033,-39.0,-39.0,-36.0,-30.0,-25.0,-22.0,-15.0
40.4595,-86.934,0,125290,372,sub6,75,44,-80.0,5.24898057151759,-85.0,-84.0,-83.0,-80.0,-74.5,-71.0,-68.0,-10.0,0.0,-10.0,-10.0,-10.0,-10.0,-10.0,-10.0,-10.0
40.4595,-86.9335,0,125290,372,sub6,81,81,-80.0,2.417528581929165,-85.0,-81.0,-80.0,-80.0,-79.0,-75.0,-74.0,-10.0,0.0,-10.0,-10.0,-10.0,-10.0,-10.0,-10.0,-10.0
40.4595,-86.9205,0,1001,50,lte,100,10,-83.0,1.3703203194062976,-85.0,-85.0,-84.0,-83.0,-82.0,-81.9,-81.0,-9.0,0.31622776601683794,-10.0,-9.1,-9.0,-9.0,-9.0,-9.0,-9.0
40.4595,-86.9205,0,1001,223,lte,100,1,-94.0,nan,-94.0,-94.0,-94.0,-94.0,-94.0,-94.0,-94.0,-20.0,nan,-20.0,-20.0,-20.0,-20.0,-20.0,-20.0,-20.0
40.4595,-86.9205,0,1001,240,lte,100,10,-93.5,1.828782229912694,-97.0,-95.2,-95.0,-93.5,-92.25,-91.9,-91.0,-19.0,0.8432740427115678,-21.0,-20.1,-20.0,-19.0,-19.0,-18.9,-18.0
40.4595,-86.9205,0,1001,414,lte,100,10,-93.5,1.8287822299126937,-96.0,-95.1,-94.75,-93.5,-91.5,-91.0,-91.0,-19.0,0.9486832980505139,-21.0,-20.1,-20.0,-19.0,-19.0,-18.0,-18.0
40.4595,-86.9205,0,1001,448,lte,100,10,-94.5,1.646545204697129,-97.0,-96.1,-95.75,-94.5,-93.0,-92.9,-92.0,-20.0,0.6749485577105528,-21.0,-21.0,-21.0,-20.0,-20.0,-19.9,-19.0
40.4595,-86.9205,0,66736,47,lte,100,11,-92.0,0.8312094145936336,-93.0,-93.0,-93.0,-92.0,-91.5,-91.0,-91.0,-14.0,0.4045199174779452,-14.0,-14.0,-14.0,-14.0,-14.0,-13.0,-13.0
40.4595,-86.9205,0,66736,393,lte,100,11,-99.0,2.7202941017470885,-107.0,-103.0,-100.0,-99.0,-98.5,-98.0,-98.0,-20.0,0.8090398349558904,-21.0,-20.0,-20.0,-20.0,-19.0,-19.0,-18.0
40.4595,-86.9205,0,125290,372,sub6,100,19,-95.0,2.3144600117951555,-101.0,-97.6,-96.0,-95.0,-94.0,-93.0,-92.0,-11.0,0.5072572735017881,-11.0,-11.0,-11.0,-11.0,-10.0,-10.0,-10.0
40.4595,-86.9205,0,125290,403,sub6,100,18,-106.5,7.7223045088952915,-125.0,-116.0,-114.75,-106.5,-101.0,-99.7,-97.0,-18.0,3.4721111093332766,-28.0,-23.3,-21.0,-18.0,-16.0,-16.0,-15.0
40.4595,-86.92,0,1001,50,lte,754,179,-72.0,3.1182116653148495,-84.0,-77.0,-74.0,-72.0,-71.0,-69.0,-68.0,-9.0,0.5348327530105097,-10.0,-9.0,-9.0,-9.0,-8.5,-8.0,-8.0
40.4595,-86.92,0,1001,223,lte,754,12,-90.5,2.7784342658585555,-96.0,-93.9,-93.0,-90.5,-89.0,-88.1,-87.0,-20.0,0.6513389472789297,-21.0,-21.0,-21.0,-20.0,-20.0,-20.0,-19.0
40.4595,-86.92,0,1001,240,lte,754,45,-85.0,3.9819035090714543,-96.0,-91.6,-89.0,-85.0,-83.0,-81.4,-79.0,-20.0,0.9363587329478362,-22.0,-21.0,-20.0,-20.0,-19.0,-19.0,-18.0
40.4595,-86.92,0,1001,414,lte,754,64,-86.0,3.849860850917676,-96.0,-91.0,-88.0,-86.0,-82.75,-81.0,-79.0,-20.0,0.8991839333705569,-22.0,-21.0,-20.0,-20.0,-19.0,-19.0,-18.0
40.4595,-86.92,0,1001,448,lte,754,6,-93.0,2.6583202716502514,-96.0,-94.5,-93.0,-93.0,-91.5,-89.5,-88.0,-20.5,0.816496580927726,-21.0,-21.0,-21.0,-20.5,-20.0,-19.5,-19.0
40.4595,-86.92,0,66736,47,lte,754,134,-85.0,4.216293323600812,-92.0,-90.0,-88.0,-85.0,-80.0,-78.0,-75.0,-13.0,0.5675154987484634,-14.0,-14.0,-14.0,-13.0,-13.0,-13.0,-11.0
40.4595,-86.92,0,66736,393,lte,754,78,-92.0,3.960847344737195,-100.0,-96.0,-94.0,-92.0,-88.0,-85.7,-83.0,-19.0,0.9892024456709956,-22.0,-20.0,-20.0,-19.0,-19.0,-18.0,-17.0
40.4595,-86.92,0,125290,121,sub6,754,5,-129.0,5.357238094391549,-134.0,-132.0,-129.0,-129.0,-124.0,-121.6,-120.0,-31.0,4.0,-35.0,-33.8,-32.0,-31.0,-27.0,-25.8,-25.0
40.4595,-86.92,0,125290,359,sub6,754,5,-110.0,2.949576240750525,-116.0,-113.6,-110.0,-110.0,-109.0,-109.0,-109.0,-17.0,2.4899799195977463,-22.0,-20.4,-18.0,-17.0,-16.0,-16.0,-16.0
40.4595,-86.92,0,125290,372,sub6,754,114,-98.0,3.0109900648500436,-105.0,-102.0,-101.0,-98.0,-96.25,-94.3,-91.0,-11.0,0.5732347196236647,-13.0,-12.0,-11.0,-11.0,-11.0,-11.0,-10.0
40.4595,-86.92,0,125290,403,sub6,754,112,-107.5,3.799300552033846,-121.0,-111.9,-109.0,-107.5,-104.75,-102.0,-99.0,-17.0,2.710803496835505,-28.0,-21.0,-19.0,-17.0,-16.0,-15.0,-14.0
40.4595,-86.9195,0,1001,50,lte,301,77,-72.0,2.431073055173347,-77.0,-76.0,-74.0,-72.0,-71.0,-70.0,-69.0,-9.0,0.47023503089293417,-10.0,-9.0,-9.0,-9.0,-8.0,-8.0,-8.0
40.4595,-86.9195,0,1001,240,lte,301,13,-83.0,2.577018750615843,-90.0,-86.0,-85.0,-83.0,-82.0,-81.0,-81.0,-20.0,0.816496580927726,-21.0,-21.0,-21.0,-20.0,-19.0,-19.0,-19.0
40.4595,-86.9195,0,1001,414,lte,301,33,-84.0,2.5218740025719923,-89.0,-87.0,-86.0,-84.0,-82.0,-81.0,-79.0,-20.0,1.0084867151060812,-22.0,-21.8,-21.0,-20.0,-20.0,-19.0,-18.0
40.4595,-86.9195,0,66736,47,lte,301,43,-83.0,3.049971406652093,-88.0,-86.0,-84.5,-83.0,-81.0,-78.0,-76.0,-14.0,0.42746257437545865,-14.0,-14.0,-14.0,-14.0,-14.0,-13.0,-13.0
40.4595,-86.9195,0,66736,393,lte,301,43,-90.0,3.7058213461243534,-97.0,-94.8,-92.0,-90.0,-87.0,-85.19999999999999,-82.0,-19.0,0.8652258233316386,-22.0,-20.0,-20.0,-19.0,-19.0,-18.0,-18.0
40.4595,-86.9195,0,125290,372,sub6,301,47,-97.0,2.0686640502559768,-101.0,-100.0,-99.0,-97.0,-96.0,-95.0,-93.0,-11.0,0.41591823006218087,-12.0,-12.0,-11.0,-11.0,-11.0,-11.0,-10.0
40.4595,-86.9195,0,125290,403,sub6,301,45,-105.0,3.8503574542180528,-114.0,-110.0,-108.0,-105.0,-103.0,-100.4,-98.0,-17.0,1.9586637374403082,-22.0,-19.6,-18.0,-17.0,-16.0,-15.0,-13.0
40.4595,-86.9175,0,1001,50,lte,132,15,-89.0,3.94002658922621,-98.0,-95.6,-90.0,-89.0,-87.0,-85.4,-85.0,-8.0,1.245945806357946,-11.0,-9.799999999999999,-8.0,-8.0,-7.5,-7.0,-7.0
40.4595,-86.9175,0,1001,448,lte,132,15,-102.0,3.6878177829171546,-107.0,-105.6,-103.5,-102.0,-99.0,-96.0,-95.0,-20.0,0.9411239481143203,-21.0,-21.0,-21.0,-20.0,-20.0,-19.0,-18.0
40.4595,-86.9175,0,66736,47,lte,132,16,-98.0,3.3862466931200785,-105.0,-105.0,-100.5,-98.0,-97.75,-96.5,-96.0,-13.0,1.2893796958227628,-16.0,-16.0,-14.5,-13.0,-13.0,-13.0,-13.0
40.4595,-86.9175,0,66736,304,lte,132,9,-107.0,1.0929064207170003,-107.0,-107.0,-107.0,-107.0,-106.0,-104.8,-104.0,-18.0,1.2692955176439846,-20.0,-19.2,-19.0,-18.0,-17.0,-16.8,-16.0
40.4595,-86.9175,0,66736,393,lte,132,16,-107.5,2.065591117977289,-110.0,-109.0,-108.25,-107.5,-105.75,-104.0,-103.0,-20.0,1.2909944487358056,-22.0,-21.0,-21.0,-20.0,-18.75,-18.0,-18.0
40.4595,-86.9175,0,66736,408,lte,132,4,-110.0,0.5,-110.0,-110.0,-110.0,-110.0,-109.75,-109.3,-109.0,-20.0,0.5,-21.0,-20.7,-20.25,-20.0,-20.0,-20.0,-20.0
40.4595,-86.9175,0,125290,121,sub6,132,17,-117.0,1.1311108542958477,-119.0,-118.4,-117.0,-117.0,-116.0,-116.0,-115.0,-17.0,0.6642111641550715,-18.0,-18.0,-18.0,-17.0,-17.0,-16.6,-16.0
40.4595,-86.9175,0,125290,372,sub6,132,20,-110.5,1.8324559303956274,-113.0,-112.0,-111.0,-110.5,-108.0,-107.0,-107.0,-13.0,1.0809352675491624,-13.0,-13.0,-13.0,-13.0,-12.0,-10.0,-10.0
40.4595,-86.9175,0,125290,403,sub6,132,20,-114.0,3.1434978841043333,-122.0,-122.0,-116.0,-114.0,-113.0,-113.0,-112.0,-16.0,0.8522416262267903,-17.0,-17.0,-16.25,-16.0,-15.0,-15.0,-14.0
40.4595,-86.917,0,1001,50,lte,152,61,-89.0,2.4746805280373048,-93.0,-92.0,-90.0,-89.0,-86.0,-85.0,-84.0,-9.0,0.5663612162943403,-9.0,-9.0,-9.0,-9.0,-8.0,-8.0,-7.0
40.4595,-86.917,0,1001,448,lte,152,4,-99.5,2.8722813232690143,-101.0,-101.0,-101.0,-99.5,-97.25,-95.9,-95.0,-19.0,1.1547005383792515,-20.0,-20.0,-20.0,-19.0,-18.0,-18.0,-18.0
40.4595,-86.917,0,66736,47,lte,152,14,-97.5,1.8693596482500348,-100.0,-100.0,-99.0,-97.5,-96.25,-95.0,-95.0,-14.0,0.6112498455021266,-15.0,-14.0,-14.0,-14.0,-13.0,-13.0,-13.0
40.4595,-86.917,0,66736,304,lte,152,10,-105.0,2.0548046676563256,-108.0,-107.1,-106.75,-105.0,-104.0,-102.0,-102.0,-19.0,0.9428090415820634,-20.0,-20.0,-20.0,-19.0,-18.0,-18.0,-18.0
40.4595,-86.917,0,66736,393,lte,152,14,-105.5,2.1547290184283363,-108.0,-107.7,-106.75,-105.5,-104.0,-103.3,-100.0,-20.0,0.6629935441317958,-21.0,-20.7,-20.0,-20.0,-19.25,-19.0,-19.0
40.4595,-86.917,0,125290,121,sub6,152,7,-118.0,0.6900655593423543,-119.0,-118.4,-118.0,-118.0,-117.5,-117.0,-117.0,-18.0,0.5345224838248488,-18.0,-18.0,-18.0,-18.0,-17.0,-17.0,-17.0
40.4595,-86.917,0,125290,372,sub6,152,21,-111.0,1.5537971921347116,-113.0,-113.0,-112.0,-111.0,-110.0,-108.0,-108.0,-12.0,0.6324555320336759,-13.0,-13.0,-12.0,-12.0,-12.0,-11.0,-11.0
40.4595,-86.917,0,125290,403,sub6,152,21,-115.0,0.9283882603225668,-117.0,-117.0,-116.0,-115.0,-115.0,-114.0,-114.0,-16.0,0.6436503043467892,-17.0,-17.0,-17.0,-16.0,-16.0,-16.0,-15.0
40.4595,-86.9165,0,1001,50,lte,136,50,-90.0,2.205836414087474,-95.0,-93.0,-92.0,-90.0,-89.0,-87.0,-87.0,-8.0,0.5510657577710257,-9.0,-9.0,-9.0,-8.0,-8.0,-8.0,-7.0
40.4595,-86.9165,0,1001,414,lte,136,4,-106.5,1.2909944487358056,-108.0,-107.7,-107.25,-106.5,-105.75,-105.3,-105.0,-20.0,0.5,-20.0,-20.0,-20.0,-20.0,-19.75,-19.3,-19.0
40.4595,-86.9165,0,1001,448,lte,136,5,-106.0,1.3416407864998738,-108.0,-108.0,-108.0,-106.0,-106.0,-105.4,-105.0,-20.0,1.3038404810405297,-22.0,-21.6,-21.0,-20.0,-19.0,-19.0,-19.0
40.4595,-86.9165,0,66736,47,lte,136,10,-99.0,0.6324555320336758,-100.0,-99.1,-99.0,-99.0,-98.25,-98.0,-98.0,-13.0,0.7888106377466155,-14.0,-14.0,-14.0,-13.0,-13.0,-12.0,-12.0
40.4595,-86.9165,0,66736,304,lte,136,3,-105.0,1.5275252316519468,-106.0,-105.8,-105.5,-105.0,-104.0,-103.4,-103.0,-20.0,1.1547005383792515,-20.0,-20.0,-20.0,-20.0,-19.0,-18.4,-18.0
40.4595,-86.9165,0,66736,393,lte,136,10,-106.0,2.1628170930011117,-108.0,-108.0,-107.0,-106.0,-104.5,-103.7,-101.0,-19.5,1.0327955589886446,-20.0,-20.0,-20.0,-19.5,-19.0,-17.9,-17.0
40.4595,-86.9165,0,125290,121,sub6,136,13,-122.0,7.604823031033223,-132.0,-128.8,-128.0,-122.0,-117.0,-110.19999999999999,-107.0,-22.0,5.188745216627709,-32.0,-30.4,-28.0,-22.0,-19.0,-18.0,-17.0
40.4595,-86.9165,0,125290,372,sub6,136,18,-110.0,3.8433373297259976,-113.0,-112.3,-110.75,-110.0,-104.0,-103.0,-102.0,-12.0,0.8555852638929973,-14.0,-13.3,-13.0,-12.0,-12.0,-11.7,-11.0
40.4595,-86.9165,0,125290,403,sub6,136,18,-115.0,3.2444019157388118,-121.0,-116.3,-115.0,-115.0,-113.0,-111.4,-105.0,-15.0,3.7241483651637237,-27.0,-21.9,-18.25,-15.0,-15.0,-15.0,-14.0
40.4595,-86.9165,0,125290,479,sub6,136,5,-108.0,4.969909455915671,-118.0,-116.4,-114.0,-108.0,-107.0,-107.0,-107.0,-15.0,4.242640687119285,-24.0,-22.8,-21.0,-15.0,-15.0,-15.0,-15.0
40.4595,-86.9155,0,1001,50,lte,404,153,-80.0,5.055037643060185,-85.0,-83.0,-83.0,-80.0,-75.0,-70.0,-66.0,-8.0,0.7674694052049867,-9.0,-8.0,-8.0,-8.0,-7.0,-6.199999999999989,-6.0
40.4595,-86.9155,0,66736,47,lte,404,19,-95.0,3.8059663841078604,-101.0,-98.2,-97.5,-95.0,-91.5,-89.8,-87.0,-12.0,1.7269789055894331,-13.0,-13.0,-13.0,-12.0,-10.0,-9.0,-9.0
40.4595,-86.9155,0,66736,118,lte,404,12,-106.5,5.060243137049899,-111.0,-110.7,-108.0,-106.5,-101.5,-98.2,-95.0,-20.0,1.2401124093721454,-22.0,-22.0,-22.0,-20.0,-20.0,-20.0,-18.0
40.4595,-86.9155,0,66736,304,lte,404,2,-106.0,0.0,-106.0,-106.0,-106.0,-106.0,-106.0,-106.0,-106.0,-19.5,2.1213203435596424,-21.0,-20.7,-20.25,-19.5,-18.75,-18.3,-18.0
40.4595,-86.9155,0,66736,393,lte,404,19,-106.0,3.748683979605025,-111.0,-109.0,-107.0,-106.0,-103.5,-99.4,-97.0,-19.0,1.1239029738980326,-22.0,-21.0,-20.0,-19.0,-19.0,-18.0,-18.0
40.4595,-86.9155,0,125290,121,sub6,404,23,-112.0,3.295103565880961,-124.0,-117.0,-115.5,-112.0,-111.0,-111.0,-110.0,-17.0,2.609650681574432,-27.0,-21.0,-18.0,-17.0,-17.0,-16.0,-15.0
40.4595,-86.9155,0,125290,359,sub6,404,4,-124.5,13.279056191361393,-136.0,-136.0,-136.0,-124.5,-113.0,-113.0,-113.0,-27.0,10.392304845413264,-36.0,-36.0,-36.0,-27.0,-18.0,-18.0,-18.0
40.4595,-86.9155,0,125290,372,sub6,404,70,-112.5,2.1759555622060973,-120.0,-115.0,-114.0,-112.5,-111.0,-110.0,-109.0,-15.0,1.4069481531279182,-21.0,-17.0,-16.0,-15.0,-15.0,-14.0,-14.0
40.4595,-86.9155,0,125290,403,sub6,404,70,-111.0,2.8035765386141116,-117.0,-115.0,-113.0,-111.0,-109.0,-108.0,-107.0,-15.0,2.3425579266587104,-21.0,-18.1,-17.0,-15.0,-13.0,-12.0,-12.0
40.4595,-86.9155,0,125290,483,sub6,404,16,-121.5,2.9410882339705484,-127.0,-124.5,-123.25,-121.5,-120.0,-119.5,-114.0,-22.5,3.3565855667130946,-29.0,-25.5,-25.0,-22.5,-20.0,-18.5,-16.0
40.4595,-86.9155,0,125290,793,sub6,404,4,-115.5,4.573474244670748,-124.0,-121.6,-118.0,-115.5,-114.75,-114.3,-114.0,-17.5,4.08248290463863,-25.0,-22.9,-19.75,-17.5,-16.75,-16.3,-16.0
40.4595,-86.9155,0,520110,10,sub6,404,3,-117.0,1.7320508075688772,-120.0,-119.4,-118.5,-117.0,-117.0,-117.0,-117.0,-13.0,1.1547005383792517,-15.0,-14.6,-14.0,-13.0,-13.0,-13.0,-13.0
40.4595,-86.9155,0,520110,393,sub6,404,3,-119.0,1.7320508075688772,-119.0,-119.0,-119.0,-119.0,-117.5,-116.6,-116.0,-14.0,1.1547005383792517,-14.0,-14.0,-14.0,-14.0,-13.0,-12.4,-12.0
40.4595,-86.9155,0,520110,515,sub6,404,3,-122.0,2.3094010767585034,-126.0,-125.2,-124.0,-122.0,-122.0,-122.0,-122.0,-17.0,1.7320508075688772,-20.0,-19.4,-18.5,-17.0,-17.0,-17.0,-17.0
40.4595,-86.9155,0,520110,685,sub6,404,3,-120.0,2.0,-122.0,-121.6,-121.0,-120.0,-119.0,-118.4,-118.0,-14.0,1.5275252316519468,-16.0,-15.6,-15.0,-14.0,-13.5,-13.2,-13.0
40.4595,-86.914,0,1001,50,lte,434,61,-85.0,3.2358983685162483,-89.0,-88.0,-88.0,-85.0,-81.0,-80.0,-78.0,-9.0,0.4240063923634023,-10.0,-10.0,-9.0,-9.0,-9.0,-9.0,-9.0
40.4595,-86.914,0,1001,240,lte,434,33,-98.0,4.516384314108717,-106.0,-102.8,-101.0,-98.0,-95.0,-92.2,-89.0,-20.0,0.8337120351630753,-22.0,-21.0,-21.0,-20.0,-20.0,-19.0,-18.0
40.4595,-86.914,0,1001,414,lte,434,35,-97.0,4.7408469973308405,-105.0,-103.6,-101.0,-97.0,-94.0,-91.0,-89.0,-20.0,0.8667528507029445,-21.0,-21.0,-20.5,-20.0,-19.0,-19.0,-18.0
40.4595,-86.914,0,1001,448,lte,434,13,-100.0,3.228479041758971,-104.0,-103.8,-102.0,-100.0,-97.0,-95.2,-95.0,-20.0,0.9268086959962984,-22.0,-20.0,-20.0,-20.0,-19.0,-19.0,-18.0
40.4595,-86.914,0,66736,47,lte,434,57,-95.0,4.088157602325726,-104.0,-102.0,-101.0,-95.0,-93.0,-92.0,-91.0,-14.0,0.6508140266182867,-15.0,-14.0,-14.0,-14.0,-13.0,-13.0,-12.0
40.4595,-86.914,0,66736,334,lte,434,6,-107.5,2.6076809620810595,-112.0,-111.0,-109.5,-107.5,-106.25,-105.5,-105.0,-19.0,0.8366600265340756,-21.0,-20.5,-19.75,-19.0,-19.0,-19.0,-19.0
40.4595,-86.914,0,66736,393,lte,434,42,-106.0,5.569120103069766,-116.0,-111.0,-109.0,-106.0,-100.25,-97.0,-95.0,-20.0,1.1699389979828694,-23.0,-21.0,-20.0,-20.0,-19.0,-18.1,-18.0
40.4595,-86.914,0,125290,121,sub6,434,49,-118.0,1.7718509481084816,-122.0,-120.0,-119.0,-118.0,-117.0,-115.8,-114.0,-18.0,1.6309089323374957,-22.0,-20.0,-19.0,-18.0,-17.0,-16.0,-15.0
40.4595,-86.914,0,125290,372,sub6,434,60,-112.0,2.6197856469868266,-118.0,-116.0,-114.25,-112.0,-110.0,-110.0,-108.0,-13.0,1.6620557687788549,-19.0,-17.0,-14.25,-13.0,-13.0,-13.0,-12.0
40.4595,-86.914,0,125290,403,sub6,434,60,-115.0,2.4678726628872063,-122.0,-117.1,-116.0,-115.0,-113.0,-111.0,-109.0,-15.0,1.4390635687148294,-21.0,-16.1,-16.0,-15.0,-14.0,-14.0,-13.0
40.4595,-86.914,0,125290,483,sub6,434,18,-117.0,1.7235394498804248,-123.0,-119.0,-118.0,-117.0,-116.25,-116.0,-116.0,-17.5,1.903728711380891,-23.0,-18.3,-18.0,-17.5,-16.0,-15.0,-15.0
40.46,-86.934,0,125290,17,sub6,12,6,-109.0,11.737404596701378,-125.0,-122.0,-117.0,-109.0,-101.0,-96.5,-94.0,-25.0,5.84522597225006,-33.0,-31.5,-29.0,-25.0,-21.75,-19.0,-17.0
40.46,-86.934,0,125290,372,sub6,12,6,-79.0,1.6431676725154984,-80.0,-80.0,-79.75,-79.0,-77.5,-76.5,-76.0,-10.0,0.0,-10.0,-10.0,-10.0,-10.0,-10.0,-10.0,-10.0
40.46,-86.9335,0,125290,17,sub6,233,52,-112.0,17.869942406984958,-138.0,-132.8,-125.25,-112.0,-90.75,-89.0,-86.0,-26.0,7.683084591400277,-39.0,-36.9,-32.25,-26.0,-19.75,-17.0,-13.0
40.46,-86.9335,0,125290,372,sub6,233,181,-81.0,3.416988935077669,-87.0,-85.0,-84.0,-81.0,-79.0,-76.0,-73.0,-10.0,0.0,-10.0,-10.0,-10.0,-10.0,-10.0,-10.0,-10.0
40.46,-86.933,0,125290,17,sub6,88,31,-102.0,14.475266261224121,-133.0,-123.0,-114.0,-102.0,-92.0,-88.0,-75.0,-24.0,6.390348905950671,-37.0,-33.0,-29.5,-24.0,-19.0,-18.0,-15.0
40.46,-86.933,0,125290,372,sub6,88,57,-72.0,4.149463231886982,-82.0,-79.4,-78.0,-72.0,-71.0,-69.6,-66.0,-10.0,0.0,-10.0,-10.0,-10.0,-10.0,-10.0,-10.0,-10.0
40.46,-86.9205,0,1001,10,lte,1189,8,-84.0,1.4142135623730951,-86.0,-84.6,-84.0,-84.0,-82.0,-82.0,-82.0,-20.0,0.9161253813129043,-21.0,-20.3,-20.0,-20.0,-19.0,-18.7,-18.0
40.46,-86.9205,0,1001,50,lte,1189,153,-86.0,8.621847673784403,-97.0,-94.8,-93.0,-86.0,-77.0,-74.0,-69.0,-9.0,0.5529263551139209,-10.0,-10.0,-9.0,-9.0,-9.0,-8.0,-8.0
40.46,-86.9205,0,1001,223,lte,1189,33,-104.0,2.8557491189358752,-110.0,-107.0,-107.0,-104.0,-102.0,-102.0,-96.0,-20.0,1.182255163967269,-22.0,-21.0,-21.0,-20.0,-19.0,-19.0,-17.0
40.46,-86.9205,0,1001,240,lte,1189,86,-99.0,8.75975906820322,-109.0,-107.0,-104.0,-99.0,-88.0,-84.0,-82.0,-20.0,0.9499801999520603,-23.0,-21.0,-21.0,-20.0,-19.25,-19.0,-18.0
40.46,-86.9205,0,1001,393,lte,1189,41,-106.0,2.6830543206958897,-110.0,-109.0,-107.0,-106.0,-103.0,-102.0,-99.0,-20.0,1.1832159566199232,-22.0,-22.0,-21.0,-20.0,-19.0,-18.0,-18.0
40.46,-86.9205,0,1001,414,lte,1189,116,-103.0,7.202635699484618,-111.0,-107.0,-105.25,-103.0,-94.75,-88.0,-85.0,-20.0,0.9902069203592935,-22.0,-21.0,-20.0,-20.0,-19.0,-19.0,-18.0
40.46,-86.9205,0,1001,448,lte,1189,87,-103.0,5.54339397724493,-110.0,-107.4,-106.0,-103.0,-99.5,-94.0,-84.0,-20.0,1.0829040129715153,-23.0,-21.0,-20.0,-20.0,-19.0,-19.0,-17.0
40.46,-86.9205,0,66736,47,lte,1189,138,-97.0,7.711985284027162,-105.0,-101.0,-99.0,-97.0,-87.0,-81.0,-76.0,-14.0,0.5202449601640684,-14.0,-14.0,-14.0,-14.0,-13.0,-13.0,-12.0
40.46,-86.9205,0,66736,304,lte,1189,5,-111.0,1.816590212458495,-114.0,-113.2,-112.0,-111.0,-111.0,-109.8,-109.0,-20.0,0.5477225575051661,-21.0,-21.0,-21.0,-20.0,-20.0,-20.0,-20.0
40.46,-86.9205,0,66736,393,lte,1189,117,-102.0,7.96020532697665,-116.0,-109.0,-107.0,-102.0,-93.0,-89.0,-83.0,-20.0,0.8987170342729164,-22.0,-21.0,-20.0,-20.0,-19.0,-19.0,-17.0
40.46,-86.9205,0,66736,408,lte,1189,37,-106.0,2.9568975706377185,-113.0,-111.0,-109.0,-106.0,-105.0,-103.6,-102.0,-20.0,0.9004503377814966,-21.0,-21.0,-20.0,-20.0,-19.0,-18.0,-18.0
40.46,-86.9205,0,125290,359,sub6,1189,2,-122.5,0.7071067811865476,-123.0,-122.9,-122.75,-122.5,-122.25,-122.1,-122.0,-26.0,1.4142135623730951,-27.0,-26.8,-26.5,-26.0,-25.5,-25.2,-25.0
40.46,-86.9205,0,125290,372,sub6,1189,184,-99.0,4.609659484246459,-111.0,-108.0,-102.0,-99.0,-97.0,-95.0,-93.0,-11.0,0.6792586066383897,-14.0,-12.0,-11.0,-11.0,-11.0,-11.0,-10.0
40.46,-86.9205,0,125290,403,sub6,1189,182,-108.5,5.792518921318075,-133.0,-117.9,-112.75,-108.5,-105.0,-103.0,-101.0,-17.0,3.5711116367174918,-35.0,-22.0,-19.0,-17.0,-16.0,-14.0,-12.0
40.46,-86.92,0,1001,50,lte,129,15,-72.0,2.4630604269214884,-77.0,-76.2,-74.5,-72.0,-71.0,-70.4,-69.0,-9.0,0.6172133998483676,-10.0,-9.0,-9.0,-9.0,-8.0,-8.0,-8.0
40.46,-86.92,0,1001,240,lte,129,10,-81.0,3.2335051500740732,-89.0,-86.3,-85.25,-81.0,-81.0,-79.9,-79.0,-20.0,0.9486832980505138,-21.0,-21.0,-20.0,-20.0,-19.0,-18.9,-18.0
40.46,-86.92,0,1001,414,lte,129,15,-84.0,2.794552524023088,-89.0,-88.0,-86.0,-84.0,-81.5,-81.0,-81.0,-20.0,1.279880946844369,-23.0,-21.0,-21.0,-20.0,-19.5,-18.4,-18.0
40.46,-86.92,0,66736,47,lte,129,15,-81.0,3.2293298729878046,-85.0,-85.0,-84.5,-81.0,-78.0,-78.0,-76.0,-13.0,0.5163977794943222,-14.0,-14.0,-13.0,-13.0,-13.0,-13.0,-12.0
40.46,-86.92,0,66736,393,lte,129,15,-88.0,2.823371844342961,-95.0,-91.0,-90.5,-88.0,-87.0,-85.4,-84.0,-20.0,0.7432233529572065,-21.0,-20.0,-20.0,-20.0,-19.0,-19.0,-18.0
40.46,-86.92,0,125290,359,sub6,129,5,-123.0,5.727128425310542,-130.0,-127.6,-124.0,-123.0,-122.0,-117.2,-114.0,-27.0,5.504543577809153,-32.0,-30.0,-27.0,-27.0,-24.0,-19.8,-17.0
40.46,-86.92,0,125290,372,sub6,129,27,-98.0,1.311791797808525,-101.0,-100.0,-99.5,-98.0,-98.0,-97.0,-96.0,-11.0,0.474416720901809,-12.0,-12.0,-11.0,-11.0,-11.0,-11.0,-10.0
40.46,-86.92,0,125290,403,sub6,129,27,-109.0,3.854549241811532,-117.0,-113.4,-112.5,-109.0,-107.5,-104.0,-101.0,-19.0,2.7321031211115487,-25.0,-23.0,-21.0,-19.0,-17.0,-15.599999999999998,-15.0
40.46,-86.9195,0,1001,50,lte,82,10,-73.0,0.9189365834726814,-75.0,-74.1,-73.75,-73.0,-73.0,-72.0,-72.0,-9.0,0.4714045207910317,-10.0,-9.1,-9.0,-9.0,-9.0,-8.9,-8.0
40.46,-86.9195,0,1001,240,lte,82,10,-84.5,2.9059326290271157,-89.0,-89.0,-87.5,-84.5,-83.0,-81.9,-81.0,-20.0,0.9428090415820634,-21.0,-21.0,-21.0,-20.0,-19.0,-19.0,-19.0
40.46,-86.9195,0,1001,414,lte,82,8,-83.5,2.187627547301936,-88.0,-86.6,-86.0,-83.5,-82.75,-82.0,-82.0,-20.5,0.7440238091428449,-21.0,-21.0,-21.0,-20.5,-20.0,-19.7,-19.0
40.46,-86.9195,0,66736,47,lte,82,10,-79.0,0.9486832980505138,-80.0,-80.0,-79.0,-79.0,-78.0,-77.9,-77.0,-13.0,0.0,-13.0,-13.0,-13.0,-13.0,-13.0,-13.0,-13.0
40.46,-86.9195,0,66736,393,lte,82,10,-87.0,2.2211108331943574,-91.0,-90.1,-89.75,-87.0,-86.0,-85.0,-85.0,-20.0,0.5676462121975466,-21.0,-20.1,-20.0,-20.0,-20.0,-19.0,-19.0
40.46,-86.9195,0,125290,372,sub6,82,18,-98.5,1.70830344306706,-102.0,-101.0,-100.0,-98.5,-98.0,-96.7,-96.0,-11.0,0.32338083338177726,-12.0,-11.3,-11.0,-11.0,-11.0,-11.0,-11.0
40.46,-86.9195,0,125290,403,sub6,82,16,-109.0,3.5870136139505613,-117.0,-114.5,-111.25,-109.0,-107.75,-106.5,-103.0,-19.0,2.6551836094703507,-25.0,-23.0,-21.25,-19.0,-17.75,-17.0,-16.0
40.46,-86.919,0,1001,50,lte,81,10,-72.0,1.7288403306519917,-75.0,-74.1,-73.0,-72.0,-71.0,-70.0,-70.0,-8.0,0.6324555320336758,-9.0,-9.0,-8.75,-8.0,-8.0,-7.9,-7.0
40.46,-86.919,0,1001,240,lte,81,4,-85.0,2.70801280154532,-86.0,-85.7,-85.25,-85.0,-83.75,-81.5,-80.0,-20.0,0.816496580927726,-21.0,-20.7,-20.25,-20.0,-19.75,-19.3,-19.0
40.46,-86.919,0,1001,414,lte,81,9,-85.0,2.666666666666667,-87.0,-86.2,-86.0,-85.0,-81.0,-80.8,-80.0,-20.0,1.3333333333333335,-23.0,-22.2,-21.0,-20.0,-20.0,-19.0,-19.0
40.46,-86.919,0,66736,47,lte,81,10,-83.5,3.3598941782277745,-85.0,-85.0,-84.0,-83.5,-79.5,-76.9,-76.0,-13.0,0.9428090415820634,-14.0,-14.0,-13.75,-13.0,-13.0,-11.9,-11.0
40.46,-86.919,0,66736,393,lte,81,10,-92.0,3.24037034920393,-93.0,-93.0,-92.0,-92.0,-91.0,-84.9,-84.0,-20.0,0.6749485577105528,-21.0,-20.1,-20.0,-20.0,-19.0,-19.0,-19.0
40.46,-86.919,0,125290,372,sub6,81,19,-98.0,2.1137256816602155,-102.0,-101.2,-100.0,-98.0,-97.0,-95.8,-95.0,-11.0,0.3333333333333333,-12.0,-11.0,-11.0,-11.0,-11.0,-11.0,-10.0
40.46,-86.919,0,125290,403,sub6,81,19,-106.0,3.6825810933056093,-116.0,-113.0,-111.0,-106.0,-105.0,-104.8,-104.0,-19.0,2.8294607177369286,-23.0,-22.2,-21.0,-19.0,-16.0,-15.8,-15.0
40.46,-86.9185,0,1001,50,lte,86,12,-70.5,0.90033663737852,-72.0,-71.9,-71.0,-70.5,-70.0,-70.0,-69.0,-9.0,0.492365963917331,-9.0,-9.0,-9.0,-9.0,-8.0,-8.0,-8.0
40.46,-86.9185,0,1001,240,lte,86,12,-81.0,2.3868325657594203,-87.0,-84.7,-82.0,-81.0,-81.0,-79.2,-78.0,-20.0,0.7385489458759964,-21.0,-21.0,-20.25,-20.0,-19.75,-19.0,-19.0
40.46,-86.9185,0,1001,414,lte,86,12,-81.0,2.229281716090851,-87.0,-83.9,-82.25,-81.0,-80.75,-79.1,-79.0,-19.5,0.9374368665610922,-21.0,-21.0,-21.0,-19.5,-19.0,-19.0,-19.0
40.46,-86.9185,0,66736,47,lte,86,12,-83.0,0.9962049198956218,-84.0,-83.9,-83.0,-83.0,-82.0,-81.1,-81.0,-13.0,0.4264014327112209,-14.0,-13.0,-13.0,-13.0,-13.0,-13.0,-12.0
40.46,-86.9185,0,66736,393,lte,86,12,-90.5,1.8257418583505536,-93.0,-93.0,-92.25,-90.5,-89.75,-88.1,-88.0,-19.5,0.7784989441615231,-20.0,-20.0,-20.0,-19.5,-19.0,-18.1,-18.0
40.46,-86.9185,0,125290,372,sub6,86,13,-104.0,1.0439078454267836,-105.0,-105.0,-104.0,-104.0,-103.0,-102.2,-102.0,-12.0,0.49354811679282456,-13.0,-12.0,-12.0,-12.0,-12.0,-11.2,-11.0
40.46,-86.9185,0,125290,403,sub6,86,13,-108.0,4.8740548064635325,-123.0,-117.0,-112.0,-108.0,-108.0,-107.0,-107.0,-16.0,4.278748918514886,-28.0,-24.0,-19.0,-16.0,-15.0,-15.0,-14.0
40.46,-86.918,0,1001,50,lte,73,8,-73.5,1.0606601717798212,-75.0,-74.3,-74.0,-73.5,-72.75,-72.0,-72.0,-8.5,0.5345224838248488,-9.0,-9.0,-9.0,-8.5,-8.0,-8.0,-8.0
40.46,-86.918,0,1001,240,lte,73,7,-83.0,2.29906813420444,-86.0,-86.0,-85.5,-83.0,-82.0,-81.2,-80.0,-20.0,0.37796447300922714,-20.0,-20.0,-20.0,-20.0,-20.0,-19.6,-19.0
40.46,-86.918,0,1001,414,lte,73,8,-84.0,2.449489742783178,-87.0,-85.6,-85.0,-84.0,-82.25,-80.0,-80.0,-19.5,0.9258200997725514,-21.0,-20.3,-20.0,-19.5,-19.0,-18.7,-18.0
40.46,-86.918,0,66736,47,lte,73,7,-85.0,0.7559289460184545,-86.0,-86.0,-86.0,-85.0,-85.0,-84.6,-84.0,-13.0,0.5345224838248488,-14.0,-14.0,-14.0,-13.0,-13.0,-13.0,-13.0
40.46,-86.918,0,66736,393,lte,73,7,-94.0,3.670993118515816,-100.0,-98.8,-97.5,-94.0,-92.5,-90.6,-90.0,-20.0,1.0690449676496976,-21.0,-21.0,-20.5,-20.0,-19.5,-18.6,-18.0
40.46,-86.918,0,125290,121,sub6,73,3,-117.0,1.0,-118.0,-117.8,-117.5,-117.0,-116.5,-116.2,-116.0,-20.0,2.081665999466133,-21.0,-20.8,-20.5,-20.0,-18.5,-17.6,-17.0
40.46,-86.918,0,125290,359,sub6,73,1,-113.0,nan,-113.0,-113.0,-113.0,-113.0,-113.0,-113.0,-113.0,-19.0,nan,-19.0,-19.0,-19.0,-19.0,-19.0,-19.0,-19.0
40.46,-86.918,0,125290,372,sub6,73,16,-102.5,4.090130397269342,-109.0,-109.0,-109.0,-102.5,-100.75,-100.0,-99.0,-11.0,1.570562531918633,-15.0,-14.0,-14.0,-11.0,-11.0,-11.0,-11.0
40.46,-86.918,0,125290,403,sub6,73,16,-111.0,3.7058512292499457,-116.0,-114.0,-113.0,-111.0,-106.0,-106.0,-105.0,-17.0,1.547847968417226,-20.0,-20.0,-18.25,-17.0,-16.75,-16.0,-15.0
40.46,-86.9175,0,1001,50,lte,2630,536,-77.0,8.63168570136492,-99.0,-93.0,-81.0,-77.0,-73.0,-71.0,-68.0,-9.0,0.8174669393676547,-12.0,-9.0,-9.0,-9.0,-8.0,-8.0,-7.0
40.46,-86.9175,0,1001,155,lte,2630,5,-84.0,2.4083189157584592,-88.0,-87.2,-86.0,-84.0,-83.0,-82.4,-82.0,-20.0,0.7071067811865476,-21.0,-20.6,-20.0,-20.0,-20.0,-19.4,-19.0
40.46,-86.9175,0,1001,240,lte,2630,152,-86.0,3.494499736315699,-97.0,-91.0,-89.0,-86.0,-84.0,-82.0,-79.0,-20.0,1.0401490629694552,-23.0,-21.9,-21.0,-20.0,-19.0,-19.0,-18.0
40.46,-86.9175,0,1001,393,lte,2630,35,-106.0,1.548650808843327,-108.0,-107.6,-107.0,-106.0,-105.0,-104.0,-102.0,-20.0,1.100038196433854,-22.0,-21.0,-20.0,-20.0,-19.0,-18.0,-18.0
40.46,-86.9175,0,1001,414,lte,2630,137,-86.0,4.027719006462506,-97.0,-92.0,-90.0,-86.0,-83.0,-81.6,-79.0,-20.0,0.9968283752931644,-22.0,-21.0,-20.0,-20.0,-19.0,-19.0,-17.0
40.46,-86.9175,0,1001,448,lte,2630,74,-102.5,9.767758583107737,-109.0,-106.0,-105.0,-102.5,-86.25,-83.0,-78.0,-19.0,1.474515087304261,-22.0,-21.0,-20.0,-19.0,-18.0,-17.0,-16.0
40.46,-86.9175,0,66736,47,lte,2630,383,-89.0,7.185138951642153,-106.0,-105.0,-91.0,-89.0,-86.0,-84.0,-80.0,-13.0,0.9835843172643934,-16.0,-15.0,-14.0,-13.0,-13.0,-13.0,-11.0
40.46,-86.9175,0,66736,304,lte,2630,73,-107.0,4.874021776732321,-110.0,-108.0,-107.0,-107.0,-106.0,-94.4,-91.0,-17.0,1.5957515895227026,-22.0,-19.0,-18.0,-17.0,-16.0,-15.200000000000003,-14.0
40.46,-86.9175,0,66736,393,lte,2630,310,-96.0,6.57130141575401,-113.0,-109.0,-104.0,-96.0,-93.0,-91.0,-87.0,-19.0,0.9915026805348951,-22.0,-20.0,-20.0,-19.0,-19.0,-18.0,-16.0
40.46,-86.9175,0,66736,408,lte,2630,62,-110.0,1.200652035087655,-113.0,-111.0,-111.0,-110.0,-109.0,-108.1,-107.0,-20.0,0.8573568769094484,-22.0,-21.0,-20.0,-20.0,-19.0,-19.0,-18.0
40.46,-86.9175,0,125290,121,sub6,2630,7,-118.0,7.904188160474829,-131.0,-128.6,-123.0,-118.0,-114.5,-111.0,-108.0,-24.0,5.30498417932204,-34.0,-31.6,-27.5,-24.0,-22.5,-20.4,-18.0
40.46,-86.9175,0,125290,359,sub6,2630,10,-121.5,5.902918298980975,-128.0,-127.1,-126.0,-121.5,-117.0,-112.0,-112.0,-26.0,5.6381636096240495,-30.0,-29.1,-28.5,-26.0,-23.25,-14.9,-14.0
40.46,-86.9175,0,125290,372,sub6,2630,433,-101.0,3.173974927754664,-112.0,-107.0,-103.0,-101.0,-99.0,-98.0,-95.0,-11.0,0.883455455606497,-14.0,-13.0,-12.0,-11.0,-11.0,-10.0,-10.0
40.46,-86.9175,0,125290,403,sub6,2630,413,-107.0,6.974929329725001,-131.0,-122.0,-111.0,-107.0,-104.0,-103.0,-98.0,-16.0,3.2899968207238923,-33.0,-21.0,-18.0,-16.0,-15.0,-14.0,-12.0
40.46,-86.917,0,1001,50,lte,2786,511,-93.0,5.0644304266721045,-102.0,-97.0,-95.0,-93.0,-90.0,-87.0,-74.0,-9.0,0.9878934087508896,-12.0,-11.0,-10.0,-9.0,-9.0,-8.0,-7.0
40.46,-86.917,0,1001,112,lte,2786,21,-107.0,1.957890020745122,-110.0,-109.0,-108.0,-107.0,-105.0,-104.0,-104.0,-21.0,0.5895922723535714,-22.0,-22.0,-21.0,-21.0,-21.0,-20.0,-20.0
40.46,-86.917,0,1001,240,lte,2786,33,-90.0,6.943904019375774,-107.0,-104.8,-94.0,-90.0,-88.0,-86.2,-86.0,-20.0,0.8393720596645172,-21.0,-21.0,-20.0,-20.0,-19.0,-19.0,-18.0
40.46,-86.917,0,1001,294,lte,2786,11,-107.0,1.009049958219026,-108.0,-108.0,-107.0,-107.0,-106.5,-105.0,-105.0,-20.0,0.8201995322647245,-22.0,-21.0,-21.0,-20.0,-20.0,-20.0,-19.0
40.46,-86.917,0,1001,392,lte,2786,8,-106.0,1.1952286093343936,-109.0,-107.6,-107.0,-106.0,-106.0,-105.7,-105.0,-20.0,0.0,-20.0,-20.0,-20.0,-20.0,-20.0,-20.0,-20.0
40.46,-86.917,0,1001,393,lte,2786,117,-106.0,2.3105812548658538,-112.0,-109.0,-107.0,-106.0,-104.0,-103.0,-102.0,-20.0,1.3186078986760728,-22.0,-21.0,-21.0,-20.0,-19.0,-18.0,-17.0
40.46,-86.917,0,1001,414,lte,2786,59,-92.0,8.093441724506556,-110.0,-107.2,-104.5,-92.0,-90.0,-88.0,-86.0,-20.0,0.8826531387885099,-22.0,-21.2,-21.0,-20.0,-20.0,-19.0,-19.0
40.46,-86.917,0,1001,448,lte,2786,246,-105.0,5.2143119659498565,-111.0,-108.0,-106.0,-105.0,-102.25,-95.0,-85.0,-19.0,1.9497120649522444,-23.0,-21.0,-20.0,-19.0,-17.0,-16.0,-14.0
40.46,-86.917,0,66736,47,lte,2786,354,-100.0,8.761061458759253,-111.0,-105.0,-104.0,-100.0,-86.0,-83.0,-81.0,-15.0,1.349053469422196,-19.0,-16.0,-16.0,-15.0,-13.0,-13.0,-11.0
40.46,-86.917,0,66736,118,lte,2786,4,-106.5,1.7320508075688772,-108.0,-108.0,-108.0,-106.5,-105.0,-105.0,-105.0,-20.0,0.816496580927726,-21.0,-20.7,-20.25,-20.0,-19.75,-19.3,-19.0
40.46,-86.917,0,66736,304,lte,2786,196,-107.0,3.143302499248067,-117.0,-110.0,-109.0,-107.0,-105.0,-103.0,-98.0,-17.0,1.8406637143898632,-21.0,-19.0,-18.0,-17.0,-16.0,-14.0,-12.0
40.46,-86.917,0,66736,393,lte,2786,272,-107.0,4.566466422188972,-115.0,-111.0,-109.0,-107.0,-105.0,-102.0,-90.0,-19.0,1.534195279356123,-22.0,-20.0,-20.0,-19.0,-18.0,-16.099999999999994,-13.0
40.46,-86.917,0,66736,408,lte,2786,53,-110.0,4.0285627526401235,-119.0,-115.0,-113.0,-110.0,-108.0,-104.0,-102.0,-20.0,1.408300090068342,-23.0,-21.0,-20.0,-20.0,-19.0,-18.0,-16.0
40.46,-86.917,0,125290,121,sub6,2786,63,-116.0,5.495471300362512,-125.0,-120.8,-118.5,-116.0,-109.0,-107.0,-106.0,-19.0,3.7922901278412873,-30.0,-23.8,-21.0,-19.0,-17.0,-16.0,-14.0
40.46,-86.917,0,125290,359,sub6,2786,6,-124.0,9.688481133111974,-134.0,-132.5,-130.0,-124.0,-114.25,-111.5,-111.0,-28.0,7.797435475847171,-36.0,-35.0,-33.0,-28.0,-20.75,-18.0,-17.0
40.46,-86.917,0,125290,372,sub6,2786,405,-101.0,4.069216859862016,-113.0,-107.0,-103.0,-101.0,-99.0,-97.0,-92.0,-12.0,1.058882487914651,-15.0,-13.0,-12.0,-12.0,-11.0,-11.0,-10.0
40.46,-86.917,0,125290,403,sub6,2786,404,-107.0,4.798686649304615,-126.0,-115.0,-111.0,-107.0,-105.0,-103.0,-99.0,-16.0,3.396204513195196,-30.0,-22.0,-18.0,-16.0,-15.0,-14.0,-12.0
40.46,-86.917,0,125290,479,sub6,2786,23,-122.0,7.660276881238249,-136.0,-133.6,-128.5,-122.0,-119.0,-113.4,-108.0,-26.0,5.563148083665445,-37.0,-35.6,-31.0,-26.0,-23.0,-21.2,-19.0
40.46,-86.9165,0,1001,50,lte,11570,2983,-87.0,5.974023298967919,-99.0,-94.0,-90.0,-87.0,-82.0,-78.0,-71.0,-10.0,0.6565875021443988,-12.0,-10.0,-10.0,-10.0,-9.0,-9.0,-7.0
40.46,-86.9165,0,1001,112,lte,11570,27,-107.0,2.1720839573894737,-111.0,-109.4,-109.0,-107.0,-106.0,-104.6,-102.0,-21.0,1.1959094573584703,-23.0,-22.0,-21.0,-21.0,-20.0,-19.0,-18.0
40.46,-86.9165,0,1001,136,lte,11570,10,-108.0,2.7162065049951147,-112.0,-109.3,-109.0,-108.0,-106.5,-104.7,-102.0,-20.0,0.9486832980505138,-22.0,-21.1,-21.0,-20.0,-20.0,-19.0,-19.0
40.46,-86.9165,0,1001,240,lte,11570,191,-92.0,5.4234622922125135,-112.0,-101.0,-96.5,-92.0,-89.0,-88.0,-83.0,-20.0,1.0308816624273165,-25.0,-21.0,-21.0,-20.0,-19.0,-19.0,-17.0
40.46,-86.9165,0,1001,284,lte,11570,14,-106.0,2.4007782620925786,-109.0,-107.0,-107.0,-106.0,-103.25,-102.0,-101.0,-20.5,0.744946343668492,-21.0,-21.0,-21.0,-20.5,-20.0,-19.299999999999997,-19.0
40.46,-86.9165,0,1001,294,lte,11570,19,-107.0,3.5795063203011703,-115.0,-112.2,-110.0,-107.0,-105.0,-104.4,-102.0,-21.0,2.0914753180106995,-26.0,-24.2,-22.5,-21.0,-20.5,-19.0,-18.0
40.46,-86.9165,0,1001,392,lte,11570,4,-105.5,1.2909944487358056,-107.0,-106.7,-106.25,-105.5,-104.75,-104.3,-104.0,-20.0,0.5,-21.0,-20.7,-20.25,-20.0,-20.0,-20.0,-20.0
40.46,-86.9165,0,1001,393,lte,11570,186,-105.0,3.364226213859292,-114.0,-110.0,-107.0,-105.0,-103.0,-101.0,-96.0,-20.0,1.178515411861615,-23.0,-21.0,-21.0,-20.0,-19.0,-18.0,-17.0
40.46,-86.9165,0,1001,397,lte,11570,7,-107.0,2.5071326821120348,-108.0,-107.4,-107.0,-107.0,-103.5,-102.0,-102.0,-20.0,0.816496580927726,-21.0,-21.0,-20.5,-20.0,-19.5,-19.0,-19.0
40.46,-86.9165,0,1001,408,lte,11570,44,-107.0,1.2831235013285873,-111.0,-108.0,-108.0,-107.0,-106.0,-105.3,-104.0,-19.0,1.0432000693913,-22.0,-21.0,-20.0,-19.0,-19.0,-18.0,-18.0
40.46,-86.9165,0,1001,414,lte,11570,199,-94.0,7.307591488012121,-113.0,-107.0,-100.0,-94.0,-90.0,-86.0,-80.0,-20.0,0.9958035903830448,-23.0,-21.0,-21.0,-20.0,-19.0,-19.0,-17.0
40.46,-86.9165,0,1001,448,lte,11570,545,-102.0,4.83017029327761,-114.0,-108.0,-105.0,-102.0,-99.0,-95.39999999999998,-86.0,-19.0,2.050326405773102,-24.0,-21.0,-20.0,-19.0,-17.0,-16.0,-12.0
40.46,-86.9165,0,66736,47,lte,11570,1712,-95.0,6.345425459230095,-110.0,-103.0,-98.0,-95.0,-90.0,-86.0,-80.0,-14.0,1.0094560751446302,-21.0,-15.0,-14.0,-14.0,-14.0,-13.0,-10.0
40.46,-86.9165,0,66736,118,lte,11570,8,-101.5,2.2320714274285347,-106.0,-105.3,-102.75,-101.5,-100.75,-100.0,-100.0,-21.0,1.0690449676496976,-22.0,-21.3,-21.0,-21.0,-19.75,-19.0,-19.0
40.46,-86.9165,0,66736,210,lte,11570,16,-110.0,2.8040149785619906,-116.0,-112.5,-112.0,-110.0,-110.0,-108.0,-103.0,-20.0,0.9105858919765157,-22.0,-21.0,-20.0,-20.0,-19.0,-19.0,-19.0
40.46,-86.9165,0,66736,304,lte,11570,415,-105.0,4.400696009843151,-119.0,-111.0,-108.0,-105.0,-103.0,-100.0,-92.0,-18.0,1.675364070996479,-22.0,-20.0,-19.0,-18.0,-17.0,-16.0,-13.0
40.46,-86.9165,0,66736,393,lte,11570,797,-104.0,5.669460938831445,-118.0,-110.0,-108.0,-104.0,-100.0,-95.0,-88.0,-19.0,1.6967160319170032,-22.0,-21.0,-20.0,-19.0,-18.0,-16.0,-13.0
40.46,-86.9165,0,66736,408,lte,11570,64,-110.0,3.384686276521975,-120.0,-114.0,-112.25,-110.0,-108.0,-106.0,-101.0,-20.0,1.1109126806941148,-22.0,-21.0,-20.0,-20.0,-19.0,-18.0,-17.0
40.46,-86.9165,0,66736,469,lte,11570,6,-101.5,1.2649110640673518,-102.0,-102.0,-102.0,-101.5,-100.25,-99.5,-99.0,-20.0,0.40824829046386296,-20.0,-20.0,-20.0,-20.0,-20.0,-19.5,-19.0
40.46,-86.9165,0,125290,53,sub6,11570,6,-120.5,4.750438576243952,-127.0,-125.0,-122.75,-120.5,-116.0,-115.0,-115.0,-23.5,5.115336417740935,-30.0,-28.5,-26.5,-23.5,-19.0,-17.5,-17.0
40.46,-86.9165,0,125290,121,sub6,11570,457,-112.0,4.564415622681897,-131.0,-119.0,-115.0,-112.0,-109.0,-108.0,-104.0,-17.0,3.3496624875887626,-34.0,-23.0,-20.0,-17.0,-16.0,-15.0,-13.0
40.46,-86.9165,0,125290,250,sub6,11570,21,-115.0,5.545053565802503,-129.0,-124.0,-121.0,-115.0,-113.0,-112.0,-108.0,-19.0,4.67414366998053,-32.0,-28.0,-23.0,-19.0,-18.0,-17.0,-15.0
40.46,-86.9165,0,125290,333,sub6,11570,2,-111.5,0.7071067811865476,-112.0,-111.9,-111.75,-111.5,-111.25,-111.1,-111.0,-17.0,0.0,-17.0,-17.0,-17.0,-17.0,-17.0,-17.0,-17.0
40.46,-86.9165,0,125290,359,sub6,11570,177,-117.0,6.534316391455702,-136.0,-127.0,-122.0,-117.0,-113.0,-110.6,-107.0,-21.0,5.201191045296879,-37.0,-30.0,-26.0,-21.0,-18.0,-16.0,-15.0
40.46,-86.9165,0,125290,372,sub6,11570,1517,-104.0,4.509916193690111,-118.0,-110.0,-107.0,-104.0,-101.0,-98.0,-92.0,-13.0,1.4365736417631445,-18.0,-15.0,-14.0,-13.0,-12.0,-11.0,-10.0
40.46,-86.9165,0,125290,403,sub6,11570,1431,-108.0,5.261080098562667,-132.0,-114.0,-111.0,-108.0,-105.0,-102.0,-92.0,-15.0,3.0405827165962904,-34.0,-19.0,-17.0,-15.0,-14.0,-14.0,-11.0
40.46,-86.9165,0,125290,479,sub6,11570,360,-116.0,6.21332072079408,-137.0,-125.0,-121.0,-116.0,-112.0,-109.0,-106.0,-21.0,4.667309114817553,-37.0,-29.0,-24.25,-21.0,-19.0,-17.0,-13.0
40.46,-86.9165,0,520110,10,sub6,11570,75,-114.0,4.231456631613425,-136.0,-118.0,-116.0,-114.0,-113.0,-109.39999999999999,-104.0,-15.0,3.0174428123013484,-36.0,-16.7,-16.0,-15.0,-14.0,-12.299999999999997,-11.0
40.46,-86.9165,0,520110,98,sub6,11570,42,-119.0,6.258884509861294,-137.0,-133.7,-121.0,-119.0,-117.0,-117.0,-116.0,-16.5,6.622954837394327,-36.0,-31.7,-18.0,-16.5,-15.0,-15.0,-14.0
40.46,-86.9165,0,520110,147,sub6,11570,37,-120.0,6.546782443335075,-137.0,-134.2,-121.0,-120.0,-118.0,-115.0,-112.0,-18.0,6.306724567854124,-37.0,-33.6,-18.0,-18.0,-17.0,-17.0,-14.0
40.46,-86.9165,0,520110,472,sub6,11570,51,-118.0,4.259890452425586,-136.0,-121.0,-119.0,-118.0,-117.0,-115.0,-109.0,-18.0,3.945908777256688,-36.0,-21.0,-18.5,-18.0,-17.0,-16.0,-12.0
40.46,-86.9165,0,520110,515,sub6,11570,67,-102.0,6.735387553791828,-125.0,-114.4,-104.0,-102.0,-101.0,-100.0,-99.0,-10.0,2.535516940161543,-20.0,-12.6,-11.0,-10.0,-10.0,-10.0,-10.0
40.46,-86.9165,0,520110,685,sub6,11570,3,-120.0,0.5773502691896257,-121.0,-120.8,-120.5,-120.0,-120.0,-120.0,-120.0,-17.0,0.5773502691896258,-17.0,-17.0,-17.0,-17.0,-16.5,-16.2,-16.0
40.46,-86.9165,0,520110,698,sub6,11570,2,-121.0,0.0,-121.0,-121.0,-121.0,-121.0,-121.0,-121.0,-121.0,-20.0,0.0,-20.0,-20.0,-20.0,-20.0,-20.0,-20.0,-20.0
40.46,-86.9165,0,520110,704,sub6,11570,8,-122.5,7.421012637870156,-137.0,-137.0,-126.5,-122.5,-121.25,-119.0,-119.0,-19.0,8.305548919676705,-37.0,-36.3,-24.0,-19.0,-18.0,-18.0,-18.0
40.46,-86.9165,0,520110,838,sub6,11570,67,-114.0,4.889368560545453,-137.0,-120.4,-116.5,-114.0,-113.0,-113.0,-111.0,-15.0,4.046540643619108,-36.0,-18.4,-16.0,-15.0,-15.0,-15.0,-14.0
40.46,-86.916,0,1001,50,lte,4618,1578,-87.0,4.969587387517481,-97.0,-91.0,-89.0,-87.0,-82.0,-78.0,-73.0,-10.0,0.6477439503869313,-12.0,-10.0,-10.0,-10.0,-9.0,-9.0,-7.0
40.46,-86.916,0,1001,240,lte,4618,15,-98.0,2.350278605572013,-103.0,-101.0,-99.5,-98.0,-97.0,-95.8,-94.0,-20.0,1.01418510567422,-22.0,-21.0,-20.0,-20.0,-19.0,-19.0,-18.0
40.46,-86.916,0,1001,331,lte,4618,13,-94.0,2.868931722918695,-100.0,-96.0,-95.0,-94.0,-91.0,-91.0,-90.0,-19.0,0.7250110520819842,-20.0,-20.0,-20.0,-19.0,-19.0,-18.2,-18.0
40.46,-86.916,0,1001,393,lte,4618,8,-103.5,1.5979898086569353,-106.0,-105.3,-105.0,-103.5,-102.0,-102.0,-102.0,-20.0,0.7440238091428449,-20.0,-20.0,-20.0,-20.0,-19.75,-18.7,-18.0
40.46,-86.916,0,1001,414,lte,4618,19,-104.0,4.694154633083389,-111.0,-107.2,-105.5,-104.0,-99.5,-97.2,-93.0,-20.0,1.3701069237311883,-24.0,-21.2,-21.0,-20.0,-19.0,-19.0,-18.0
40.46,-86.916,0,1001,448,lte,4618,66,-104.0,2.770810220384876,-110.0,-107.0,-106.0,-104.0,-102.0,-99.0,-98.0,-19.5,1.7870943717963785,-22.0,-21.0,-21.0,-19.5,-18.0,-17.0,-14.0
40.46,-86.916,0,66736,47,lte,4618,698,-96.0,4.489328691215929,-109.0,-100.0,-99.0,-96.0,-93.0,-90.0,-82.0,-14.0,1.144209376398779,-16.0,-15.0,-14.0,-14.0,-13.0,-12.0,-10.0
40.46,-86.916,0,66736,104,lte,4618,7,-108.0,1.6761634196950517,-109.0,-108.4,-108.0,-108.0,-106.5,-105.2,-104.0,-21.0,0.8997354108424372,-22.0,-22.0,-21.5,-21.0,-20.0,-20.0,-20.0
40.46,-86.916,0,66736,304,lte,4618,111,-105.0,5.472034479346903,-117.0,-113.0,-110.0,-105.0,-100.0,-99.0,-95.0,-19.0,2.1334280282013625,-21.0,-20.0,-20.0,-19.0,-17.0,-15.0,-13.0
40.46,-86.916,0,66736,318,lte,4618,8,-105.5,2.295181287579947,-111.0,-108.2,-107.0,-105.5,-104.75,-104.0,-104.0,-19.5,0.7440238091428449,-21.0,-20.3,-20.0,-19.5,-19.0,-19.0,-19.0
40.46,-86.916,0,66736,334,lte,4618,2,-104.0,1.4142135623730951,-105.0,-104.8,-104.5,-104.0,-103.5,-103.2,-103.0,-20.0,0.0,-20.0,-20.0,-20.0,-20.0,-20.0,-20.0,-20.0
40.46,-86.916,0,66736,393,lte,4618,360,-105.0,5.431432271050685,-117.0,-112.0,-109.0,-105.0,-102.0,-98.0,-90.0,-20.0,1.1736295734749775,-24.0,-21.0,-21.0,-20.0,-19.0,-18.0,-16.0
40.46,-86.916,0,66736,469,lte,4618,2,-102.0,1.4142135623730951,-103.0,-102.8,-102.5,-102.0,-101.5,-101.2,-101.0,-19.5,0.7071067811865476,-20.0,-19.9,-19.75,-19.5,-19.25,-19.1,-19.0
40.46,-86.916,0,125290,121,sub6,4618,355,-113.0,5.783440991588909,-137.0,-121.0,-117.0,-113.0,-110.0,-106.0,-102.0,-18.0,3.2902434919037447,-37.0,-22.0,-19.0,-18.0,-16.0,-15.0,-13.0
40.46,-86.916,0,125290,250,sub6,4618,11,-116.0,2.8572077914699108,-121.0,-119.0,-118.0,-116.0,-114.5,-113.0,-111.0,-19.0,2.0404990476930793,-23.0,-20.0,-20.0,-19.0,-17.5,-16.0,-16.0
40.46,-86.916,0,125290,333,sub6,4618,18,-113.5,7.596868980089996,-133.0,-129.3,-123.75,-113.5,-112.25,-112.0,-111.0,-19.0,3.8228757611211117,-32.0,-26.3,-19.0,-19.0,-19.0,-18.0,-18.0
40.46,-86.916,0,125290,359,sub6,4618,50,-119.0,7.5808566636694845,-136.0,-130.1,-124.75,-119.0,-113.0,-110.0,-107.0,-19.5,6.027183320217678,-36.0,-30.1,-26.0,-19.5,-17.0,-16.0,-15.0
40.46,-86.916,0,125290,372,sub6,4618,570,-108.0,3.6471447696606503,-120.0,-112.1,-111.0,-108.0,-105.0,-104.0,-100.0,-14.0,1.179867918506699,-19.0,-15.0,-14.0,-14.0,-13.0,-12.0,-11.0
40.46,-86.916,0,125290,403,sub6,4618,562,-110.0,3.9129103913980186,-124.0,-116.0,-114.0,-110.0,-108.0,-106.0,-103.0,-16.0,1.7977874980375663,-25.0,-18.0,-17.0,-16.0,-15.0,-14.0,-12.0
40.46,-86.916,0,125290,479,sub6,4618,60,-114.0,5.086927968645919,-129.0,-121.1,-118.0,-114.0,-111.0,-110.0,-108.0,-18.0,3.642615004059118,-30.0,-25.0,-21.0,-18.0,-17.0,-16.0,-15.0
40.46,-86.916,0,125290,483,sub6,4618,27,-111.0,1.7500508743113907,-113.0,-112.0,-112.0,-111.0,-109.0,-108.0,-107.0,-16.0,1.1766968108291043,-18.0,-17.0,-17.0,-16.0,-15.0,-15.0,-13.0
40.46,-86.916,0,125290,798,sub6,4618,8,-117.5,4.301162633521313,-124.0,-122.6,-120.5,-117.5,-115.75,-112.0,-112.0,-19.5,3.6815175442433286,-27.0,-25.6,-24.25,-19.5,-18.75,-17.7,-17.0
40.46,-86.916,0,520110,10,sub6,4618,20,-117.5,2.051956704170308,-120.0,-119.1,-118.25,-117.5,-115.75,-114.0,-113.0,-14.0,1.788854381999832,-19.0,-16.1,-15.25,-14.0,-13.0,-12.899999999999999,-12.0
40.46,-86.916,0,520110,472,sub6,4618,9,-118.0,3.5,-120.0,-119.2,-119.0,-118.0,-115.0,-111.0,-111.0,-15.0,1.1666666666666665,-17.0,-16.2,-16.0,-15.0,-15.0,-13.8,-13.0
40.46,-86.916,0,520110,515,sub6,4618,13,-118.0,3.4268921406413924,-127.0,-119.8,-119.0,-118.0,-117.0,-115.2,-112.0,-13.0,3.593084525899218,-24.0,-18.0,-18.0,-13.0,-13.0,-12.2,-11.0
40.46,-86.916,0,520110,685,sub6,4618,14,-123.0,4.27617987059879,-137.0,-124.0,-123.0,-123.0,-121.25,-120.0,-119.0,-17.0,5.375974228091025,-36.0,-18.0,-17.75,-17.0,-15.25,-15.0,-14.0
40.46,-86.916,0,520110,698,sub6,4618,10,-122.5,9.311880106139206,-137.0,-137.0,-132.75,-122.5,-122.0,-112.0,-112.0,-19.0,9.73196337390925,-37.0,-36.1,-31.75,-19.0,-17.0,-13.0,-13.0
40.46,-86.916,0,520110,838,sub6,4618,4,-116.5,2.8722813232690143,-122.0,-120.5,-118.25,-116.5,-116.0,-116.0,-116.0,-17.0,3.4034296427770228,-22.0,-21.1,-19.75,-17.0,-15.0,-15.0,-15.0
40.46,-86.9155,0,1001,7,lte,10425,9,-88.0,2.204792759220492,-91.0,-90.2,-89.0,-88.0,-86.0,-85.6,-84.0,-20.0,0.4409585518440984,-21.0,-21.0,-20.0,-20.0,-20.0,-20.0,-20.0
40.46,-86.9155,0,1001,50,lte,10425,4219,-84.0,4.251086942762954,-95.0,-89.0,-87.0,-84.0,-81.0,-78.0,-72.0,-9.0,0.5639034297045002,-11.0,-10.0,-10.0,-9.0,-9.0,-9.0,-7.0
40.46,-86.9155,0,1001,240,lte,10425,13,-102.0,3.0276503540974917,-106.0,-105.0,-105.0,-102.0,-100.0,-98.0,-97.0,-19.0,1.1208970766356101,-21.0,-20.8,-20.0,-19.0,-19.0,-18.2,-17.0
40.46,-86.9155,0,1001,331,lte,10425,8,-93.5,2.2638462845343543,-99.0,-96.9,-95.25,-93.5,-93.0,-92.7,-92.0,-19.0,1.6903085094570331,-22.0,-21.3,-21.0,-19.0,-18.75,-17.7,-17.0
40.46,-86.9155,0,1001,414,lte,10425,9,-104.0,3.278719262151,-105.0,-105.0,-105.0,-104.0,-98.0,-98.0,-98.0,-20.0,0.7264831572567789,-20.0,-20.0,-20.0,-20.0,-19.0,-18.8,-18.0
40.46,-86.9155,0,1001,448,lte,10425,29,-101.0,5.710374277071202,-107.0,-106.0,-105.0,-101.0,-94.0,-91.8,-90.0,-20.0,1.0850529486978193,-22.0,-21.2,-21.0,-20.0,-19.0,-19.0,-18.0
40.46,-86.9155,0,66736,47,lte,10425,1194,-96.0,4.699618515247213,-109.0,-100.0,-98.0,-96.0,-93.0,-89.0,-80.0,-14.0,0.750310408216161,-16.0,-15.0,-14.0,-14.0,-14.0,-13.0,-10.0
40.46,-86.9155,0,66736,118,lte,10425,12,-106.0,2.0816659994661326,-110.0,-107.9,-107.0,-106.0,-106.0,-103.3,-102.0,-19.0,0.8660254037844386,-21.0,-20.0,-20.0,-19.0,-19.0,-18.1,-18.0
40.46,-86.9155,0,66736,184,lte,10425,5,-103.0,1.4832396974191326,-105.0,-104.6,-104.0,-103.0,-103.0,-101.8,-101.0,-20.0,0.7071067811865476,-21.0,-20.6,-20.0,-20.0,-20.0,-19.4,-19.0
40.46,-86.9155,0,66736,210,lte,10425,2,-107.5,0.7071067811865476,-108.0,-107.9,-107.75,-107.5,-107.25,-107.1,-107.0,-20.5,0.7071067811865476,-21.0,-20.9,-20.75,-20.5,-20.25,-20.1,-20.0
40.46,-86.9155,0,66736,304,lte,10425,59,-106.0,2.6910896982227777,-114.0,-109.0,-107.0,-106.0,-104.0,-103.0,-99.0,-19.0,1.0064084547492471,-22.0,-21.0,-20.0,-19.0,-19.0,-18.0,-17.0
40.46,-86.9155,0,66736,334,lte,10425,18,-106.0,1.8086574662067332,-111.0,-107.0,-106.75,-106.0,-104.25,-104.0,-103.0,-20.0,0.7320844981409595,-21.0,-21.0,-21.0,-20.0,-20.0,-19.0,-19.0
40.46,-86.9155,0,66736,374,lte,10425,8,-106.5,2.6049403612586386,-111.0,-109.6,-107.5,-106.5,-106.0,-104.8,-102.0,-21.0,1.246423454758225,-23.0,-22.3,-22.0,-21.0,-20.75,-19.7,-19.0
40.46,-86.9155,0,66736,393,lte,10425,836,-104.0,4.879039388648815,-118.0,-110.0,-107.0,-104.0,-101.0,-97.0,-87.0,-20.0,0.9896138576226673,-24.0,-21.0,-20.0,-20.0,-19.0,-18.0,-17.0
40.46,-86.9155,0,125290,90,sub6,10425,3,-115.0,0.5773502691896257,-115.0,-115.0,-115.0,-115.0,-114.5,-114.2,-114.0,-20.0,0.5773502691896258,-20.0,-20.0,-20.0,-20.0,-19.5,-19.2,-19.0
40.46,-86.9155,0,125290,121,sub6,10425,819,-113.0,5.786933085413137,-138.0,-121.0,-117.0,-113.0,-111.0,-108.0,-101.0,-17.0,3.9268620213436103,-37.0,-23.0,-19.0,-17.0,-16.0,-15.0,-13.0
40.46,-86.9155,0,125290,250,sub6,10425,10,-118.0,6.72061505121865,-137.0,-122.6,-120.75,-118.0,-115.25,-114.9,-114.0,-19.0,5.672545969648706,-36.0,-21.6,-19.75,-19.0,-17.25,-17.0,-17.0
40.46,-86.9155,0,125290,359,sub6,10425,56,-118.0,6.048183155338427,-137.0,-126.0,-120.25,-118.0,-113.75,-112.0,-111.0,-19.0,5.123412012453288,-37.0,-28.5,-23.0,-19.0,-18.0,-17.0,-16.0
40.46,-86.9155,0,125290,372,sub6,10425,1152,-109.0,5.054040472507229,-137.0,-118.0,-112.0,-109.0,-106.0,-104.09999999999991,-102.0,-14.0,1.9011317750266583,-36.0,-16.0,-15.0,-14.0,-13.0,-13.0,-11.0
40.46,-86.9155,0,125290,403,sub6,10425,1098,-111.0,4.871446836734787,-137.0,-118.0,-114.0,-111.0,-109.0,-107.0,-103.0,-16.0,2.515762517101379,-37.0,-19.0,-17.0,-16.0,-15.0,-14.0,-12.0
40.46,-86.9155,0,125290,479,sub6,10425,128,-114.0,5.023150147225823,-137.0,-122.0,-119.0,-114.0,-112.0,-111.0,-110.0,-19.0,3.8119473266638724,-37.0,-25.299999999999997,-22.0,-19.0,-18.0,-17.0,-15.0
40.46,-86.9155,0,125290,483,sub6,10425,63,-115.0,5.329299549824186,-136.0,-121.0,-118.0,-115.0,-111.5,-108.19999999999999,-107.0,-18.0,3.916629898183462,-36.0,-24.4,-20.0,-18.0,-17.0,-14.0,-13.0
40.46,-86.9155,0,520110,10,sub6,10425,197,-120.0,3.4290095199926975,-137.0,-123.0,-122.0,-120.0,-119.0,-117.0,-107.0,-15.0,2.674210857186021,-37.0,-17.0,-16.0,-15.0,-14.0,-13.0,-11.0
40.46,-86.9155,0,520110,98,sub6,10425,4,-125.0,6.733003292241386,-138.0,-134.4,-129.0,-125.0,-124.0,-124.0,-124.0,-18.5,9.844626283748239,-38.0,-32.3,-23.75,-18.5,-18.0,-18.0,-18.0
40.46,-86.9155,0,520110,201,sub6,10425,6,-128.0,6.210206652492867,-138.0,-137.5,-134.75,-128.0,-125.0,-124.0,-124.0,-24.0,8.447879418331365,-37.0,-36.5,-33.0,-24.0,-19.5,-18.0,-18.0
40.46,-86.9155,0,520110,393,sub6,10425,3,-118.0,1.0,-119.0,-118.8,-118.5,-118.0,-117.5,-117.2,-117.0,-13.0,0.5773502691896257,-14.0,-13.8,-13.5,-13.0,-13.0,-13.0,-13.0
40.46,-86.9155,0,520110,472,sub6,10425,10,-124.0,4.448470398787531,-137.0,-125.3,-124.0,-124.0,-123.25,-121.9,-121.0,-17.5,5.87272414547873,-36.0,-20.7,-18.0,-17.5,-17.0,-17.0,-17.0
40.46,-86.9155,0,520110,515,sub6,10425,194,-118.0,3.574405422628194,-137.0,-122.0,-120.0,-118.0,-115.0,-113.29999999999998,-112.0,-13.0,2.6769915674798654,-36.0,-17.0,-15.0,-13.0,-12.0,-11.0,-11.0
40.46,-86.9155,0,520110,555,sub6,10425,10,-118.5,4.685675570881488,-131.0,-126.5,-120.0,-118.5,-117.0,-117.0,-117.0,-16.0,4.661902329879224,-29.0,-24.5,-18.0,-16.0,-15.25,-15.0,-15.0
40.46,-86.9155,0,520110,685,sub6,10425,168,-123.0,4.6838911828189715,-138.0,-127.0,-125.0,-123.0,-121.0,-118.69999999999999,-113.0,-17.0,5.483768204020502,-37.0,-23.0,-18.0,-17.0,-16.0,-14.0,-12.0
40.46,-86.9155,0,520110,698,sub6,10425,27,-123.0,7.815354891479471,-138.0,-137.0,-131.5,-123.0,-117.0,-116.19999999999999,-114.0,-17.0,8.432233636621087,-37.0,-36.0,-28.0,-17.0,-15.0,-14.0,-13.0
40.46,-86.9155,0,520110,704,sub6,10425,9,-125.0,5.361902647381804,-137.0,-129.8,-126.0,-125.0,-120.0,-120.0,-120.0,-18.0,6.450667493454541,-36.0,-28.8,-26.0,-18.0,-18.0,-18.0,-18.0
40.46,-86.9155,0,520110,838,sub6,10425,47,-124.0,4.359959941765754,-137.0,-131.0,-125.0,-124.0,-123.0,-122.0,-120.0,-18.0,5.827619332629015,-36.0,-27.599999999999994,-18.5,-18.0,-17.0,-16.0,-16.0
40.46,-86.915,0,1001,50,lte,1278,418,-88.0,4.200834628659036,-94.0,-92.0,-91.0,-88.0,-85.25,-83.0,-73.0,-9.0,0.6008496273522508,-10.0,-10.0,-9.0,-9.0,-9.0,-8.0,-7.0
40.46,-86.915,0,1001,240,lte,1278,29,-90.0,5.851823849410714,-101.0,-100.0,-98.0,-90.0,-88.0,-84.6,-82.0,-20.0,1.255529641148689,-23.0,-22.0,-21.0,-20.0,-19.0,-19.0,-18.0
40.46,-86.915,0,1001,414,lte,1278,35,-90.0,3.9740756549069842,-98.0,-96.6,-92.0,-90.0,-88.0,-85.4,-83.0,-20.0,0.8451542547285166,-22.0,-21.0,-20.0,-20.0,-19.0,-19.0,-18.0
40.46,-86.915,0,1001,448,lte,1278,32,-93.0,5.031754007013536,-101.0,-99.0,-97.25,-93.0,-90.75,-87.1,-82.0,-20.0,0.8590129369261278,-22.0,-21.0,-21.0,-20.0,-19.75,-19.0,-19.0
40.46,-86.915,0,66736,47,lte,1278,153,-97.0,2.095583180942493,-103.0,-99.0,-98.0,-97.0,-96.0,-94.0,-91.0,-14.0,0.7060113401241523,-15.0,-14.0,-14.0,-14.0,-13.0,-13.0,-11.0
40.46,-86.915,0,66736,210,lte,1278,2,-105.0,1.4142135623730951,-106.0,-105.8,-105.5,-105.0,-104.5,-104.2,-104.0,-19.5,0.7071067811865476,-20.0,-19.9,-19.75,-19.5,-19.25,-19.1,-19.0
40.46,-86.915,0,66736,304,lte,1278,45,-103.0,3.8601826512498216,-110.0,-107.6,-105.0,-103.0,-102.0,-98.4,-90.0,-19.0,0.9759740019720056,-21.0,-20.0,-20.0,-19.0,-18.0,-18.0,-17.0
40.46,-86.915,0,66736,393,lte,1278,123,-105.0,4.111743842341103,-116.0,-109.0,-107.0,-105.0,-102.0,-99.2,-93.0,-20.0,1.2642365347224551,-24.0,-21.0,-20.5,-20.0,-19.0,-18.0,-17.0
40.46,-86.915,0,125290,121,sub6,1278,121,-119.0,2.274151069168328,-126.0,-122.0,-120.0,-119.0,-118.0,-117.0,-115.0,-18.0,2.316547254983805,-25.0,-21.0,-19.0,-18.0,-16.0,-15.0,-14.0
40.46,-86.915,0,125290,359,sub6,1278,10,-132.5,5.425249610233001,-136.0,-136.0,-135.0,-132.5,-128.5,-122.8,-121.0,-32.0,6.637435917246626,-36.0,-36.0,-34.0,-32.0,-26.5,-18.9,-18.0
40.46,-86.915,0,125290,372,sub6,1278,153,-113.0,1.7676574903232734,-117.0,-115.0,-114.0,-113.0,-111.0,-111.0,-110.0,-13.0,0.8028479578857071,-15.0,-14.0,-13.0,-13.0,-12.0,-12.0,-12.0
40.46,-86.915,0,125290,403,sub6,1278,153,-117.0,2.099334833309364,-122.0,-120.0,-118.0,-117.0,-115.0,-114.0,-112.0,-16.0,1.6923714388488418,-22.0,-18.0,-17.0,-16.0,-15.0,-14.0,-13.0
40.46,-86.915,0,125290,479,sub6,1278,4,-120.5,0.9574271077563381,-121.0,-121.0,-121.0,-120.5,-119.75,-119.3,-119.0,-17.5,0.5773502691896257,-18.0,-18.0,-18.0,-17.5,-17.0,-17.0,-17.0
40.46,-86.9145,0,1001,50,lte,650,135,-82.0,2.789897275957035,-89.0,-87.0,-85.0,-82.0,-81.0,-80.0,-78.0,-9.0,0.4524975223568445,-10.0,-10.0,-10.0,-9.0,-9.0,-9.0,-8.0
40.46,-86.9145,0,1001,240,lte,650,21,-91.0,2.108937895628756,-97.0,-93.0,-92.0,-91.0,-90.0,-89.0,-88.0,-20.0,0.9023778112773574,-21.0,-21.0,-20.0,-20.0,-19.0,-19.0,-18.0
40.46,-86.9145,0,1001,414,lte,650,25,-99.0,2.6564387187862373,-104.0,-102.0,-101.0,-99.0,-97.0,-96.0,-93.0,-20.0,0.8660254037844386,-22.0,-21.0,-21.0,-20.0,-19.0,-19.0,-19.0
40.46,-86.9145,0,1001,448,lte,650,35,-99.0,2.5215041529367572,-104.0,-101.6,-100.0,-99.0,-96.0,-95.0,-94.0,-20.0,1.0058651529317206,-22.0,-20.0,-20.0,-20.0,-19.0,-18.0,-17.0
40.46,-86.9145,0,66736,47,lte,650,87,-95.0,4.059534238113984,-103.0,-101.0,-100.0,-95.0,-92.0,-92.0,-90.0,-14.0,0.5282705437953743,-15.0,-15.0,-14.0,-14.0,-14.0,-13.0,-13.0
40.46,-86.9145,0,66736,304,lte,650,29,-106.0,4.602151991803946,-114.0,-110.0,-110.0,-106.0,-102.0,-99.8,-95.0,-19.0,1.1628485493685203,-21.0,-20.0,-20.0,-19.0,-18.0,-17.8,-17.0
40.46,-86.9145,0,66736,393,lte,650,64,-106.0,5.112596294742611,-114.0,-112.0,-109.25,-106.0,-101.0,-99.0,-95.0,-20.0,1.0530332227683836,-22.0,-21.0,-20.0,-20.0,-19.0,-18.0,-17.0
40.46,-86.9145,0,125290,121,sub6,650,52,-119.5,4.979407065200165,-133.0,-128.9,-124.0,-119.5,-118.0,-116.0,-111.0,-19.0,4.759367994850496,-34.0,-29.0,-23.0,-19.0,-18.0,-17.0,-14.0
40.46,-86.9145,0,125290,372,sub6,650,89,-111.0,2.240859312775504,-116.0,-114.0,-113.0,-111.0,-110.0,-108.0,-107.0,-13.0,0.9231170272317968,-15.0,-14.0,-14.0,-13.0,-12.0,-12.0,-11.0
40.46,-86.9145,0,125290,403,sub6,650,89,-114.0,1.790908831657687,-117.0,-116.0,-115.0,-114.0,-112.0,-111.0,-108.0,-14.0,0.8448304615023817,-16.0,-16.0,-15.0,-14.0,-14.0,-13.0,-13.0
40.46,-86.9145,0,125290,483,sub6,650,24,-124.0,3.6571847095819483,-133.0,-129.4,-126.25,-124.0,-121.75,-120.0,-120.0,-22.0,4.249467144771536,-33.0,-29.4,-26.25,-22.0,-19.75,-19.0,-18.0
40.46,-86.914,0,1001,50,lte,18,7,-87.0,0.9511897312113419,-89.0,-88.4,-87.5,-87.0,-87.0,-86.6,-86.0,-9.0,0.3779644730092272,-10.0,-9.4,-9.0,-9.0,-9.0,-9.0,-9.0
40.46,-86.914,0,1001,448,lte,18,1,-104.0,nan,-104.0,-104.0,-104.0,-104.0,-104.0,-104.0,-104.0,-21.0,nan,-21.0,-21.0,-21.0,-21.0,-21.0,-21.0,-21.0
40.46,-86.914,0,66736,47,lte,18,2,-100.5,0.7071067811865476,-101.0,-100.9,-100.75,-100.5,-100.25,-100.1,-100.0,-14.0,0.0,-14.0,-14.0,-14.0,-14.0,-14.0,-14.0,-14.0
40.46,-86.914,0,66736,334,lte,18,1,-108.0,nan,-108.0,-108.0,-108.0,-108.0,-108.0,-108.0,-108.0,-20.0,nan,-20.0,-20.0,-20.0,-20.0,-20.0,-20.0,-20.0
40.46,-86.914,0,66736,393,lte,18,2,-110.0,1.4142135623730951,-111.0,-110.8,-110.5,-110.0,-109.5,-109.2,-109.0,-20.0,0.0,-20.0,-20.0,-20.0,-20.0,-20.0,-20.0,-20.0
40.46,-86.914,0,125290,121,sub6,18,1,-112.0,nan,-112.0,-112.0,-112.0,-112.0,-112.0,-112.0,-112.0,-14.0,nan,-14.0,-14.0,-14.0,-14.0,-14.0,-14.0,-14.0
40.46,-86.914,0,125290,372,sub6,18,2,-109.0,4.242640687119285,-112.0,-111.4,-110.5,-109.0,-107.5,-106.6,-106.0,-12.5,0.7071067811865476,-13.0,-12.9,-12.75,-12.5,-12.25,-12.1,-12.0
40.46,-86.914,0,125290,403,sub6,18,2,-110.0,4.242640687119285,-113.0,-112.4,-111.5,-110.0,-108.5,-107.6,-107.0,-14.0,1.4142135623730951,-15.0,-14.8,-14.5,-14.0,-13.5,-13.2,-13.0
40.4605,-86.933,0,125290,17,sub6,90,28,-120.5,18.91347606125264,-137.0,-136.0,-133.25,-120.5,-97.75,-86.0,-86.0,-31.5,8.319671340679944,-39.0,-38.0,-37.0,-31.5,-22.75,-16.4,-15.0
40.4605,-86.933,0,125290,372,sub6,90,62,-78.0,4.521322653876277,-82.0,-81.0,-80.0,-78.0,-71.25,-70.0,-68.0,-10.0,0.0,-10.0,-10.0,-10.0,-10.0,-10.0,-10.0,-10.0
40.4605,-86.9325,0,125290,17,sub6,593,12,-134.5,12.709755260738847,-139.0,-138.9,-138.0,-134.5,-123.5,-111.8,-100.0,-36.5,6.837397165588672,-39.0,-39.0,-39.0,-36.5,-31.25,-24.5,-18.0
40.4605,-86.9325,0,125290,372,sub6,593,581,-70.0,3.732979455656991,-85.0,-77.0,-72.0,-70.0,-69.0,-69.0,-68.0,-10.0,0.0,-10.0,-10.0,-10.0,-10.0,-10.0,-10.0,-10.0
40.4605,-86.932,0,125290,372,sub6,25,25,-74.0,2.160246899469287,-78.0,-76.6,-76.0,-74.0,-73.0,-71.4,-70.0,-10.0,0.0,-10.0,-10.0,-10.0,-10.0,-10.0,-10.0,-10.0
40.4605,-86.9315,0,125290,372,sub6,19,19,-80.0,3.1705885224903225,-85.0,-83.4,-82.5,-80.0,-77.0,-76.0,-75.0,-10.0,0.0,-10.0,-10.0,-10.0,-10.0,-10.0,-10.0,-10.0
40.4605,-86.931,0,125290,372,sub6,18,18,-87.0,1.3085940167422416,-89.0,-89.0,-88.0,-87.0,-87.0,-85.0,-85.0,-10.0,0.0,-10.0,-10.0,-10.0,-10.0,-10.0,-10.0,-10.0
40.4605,-86.9305,0,125290,372,sub6,25,25,-85.0,4.915960401250876,-89.0,-89.0,-88.0,-85.0,-78.0,-76.0,-75.0,-10.0,0.0,-10.0,-10.0,-10.0,-10.0,-10.0,-10.0,-10.0
40.4605,-86.93,0,125290,17,sub6,56,12,-125.0,12.922554865134998,-138.0,-135.9,-133.5,-125.0,-114.5,-106.4,-98.0,-33.0,6.27162924074226,-39.0,-38.0,-37.25,-33.0,-27.25,-24.1,-20.0
40.4605,-86.93,0,125290,372,sub6,56,44,-80.0,2.0182832384093103,-84.0,-83.7,-81.0,-80.0,-78.75,-78.0,-77.0,-10.0,0.0,-10.0,-10.0,-10.0,-10.0,-10.0,-10.0,-10.0
40.4605,-86.9295,0,125290,372,sub6,30,30,-83.5,3.571277500909968,-87.0,-86.0,-85.0,-83.5,-80.0,-76.9,-75.0,-10.0,0.0,-10.0,-10.0,-10.0,-10.0,-10.0,-10.0,-10.0
40.4605,-86.929,0,125290,372,sub6,19,19,-84.0,1.4489358870144542,-87.0,-85.2,-85.0,-84.0,-83.0,-82.0,-81.0,-10.0,0.0,-10.0,-10.0,-10.0,-10.0,-10.0,-10.0,-10.0
40.4605,-86.9285,0,125290,17,sub6,28,9,-135.0,4.6097722286464435,-138.0,-137.2,-136.0,-135.0,-130.0,-126.6,-125.0,-36.0,2.5495097567963927,-39.0,-38.2,-38.0,-36.0,-33.0,-32.8,-32.0
40.4605,-86.9285,0,125290,372,sub6,28,19,-87.0,2.1817960303677926,-92.0,-91.0,-89.0,-87.0,-86.5,-85.0,-84.0,-10.0,0.0,-10.0,-10.0,-10.0,-10.0,-10.0,-10.0,-10.0
40.4605,-86.928,0,125290,17,sub6,22,4,-122.0,9.912113800799505,-125.0,-125.0,-125.0,-122.0,-115.25,-108.5,-104.0,-28.0,6.849574196011505,-31.0,-30.7,-30.25,-28.0,-23.5,-19.0,-16.0
40.4605,-86.928,0,125290,372,sub6,22,18,-94.0,1.5676467522593478,-96.0,-96.0,-95.0,-94.0,-93.0,-92.0,-91.0,-10.0,0.0,-10.0,-10.0,-10.0,-10.0,-10.0,-10.0,-10.0
40.4605,-86.9275,0,125290,372,sub6,19,19,-85.0,3.8767563459781518,-93.0,-92.0,-91.0,-85.0,-84.0,-83.0,-82.0,-10.0,0.0,-10.0,-10.0,-10.0,-10.0,-10.0,-10.0,-10.0
40.4605,-86.927,0,125290,372,sub6,37,25,-92.0,3.1770006819850276,-96.0,-95.6,-94.0,-92.0,-90.0,-87.0,-85.0,-10.0,0.0,-10.0,-10.0,-10.0,-10.0,-10.0,-10.0,-10.0
40.4605,-86.927,0,125290,403,sub6,37,12,-113.0,7.790825995808769,-131.0,-126.3,-118.5,-113.0,-108.75,-108.0,-107.0,-24.0,4.461960433384737,-34.0,-31.8,-27.75,-24.0,-22.0,-21.1,-20.0
40.4605,-86.9265,0,125290,17,sub6,172,13,-122.0,9.946008089835686,-133.0,-131.8,-130.0,-122.0,-111.0,-110.2,-104.0,-29.0,6.799321233091523,-36.0,-34.0,-33.0,-29.0,-19.0,-18.2,-18.0
40.4605,-86.9265,0,125290,183,sub6,172,7,-112.0,8.234653836654205,-129.0,-124.2,-117.5,-112.0,-108.5,-106.6,-106.0,-22.0,5.411627692821661,-33.0,-30.0,-25.5,-22.0,-20.0,-18.0,-18.0
40.4605,-86.9265,0,125290,372,sub6,172,125,-97.0,3.5952836489113102,-101.0,-100.0,-98.0,-97.0,-96.0,-93.0,-81.0,-10.0,0.2595281077449558,-11.0,-10.0,-10.0,-10.0,-10.0,-10.0,-10.0
40.4605,-86.9265,0,125290,403,sub6,172,27,-128.0,9.237604307034013,-137.0,-136.4,-133.0,-128.0,-121.0,-116.19999999999999,-104.0,-32.0,5.46967813654322,-38.0,-37.0,-35.0,-32.0,-28.5,-21.0,-20.0
40.4605,-86.926,0,125290,372,sub6,31,31,-85.0,7.8733250480231005,-97.0,-96.0,-95.0,-85.0,-78.0,-78.0,-78.0,-10.0,0.0,-10.0,-10.0,-10.0,-10.0,-10.0,-10.0,-10.0
40.4605,-86.9255,0,125290,17,sub6,45,9,-137.0,3.640054944640259,-139.0,-139.0,-139.0,-137.0,-135.0,-132.0,-128.0,-39.0,1.3642254619787417,-39.0,-39.0,-39.0,-39.0,-38.0,-36.6,-35.0
40.4605,-86.9255,0,125290,372,sub6,45,25,-88.0,2.9816103031751147,-95.0,-93.6,-91.0,-88.0,-87.0,-86.0,-85.0,-10.0,0.0,-10.0,-10.0,-10.0,-10.0,-10.0,-10.0,-10.0
40.4605,-86.9255,0,125290,403,sub6,45,11,-135.0,10.100405032382703,-139.0,-138.0,-137.5,-135.0,-126.0,-117.0,-108.0,-37.0,4.878524367060187,-39.0,-39.0,-38.5,-37.0,-33.0,-29.0,-24.0
40.4605,-86.925,0,125290,17,sub6,54,19,-123.0,10.615557379597746,-138.0,-135.4,-132.0,-123.0,-115.0,-109.2,-105.0,-31.0,5.650130671779825,-38.0,-37.2,-35.5,-31.0,-26.0,-22.8,-20.0
40.4605,-86.925,0,125290,372,sub6,54,25,-87.0,3.067572330035595,-97.0,-92.6,-91.0,-87.0,-87.0,-86.0,-86.0,-10.0,0.2,-11.0,-10.0,-10.0,-10.0,-10.0,-10.0,-10.0
40.4605,-86.925,0,125290,403,sub6,54,10,-130.5,12.509996003196804,-138.0,-137.1,-136.5,-130.5,-122.75,-105.0,-105.0,-34.0,8.875058685251982,-39.0,-38.1,-37.75,-34.0,-28.5,-15.9,-15.0
40.4605,-86.9245,0,125290,372,sub6,49,37,-101.0,1.2645549015756885,-103.0,-102.4,-102.0,-101.0,-100.0,-99.0,-98.0,-11.0,0.37368387661182234,-11.0,-11.0,-11.0,-11.0,-11.0,-10.0,-10.0
40.4605,-86.9245,0,125290,793,sub6,49,6,-125.0,5.8878405775518985,-133.0,-131.5,-128.75,-125.0,-123.5,-119.5,-116.0,-28.5,5.291502622129181,-33.0,-31.5,-29.75,-28.5,-25.0,-21.0,-18.0
40.4605,-86.9245,0,125290,798,sub6,49,6,-120.5,8.043631020876083,-129.0,-126.0,-122.75,-120.5,-111.5,-109.0,-109.0,-25.5,6.356099432828281,-32.0,-30.0,-27.75,-25.5,-18.75,-16.5,-16.0
40.4605,-86.924,0,125290,121,sub6,152,6,-116.5,9.16515138991168,-132.0,-130.0,-125.75,-116.5,-111.75,-110.5,-110.0,-23.0,6.8044103344816,-34.0,-32.5,-29.5,-23.0,-19.5,-18.0,-17.0
40.4605,-86.924,0,125290,359,sub6,152,6,-129.5,4.501851470969101,-135.0,-134.0,-132.5,-129.5,-126.5,-124.5,-123.0,-33.5,2.7325202042558927,-37.0,-36.5,-35.75,-33.5,-32.0,-31.0,-30.0
40.4605,-86.924,0,125290,372,sub6,152,88,-94.0,3.79703178360759,-103.0,-101.3,-99.25,-94.0,-93.0,-92.0,-91.0,-10.0,0.42147177070418657,-11.0,-11.0,-10.0,-10.0,-10.0,-10.0,-10.0
40.4605,-86.924,0,125290,403,sub6,152,44,-122.0,6.496380517708827,-135.0,-130.7,-125.25,-122.0,-117.0,-115.3,-106.0,-28.0,4.272125593010163,-36.0,-33.0,-30.25,-28.0,-25.0,-24.0,-17.0
40.4605,-86.924,0,125290,793,sub6,152,8,-114.5,7.3569694847810805,-128.0,-125.9,-119.0,-114.5,-111.0,-108.0,-108.0,-22.0,4.703721930556695,-31.0,-29.6,-25.25,-22.0,-19.75,-18.7,-18.0
40.4605,-86.9235,0,125290,359,sub6,173,5,-118.0,10.084641788382966,-131.0,-128.2,-124.0,-118.0,-109.0,-107.8,-107.0,-24.0,6.745368781616021,-33.0,-31.0,-28.0,-24.0,-18.0,-17.4,-17.0
40.4605,-86.9235,0,125290,372,sub6,173,112,-97.0,1.1854640305909616,-100.0,-98.0,-97.0,-97.0,-96.0,-95.0,-93.0,-10.0,0.36891785820204664,-11.0,-11.0,-10.0,-10.0,-10.0,-10.0,-10.0
40.4605,-86.9235,0,125290,403,sub6,173,56,-118.0,8.029167607388231,-135.0,-128.0,-124.0,-118.0,-111.0,-108.5,-104.0,-26.0,5.295305443528234,-37.0,-33.0,-30.0,-26.0,-21.0,-19.5,-16.0
40.4605,-86.923,0,125290,121,sub6,54,10,-118.0,3.0568684048294332,-123.0,-121.2,-120.75,-118.0,-117.0,-114.8,-113.0,-23.5,3.1692971530679235,-29.0,-27.2,-24.75,-23.5,-21.25,-20.700000000000003,-18.0
40.4605,-86.923,0,125290,372,sub6,54,25,-103.0,1.917463602435954,-106.0,-106.0,-106.0,-103.0,-102.0,-101.0,-101.0,-11.0,0.4082482904638629,-12.0,-12.0,-11.0,-11.0,-11.0,-11.0,-11.0
40.4605,-86.923,0,125290,403,sub6,54,19,-121.0,7.629199064290635,-136.0,-131.8,-127.0,-121.0,-115.5,-113.0,-112.0,-25.0,5.928422963184169,-37.0,-33.6,-30.0,-25.0,-21.5,-20.200000000000003,-16.0
40.4605,-86.9225,0,125290,372,sub6,34,18,-102.5,2.543735095345842,-106.0,-105.0,-105.0,-102.5,-100.25,-99.0,-98.0,-11.0,0.3834824944236853,-11.0,-11.0,-11.0,-11.0,-11.0,-10.0,-10.0
40.4605,-86.9225,0,125290,403,sub6,34,16,-119.5,5.597246346791131,-128.0,-127.5,-123.0,-119.5,-114.75,-112.5,-111.0,-24.5,3.6147844564602556,-30.0,-29.5,-27.25,-24.5,-21.75,-20.5,-18.0
40.4605,-86.922,0,125290,372,sub6,38,19,-105.0,0.9334586382051248,-106.0,-106.0,-105.0,-105.0,-104.0,-103.8,-103.0,-11.0,0.0,-11.0,-11.0,-11.0,-11.0,-11.0,-11.0,-11.0
40.4605,-86.922,0,125290,403,sub6,38,19,-118.0,2.3878346647045965,-125.0,-121.0,-120.0,-118.0,-117.0,-116.0,-115.0,-23.0,1.902599022636055,-28.0,-25.0,-24.0,-23.0,-22.0,-21.0,-20.0
40.4605,-86.9215,0,125290,359,sub6,44,6,-126.5,5.890670590009257,-134.0,-132.5,-130.0,-126.5,-124.5,-120.5,-117.0,-27.5,6.400520812142295,-34.0,-33.0,-31.0,-27.5,-24.75,-20.0,-16.0
40.4605,-86.9215,0,125290,372,sub6,44,19,-105.0,1.2163602113447687,-107.0,-107.0,-106.0,-105.0,-105.0,-103.8,-103.0,-11.0,0.47756693294091923,-12.0,-12.0,-12.0,-11.0,-11.0,-11.0,-11.0
40.4605,-86.9215,0,125290,403,sub6,44,19,-121.0,4.570436400267363,-127.0,-125.0,-124.5,-121.0,-115.0,-114.0,-114.0,-24.0,4.123814733134403,-30.0,-28.0,-26.5,-24.0,-19.0,-18.0,-18.0
40.4605,-86.921,0,125290,372,sub6,38,19,-104.0,1.342076596414405,-105.0,-105.0,-105.0,-104.0,-102.0,-102.0,-102.0,-12.0,0.5072572735017881,-12.0,-12.0,-12.0,-12.0,-11.0,-11.0,-11.0
40.4605,-86.921,0,125290,403,sub6,38,19,-111.0,5.042509353962104,-120.0,-118.2,-115.0,-111.0,-106.5,-105.0,-105.0,-17.0,2.70801280154532,-24.0,-21.2,-20.0,-17.0,-15.5,-15.0,-15.0
40.4605,-86.9205,0,1001,50,lte,407,36,-92.0,1.9196147100188192,-97.0,-95.0,-93.0,-92.0,-91.0,-90.0,-89.0,-10.0,0.48713610757321957,-10.0,-10.0,-10.0,-10.0,-9.0,-9.0,-9.0
40.4605,-86.9205,0,1001,223,lte,407,8,-102.0,3.4641016151377544,-109.0,-106.2,-103.5,-102.0,-101.0,-99.8,-97.0,-19.5,1.1259916264596033,-22.0,-21.3,-20.25,-19.5,-19.0,-19.0,-19.0
40.4605,-86.9205,0,1001,240,lte,407,24,-103.5,2.8168746171414254,-109.0,-106.7,-105.25,-103.5,-101.0,-99.3,-99.0,-19.5,0.880546602310508,-21.0,-21.0,-20.0,-19.5,-19.0,-19.0,-18.0
40.4605,-86.9205,0,1001,414,lte,407,36,-104.0,3.215537675052578,-111.0,-107.5,-106.0,-104.0,-102.0,-100.0,-96.0,-20.0,0.9305229797662261,-22.0,-21.0,-21.0,-20.0,-20.0,-19.0,-18.0
40.4605,-86.9205,0,1001,448,lte,407,36,-103.5,3.0502406878750166,-111.0,-108.0,-106.0,-103.5,-101.75,-101.0,-97.0,-20.0,0.9791476695218951,-22.0,-21.0,-21.0,-20.0,-19.0,-19.0,-18.0
40.4605,-86.9205,0,66736,47,lte,407,53,-97.0,1.7547364888033425,-101.0,-99.0,-98.0,-97.0,-96.0,-95.19999999999999,-94.0,-14.0,0.4225157909639983,-14.0,-14.0,-14.0,-14.0,-14.0,-13.0,-13.0
40.4605,-86.9205,0,66736,393,lte,407,26,-104.0,2.9246959079272083,-112.0,-107.0,-106.0,-104.0,-103.0,-101.0,-97.0,-20.0,0.9413574486632834,-21.0,-21.0,-20.0,-20.0,-19.0,-18.0,-18.0
40.4605,-86.9205,0,66736,408,lte,407,16,-106.0,3.660031875999625,-113.0,-110.5,-108.25,-106.0,-104.0,-101.0,-100.0,-20.0,1.0327955589886444,-21.0,-20.5,-20.0,-20.0,-19.0,-18.5,-17.0
40.4605,-86.9205,0,125290,359,sub6,407,6,-123.0,7.420691791650336,-132.0,-130.0,-127.0,-123.0,-117.5,-114.0,-112.0,-26.0,6.153589738247641,-33.0,-31.5,-29.25,-26.0,-22.0,-18.5,-16.0
40.4605,-86.9205,0,125290,372,sub6,407,83,-101.0,2.8775581446250444,-107.0,-104.0,-103.0,-101.0,-100.0,-98.0,-93.0,-11.0,0.6831157120937241,-13.0,-12.0,-12.0,-11.0,-11.0,-10.0,-10.0
40.4605,-86.9205,0,125290,403,sub6,407,83,-109.0,5.481033468896023,-132.0,-116.0,-113.0,-109.0,-107.0,-105.0,-103.0,-17.0,3.705552536444818,-33.0,-22.0,-20.0,-17.0,-16.0,-14.200000000000003,-13.0
40.4605,-86.92,0,125290,121,sub6,83,9,-115.0,2.438123139721299,-120.0,-118.4,-116.0,-115.0,-113.0,-113.0,-113.0,-22.0,2.692582403567252,-25.0,-23.4,-22.0,-22.0,-18.0,-18.0,-18.0
40.4605,-86.92,0,125290,372,sub6,83,37,-102.0,2.3432863655539387,-106.0,-105.0,-104.0,-102.0,-100.0,-99.0,-98.0,-12.0,0.5341210399200591,-13.0,-12.0,-12.0,-12.0,-11.0,-11.0,-11.0
40.4605,-86.92,0,125290,403,sub6,83,37,-111.0,4.836516503837435,-119.0,-115.4,-113.0,-111.0,-106.0,-103.2,-100.0,-17.0,2.964757964790682,-26.0,-22.0,-19.0,-17.0,-16.0,-14.0,-13.0
40.4605,-86.9195,0,125290,121,sub6,99,1,-114.0,nan,-114.0,-114.0,-114.0,-114.0,-114.0,-114.0,-114.0,-17.0,nan,-17.0,-17.0,-17.0,-17.0,-17.0,-17.0,-17.0
40.4605,-86.9195,0,125290,359,sub6,99,12,-117.0,5.280036730818061,-127.0,-125.8,-122.5,-117.0,-114.75,-112.2,-112.0,-21.5,4.399552318822974,-30.0,-28.8,-25.5,-21.5,-18.75,-18.0,-18.0
40.4605,-86.9195,0,125290,372,sub6,99,44,-108.0,1.4276046260388506,-110.0,-110.0,-109.0,-108.0,-107.0,-106.0,-104.0,-12.0,0.627084262523339,-14.0,-13.0,-13.0,-12.0,-12.0,-12.0,-12.0
40.4605,-86.9195,0,125290,403,sub6,99,42,-113.0,2.3640749087573396,-118.0,-115.9,-114.0,-113.0,-111.0,-110.0,-108.0,-17.0,2.0007257684311903,-21.0,-20.0,-19.0,-17.0,-16.0,-15.0,-14.0
40.4605,-86.919,0,125290,121,sub6,57,6,-117.0,4.1952353926806065,-121.0,-120.0,-118.75,-117.0,-112.25,-111.0,-111.0,-22.0,3.449637662132068,-25.0,-25.0,-24.5,-22.0,-18.75,-17.5,-17.0
40.4605,-86.919,0,125290,372,sub6,57,25,-109.0,2.150968773986891,-110.0,-110.0,-110.0,-109.0,-108.0,-104.4,-103.0,-13.0,0.8164965809277257,-14.0,-14.0,-14.0,-13.0,-13.0,-12.0,-11.0
40.4605,-86.919,0,125290,403,sub6,57,25,-111.0,2.5383721817994562,-118.0,-114.2,-112.0,-111.0,-109.0,-109.0,-107.0,-16.0,1.7339742404853273,-20.0,-19.0,-17.0,-16.0,-15.0,-15.0,-14.0
40.4605,-86.919,0,125290,479,sub6,57,1,-129.0,nan,-129.0,-129.0,-129.0,-129.0,-129.0,-129.0,-129.0,-33.0,nan,-33.0,-33.0,-33.0,-33.0,-33.0,-33.0,-33.0
40.4605,-86.9185,0,125290,121,sub6,53,6,-113.0,5.202563470700446,-121.0,-120.5,-118.75,-113.0,-110.25,-109.5,-109.0,-20.5,4.033195589934446,-27.0,-26.0,-24.25,-20.5,-18.25,-17.5,-17.0
40.4605,-86.9185,0,125290,372,sub6,53,19,-105.0,1.8856180831641267,-108.0,-107.0,-106.5,-105.0,-104.0,-102.8,-101.0,-13.0,0.9459053029269173,-14.0,-14.0,-13.0,-13.0,-12.0,-11.0,-11.0
40.4605,-86.9185,0,125290,403,sub6,53,19,-109.0,1.6490294859747157,-114.0,-110.4,-109.0,-109.0,-108.0,-107.8,-107.0,-15.0,2.051956704170308,-22.0,-17.8,-16.0,-15.0,-15.0,-15.0,-14.0
40.4605,-86.9185,0,125290,479,sub6,53,9,-123.0,7.779960011322538,-130.0,-130.0,-124.0,-123.0,-115.0,-109.8,-109.0,-28.0,5.7397251192408545,-33.0,-33.0,-29.0,-28.0,-22.0,-18.0,-18.0
40.4605,-86.918,0,1001,50,lte,148,39,-90.0,4.615733230198825,-98.0,-92.8,-92.0,-90.0,-87.5,-81.0,-81.0,-9.0,0.6833275731299961,-11.0,-10.2,-10.0,-9.0,-9.0,-9.0,-9.0
40.4605,-86.918,0,1001,448,lte,148,4,-104.0,1.0,-106.0,-105.4,-104.5,-104.0,-104.0,-104.0,-104.0,-17.5,0.9574271077563381,-18.0,-18.0,-18.0,-17.5,-16.75,-16.3,-16.0
40.4605,-86.918,0,66736,47,lte,148,14,-98.5,5.994961254216782,-105.0,-104.0,-104.0,-98.5,-97.25,-88.89999999999999,-87.0,-14.0,0.4972451580988469,-15.0,-15.0,-15.0,-14.0,-14.0,-14.0,-14.0
40.4605,-86.918,0,66736,304,lte,148,5,-106.0,0.4472135954999579,-107.0,-106.6,-106.0,-106.0,-106.0,-106.0,-106.0,-17.0,0.5477225575051661,-17.0,-17.0,-17.0,-17.0,-16.0,-16.0,-16.0
40.4605,-86.918,0,66736,393,lte,148,14,-106.5,4.819830830098628,-111.0,-109.7,-108.75,-106.5,-102.25,-97.5,-96.0,-19.0,0.9287827316640652,-21.0,-20.0,-20.0,-19.0,-19.0,-19.0,-17.0
40.4605,-86.918,0,66736,408,lte,148,5,-108.0,1.140175425099138,-110.0,-109.6,-109.0,-108.0,-108.0,-107.4,-107.0,-19.0,0.7071067811865476,-20.0,-19.6,-19.0,-19.0,-19.0,-18.4,-18.0
40.4605,-86.918,0,125290,121,sub6,148,16,-117.5,5.188127472091127,-126.0,-124.0,-121.0,-117.5,-115.0,-111.5,-107.0,-23.0,3.632606961031338,-29.0,-27.0,-25.0,-23.0,-19.0,-18.5,-17.0
40.4605,-86.918,0,125290,359,sub6,148,3,-117.0,6.557438524302,-125.0,-123.4,-121.0,-117.0,-114.5,-113.0,-112.0,-23.0,4.509249752822894,-28.0,-27.0,-25.5,-23.0,-21.0,-19.8,-19.0
40.4605,-86.918,0,125290,372,sub6,148,24,-107.0,2.6942639015164223,-109.0,-108.0,-108.0,-107.0,-103.0,-102.0,-101.0,-12.5,1.4421200175184923,-14.0,-14.0,-13.0,-12.5,-11.0,-10.0,-10.0
40.4605,-86.918,0,125290,403,sub6,148,24,-112.5,6.590369565850822,-127.0,-125.0,-124.0,-112.5,-111.75,-110.0,-106.0,-18.0,4.298424045549988,-30.0,-25.4,-18.5,-18.0,-16.0,-15.3,-15.0
40.4605,-86.9175,0,1001,50,lte,986,161,-78.0,8.230670938591759,-99.0,-97.0,-82.0,-78.0,-76.0,-72.0,-70.0,-9.0,0.9924794849014832,-12.0,-11.0,-9.0,-9.0,-8.0,-8.0,-7.0
40.4605,-86.9175,0,1001,240,lte,986,55,-88.0,3.7171003506543943,-101.0,-91.6,-89.5,-88.0,-85.5,-82.4,-81.0,-20.0,0.8388704928078611,-22.0,-21.0,-20.5,-20.0,-19.0,-19.0,-18.0
40.4605,-86.9175,0,1001,393,lte,986,22,-107.0,1.1843130509275843,-109.0,-107.9,-107.0,-107.0,-106.0,-105.0,-104.0,-19.0,1.0527227119356304,-21.0,-20.0,-20.0,-19.0,-18.25,-18.0,-17.0
40.4605,-86.9175,0,1001,414,lte,986,73,-87.0,8.015182511018171,-110.0,-107.0,-90.0,-87.0,-85.0,-83.0,-80.0,-20.0,1.0466660849836968,-22.0,-21.0,-21.0,-20.0,-19.0,-19.0,-18.0
40.4605,-86.9175,0,1001,448,lte,986,41,-104.0,7.756429276538994,-108.0,-106.0,-105.0,-104.0,-91.0,-88.0,-84.0,-19.0,1.773449167926589,-22.0,-21.0,-20.0,-19.0,-18.0,-17.0,-15.0
40.4605,-86.9175,0,66736,47,lte,986,151,-88.0,8.324855731966617,-106.0,-105.0,-90.0,-88.0,-86.0,-82.0,-77.0,-13.0,1.1383346342417715,-16.0,-15.0,-14.0,-13.0,-13.0,-13.0,-11.0
40.4605,-86.9175,0,66736,304,lte,986,34,-107.0,0.883599831995007,-108.0,-108.0,-107.0,-107.0,-106.0,-106.0,-105.0,-17.0,1.3327761759259742,-18.0,-18.0,-17.0,-17.0,-15.0,-14.0,-14.0
40.4605,-86.9175,0,66736,393,lte,986,123,-97.0,7.514001325101994,-111.0,-109.0,-107.0,-97.0,-93.0,-88.2,-83.0,-19.0,1.103409713026888,-22.0,-21.0,-20.0,-19.0,-19.0,-18.0,-16.0
40.4605,-86.9175,0,66736,408,lte,986,37,-109.0,0.9283651554543945,-111.0,-110.0,-110.0,-109.0,-109.0,-108.0,-106.0,-19.0,0.747367753223645,-21.0,-20.0,-20.0,-19.0,-19.0,-19.0,-17.0
40.4605,-86.9175,0,125290,121,sub6,986,6,-114.5,6.742897497861485,-124.0,-123.0,-120.75,-114.5,-109.75,-108.5,-108.0,-21.5,4.415880433163924,-28.0,-27.5,-26.25,-21.5,-19.0,-18.5,-18.0
40.4605,-86.9175,0,125290,372,sub6,986,148,-99.0,3.9242458929426483,-107.0,-107.0,-101.25,-99.0,-97.0,-96.0,-94.0,-11.0,0.6666207007503379,-13.0,-12.0,-11.0,-11.0,-10.75,-10.0,-10.0
40.4605,-86.9175,0,125290,403,sub6,986,135,-106.0,8.191880730025902,-127.0,-124.0,-118.0,-106.0,-105.0,-103.0,-98.0,-17.0,2.6025246066767953,-31.0,-20.0,-18.0,-17.0,-16.0,-15.0,-14.0
40.4605,-86.917,0,1001,50,lte,576,148,-94.0,2.5154057409395687,-99.0,-95.3,-94.0,-94.0,-92.75,-89.0,-87.0,-9.0,0.5987668887749374,-12.0,-10.0,-9.0,-9.0,-9.0,-9.0,-8.0
40.4605,-86.917,0,1001,393,lte,576,24,-104.0,3.4323165794327997,-108.0,-106.7,-106.0,-104.0,-101.0,-98.3,-96.0,-19.0,1.2038585308576921,-21.0,-20.7,-19.25,-19.0,-18.0,-18.0,-16.0
40.4605,-86.917,0,1001,448,lte,576,29,-103.0,2.434865792722759,-106.0,-106.0,-105.0,-103.0,-102.0,-99.0,-98.0,-19.0,1.6749384225134434,-21.0,-21.0,-20.0,-19.0,-18.0,-16.8,-15.0
40.4605,-86.917,0,66736,31,lte,576,10,-104.5,3.3730961708462717,-113.0,-107.6,-107.0,-104.5,-104.0,-101.9,-101.0,-20.0,0.8755950357709132,-22.0,-20.2,-20.0,-20.0,-19.25,-19.0,-19.0
40.4605,-86.917,0,66736,47,lte,576,65,-100.0,2.518871084129068,-105.0,-105.0,-102.0,-100.0,-99.0,-98.0,-96.0,-15.0,0.7009608789698286,-16.0,-16.0,-15.0,-15.0,-14.0,-14.0,-14.0
40.4605,-86.917,0,66736,213,lte,576,5,-106.0,0.8366600265340756,-107.0,-106.6,-106.0,-106.0,-105.0,-105.0,-105.0,-21.0,0.5477225575051661,-21.0,-21.0,-21.0,-21.0,-20.0,-20.0,-20.0
40.4605,-86.917,0,66736,304,lte,576,58,-106.0,2.216980609929503,-110.0,-109.0,-108.0,-106.0,-105.0,-103.0,-102.0,-19.0,1.389616667559302,-21.0,-20.0,-20.0,-19.0,-18.0,-17.0,-15.0
40.4605,-86.917,0,66736,393,lte,576,65,-106.0,2.2754965645732397,-110.0,-109.6,-108.0,-106.0,-105.0,-104.0,-101.0,-19.0,1.0857468184830903,-21.0,-20.0,-19.0,-19.0,-18.0,-17.4,-16.0
40.4605,-86.917,0,66736,408,lte,576,22,-109.0,1.2968493288806462,-110.0,-110.0,-110.0,-109.0,-108.0,-107.0,-106.0,-19.0,1.1019463300386794,-22.0,-21.0,-20.0,-19.0,-19.0,-18.0,-18.0
40.4605,-86.917,0,125290,121,sub6,576,10,-118.0,3.3399933466334266,-125.0,-119.6,-118.0,-118.0,-117.0,-113.0,-113.0,-19.0,4.315347288715269,-30.0,-25.5,-20.75,-19.0,-17.25,-16.9,-16.0
40.4605,-86.917,0,125290,372,sub6,576,69,-103.0,2.4640639710033754,-109.0,-106.0,-105.0,-103.0,-101.0,-100.0,-98.0,-11.0,0.8012139127694585,-13.0,-12.0,-12.0,-11.0,-11.0,-10.0,-10.0
40.4605,-86.917,0,125290,403,sub6,576,67,-111.0,4.975471267870399,-123.0,-121.0,-116.5,-111.0,-110.0,-107.6,-106.0,-17.0,3.192596591904956,-28.0,-22.4,-19.5,-17.0,-17.0,-16.0,-15.0
40.4605,-86.917,0,125290,479,sub6,576,4,-121.0,4.163331998932265,-126.0,-124.8,-123.0,-121.0,-119.0,-117.2,-116.0,-27.0,3.366501646120693,-31.0,-30.1,-28.75,-27.0,-25.25,-23.9,-23.0
40.4605,-86.9165,0,1001,50,lte,1966,379,-92.0,5.64557590133652,-98.0,-96.0,-94.0,-92.0,-85.0,-81.0,-75.0,-9.0,0.7548940340091976,-11.0,-10.0,-10.0,-9.0,-9.0,-8.0,-7.0
40.4605,-86.9165,0,1001,112,lte,1966,5,-108.0,1.51657508881031,-109.0,-109.0,-109.0,-108.0,-106.0,-106.0,-106.0,-21.0,0.4472135954999579,-21.0,-21.0,-21.0,-21.0,-21.0,-20.4,-20.0
40.4605,-86.9165,0,1001,136,lte,1966,7,-106.0,1.6761634196950517,-109.0,-107.8,-107.0,-106.0,-105.0,-104.6,-104.0,-21.0,0.5345224838248488,-21.0,-21.0,-21.0,-21.0,-20.0,-20.0,-20.0
40.4605,-86.9165,0,1001,240,lte,1966,21,-90.0,2.710649193019828,-95.0,-94.0,-92.0,-90.0,-88.0,-87.0,-86.0,-20.0,0.7003400534570262,-21.0,-21.0,-20.0,-20.0,-19.0,-19.0,-19.0
40.4605,-86.9165,0,1001,373,lte,1966,6,-104.5,3.32665998663324,-108.0,-108.0,-107.25,-104.5,-104.0,-101.5,-99.0,-19.5,1.0488088481701516,-21.0,-20.5,-20.0,-19.5,-19.0,-18.5,-18.0
40.4605,-86.9165,0,1001,393,lte,1966,77,-105.0,2.753857668329331,-111.0,-109.0,-107.0,-105.0,-103.0,-102.0,-99.0,-20.0,1.0586040408856174,-22.0,-21.0,-21.0,-20.0,-19.0,-19.0,-18.0
40.4605,-86.9165,0,1001,408,lte,1966,59,-109.0,2.0634301561601887,-112.0,-110.0,-110.0,-109.0,-107.0,-106.0,-101.0,-19.0,1.1796541311259026,-22.0,-21.0,-20.0,-19.0,-19.0,-18.0,-17.0
40.4605,-86.9165,0,1001,414,lte,1966,56,-97.0,7.225495983515056,-109.0,-107.0,-105.0,-97.0,-91.0,-89.0,-86.0,-21.0,0.9298442824529228,-23.0,-21.0,-21.0,-21.0,-20.0,-19.0,-18.0
40.4605,-86.9165,0,1001,448,lte,1966,186,-104.0,3.453969324942831,-111.0,-109.0,-107.0,-104.0,-102.0,-100.0,-96.0,-19.0,1.7120952016920907,-23.0,-21.0,-20.0,-19.0,-18.0,-16.0,-13.0
40.4605,-86.9165,0,66736,47,lte,1966,146,-101.0,7.783416839942367,-110.0,-107.0,-106.0,-101.0,-91.0,-87.5,-82.0,-16.0,1.4310808649881035,-19.0,-17.0,-16.0,-16.0,-14.0,-13.0,-13.0
40.4605,-86.9165,0,66736,304,lte,1966,81,-109.0,3.818126035079655,-117.0,-114.0,-110.0,-109.0,-105.0,-104.0,-102.0,-19.0,1.420202559018246,-21.0,-20.0,-19.0,-19.0,-18.0,-17.0,-14.0
40.4605,-86.9165,0,66736,393,lte,1966,146,-105.0,6.110198850714794,-114.0,-110.0,-108.0,-105.0,-98.25,-94.0,-89.0,-17.0,1.9247658729218144,-22.0,-20.0,-19.0,-17.0,-16.0,-15.0,-14.0
40.4605,-86.9165,0,66736,408,lte,1966,9,-107.0,2.958039891549808,-112.0,-112.0,-107.0,-107.0,-106.0,-104.6,-103.0,-19.0,1.0540925533894598,-21.0,-20.2,-20.0,-19.0,-18.0,-18.0,-18.0
40.4605,-86.9165,0,125290,121,sub6,1966,29,-119.0,6.067152942491743,-134.0,-127.0,-121.0,-119.0,-116.0,-110.8,-108.0,-22.0,4.6240429711470865,-35.0,-30.0,-25.0,-22.0,-20.0,-18.8,-17.0
40.4605,-86.9165,0,125290,359,sub6,1966,12,-120.5,2.6671401094873817,-126.0,-123.0,-123.0,-120.5,-119.0,-119.0,-116.0,-21.0,2.6400183654090306,-28.0,-23.9,-22.25,-21.0,-20.75,-20.0,-17.0
40.4605,-86.9165,0,125290,372,sub6,1966,302,-102.0,6.4806057481972665,-119.0,-113.0,-108.0,-102.0,-98.0,-96.0,-93.0,-12.0,0.9213952569875382,-16.0,-13.0,-13.0,-12.0,-11.0,-11.0,-10.0
40.4605,-86.9165,0,125290,403,sub6,1966,282,-108.0,8.589065145855848,-136.0,-120.0,-114.0,-108.0,-101.0,-99.0,-94.0,-15.0,4.100827852580475,-37.0,-21.0,-17.0,-15.0,-14.0,-13.0,-11.0
40.4605,-86.9165,0,125290,479,sub6,1966,33,-117.0,7.375096301374338,-135.0,-129.6,-125.0,-117.0,-113.0,-112.0,-109.0,-23.0,5.4545296716943374,-36.0,-31.8,-29.0,-23.0,-20.0,-19.0,-17.0
40.4605,-86.9165,0,520110,10,sub6,1966,26,-112.5,1.7702672549211753,-115.0,-114.5,-114.0,-112.5,-111.25,-110.0,-109.0,-14.0,0.9774377808252634,-15.0,-15.0,-14.0,-14.0,-13.0,-12.5,-11.0
40.4605,-86.9165,0,520110,147,sub6,1966,23,-119.0,5.187397315522584,-137.0,-124.0,-120.0,-119.0,-117.0,-115.4,-115.0,-16.0,5.4797507228148365,-37.0,-21.0,-17.5,-16.0,-15.5,-14.2,-14.0
40.4605,-86.9165,0,520110,472,sub6,1966,24,-114.0,2.513730411104211,-120.0,-118.7,-114.0,-114.0,-113.0,-112.0,-111.0,-15.0,1.7398775569112552,-20.0,-17.7,-16.0,-15.0,-14.0,-14.0,-13.0
40.4605,-86.9165,0,520110,515,sub6,1966,28,-102.0,1.0615950861718073,-105.0,-104.0,-103.0,-102.0,-102.0,-101.0,-101.0,-10.0,0.1924500897298753,-11.0,-10.0,-10.0,-10.0,-10.0,-10.0,-10.0
40.4605,-86.9165,0,520110,685,sub6,1966,3,-122.0,8.660254037844387,-137.0,-134.0,-129.5,-122.0,-122.0,-122.0,-122.0,-19.0,10.392304845413264,-37.0,-33.4,-28.0,-19.0,-19.0,-19.0,-19.0
40.4605,-86.9165,0,520110,838,sub6,1966,26,-115.0,4.344404004445967,-136.0,-117.0,-116.75,-115.0,-114.0,-114.0,-113.0,-15.0,4.331814329425418,-36.0,-18.0,-16.75,-15.0,-14.25,-14.0,-13.0
40.4605,-86.916,0,1001,50,lte,1647,236,-94.0,1.8846036658355814,-97.0,-96.0,-95.0,-94.0,-92.0,-91.0,-87.0,-10.0,0.6854707701309617,-11.0,-11.0,-10.0,-10.0,-9.0,-9.0,-8.0
40.4605,-86.916,0,1001,112,lte,1647,14,-106.0,1.786703022974913,-109.0,-107.0,-106.75,-106.0,-104.25,-103.0,-103.0,-21.0,1.016349857562362,-22.0,-21.0,-21.0,-21.0,-20.0,-19.299999999999997,-18.0
40.4605,-86.916,0,1001,240,lte,1647,8,-104.0,2.49284690951645,-109.0,-106.9,-105.25,-104.0,-102.75,-101.7,-101.0,-20.5,0.7440238091428449,-22.0,-21.3,-21.0,-20.5,-20.0,-20.0,-20.0
40.4605,-86.916,0,1001,284,lte,1647,7,-105.0,0.6900655593423543,-106.0,-106.0,-105.5,-105.0,-105.0,-104.6,-104.0,-20.0,0.7559289460184544,-21.0,-21.0,-21.0,-20.0,-20.0,-19.6,-19.0
40.4605,-86.916,0,1001,289,lte,1647,1,-105.0,nan,-105.0,-105.0,-105.0,-105.0,-105.0,-105.0,-105.0,-20.0,nan,-20.0,-20.0,-20.0,-20.0,-20.0,-20.0,-20.0
40.4605,-86.916,0,1001,393,lte,1647,52,-104.0,2.8109755798311795,-111.0,-106.9,-105.0,-104.0,-101.0,-100.0,-96.0,-20.0,1.3094101927166852,-23.0,-21.0,-21.0,-20.0,-19.0,-18.0,-17.0
40.4605,-86.916,0,1001,408,lte,1647,4,-102.0,2.0,-106.0,-104.8,-103.0,-102.0,-102.0,-102.0,-102.0,-19.5,1.4142135623730951,-22.0,-21.4,-20.5,-19.5,-19.0,-19.0,-19.0
40.4605,-86.916,0,1001,414,lte,1647,8,-106.5,3.1622776601683795,-113.0,-110.9,-107.75,-106.5,-105.0,-104.4,-103.0,-20.5,1.8322507626258087,-23.0,-23.0,-22.25,-20.5,-19.75,-18.7,-18.0
40.4605,-86.916,0,1001,448,lte,1647,212,-104.0,3.516062197099342,-112.0,-108.0,-106.0,-104.0,-101.0,-98.1,-94.0,-19.0,2.234822927025079,-24.0,-21.0,-20.0,-19.0,-18.0,-16.0,-11.0
40.4605,-86.916,0,66736,47,lte,1647,105,-101.0,4.6141802457922445,-111.0,-109.0,-106.0,-101.0,-99.0,-97.0,-95.0,-15.0,0.8257530695481142,-17.0,-16.0,-16.0,-15.0,-15.0,-14.0,-14.0
40.4605,-86.916,0,66736,138,lte,1647,1,-110.0,nan,-110.0,-110.0,-110.0,-110.0,-110.0,-110.0,-110.0,-18.0,nan,-18.0,-18.0,-18.0,-18.0,-18.0,-18.0,-18.0
40.4605,-86.916,0,66736,147,lte,1647,1,-103.0,nan,-103.0,-103.0,-103.0,-103.0,-103.0,-103.0,-103.0,-22.0,nan,-22.0,-22.0,-22.0,-22.0,-22.0,-22.0,-22.0
40.4605,-86.916,0,66736,210,lte,1647,7,-107.0,1.8257418583505538,-111.0,-110.4,-109.0,-107.0,-107.0,-106.6,-106.0,-20.0,0.5345224838248488,-21.0,-21.0,-21.0,-20.0,-20.0,-20.0,-20.0
40.4605,-86.916,0,66736,304,lte,1647,99,-106.0,7.482378116060198,-119.0,-116.0,-113.0,-106.0,-99.0,-97.0,-93.0,-18.0,2.5413099042982936,-22.0,-20.0,-19.0,-18.0,-15.0,-13.0,-12.0
40.4605,-86.916,0,66736,334,lte,1647,2,-102.0,2.8284271247461903,-104.0,-103.6,-103.0,-102.0,-101.0,-100.4,-100.0,-18.5,0.7071067811865476,-19.0,-18.9,-18.75,-18.5,-18.25,-18.1,-18.0
40.4605,-86.916,0,66736,393,lte,1647,99,-109.0,4.981433266250386,-121.0,-115.0,-113.0,-109.0,-104.0,-103.0,-100.0,-20.0,1.9117835944633919,-23.0,-21.0,-20.0,-20.0,-18.5,-16.0,-14.0
40.4605,-86.916,0,66736,408,lte,1647,26,-104.0,3.746793500910016,-109.0,-108.5,-107.0,-104.0,-102.0,-98.5,-97.0,-20.0,1.555140359730124,-22.0,-21.0,-20.0,-20.0,-19.0,-17.0,-16.0
40.4605,-86.916,0,125290,121,sub6,1647,138,-113.0,6.847649186097336,-135.0,-121.0,-118.0,-113.0,-107.0,-105.0,-104.0,-17.0,4.5253730647566295,-35.0,-25.0,-22.0,-17.0,-16.0,-15.0,-12.0
40.4605,-86.916,0,125290,359,sub6,1647,10,-119.5,8.175845182269809,-135.0,-133.2,-127.75,-119.5,-116.0,-114.6,-111.0,-21.0,7.378647873726218,-36.0,-34.2,-30.0,-21.0,-18.0,-17.0,-17.0
40.4605,-86.916,0,125290,372,sub6,1647,269,-103.0,4.184119065624658,-114.0,-109.2,-106.0,-103.0,-101.0,-98.0,-95.0,-13.0,1.1348489549650933,-16.0,-14.0,-13.0,-13.0,-12.0,-11.0,-11.0
40.4605,-86.916,0,125290,403,sub6,1647,267,-108.0,5.581489318000675,-129.0,-115.0,-112.0,-108.0,-104.0,-102.0,-97.0,-15.0,3.2549354046969916,-33.0,-21.0,-17.0,-15.0,-15.0,-14.0,-13.0
40.4605,-86.916,0,125290,479,sub6,1647,72,-114.0,5.654346590700125,-131.0,-121.9,-117.0,-114.0,-109.0,-108.0,-102.0,-21.0,3.997040180363825,-33.0,-27.0,-23.0,-21.0,-18.0,-17.0,-14.0
40.4605,-86.916,0,125290,483,sub6,1647,9,-115.0,7.790663928346829,-132.0,-129.6,-123.0,-115.0,-113.0,-111.8,-111.0,-18.0,6.383572667401852,-33.0,-30.6,-25.0,-18.0,-17.0,-16.8,-16.0
40.4605,-86.9155,0,1001,50,lte,300,46,-94.0,1.9431534706831624,-96.0,-95.0,-94.0,-94.0,-91.0,-91.0,-88.0,-10.0,0.44396108982135174,-10.0,-10.0,-10.0,-10.0,-9.25,-9.0,-9.0
40.4605,-86.9155,0,1001,289,lte,300,12,-105.5,2.870962250261094,-107.0,-106.0,-106.0,-105.5,-104.0,-99.5,-98.0,-20.0,0.90033663737852,-21.0,-21.0,-21.0,-20.0,-20.0,-19.1,-18.0
40.4605,-86.9155,0,1001,448,lte,300,24,-102.0,2.765928834738988,-107.0,-105.7,-104.0,-102.0,-100.0,-99.3,-97.0,-18.0,1.6762406177800526,-21.0,-20.0,-19.25,-18.0,-17.0,-16.3,-14.0
40.4605,-86.9155,0,66736,47,lte,300,35,-99.0,2.8426523299389874,-106.0,-105.0,-100.5,-99.0,-98.0,-97.0,-96.0,-15.0,0.8096061912275307,-17.0,-16.0,-16.0,-15.0,-15.0,-14.0,-13.0
40.4605,-86.9155,0,66736,147,lte,300,10,-106.0,2.3213980461973533,-111.0,-109.2,-107.75,-106.0,-105.0,-104.8,-103.0,-20.5,0.8232726023485647,-22.0,-22.0,-21.0,-20.5,-20.0,-20.0,-20.0
40.4605,-86.9155,0,66736,304,lte,300,35,-103.0,4.168307800051047,-113.0,-110.6,-106.0,-103.0,-101.0,-100.0,-97.0,-17.0,1.5240370978523627,-20.0,-19.0,-18.5,-17.0,-16.0,-15.0,-14.0
40.4605,-86.9155,0,66736,393,lte,300,31,-105.0,3.411240117579668,-114.0,-112.0,-106.5,-105.0,-104.0,-102.0,-101.0,-20.0,0.9146360695844801,-21.0,-21.0,-20.0,-20.0,-19.0,-19.0,-18.0
40.4605,-86.9155,0,125290,121,sub6,300,31,-116.0,3.582814416040126,-126.0,-122.0,-119.5,-116.0,-115.0,-113.0,-112.0,-21.0,3.1957633244354082,-28.0,-25.0,-22.5,-21.0,-18.0,-17.0,-16.0
40.4605,-86.9155,0,125290,372,sub6,300,37,-108.0,2.010856420419803,-110.0,-109.4,-108.0,-108.0,-106.0,-104.0,-102.0,-12.0,0.7007074931745706,-14.0,-13.0,-12.0,-12.0,-12.0,-11.600000000000001,-11.0
40.4605,-86.9155,0,125290,403,sub6,300,37,-111.0,2.4061982025157014,-116.0,-115.0,-113.0,-111.0,-110.0,-108.6,-106.0,-16.0,1.9362978203905636,-22.0,-18.4,-17.0,-16.0,-15.0,-14.0,-13.0
40.4605,-86.9155,0,125290,483,sub6,300,2,-111.0,0.0,-111.0,-111.0,-111.0,-111.0,-111.0,-111.0,-111.0,-14.5,0.7071067811865476,-15.0,-14.9,-14.75,-14.5,-14.25,-14.1,-14.0
40.4605,-86.915,0,1001,50,lte,774,344,-89.0,2.785782738014801,-93.0,-91.0,-90.0,-89.0,-86.0,-84.0,-82.0,-9.0,0.5247210934521525,-10.0,-10.0,-10.0,-9.0,-9.0,-9.0,-8.0
40.4605,-86.915,0,1001,414,lte,774,5,-103.0,3.1144823004794873,-105.0,-104.6,-104.0,-103.0,-99.0,-98.4,-98.0,-19.0,1.140175425099138,-21.0,-20.6,-20.0,-19.0,-19.0,-18.4,-18.0
40.4605,-86.915,0,1001,448,lte,774,3,-103.0,3.511884584284246,-106.0,-105.4,-104.5,-103.0,-101.0,-99.8,-99.0,-21.0,0.5773502691896258,-22.0,-21.8,-21.5,-21.0,-21.0,-21.0,-21.0
40.4605,-86.915,0,66736,47,lte,774,64,-97.0,3.2242570203588508,-105.0,-103.0,-98.25,-97.0,-96.0,-95.0,-93.0,-14.0,0.36967113226724374,-15.0,-14.0,-14.0,-14.0,-14.0,-13.299999999999997,-13.0
40.4605,-86.915,0,66736,210,lte,774,7,-103.0,2.0701966780270626,-107.0,-105.8,-104.5,-103.0,-102.0,-101.6,-101.0,-19.0,0.5773502691896257,-20.0,-19.4,-19.0,-19.0,-19.0,-18.6,-18.0
40.4605,-86.915,0,66736,304,lte,774,25,-107.0,4.077580982232806,-113.0,-112.0,-111.0,-107.0,-104.0,-101.4,-100.0,-19.0,0.8164965809277259,-21.0,-20.0,-20.0,-19.0,-19.0,-18.0,-18.0
40.4605,-86.915,0,66736,393,lte,774,64,-105.0,3.7070289305673745,-114.0,-111.0,-108.25,-105.0,-103.0,-102.0,-99.0,-20.0,0.9235402467145584,-22.0,-21.0,-21.0,-20.0,-19.0,-19.0,-18.0
40.4605,-86.915,0,125290,121,sub6,774,60,-118.5,3.475296191092094,-130.0,-125.0,-121.0,-118.5,-117.0,-116.0,-114.0,-19.0,3.8530932617334637,-31.0,-26.0,-22.0,-19.0,-17.0,-16.0,-15.0
40.4605,-86.915,0,125290,372,sub6,774,93,-111.0,1.6427693012386446,-114.0,-113.8,-112.0,-111.0,-110.0,-109.0,-107.0,-13.0,0.6311235778728159,-14.0,-13.0,-13.0,-13.0,-12.0,-12.0,-12.0
40.4605,-86.915,0,125290,403,sub6,774,93,-115.0,1.9825677882642785,-121.0,-117.0,-116.0,-115.0,-114.0,-113.0,-111.0,-15.0,1.32724181198811,-20.0,-17.0,-16.0,-15.0,-14.0,-14.0,-13.0
40.4605,-86.915,0,125290,483,sub6,774,10,-120.5,1.7669811040931427,-125.0,-123.2,-122.5,-120.5,-120.0,-120.0,-120.0,-19.0,2.2135943621178655,-25.0,-23.2,-21.25,-19.0,-19.0,-19.0,-19.0
40.4605,-86.915,0,520110,10,sub6,774,4,-120.0,0.816496580927726,-121.0,-120.7,-120.25,-120.0,-119.75,-119.3,-119.0,-16.0,0.816496580927726,-17.0,-16.7,-16.25,-16.0,-15.75,-15.3,-15.0
40.4605,-86.915,0,520110,472,sub6,774,2,-127.0,12.727922061357855,-136.0,-134.2,-131.5,-127.0,-122.5,-119.8,-118.0,-25.5,14.849242404917497,-36.0,-33.9,-30.75,-25.5,-20.25,-17.1,-15.0
40.461,-86.9335,0,125290,372,sub6,31,31,-79.0,0.44480272297456924,-80.0,-80.0,-79.5,-79.0,-79.0,-79.0,-79.0,-10.0,0.0,-10.0,-10.0,-10.0,-10.0,-10.0,-10.0,-10.0
40.461,-86.921,0,1001,50,lte,3023,1339,-90.0,1.722415585846613,-97.0,-92.0,-91.0,-90.0,-89.0,-88.0,-85.0,-9.0,0.5322220113970472,-10.0,-10.0,-10.0,-9.0,-9.0,-9.0,-7.0
40.461,-86.921,0,1001,107,lte,3023,11,-101.0,2.6111648393354674,-106.0,-105.0,-103.5,-101.0,-100.5,-98.0,-98.0,-20.0,0.873862897505303,-21.0,-21.0,-20.5,-20.0,-19.0,-19.0,-19.0
40.461,-86.921,0,1001,240,lte,3023,1,-104.0,nan,-104.0,-104.0,-104.0,-104.0,-104.0,-104.0,-104.0,-20.0,nan,-20.0,-20.0,-20.0,-20.0,-20.0,-20.0,-20.0
40.461,-86.921,0,1001,331,lte,3023,11,-101.0,2.898275349237888,-106.0,-104.0,-103.0,-101.0,-99.5,-98.0,-96.0,-20.0,0.5222329678670934,-21.0,-21.0,-21.0,-20.0,-20.0,-20.0,-20.0
40.461,-86.921,0,1001,393,lte,3023,39,-102.0,2.0194733483233684,-106.0,-105.0,-104.0,-102.0,-101.0,-100.0,-96.0,-20.0,0.940181163809787,-22.0,-21.0,-20.0,-20.0,-19.0,-19.0,-18.0
40.461,-86.921,0,1001,448,lte,3023,12,-100.5,2.593698657761292,-105.0,-104.9,-102.5,-100.5,-99.75,-98.1,-97.0,-20.0,0.834847109936722,-21.0,-21.0,-20.25,-20.0,-19.0,-19.0,-19.0
40.461,-86.921,0,66736,47,lte,3023,375,-97.0,2.017304814988935,-101.0,-99.0,-98.0,-97.0,-96.0,-94.0,-89.0,-14.0,0.645875437072741,-14.0,-14.0,-14.0,-14.0,-13.0,-13.0,-11.0
40.461,-86.921,0,66736,132,lte,3023,8,-104.5,2.138089935299395,-109.0,-106.2,-105.0,-104.5,-103.0,-102.7,-102.0,-19.0,1.3024701806293193,-22.0,-21.3,-20.25,-19.0,-19.0,-18.7,-18.0
40.461,-86.921,0,66736,304,lte,3023,72,-105.0,2.24510421979615,-112.0,-107.0,-106.0,-105.0,-103.0,-102.0,-101.0,-19.0,1.2043706270076284,-22.0,-21.0,-20.0,-19.0,-19.0,-18.0,-16.0
40.461,-86.921,0,66736,393,lte,3023,290,-104.0,2.880559942384958,-113.0,-108.0,-106.0,-104.0,-102.0,-101.0,-93.0,-20.0,0.9398063048868958,-22.0,-21.0,-20.0,-20.0,-19.0,-18.0,-16.0
40.461,-86.921,0,125290,121,sub6,3023,69,-119.0,3.6601701729290745,-126.0,-124.0,-122.0,-119.0,-116.0,-114.0,-111.0,-22.0,3.4946067324999195,-29.0,-27.0,-25.0,-22.0,-19.0,-18.0,-14.0
40.461,-86.921,0,125290,372,sub6,3023,405,-99.0,3.5543864964768,-107.0,-104.0,-102.0,-99.0,-96.0,-94.0,-90.0,-11.0,0.7041011750702894,-14.0,-12.0,-11.0,-11.0,-11.0,-10.0,-10.0
40.461,-86.921,0,125290,403,sub6,3023,391,-110.0,7.424297373352346,-133.0,-122.0,-116.0,-110.0,-106.0,-103.0,-100.0,-18.0,5.319586437764108,-35.0,-28.0,-23.0,-18.0,-16.0,-14.0,-11.0
40.461,-86.9205,0,1001,50,lte,124,17,-92.0,0.8269362305593853,-94.0,-93.0,-92.0,-92.0,-92.0,-91.0,-91.0,-9.0,0.24253562503633297,-9.0,-9.0,-9.0,-9.0,-9.0,-9.0,-8.0
40.461,-86.9205,0,1001,240,lte,124,17,-104.0,1.9516207442563638,-108.0,-106.0,-105.0,-104.0,-103.0,-101.0,-101.0,-21.0,1.0036697371030323,-22.0,-21.4,-21.0,-21.0,-20.0,-19.0,-19.0
40.461,-86.9205,0,1001,414,lte,124,3,-104.0,2.516611478423583,-106.0,-105.6,-105.0,-104.0,-102.5,-101.6,-101.0,-20.0,1.0,-21.0,-20.8,-20.5,-20.0,-19.5,-19.2,-19.0
40.461,-86.9205,0,1001,448,lte,124,17,-103.0,1.9364916731037085,-106.0,-105.0,-105.0,-103.0,-102.0,-100.6,-99.0,-20.0,0.8574929257125442,-21.0,-21.0,-20.0,-20.0,-19.0,-19.0,-18.0
40.461,-86.9205,0,66736,47,lte,124,17,-97.0,1.2631659571466125,-99.0,-99.0,-98.0,-97.0,-96.0,-96.0,-95.0,-13.0,0.5622957145383871,-14.0,-14.0,-14.0,-13.0,-13.0,-13.0,-12.0
40.461,-86.9205,0,66736,393,lte,124,17,-104.0,2.294494689981422,-109.0,-107.4,-106.0,-104.0,-103.0,-102.6,-100.0,-19.0,1.0571882797418484,-22.0,-20.4,-20.0,-19.0,-19.0,-18.0,-18.0
40.461,-86.9205,0,125290,372,sub6,124,18,-96.0,2.98142396999972,-103.0,-100.6,-100.0,-96.0,-95.0,-94.0,-94.0,-11.0,0.41617618189786515,-12.0,-11.3,-11.0,-11.0,-11.0,-11.0,-10.0
40.461,-86.9205,0,125290,403,sub6,124,18,-107.5,4.999673191934028,-121.0,-114.9,-112.75,-107.5,-106.0,-103.7,-103.0,-19.0,3.5645311547160277,-25.0,-23.6,-20.0,-19.0,-15.25,-14.7,-14.0
40.461,-86.9185,0,1001,50,lte,9,5,-91.0,0.8944271909999159,-93.0,-92.6,-92.0,-91.0,-91.0,-91.0,-91.0,-10.0,0.0,-10.0,-10.0,-10.0,-10.0,-10.0,-10.0,-10.0
40.461,-86.9185,0,66736,47,lte,9,1,-100.0,nan,-100.0,-100.0,-100.0,-100.0,-100.0,-100.0,-100.0,-14.0,nan,-14.0,-14.0,-14.0,-14.0,-14.0,-14.0,-14.0
40.461,-86.9185,0,66736,118,lte,9,1,-107.0,nan,-107.0,-107.0,-107.0,-107.0,-107.0,-107.0,-107.0,-20.0,nan,-20.0,-20.0,-20.0,-20.0,-20.0,-20.0,-20.0
40.461,-86.9185,0,66736,393,lte,9,1,-107.0,nan,-107.0,-107.0,-107.0,-107.0,-107.0,-107.0,-107.0,-19.0,nan,-19.0,-19.0,-19.0,-19.0,-19.0,-19.0,-19.0
40.461,-86.9185,0,125290,372,sub6,9,1,-99.0,nan,-99.0,-99.0,-99.0,-99.0,-99.0,-99.0,-99.0,-10.0,nan,-10.0,-10.0,-10.0,-10.0,-10.0,-10.0,-10.0
40.461,-86.918,0,1001,50,lte,444,73,-92.0,3.7509004499843166,-100.0,-100.0,-98.0,-92.0,-91.0,-91.0,-88.0,-10.0,0.9643571845015975,-12.0,-12.0,-11.0,-10.0,-10.0,-9.0,-8.0
40.461,-86.918,0,1001,393,lte,444,34,-106.0,2.8734447083559136,-109.0,-108.0,-108.0,-106.0,-105.0,-101.0,-98.0,-19.0,1.3736117607105034,-21.0,-20.7,-19.75,-19.0,-18.25,-17.0,-16.0
40.461,-86.918,0,1001,448,lte,444,34,-105.0,2.188936693983493,-107.0,-106.0,-106.0,-105.0,-103.0,-101.3,-98.0,-17.5,1.5581423191194745,-21.0,-20.0,-18.0,-17.5,-17.0,-17.0,-13.0
40.461,-86.918,0,66736,47,lte,444,45,-104.0,2.6670454276467255,-107.0,-105.0,-105.0,-104.0,-101.0,-99.0,-97.0,-15.0,0.7964568000484611,-16.0,-16.0,-16.0,-15.0,-15.0,-14.0,-13.0
40.461,-86.918,0,66736,118,lte,444,2,-105.5,2.1213203435596424,-107.0,-106.7,-106.25,-105.5,-104.75,-104.3,-104.0,-19.5,0.7071067811865476,-20.0,-19.9,-19.75,-19.5,-19.25,-19.1,-19.0
40.461,-86.918,0,66736,304,lte,444,38,-106.0,1.575957339610788,-108.0,-107.3,-107.0,-106.0,-106.0,-103.69999999999999,-102.0,-17.0,1.4509525002200225,-19.0,-18.3,-18.0,-17.0,-16.25,-14.699999999999996,-13.0
40.461,-86.918,0,66736,393,lte,444,45,-109.0,2.2763607319179844,-113.0,-110.0,-109.0,-109.0,-107.0,-105.0,-101.0,-19.0,0.9974715509474413,-21.0,-20.0,-20.0,-19.0,-19.0,-18.0,-17.0
40.461,-86.918,0,66736,408,lte,444,37,-108.0,1.5017507300664965,-111.0,-110.0,-110.0,-108.0,-108.0,-107.0,-104.0,-19.0,0.8945950482203107,-21.0,-20.4,-20.0,-19.0,-19.0,-18.0,-18.0
40.461,-86.918,0,125290,121,sub6,444,4,-114.5,2.3804761428476167,-117.0,-116.7,-116.25,-114.5,-112.75,-112.3,-112.0,-20.5,2.0615528128088303,-22.0,-22.0,-22.0,-20.5,-18.75,-18.3,-18.0
40.461,-86.918,0,125290,372,sub6,444,74,-107.0,3.8687270827782454,-111.0,-108.0,-108.0,-107.0,-103.0,-98.3,-97.0,-10.0,0.42353040994140145,-11.0,-11.0,-10.0,-10.0,-10.0,-10.0,-10.0
40.461,-86.918,0,125290,403,sub6,444,58,-122.0,4.246916250722793,-131.0,-123.3,-122.75,-122.0,-118.0,-114.0,-108.0,-16.0,3.3731888331089994,-33.0,-18.0,-17.0,-16.0,-16.0,-14.699999999999996,-14.0
40.461,-86.9175,0,1001,50,lte,303,84,-84.0,6.643490984510601,-95.0,-90.0,-86.0,-84.0,-79.5,-72.0,-71.0,-9.0,0.3749163226587811,-10.0,-10.0,-9.0,-9.0,-9.0,-9.0,-9.0
40.461,-86.9175,0,1001,393,lte,303,15,-102.0,3.0628340439782864,-106.0,-106.0,-103.5,-102.0,-98.5,-98.0,-98.0,-20.0,0.7988086367179801,-21.0,-21.0,-21.0,-20.0,-19.5,-19.0,-19.0
40.461,-86.9175,0,1001,414,lte,303,5,-100.0,1.51657508881031,-101.0,-100.6,-100.0,-100.0,-99.0,-97.8,-97.0,-20.0,1.140175425099138,-22.0,-21.6,-21.0,-20.0,-20.0,-19.4,-19.0
40.461,-86.9175,0,1001,448,lte,303,12,-101.0,3.1754264805429413,-106.0,-104.0,-102.5,-101.0,-99.75,-96.3,-95.0,-19.0,1.0730867399773198,-20.0,-20.0,-19.25,-19.0,-18.0,-17.1,-17.0
40.461,-86.9175,0,66736,47,lte,303,30,-97.5,7.378440167836616,-103.0,-103.0,-101.75,-97.5,-92.0,-82.0,-81.0,-14.5,1.040004420857094,-16.0,-16.0,-15.0,-14.5,-14.0,-13.0,-13.0
40.461,-86.9175,0,66736,304,lte,303,9,-107.0,2.9059326290271157,-110.0,-108.4,-107.0,-107.0,-104.0,-101.8,-101.0,-19.0,0.9718253158075499,-20.0,-20.0,-20.0,-19.0,-19.0,-18.6,-17.0
40.461,-86.9175,0,66736,393,lte,303,30,-103.5,6.616332977485755,-109.0,-107.1,-106.0,-103.5,-100.25,-88.9,-87.0,-19.0,1.4527025943345064,-21.0,-20.0,-19.0,-19.0,-17.25,-16.0,-16.0
40.461,-86.9175,0,66736,408,lte,303,16,-108.0,2.0289570391377603,-110.0,-109.5,-109.0,-108.0,-106.0,-105.0,-103.0,-20.0,0.6800735254367721,-21.0,-21.0,-20.25,-20.0,-20.0,-19.0,-19.0
40.461,-86.9175,0,125290,121,sub6,303,19,-113.0,3.77665962124426,-124.0,-119.8,-115.5,-113.0,-112.0,-111.8,-111.0,-21.0,2.676516895156553,-27.0,-24.4,-22.5,-21.0,-19.0,-18.8,-17.0
40.461,-86.9175,0,125290,372,sub6,303,43,-101.0,2.460091202875887,-109.0,-104.8,-102.0,-101.0,-100.0,-98.19999999999999,-97.0,-11.0,0.48453377483827226,-13.0,-12.0,-11.0,-11.0,-11.0,-11.0,-10.0
40.461,-86.9175,0,125290,403,sub6,303,40,-115.5,8.74114936994514,-135.0,-127.2,-123.0,-115.5,-108.75,-105.9,-103.0,-22.0,5.920358183897409,-36.0,-31.1,-27.0,-22.0,-17.75,-16.9,-15.0
40.461,-86.917,0,1001,50,lte,535,159,-91.0,3.567928955136154,-98.0,-94.0,-92.0,-91.0,-90.0,-83.79999999999998,-81.0,-9.0,0.6437836963262135,-11.0,-10.0,-10.0,-9.0,-9.0,-9.0,-9.0
40.461,-86.917,0,1001,393,lte,535,24,-104.0,1.8371173070873836,-106.0,-105.0,-105.0,-104.0,-102.0,-101.0,-99.0,-19.0,1.0072203103706698,-21.0,-21.0,-20.0,-19.0,-19.0,-18.0,-18.0
40.461,-86.917,0,1001,448,lte,535,28,-103.0,4.6501976973391805,-106.0,-105.0,-104.0,-103.0,-100.0,-93.0,-89.0,-19.0,1.2863754913562002,-20.0,-20.0,-20.0,-19.0,-18.0,-17.0,-16.0
40.461,-86.917,0,66736,47,lte,535,69,-98.0,3.8191200229058797,-106.0,-105.0,-100.0,-98.0,-96.0,-94.0,-93.0,-15.0,0.6973949822703213,-16.0,-16.0,-15.0,-15.0,-15.0,-14.0,-13.0
40.461,-86.917,0,66736,304,lte,535,50,-104.5,2.6283384989962992,-109.0,-107.0,-106.0,-104.5,-102.25,-100.0,-99.0,-19.0,1.6314510881608515,-21.0,-20.1,-20.0,-19.0,-17.0,-16.0,-15.0
40.461,-86.917,0,66736,393,lte,535,69,-104.0,3.017637835694814,-111.0,-109.0,-106.0,-104.0,-102.0,-101.0,-99.0,-19.0,1.0694151503758345,-21.0,-20.0,-19.0,-19.0,-18.0,-17.0,-16.0
40.461,-86.917,0,66736,408,lte,535,14,-110.0,1.0994504121565505,-112.0,-111.7,-111.0,-110.0,-109.0,-109.0,-109.0,-20.0,0.7703288865196432,-21.0,-20.7,-20.0,-20.0,-20.0,-19.0,-18.0
40.461,-86.917,0,125290,372,sub6,535,62,-101.0,5.031497827291505,-113.0,-109.9,-104.0,-101.0,-99.0,-97.0,-92.0,-11.0,0.6397712441521557,-13.0,-11.899999999999999,-11.0,-11.0,-10.25,-10.0,-10.0
40.461,-86.917,0,125290,403,sub6,535,60,-111.0,6.404690195253407,-124.0,-121.0,-119.25,-111.0,-107.0,-106.0,-102.0,-16.0,3.6568564191196375,-28.0,-23.1,-19.0,-16.0,-15.0,-15.0,-14.0
40.461,-86.9165,0,1001,50,lte,1069,168,-93.0,6.232817841812467,-99.0,-97.0,-96.0,-93.0,-83.0,-82.0,-80.0,-9.0,0.6739426870041768,-11.0,-10.0,-10.0,-9.0,-9.0,-8.699999999999989,-7.0
40.461,-86.9165,0,1001,294,lte,1069,13,-105.0,2.1453587351685734,-108.0,-107.8,-107.0,-105.0,-105.0,-104.0,-100.0,-20.0,1.0377490433255419,-22.0,-21.0,-21.0,-20.0,-19.0,-19.0,-19.0
40.461,-86.9165,0,1001,393,lte,1069,41,-108.0,2.5863148281374992,-112.0,-110.0,-109.0,-108.0,-105.0,-104.0,-101.0,-19.0,1.2336738708071089,-22.0,-21.0,-20.0,-19.0,-18.0,-18.0,-17.0
40.461,-86.9165,0,1001,408,lte,1069,63,-108.0,2.690656302169705,-112.0,-110.0,-109.0,-108.0,-106.0,-103.19999999999999,-99.0,-20.0,1.1195785908984495,-22.0,-21.0,-21.0,-20.0,-19.0,-18.0,-18.0
40.461,-86.9165,0,1001,448,lte,1069,71,-107.0,2.9438747239551577,-110.0,-109.0,-108.0,-107.0,-103.0,-102.0,-99.0,-19.0,1.8116546457125848,-22.0,-21.0,-20.0,-19.0,-17.0,-16.0,-14.0
40.461,-86.9165,0,66736,47,lte,1069,128,-106.0,5.002503064411737,-111.0,-109.0,-107.0,-106.0,-101.0,-94.0,-91.0,-16.0,1.4651252600235432,-18.0,-18.0,-17.0,-16.0,-15.0,-14.0,-12.0
40.461,-86.9165,0,66736,304,lte,1069,60,-112.0,4.346698207919946,-116.0,-115.0,-114.0,-112.0,-108.0,-103.9,-101.0,-19.0,1.0802542073708266,-20.0,-20.0,-19.0,-19.0,-18.0,-17.0,-15.0
40.461,-86.9165,0,66736,393,lte,1069,128,-107.0,4.898075308964069,-116.0,-114.0,-111.0,-107.0,-104.0,-100.0,-96.0,-17.0,1.8883709598195382,-22.0,-20.0,-18.25,-17.0,-16.0,-15.0,-14.0
40.461,-86.9165,0,66736,408,lte,1069,16,-109.0,1.9653244007033546,-113.0,-112.5,-110.0,-109.0,-108.0,-107.5,-106.0,-21.5,2.187083293643233,-26.0,-23.0,-22.0,-21.5,-19.75,-18.5,-17.0
40.461,-86.9165,0,125290,121,sub6,1069,19,-121.0,3.3967648867571674,-128.0,-126.2,-124.5,-121.0,-119.0,-117.8,-117.0,-22.0,3.5442070352579473,-27.0,-27.0,-24.5,-22.0,-18.5,-17.0,-17.0
40.461,-86.9165,0,125290,359,sub6,1069,6,-122.0,4.9564772436345015,-130.0,-127.5,-124.25,-122.0,-118.25,-117.0,-117.0,-21.0,4.996665554814197,-29.0,-26.5,-23.25,-21.0,-18.0,-16.0,-15.0
40.461,-86.9165,0,125290,372,sub6,1069,89,-107.0,5.255353805019659,-117.0,-113.0,-112.0,-107.0,-103.0,-100.0,-96.0,-11.0,0.7368181046265179,-14.0,-13.0,-12.0,-11.0,-11.0,-11.0,-11.0
40.461,-86.9165,0,125290,403,sub6,1069,79,-116.0,6.3003634563349955,-138.0,-122.0,-120.0,-116.0,-113.0,-107.0,-105.0,-17.0,5.022442331352588,-38.0,-27.0,-20.5,-17.0,-16.0,-15.0,-13.0
40.461,-86.9165,0,520110,10,sub6,1069,46,-109.0,1.3441589508031242,-114.0,-110.5,-110.0,-109.0,-109.0,-108.0,-106.0,-12.0,0.6396021490668309,-13.0,-12.0,-12.0,-12.0,-11.0,-11.0,-11.0
40.461,-86.9165,0,520110,98,sub6,1069,9,-121.0,5.92546294487706,-138.0,-126.8,-123.0,-121.0,-120.0,-119.0,-119.0,-16.0,7.333333333333333,-38.0,-21.2,-17.0,-16.0,-16.0,-15.0,-15.0
40.461,-86.9165,0,520110,147,sub6,1069,42,-113.0,2.520531256797354,-121.0,-118.0,-115.0,-113.0,-113.0,-113.0,-112.0,-14.0,1.4880476182856903,-18.0,-16.0,-14.0,-14.0,-13.0,-12.100000000000001,-12.0
40.461,-86.9165,0,520110,472,sub6,1069,28,-117.0,4.69717916025055,-138.0,-124.0,-119.0,-117.0,-116.75,-116.0,-115.0,-19.0,4.526669939452262,-38.0,-26.0,-20.0,-19.0,-18.0,-17.7,-17.0
40.461,-86.9165,0,520110,515,sub6,1069,47,-107.0,3.1448238017026933,-115.0,-111.4,-109.0,-107.0,-105.0,-103.0,-102.0,-11.0,0.890095799001976,-14.0,-12.0,-11.0,-11.0,-10.0,-10.0,-10.0
40.461,-86.9165,0,520110,685,sub6,1069,5,-125.0,4.03732584763727,-126.0,-125.6,-125.0,-125.0,-118.0,-118.0,-118.0,-23.0,3.1144823004794873,-26.0,-25.2,-24.0,-23.0,-19.0,-19.0,-19.0
40.461,-86.9165,0,520110,838,sub6,1069,11,-116.0,3.1101008460703117,-126.0,-120.0,-117.5,-116.0,-116.0,-116.0,-115.0,-16.0,3.327570776516597,-26.0,-20.0,-18.5,-16.0,-15.0,-15.0,-15.0
40.461,-86.916,0,1001,50,lte,1972,391,-93.0,2.5297884292992197,-98.0,-95.0,-95.0,-93.0,-91.0,-89.0,-85.0,-10.0,0.5753135131408952,-11.0,-10.0,-10.0,-10.0,-9.0,-9.0,-8.0
40.461,-86.916,0,1001,112,lte,1972,1,-104.0,nan,-104.0,-104.0,-104.0,-104.0,-104.0,-104.0,-104.0,-20.0,nan,-20.0,-20.0,-20.0,-20.0,-20.0,-20.0,-20.0
40.461,-86.916,0,1001,240,lte,1972,8,-105.0,1.1952286093343936,-106.0,-105.3,-105.0,-105.0,-104.0,-103.4,-102.0,-21.0,1.0606601717798212,-21.0,-21.0,-21.0,-21.0,-20.0,-19.4,-18.0
40.461,-86.916,0,1001,284,lte,1972,1,-105.0,nan,-105.0,-105.0,-105.0,-105.0,-105.0,-105.0,-105.0,-20.0,nan,-20.0,-20.0,-20.0,-20.0,-20.0,-20.0,-20.0
40.461,-86.916,0,1001,294,lte,1972,7,-110.0,1.2149857925879117,-111.0,-111.0,-111.0,-110.0,-109.0,-108.6,-108.0,-21.0,0.5773502691896257,-22.0,-21.4,-21.0,-21.0,-21.0,-20.6,-20.0
40.461,-86.916,0,1001,393,lte,1972,109,-104.0,3.348690414021107,-111.0,-108.2,-106.0,-104.0,-102.0,-99.0,-97.0,-20.0,0.9180672277075091,-23.0,-21.0,-21.0,-20.0,-19.0,-19.0,-18.0
40.461,-86.916,0,1001,408,lte,1972,6,-104.5,3.271085446759225,-106.0,-105.5,-105.0,-104.5,-104.0,-100.5,-97.0,-19.0,0.752772652709081,-20.0,-20.0,-19.75,-19.0,-19.0,-18.5,-18.0
40.461,-86.916,0,1001,414,lte,1972,45,-105.0,3.1691377918030565,-111.0,-109.0,-108.0,-105.0,-103.0,-101.4,-97.0,-21.0,1.044465935734187,-23.0,-22.0,-22.0,-21.0,-20.0,-20.0,-18.0
40.461,-86.916,0,1001,448,lte,1972,251,-104.0,3.0133197005179992,-111.0,-107.0,-106.0,-104.0,-102.0,-100.0,-93.0,-19.0,1.7065983967089038,-22.0,-21.0,-20.0,-19.0,-18.0,-17.0,-14.0
40.461,-86.916,0,66736,47,lte,1972,70,-102.5,3.700176259021464,-111.0,-109.0,-106.0,-102.5,-101.0,-99.0,-96.0,-15.0,0.6724387801454329,-17.0,-16.0,-16.0,-15.0,-15.0,-14.0,-14.0
40.461,-86.916,0,66736,138,lte,1972,13,-112.0,1.8639632438326068,-114.0,-114.0,-113.0,-112.0,-111.0,-109.4,-108.0,-20.0,0.6405126152203485,-21.0,-20.8,-20.0,-20.0,-20.0,-19.0,-19.0
40.461,-86.916,0,66736,210,lte,1972,4,-106.5,3.366501646120693,-107.0,-107.0,-107.0,-106.5,-104.5,-101.8,-100.0,-19.5,1.4142135623730951,-20.0,-20.0,-20.0,-19.5,-18.5,-17.6,-17.0
40.461,-86.916,0,66736,257,lte,1972,14,-113.0,1.7913099142223292,-115.0,-115.0,-114.0,-113.0,-111.25,-110.3,-110.0,-20.0,0.3631365196012814,-21.0,-20.7,-20.0,-20.0,-20.0,-20.0,-20.0
40.461,-86.916,0,66736,304,lte,1972,62,-107.0,3.726823319814432,-117.0,-113.8,-109.0,-107.0,-105.0,-104.0,-100.0,-17.0,1.7449784417094296,-20.0,-19.9,-18.0,-17.0,-16.0,-15.0,-14.0
40.461,-86.916,0,66736,393,lte,1972,67,-109.0,3.6580425695960574,-116.0,-113.4,-111.5,-109.0,-106.0,-104.0,-101.0,-19.0,1.3701937916531206,-20.0,-20.0,-19.0,-19.0,-18.0,-16.0,-15.0
40.461,-86.916,0,66736,408,lte,1972,1,-108.0,nan,-108.0,-108.0,-108.0,-108.0,-108.0,-108.0,-108.0,-19.0,nan,-19.0,-19.0,-19.0,-19.0,-19.0,-19.0,-19.0
40.461,-86.916,0,125290,121,sub6,1972,145,-110.0,5.597635653042684,-131.0,-119.6,-114.0,-110.0,-107.0,-106.0,-104.0,-19.0,4.147484581344505,-34.0,-27.0,-21.0,-19.0,-17.0,-16.0,-14.0
40.461,-86.916,0,125290,359,sub6,1972,18,-120.5,9.344531097808412,-135.0,-132.2,-126.25,-120.5,-109.75,-108.7,-108.0,-24.5,6.921596400544179,-36.0,-34.3,-29.75,-24.5,-18.25,-16.7,-15.0
40.461,-86.916,0,125290,372,sub6,1972,356,-101.0,4.560739869402123,-113.0,-106.0,-104.0,-101.0,-98.0,-95.0,-88.0,-12.0,0.8784490497617808,-15.0,-13.0,-13.0,-12.0,-11.0,-11.0,-11.0
40.461,-86.916,0,125290,403,sub6,1972,346,-105.0,5.304159127160762,-124.0,-113.0,-108.0,-105.0,-102.0,-99.5,-92.0,-15.0,2.370259164732909,-28.0,-19.0,-17.0,-15.0,-15.0,-14.0,-12.0
40.461,-86.916,0,125290,479,sub6,1972,44,-112.0,4.261720562923876,-126.0,-118.7,-116.25,-112.0,-109.75,-108.3,-108.0,-18.0,3.769452716821792,-30.0,-25.0,-22.5,-18.0,-17.0,-17.0,-15.0
40.461,-86.916,0,520110,10,sub6,1972,4,-113.5,1.2909944487358056,-115.0,-114.7,-114.25,-113.5,-112.75,-112.3,-112.0,-14.0,0.5,-14.0,-14.0,-14.0,-14.0,-13.75,-13.3,-13.0
40.461,-86.916,0,520110,472,sub6,1972,2,-116.5,0.7071067811865476,-117.0,-116.9,-116.75,-116.5,-116.25,-116.1,-116.0,-17.0,0.0,-17.0,-17.0,-17.0,-17.0,-17.0,-17.0,-17.0
40.461,-86.916,0,520110,515,sub6,1972,3,-119.0,2.081665999466133,-120.0,-119.8,-119.5,-119.0,-117.5,-116.6,-116.0,-16.0,0.0,-16.0,-16.0,-16.0,-16.0,-16.0,-16.0,-16.0
40.461,-86.916,0,520110,838,sub6,1972,4,-114.0,1.9148542155126762,-117.0,-116.4,-115.5,-114.0,-113.0,-113.0,-113.0,-14.5,0.5773502691896257,-15.0,-15.0,-15.0,-14.5,-14.0,-14.0,-14.0
40.461,-86.9155,0,1001,50,lte,918,134,-93.0,2.4873713127680883,-98.0,-95.0,-95.0,-93.0,-91.0,-90.0,-83.0,-10.0,0.6301090140152419,-11.0,-10.0,-10.0,-10.0,-9.0,-9.0,-8.0
40.461,-86.9155,0,1001,240,lte,918,9,-103.0,3.4075080500434787,-106.0,-105.2,-105.0,-103.0,-101.0,-97.6,-96.0,-20.0,0.7071067811865476,-21.0,-21.0,-20.0,-20.0,-20.0,-19.0,-19.0
40.461,-86.9155,0,1001,393,lte,918,3,-105.0,2.081665999466133,-108.0,-107.4,-106.5,-105.0,-104.5,-104.2,-104.0,-21.0,1.5275252316519465,-23.0,-22.6,-22.0,-21.0,-20.5,-20.2,-20.0
40.461,-86.9155,0,1001,414,lte,918,8,-104.5,1.1952286093343936,-106.0,-106.0,-105.25,-104.5,-103.75,-103.0,-103.0,-20.0,0.8864052604279183,-22.0,-21.3,-20.25,-20.0,-20.0,-19.7,-19.0
40.461,-86.9155,0,1001,448,lte,918,93,-103.0,2.8237538468767585,-108.0,-107.0,-105.0,-103.0,-102.0,-100.0,-93.0,-19.0,1.7536444386489234,-22.0,-21.0,-20.0,-19.0,-18.0,-16.0,-15.0
40.461,-86.9155,0,66736,47,lte,918,96,-105.0,2.4168405866032274,-112.0,-107.0,-106.0,-105.0,-104.0,-102.5,-97.0,-15.0,0.9701125816381476,-17.0,-16.0,-16.0,-15.0,-15.0,-14.0,-12.0
40.461,-86.9155,0,66736,304,lte,918,95,-110.0,3.640416401862206,-117.0,-114.0,-113.0,-110.0,-107.0,-105.0,-101.0,-18.0,2.1221384131504863,-21.0,-19.6,-19.0,-18.0,-15.0,-14.0,-13.0
40.461,-86.9155,0,66736,334,lte,918,10,-110.5,4.756282395129857,-114.0,-114.0,-112.75,-110.5,-105.5,-102.0,-102.0,-20.0,0.5163977794943222,-20.0,-20.0,-20.0,-20.0,-19.0,-19.0,-19.0
40.461,-86.9155,0,66736,393,lte,918,96,-112.0,2.937656304165535,-117.0,-115.0,-113.25,-112.0,-110.0,-109.0,-101.0,-20.0,1.2645209203072667,-22.0,-21.0,-20.0,-20.0,-19.0,-18.0,-15.0
40.461,-86.9155,0,66736,408,lte,918,6,-114.0,1.602081978759722,-116.0,-115.5,-114.75,-114.0,-112.5,-112.0,-112.0,-20.0,0.5163977794943222,-21.0,-21.0,-20.75,-20.0,-20.0,-20.0,-20.0
40.461,-86.9155,0,125290,121,sub6,918,77,-114.0,4.476375291288933,-136.0,-119.0,-116.0,-114.0,-112.0,-111.0,-102.0,-17.0,3.868259467194072,-36.0,-23.4,-19.0,-17.0,-16.0,-15.0,-14.0
40.461,-86.9155,0,125290,359,sub6,918,3,-108.0,1.1547005383792517,-110.0,-109.6,-109.0,-108.0,-108.0,-108.0,-108.0,-15.0,0.0,-15.0,-15.0,-15.0,-15.0,-15.0,-15.0,-15.0
40.461,-86.9155,0,125290,372,sub6,918,127,-107.0,4.565114452700418,-113.0,-111.0,-110.0,-107.0,-102.5,-100.0,-95.0,-12.0,0.9216934469490016,-15.0,-14.0,-13.0,-12.0,-12.0,-11.0,-11.0
40.461,-86.9155,0,125290,403,sub6,918,127,-112.0,4.764849108484095,-135.0,-116.0,-114.0,-112.0,-108.0,-106.0,-100.0,-16.0,2.7447100613425257,-36.0,-19.0,-18.0,-16.0,-15.5,-14.599999999999994,-13.0
40.461,-86.9155,0,125290,479,sub6,918,6,-118.5,3.311595788538611,-122.0,-120.5,-119.0,-118.5,-117.25,-114.5,-112.0,-24.5,2.714160398109638,-27.0,-26.0,-25.0,-24.5,-23.25,-21.0,-19.0
40.461,-86.9155,0,125290,483,sub6,918,18,-114.0,7.798944121595224,-138.0,-125.1,-119.0,-114.0,-113.25,-112.7,-111.0,-18.0,6.79003498985084,-38.0,-28.599999999999998,-24.0,-18.0,-17.0,-16.0,-16.0
40.461,-86.9155,0,520110,10,sub6,918,5,-118.0,1.51657508881031,-119.0,-118.6,-118.0,-118.0,-117.0,-115.8,-115.0,-16.0,1.0954451150103324,-16.0,-16.0,-16.0,-16.0,-14.0,-14.0,-14.0
40.461,-86.9155,0,520110,472,sub6,918,5,-117.0,1.3038404810405297,-119.0,-118.6,-118.0,-117.0,-116.0,-116.0,-116.0,-15.0,1.0,-16.0,-16.0,-16.0,-15.0,-14.0,-14.0,-14.0
40.4615,-86.934,0,125290,372,sub6,19,19,-82.0,1.0975784083941793,-83.0,-82.2,-82.0,-82.0,-80.0,-80.0,-80.0,-10.0,0.0,-10.0,-10.0,-10.0,-10.0,-10.0,-10.0,-10.0
40.4615,-86.9335,0,125290,372,sub6,6,6,-81.0,0.6324555320336759,-82.0,-81.5,-81.0,-81.0,-81.0,-80.5,-80.0,-10.0,0.0,-10.0,-10.0,-10.0,-10.0,-10.0,-10.0,-10.0
40.4615,-86.921,0,1001,50,lte,1435,553,-91.0,2.3243338216450224,-95.0,-93.0,-92.0,-91.0,-89.0,-87.0,-83.0,-9.0,0.5074593617227783,-10.0,-10.0,-10.0,-9.0,-9.0,-9.0,-8.0
40.4615,-86.921,0,1001,240,lte,1435,20,-102.0,2.627786741327146,-105.0,-105.0,-104.0,-102.0,-100.0,-98.8,-96.0,-20.0,0.8127277008872488,-21.0,-21.0,-20.0,-20.0,-19.0,-19.0,-18.0
40.4615,-86.921,0,1001,393,lte,1435,17,-105.0,3.081013966022148,-109.0,-107.0,-105.0,-105.0,-102.0,-100.2,-97.0,-21.0,0.9432422182837985,-23.0,-21.0,-21.0,-21.0,-20.0,-19.6,-19.0
40.4615,-86.921,0,1001,414,lte,1435,33,-102.0,2.3776898643240028,-106.0,-105.0,-104.0,-102.0,-101.0,-99.0,-95.0,-20.0,0.8083372383535787,-21.0,-21.0,-20.0,-20.0,-19.0,-19.0,-18.0
40.4615,-86.921,0,66736,47,lte,1435,168,-97.0,1.9738723215625225,-100.0,-99.0,-98.0,-97.0,-95.0,-94.0,-90.0,-14.0,0.6365170679241589,-15.0,-14.0,-14.0,-14.0,-13.0,-13.0,-12.0
40.4615,-86.921,0,66736,393,lte,1435,152,-104.0,2.7120990033245618,-113.0,-108.0,-106.0,-104.0,-103.0,-101.0,-96.0,-20.0,0.9037893195834399,-22.0,-21.0,-20.0,-20.0,-19.0,-18.099999999999994,-17.0
40.4615,-86.921,0,66736,408,lte,1435,6,-104.5,1.2649110640673518,-107.0,-106.5,-105.75,-104.5,-104.0,-104.0,-104.0,-19.0,0.5163977794943222,-20.0,-20.0,-19.75,-19.0,-19.0,-19.0,-19.0
40.4615,-86.921,0,125290,121,sub6,1435,125,-119.0,5.10644122021236,-134.0,-124.6,-122.0,-119.0,-116.0,-112.0,-105.0,-23.0,3.981116718030337,-36.0,-27.6,-26.0,-23.0,-20.0,-18.0,-17.0
40.4615,-86.921,0,125290,372,sub6,1435,177,-101.0,2.403264557670485,-109.0,-104.0,-103.0,-101.0,-100.0,-99.0,-96.0,-11.0,0.43784150953044554,-13.0,-12.0,-11.0,-11.0,-11.0,-11.0,-10.0
40.4615,-86.921,0,125290,403,sub6,1435,175,-115.0,6.219192709980548,-133.0,-125.0,-120.0,-115.0,-111.0,-109.4,-105.0,-21.0,4.283983230040818,-34.0,-28.0,-24.0,-21.0,-18.0,-17.0,-14.0
40.4615,-86.921,0,520110,10,sub6,1435,1,-124.0,nan,-124.0,-124.0,-124.0,-124.0,-124.0,-124.0,-124.0,-20.0,nan,-20.0,-20.0,-20.0,-20.0,-20.0,-20.0,-20.0
40.4615,-86.921,0,520110,147,sub6,1435,5,-123.0,6.5038450166036395,-137.0,-131.4,-123.0,-123.0,-122.0,-122.0,-122.0,-17.0,8.734987120768983,-36.0,-28.4,-17.0,-17.0,-16.0,-16.0,-16.0
40.4615,-86.921,0,520110,472,sub6,1435,3,-119.0,1.1547005383792517,-121.0,-120.6,-120.0,-119.0,-119.0,-119.0,-119.0,-15.0,0.5773502691896257,-16.0,-15.8,-15.5,-15.0,-15.0,-15.0,-15.0
40.4615,-86.919,0,1001,50,lte,38,20,-80.5,2.641271623569543,-86.0,-86.0,-83.0,-80.5,-79.0,-79.0,-79.0,-9.0,0.0,-9.0,-9.0,-9.0,-9.0,-9.0,-9.0,-9.0
40.4615,-86.919,0,66736,47,lte,38,4,-92.0,2.9860788111948193,-95.0,-94.4,-93.5,-92.0,-90.25,-88.9,-88.0,-14.0,0.5,-15.0,-14.7,-14.25,-14.0,-14.0,-14.0,-14.0
40.4615,-86.919,0,66736,393,lte,38,4,-97.5,4.924428900898052,-103.0,-101.5,-99.25,-97.5,-95.5,-92.8,-91.0,-17.5,0.9574271077563381,-19.0,-18.7,-18.25,-17.5,-17.0,-17.0,-17.0
40.4615,-86.919,0,125290,121,sub6,38,4,-111.0,1.5,-112.0,-112.0,-112.0,-111.0,-109.75,-109.3,-109.0,-19.5,0.9574271077563381,-20.0,-20.0,-20.0,-19.5,-18.75,-18.3,-18.0
40.4615,-86.919,0,125290,372,sub6,38,4,-102.0,1.2583057392117916,-103.0,-102.7,-102.25,-102.0,-101.5,-100.6,-100.0,-12.0,0.0,-12.0,-12.0,-12.0,-12.0,-12.0,-12.0,-12.0
40.4615,-86.919,0,125290,403,sub6,38,2,-115.0,1.4142135623730951,-116.0,-115.8,-115.5,-115.0,-114.5,-114.2,-114.0,-21.5,2.1213203435596424,-23.0,-22.7,-22.25,-21.5,-20.75,-20.3,-20.0
40.4615,-86.9185,0,1001,50,lte,113,58,-87.0,3.4517239264063155,-94.0,-93.0,-93.0,-87.0,-86.0,-85.0,-85.0,-9.0,0.1840592240099194,-10.0,-9.0,-9.0,-9.0,-9.0,-9.0,-9.0
40.4615,-86.9185,0,66736,47,lte,113,11,-97.0,2.119176512447486,-100.0,-100.0,-99.0,-97.0,-95.5,-95.0,-94.0,-14.0,0.5222329678670935,-15.0,-15.0,-15.0,-14.0,-14.0,-14.0,-14.0
40.4615,-86.9185,0,66736,393,lte,113,11,-103.0,3.068905638526838,-108.0,-106.0,-104.0,-103.0,-100.5,-100.0,-97.0,-18.0,1.1361818036340359,-20.0,-20.0,-18.0,-18.0,-18.0,-17.0,-16.0
40.4615,-86.9185,0,125290,121,sub6,113,7,-115.0,8.112306935115548,-126.0,-122.4,-119.5,-115.0,-107.5,-105.2,-104.0,-22.0,5.652643713553946,-29.0,-26.6,-24.0,-22.0,-15.0,-15.0,-15.0
40.4615,-86.9185,0,125290,372,sub6,113,14,-101.5,2.6017745423519636,-106.0,-105.7,-104.5,-101.5,-100.0,-99.0,-99.0,-11.5,1.2314558524297636,-14.0,-13.7,-12.75,-11.5,-11.0,-11.0,-10.0
40.4615,-86.9185,0,125290,403,sub6,113,12,-116.5,5.728054299725698,-126.0,-125.0,-125.0,-116.5,-113.0,-112.1,-111.0,-21.0,3.8376128944009875,-29.0,-28.0,-27.25,-21.0,-20.75,-20.0,-18.0
40.4615,-86.918,0,1001,50,lte,42,2,-94.0,0.0,-94.0,-94.0,-94.0,-94.0,-94.0,-94.0,-94.0,-11.0,0.0,-11.0,-11.0,-11.0,-11.0,-11.0,-11.0,-11.0
40.4615,-86.918,0,1001,393,lte,42,2,-103.0,1.4142135623730951,-104.0,-103.8,-103.5,-103.0,-102.5,-102.2,-102.0,-18.0,0.0,-18.0,-18.0,-18.0,-18.0,-18.0,-18.0,-18.0
40.4615,-86.918,0,1001,448,lte,42,2,-102.0,0.0,-102.0,-102.0,-102.0,-102.0,-102.0,-102.0,-102.0,-17.5,0.7071067811865476,-18.0,-17.9,-17.75,-17.5,-17.25,-17.1,-17.0
40.4615,-86.918,0,66736,47,lte,42,6,-105.5,1.378404875209022,-107.0,-107.0,-106.75,-105.5,-104.25,-104.0,-104.0,-15.0,0.408248290463863,-16.0,-15.5,-15.0,-15.0,-15.0,-15.0,-15.0
40.4615,-86.918,0,66736,304,lte,42,6,-105.5,0.5477225575051661,-106.0,-106.0,-106.0,-105.5,-105.0,-105.0,-105.0,-15.0,1.0954451150103321,-16.0,-16.0,-16.0,-15.0,-14.0,-14.0,-14.0
40.4615,-86.918,0,66736,393,lte,42,6,-110.0,0.8944271909999159,-111.0,-111.0,-110.75,-110.0,-109.25,-109.0,-109.0,-19.0,0.752772652709081,-20.0,-20.0,-19.75,-19.0,-19.0,-18.5,-18.0
40.4615,-86.918,0,66736,408,lte,42,6,-109.5,1.2110601416389968,-111.0,-111.0,-110.75,-109.5,-109.0,-108.5,-108.0,-19.0,1.0327955589886444,-20.0,-19.5,-19.0,-19.0,-18.25,-17.5,-17.0
40.4615,-86.918,0,125290,372,sub6,42,6,-114.0,0.8366600265340756,-114.0,-114.0,-114.0,-114.0,-113.25,-112.5,-112.0,-11.0,0.0,-11.0,-11.0,-11.0,-11.0,-11.0,-11.0,-11.0
40.4615,-86.918,0,125290,403,sub6,42,6,-120.5,1.7888543819998317,-122.0,-121.5,-121.0,-120.5,-119.25,-118.0,-117.0,-16.0,0.8944271909999159,-17.0,-17.0,-16.75,-16.0,-15.25,-15.0,-15.0
40.4615,-86.9175,0,1001,50,lte,1064,119,-95.0,3.3568132825283468,-100.0,-99.0,-97.0,-95.0,-93.0,-89.0,-87.0,-11.0,0.896669683809475,-12.0,-12.0,-11.0,-11.0,-10.0,-9.0,-9.0
40.4615,-86.9175,0,1001,112,lte,1064,21,-104.0,2.1789031753657726,-108.0,-107.0,-105.0,-104.0,-102.0,-102.0,-100.0,-19.0,1.077916862241593,-22.0,-21.0,-20.0,-19.0,-19.0,-18.0,-18.0
40.4615,-86.9175,0,1001,240,lte,1064,10,-102.0,3.533962208186286,-105.0,-105.0,-104.75,-102.0,-99.0,-97.7,-95.0,-20.0,1.1352924243950933,-22.0,-21.1,-21.0,-20.0,-20.0,-18.9,-18.0
40.4615,-86.9175,0,1001,393,lte,1064,100,-103.0,2.616555681877156,-108.0,-106.0,-105.0,-103.0,-101.0,-100.0,-96.0,-18.0,1.3842913805491326,-24.0,-20.0,-19.0,-18.0,-17.0,-17.0,-16.0
40.4615,-86.9175,0,1001,414,lte,1064,5,-98.0,3.5637059362410923,-105.0,-103.0,-100.0,-98.0,-97.0,-96.4,-96.0,-20.0,1.51657508881031,-23.0,-21.8,-20.0,-20.0,-20.0,-19.4,-19.0
40.4615,-86.9175,0,1001,448,lte,1064,99,-102.0,2.413628589584594,-109.0,-105.2,-104.0,-102.0,-101.0,-100.0,-97.0,-18.0,1.8007305143989563,-23.0,-21.0,-19.0,-18.0,-17.0,-16.0,-15.0
40.4615,-86.9175,0,66736,47,lte,1064,128,-105.0,2.3940132022606777,-108.0,-106.0,-106.0,-105.0,-103.0,-100.0,-98.0,-15.0,0.9043856399936764,-17.0,-16.0,-16.0,-15.0,-15.0,-14.0,-13.0
40.4615,-86.9175,0,66736,304,lte,1064,117,-107.0,1.4118670972387055,-111.0,-108.0,-108.0,-107.0,-106.0,-105.0,-103.0,-17.0,2.2146126712858,-21.0,-20.0,-19.0,-17.0,-15.0,-14.0,-12.0
40.4615,-86.9175,0,66736,312,lte,1064,3,-106.0,0.5773502691896257,-107.0,-106.8,-106.5,-106.0,-106.0,-106.0,-106.0,-19.0,0.5773502691896258,-20.0,-19.8,-19.5,-19.0,-19.0,-19.0,-19.0
40.4615,-86.9175,0,66736,393,lte,1064,128,-110.0,3.190436928584483,-115.0,-113.0,-112.0,-110.0,-108.0,-104.0,-101.0,-19.0,1.16206441335556,-22.0,-20.0,-20.0,-19.0,-18.0,-18.0,-16.0
40.4615,-86.9175,0,66736,408,lte,1064,105,-109.0,1.9380515875600302,-114.0,-112.0,-111.0,-109.0,-108.0,-107.0,-103.0,-19.0,1.0894095588038437,-22.0,-21.0,-20.0,-19.0,-19.0,-18.0,-16.0
40.4615,-86.9175,0,125290,372,sub6,1064,92,-106.0,5.336043814749722,-115.0,-108.9,-107.0,-106.0,-99.0,-96.0,-94.0,-10.0,0.5437170999322349,-12.0,-11.0,-11.0,-10.0,-10.0,-10.0,-10.0
40.4615,-86.9175,0,125290,403,sub6,1064,90,-118.0,7.536544342350794,-122.0,-121.0,-121.0,-118.0,-109.0,-101.0,-98.0,-17.0,2.362868186635839,-24.0,-20.0,-17.0,-17.0,-15.0,-14.0,-13.0
40.4615,-86.9175,0,520110,10,sub6,1064,21,-106.0,1.3749458863810569,-110.0,-108.0,-106.0,-106.0,-105.0,-105.0,-105.0,-11.0,0.6690433824641325,-12.0,-12.0,-11.0,-11.0,-11.0,-10.0,-10.0
40.4615,-86.9175,0,520110,147,sub6,1064,18,-114.0,2.4608038433722337,-115.0,-115.0,-114.75,-114.0,-113.0,-108.0,-108.0,-15.0,1.3826657968874305,-16.0,-16.0,-16.0,-15.0,-15.0,-12.0,-12.0
40.4615,-86.9175,0,520110,515,sub6,1064,8,-118.0,0.9161253813129043,-118.0,-118.0,-118.0,-118.0,-116.75,-116.0,-116.0,-16.0,1.9955307206712847,-21.0,-19.6,-19.0,-16.0,-16.0,-16.0,-16.0
40.4615,-86.917,0,1001,50,lte,829,222,-88.0,4.4134403622794105,-98.0,-92.0,-90.0,-88.0,-85.0,-81.0,-78.0,-9.0,0.7172666763901145,-11.0,-10.0,-9.0,-9.0,-9.0,-8.0,-8.0
40.4615,-86.917,0,1001,240,lte,829,16,-101.0,3.0379543555930306,-106.0,-104.0,-102.0,-101.0,-100.0,-97.0,-94.0,-20.0,0.6800735254367721,-21.0,-21.0,-20.0,-20.0,-19.75,-19.0,-19.0
40.4615,-86.917,0,1001,294,lte,829,12,-101.0,1.729862492345632,-104.0,-102.0,-101.25,-101.0,-99.75,-98.1,-98.0,-20.0,1.0836246694508318,-21.0,-21.0,-21.0,-20.0,-19.0,-19.0,-18.0
40.4615,-86.917,0,1001,393,lte,829,23,-103.0,2.1733200772327037,-107.0,-105.8,-104.0,-103.0,-101.5,-100.2,-98.0,-19.0,1.4211836073673947,-22.0,-21.0,-20.0,-19.0,-18.0,-17.2,-17.0
40.4615,-86.917,0,1001,414,lte,829,7,-101.0,2.1491969707422394,-101.0,-101.0,-101.0,-101.0,-98.5,-96.6,-96.0,-20.0,0.7559289460184544,-21.0,-21.0,-21.0,-20.0,-20.0,-19.6,-19.0
40.4615,-86.917,0,1001,448,lte,829,40,-102.0,1.8425177868535754,-107.0,-104.0,-103.0,-102.0,-101.0,-99.9,-98.0,-20.0,1.7303845726400733,-22.0,-21.0,-20.25,-20.0,-18.0,-16.9,-16.0
40.4615,-86.917,0,66736,47,lte,829,102,-98.0,4.8468688293618,-106.0,-105.0,-103.0,-98.0,-95.0,-93.1,-87.0,-15.0,1.4357730947932168,-18.0,-17.0,-16.0,-15.0,-14.0,-14.0,-10.0
40.4615,-86.917,0,66736,304,lte,829,61,-106.0,2.871567801627582,-111.0,-108.0,-107.0,-106.0,-104.0,-101.0,-98.0,-19.0,1.245977133174378,-22.0,-20.0,-19.0,-19.0,-18.0,-17.0,-16.0
40.4615,-86.917,0,66736,312,lte,829,3,-106.0,2.0,-108.0,-107.6,-107.0,-106.0,-105.0,-104.4,-104.0,-20.0,1.5275252316519468,-22.0,-21.6,-21.0,-20.0,-19.5,-19.2,-19.0
40.4615,-86.917,0,66736,393,lte,829,102,-104.0,3.428683806665197,-109.0,-108.0,-106.0,-104.0,-101.0,-100.0,-93.0,-18.0,1.6072600284546805,-21.0,-20.0,-19.0,-18.0,-17.0,-16.0,-15.0
40.4615,-86.917,0,66736,408,lte,829,23,-107.0,1.7793279363676449,-110.0,-110.0,-109.0,-107.0,-106.5,-105.0,-104.0,-19.0,0.8779242496606939,-21.0,-20.0,-20.0,-19.0,-18.0,-18.0,-18.0
40.4615,-86.917,0,125290,121,sub6,829,2,-113.0,0.0,-113.0,-113.0,-113.0,-113.0,-113.0,-113.0,-113.0,-16.5,0.7071067811865476,-17.0,-16.9,-16.75,-16.5,-16.25,-16.1,-16.0
40.4615,-86.917,0,125290,372,sub6,829,111,-101.0,2.6972549518323765,-107.0,-106.0,-102.0,-101.0,-99.0,-98.0,-96.0,-11.0,0.639538121622949,-12.0,-12.0,-11.0,-11.0,-11.0,-10.0,-10.0
40.4615,-86.917,0,125290,403,sub6,829,105,-109.0,6.607660112412877,-137.0,-118.0,-117.0,-109.0,-106.0,-105.0,-100.0,-17.0,4.437436477386743,-38.0,-24.0,-20.0,-17.0,-16.0,-15.0,-14.0
40.4615,-86.9165,0,1001,50,lte,1060,163,-91.0,4.640266807342384,-98.0,-96.0,-94.0,-91.0,-86.0,-83.0,-82.0,-9.0,0.7531900899982624,-11.0,-10.0,-9.0,-9.0,-9.0,-8.0,-7.0
40.4615,-86.9165,0,1001,112,lte,1060,8,-109.5,2.669269563007828,-114.0,-112.6,-111.25,-109.5,-107.75,-106.7,-106.0,-22.5,1.7268882005337975,-24.0,-23.3,-23.0,-22.5,-20.75,-19.7,-19.0
40.4615,-86.9165,0,1001,393,lte,1060,51,-105.0,2.9585369993411588,-112.0,-109.0,-107.0,-105.0,-104.0,-102.0,-98.0,-20.0,1.2042408722640887,-23.0,-21.0,-21.0,-20.0,-19.0,-18.0,-17.0
40.4615,-86.9165,0,1001,408,lte,1060,54,-106.0,4.754342602811209,-111.0,-109.0,-108.0,-106.0,-103.0,-97.3,-92.0,-20.0,1.1644933335872951,-22.0,-21.0,-20.75,-20.0,-19.0,-18.0,-17.0
40.4615,-86.9165,0,1001,448,lte,1060,67,-105.0,2.6519835471792184,-111.0,-109.0,-107.0,-105.0,-103.0,-102.0,-96.0,-19.0,1.2590693152004861,-22.0,-20.4,-20.0,-19.0,-18.0,-18.0,-15.0
40.4615,-86.9165,0,66736,47,lte,1060,121,-106.0,6.494689502627297,-111.0,-110.0,-108.0,-106.0,-100.0,-92.0,-86.0,-16.0,2.188059255547053,-18.0,-18.0,-17.0,-16.0,-14.0,-12.0,-10.0
40.4615,-86.9165,0,66736,210,lte,1060,9,-117.0,0.6666666666666667,-117.0,-117.0,-117.0,-117.0,-117.0,-116.6,-115.0,-22.0,0.7264831572567789,-22.0,-22.0,-22.0,-22.0,-21.0,-20.8,-20.0
40.4615,-86.9165,0,66736,248,lte,1060,11,-114.0,2.4083189157584592,-115.0,-115.0,-114.5,-114.0,-112.5,-109.0,-108.0,-21.0,1.4012980994907416,-23.0,-23.0,-21.5,-21.0,-20.0,-19.0,-19.0
40.4615,-86.9165,0,66736,304,lte,1060,86,-112.0,3.8605125011513484,-117.0,-115.0,-114.0,-112.0,-109.0,-105.0,-99.0,-19.0,0.9990419487296203,-22.0,-20.0,-20.0,-19.0,-19.0,-18.0,-16.0
40.4615,-86.9165,0,66736,393,lte,1060,121,-107.0,5.103825605628801,-116.0,-113.0,-112.0,-107.0,-104.0,-101.0,-95.0,-18.0,2.379463328153546,-22.0,-20.0,-19.0,-18.0,-16.0,-14.0,-12.0
40.4615,-86.9165,0,66736,408,lte,1060,7,-108.0,2.4299715851758235,-111.0,-109.8,-109.0,-108.0,-106.5,-104.6,-104.0,-19.0,1.1338934190276817,-21.0,-21.0,-20.0,-19.0,-19.0,-18.6,-18.0
40.4615,-86.9165,0,125290,121,sub6,1060,14,-127.0,5.547001962252291,-132.0,-129.7,-129.0,-127.0,-122.0,-117.3,-114.0,-30.5,3.9896845010078703,-34.0,-32.0,-32.0,-30.5,-27.0,-22.9,-21.0
40.4615,-86.9165,0,125290,359,sub6,1060,3,-128.0,5.131601439446884,-131.0,-130.4,-129.5,-128.0,-124.5,-122.4,-121.0,-28.0,5.033222956847166,-32.0,-31.2,-30.0,-28.0,-25.0,-23.2,-22.0
40.4615,-86.9165,0,125290,372,sub6,1060,86,-99.0,4.117959730165081,-110.0,-107.0,-104.75,-99.0,-97.25,-96.0,-95.0,-11.0,0.39490600450484553,-12.0,-11.0,-11.0,-11.0,-11.0,-10.0,-10.0
40.4615,-86.9165,0,125290,403,sub6,1060,65,-115.0,8.082953334975072,-137.0,-124.8,-119.0,-115.0,-107.0,-106.0,-105.0,-18.0,5.86773282124693,-38.0,-29.2,-23.0,-18.0,-17.0,-16.0,-15.0
40.4615,-86.9165,0,520110,10,sub6,1060,46,-110.5,1.568561912526868,-119.0,-112.0,-111.0,-110.5,-110.0,-109.0,-109.0,-12.0,0.6608441388447134,-15.0,-13.0,-12.0,-12.0,-12.0,-11.5,-11.0
40.4615,-86.9165,0,520110,98,sub6,1060,11,-121.0,1.4893561757289013,-124.0,-123.0,-122.5,-121.0,-120.0,-120.0,-120.0,-17.0,0.5393598899705937,-18.0,-17.0,-17.0,-17.0,-17.0,-16.0,-16.0
40.4615,-86.9165,0,520110,147,sub6,1060,45,-116.0,2.8905977851571723,-127.0,-119.0,-117.0,-116.0,-114.0,-114.0,-113.0,-14.0,1.6961036751235685,-19.0,-16.0,-15.0,-14.0,-13.0,-12.0,-12.0
40.4615,-86.9165,0,520110,472,sub6,1060,35,-119.0,2.471008367638843,-124.0,-121.6,-121.0,-119.0,-118.0,-115.4,-113.0,-20.0,2.3897540395923387,-24.0,-22.6,-21.0,-20.0,-18.5,-16.4,-15.0
40.4615,-86.9165,0,520110,515,sub6,1060,45,-106.0,1.645317813393725,-109.0,-108.0,-108.0,-106.0,-105.0,-105.0,-103.0,-10.0,0.5346574472113766,-12.0,-11.0,-11.0,-10.0,-10.0,-10.0,-10.0
40.4615,-86.9165,0,520110,685,sub6,1060,11,-119.0,1.902151891459202,-122.0,-121.0,-119.5,-119.0,-118.0,-117.0,-115.0,-18.0,1.4893561757289013,-19.0,-19.0,-19.0,-18.0,-17.5,-15.0,-15.0
40.4615,-86.9165,0,520110,698,sub6,1060,1,-125.0,nan,-125.0,-125.0,-125.0,-125.0,-125.0,-125.0,-125.0,-19.0,nan,-19.0,-19.0,-19.0,-19.0,-19.0,-19.0,-19.0
40.4615,-86.916,0,1001,50,lte,630,147,-93.0,2.5857036540273652,-97.0,-96.0,-95.0,-93.0,-92.0,-89.0,-88.0,-10.0,0.6063989533434022,-11.0,-10.0,-10.0,-10.0,-9.0,-9.0,-9.0
40.4615,-86.916,0,1001,393,lte,630,39,-107.0,1.75795857561441,-110.0,-109.0,-107.5,-107.0,-105.5,-104.0,-103.0,-21.0,1.252258418657474,-22.0,-22.0,-21.0,-21.0,-20.0,-19.0,-17.0
40.4615,-86.916,0,1001,414,lte,630,8,-105.5,1.4577379737113252,-108.0,-108.0,-106.5,-105.5,-105.0,-104.7,-104.0,-20.0,0.7071067811865476,-21.0,-21.0,-21.0,-20.0,-20.0,-19.7,-19.0
40.4615,-86.916,0,1001,448,lte,630,64,-105.0,2.5021815878174585,-109.0,-107.0,-106.0,-105.0,-103.0,-100.3,-98.0,-18.0,1.8189369824245551,-21.0,-20.7,-19.0,-18.0,-16.0,-16.0,-15.0
40.4615,-86.916,0,66736,47,lte,630,34,-102.0,2.0283199935993665,-106.0,-105.0,-104.0,-102.0,-101.0,-100.0,-99.0,-15.0,0.7361314305651904,-16.0,-16.0,-15.0,-15.0,-14.0,-14.0,-14.0
40.4615,-86.916,0,66736,304,lte,630,30,-107.0,3.4733798836424388,-117.0,-111.1,-108.0,-107.0,-104.0,-103.9,-101.0,-18.0,1.2452207485597393,-21.0,-20.0,-19.0,-18.0,-17.0,-17.0,-16.0
40.4615,-86.916,0,66736,318,lte,630,7,-105.0,2.1380899352993947,-109.0,-108.4,-107.0,-105.0,-104.5,-103.6,-103.0,-18.0,0.9511897312113418,-20.0,-19.4,-18.5,-18.0,-18.0,-17.6,-17.0
40.4615,-86.916,0,66736,393,lte,630,34,-108.5,3.3395218845086654,-116.0,-112.7,-110.75,-108.5,-105.25,-105.0,-103.0,-19.0,1.0867046131405873,-21.0,-20.7,-20.0,-19.0,-18.0,-18.0,-17.0
40.4615,-86.916,0,125290,121,sub6,630,44,-112.0,6.086888483986747,-131.0,-119.7,-115.0,-112.0,-108.0,-107.0,-105.0,-17.0,4.824345851657602,-33.0,-25.7,-20.25,-17.0,-16.0,-15.0,-14.0
40.4615,-86.916,0,125290,372,sub6,630,109,-102.0,3.013927349820598,-109.0,-106.4,-104.0,-102.0,-100.0,-99.0,-96.0,-12.0,0.49582010921297426,-13.0,-13.0,-12.0,-12.0,-12.0,-12.0,-11.0
40.4615,-86.916,0,125290,403,sub6,630,107,-107.0,3.570954952599756,-121.0,-113.0,-110.0,-107.0,-105.5,-104.0,-99.0,-16.0,1.8367033250403892,-25.0,-18.0,-17.0,-16.0,-15.0,-14.0,-13.0
40.4615,-86.916,0,125290,479,sub6,630,7,-120.0,9.271050693011066,-131.0,-128.0,-124.0,-120.0,-112.5,-106.6,-106.0,-28.0,6.3508529610858835,-34.0,-32.2,-29.5,-28.0,-22.0,-17.6,-17.0
40.4615,-86.9155,0,1001,50,lte,4977,712,-93.0,3.1476637905931897,-100.0,-96.0,-95.0,-93.0,-90.0,-88.0,-83.0,-10.0,0.5507695361676455,-12.0,-10.0,-10.0,-10.0,-9.0,-9.0,-8.0
40.4615,-86.9155,0,1001,112,lte,4977,7,-104.0,2.911389784311004,-108.0,-107.4,-106.5,-104.0,-101.5,-101.0,-101.0,-20.0,0.7559289460184544,-21.0,-21.0,-21.0,-20.0,-20.0,-19.6,-19.0
40.4615,-86.9155,0,1001,240,lte,4977,25,-103.0,3.523729085310996,-107.0,-105.0,-103.0,-103.0,-99.0,-96.4,-94.0,-20.0,0.8124038404635958,-22.0,-21.0,-20.0,-20.0,-20.0,-19.0,-18.0
40.4615,-86.9155,0,1001,393,lte,4977,143,-105.0,3.802444433499493,-112.0,-109.0,-107.0,-105.0,-102.0,-99.2,-94.0,-20.0,0.969341919306684,-22.0,-21.0,-21.0,-20.0,-20.0,-19.0,-18.0
40.4615,-86.9155,0,1001,414,lte,4977,71,-105.0,4.546871920957698,-115.0,-109.0,-107.0,-105.0,-101.5,-98.0,-92.0,-20.0,1.1700487530470873,-25.0,-22.0,-21.0,-20.0,-20.0,-19.0,-18.0
40.4615,-86.9155,0,1001,448,lte,4977,547,-103.0,4.0011767426203395,-111.0,-108.0,-106.0,-103.0,-100.0,-97.0,-91.0,-19.0,1.6015826125692214,-23.0,-21.0,-20.0,-19.0,-18.0,-17.0,-13.0
40.4615,-86.9155,0,66736,47,lte,4977,448,-104.0,3.3744547279183053,-110.0,-107.0,-106.0,-104.0,-101.0,-98.69999999999999,-91.0,-15.0,0.7450131159818434,-19.0,-16.0,-16.0,-15.0,-15.0,-15.0,-12.0
40.4615,-86.9155,0,66736,51,lte,4977,4,-113.5,1.8929694486000912,-114.0,-114.0,-114.0,-113.5,-112.25,-110.9,-110.0,-20.5,0.9574271077563381,-21.0,-21.0,-21.0,-20.5,-19.75,-19.3,-19.0
40.4615,-86.9155,0,66736,215,lte,4977,8,-111.5,1.0350983390135313,-114.0,-112.6,-112.0,-111.5,-111.0,-111.0,-111.0,-21.0,0.6408699444616557,-22.0,-22.0,-21.25,-21.0,-21.0,-20.7,-20.0
40.4615,-86.9155,0,66736,304,lte,4977,431,-109.0,3.546127117897301,-117.0,-113.0,-111.0,-109.0,-106.0,-103.0,-97.0,-18.0,1.6903208221326735,-21.0,-19.0,-19.0,-18.0,-17.0,-15.0,-12.0
40.4615,-86.9155,0,66736,334,lte,4977,67,-109.0,5.056711398462946,-116.0,-114.4,-113.0,-109.0,-104.0,-102.6,-95.0,-20.0,0.7091825196826479,-22.0,-21.0,-21.0,-20.0,-20.0,-19.0,-18.0
40.4615,-86.9155,0,66736,393,lte,4977,427,-111.0,3.750818758129312,-117.0,-114.0,-113.0,-111.0,-108.0,-104.59999999999997,-96.0,-19.0,1.1674183992483527,-22.0,-21.0,-20.0,-19.0,-19.0,-18.0,-14.0
40.4615,-86.9155,0,66736,408,lte,4977,46,-110.0,4.21017860247452,-117.0,-115.0,-114.0,-110.0,-107.0,-104.0,-102.0,-19.0,1.130388330520878,-22.0,-21.0,-20.0,-19.0,-19.0,-18.5,-16.0
40.4615,-86.9155,0,66736,439,lte,4977,10,-113.5,1.636391694484477,-115.0,-115.0,-114.75,-113.5,-112.25,-111.8,-110.0,-20.0,0.7071067811865476,-22.0,-21.1,-21.0,-20.0,-20.0,-20.0,-20.0
40.4615,-86.9155,0,125290,121,sub6,4977,509,-116.0,6.474323631242338,-131.0,-124.0,-120.0,-116.0,-112.0,-107.0,-101.0,-19.0,4.081674133816394,-34.0,-26.0,-23.0,-19.0,-17.0,-15.0,-13.0
40.4615,-86.9155,0,125290,359,sub6,4977,6,-114.0,1.4142135623730951,-116.0,-115.5,-114.75,-114.0,-113.25,-112.5,-112.0,-20.0,1.378404875209022,-21.0,-20.5,-20.0,-20.0,-19.25,-18.0,-17.0
40.4615,-86.9155,0,125290,372,sub6,4977,716,-105.0,4.06765268130682,-113.0,-110.0,-108.0,-105.0,-102.0,-99.0,-94.0,-12.0,0.8730936124764661,-15.0,-13.0,-13.0,-12.0,-12.0,-11.0,-11.0
40.4615,-86.9155,0,125290,403,sub6,4977,700,-111.0,5.108878715832682,-130.0,-117.0,-114.0,-111.0,-107.0,-104.0,-99.0,-16.0,2.8252963035658545,-31.0,-21.0,-18.0,-16.0,-15.0,-14.0,-13.0
40.4615,-86.9155,0,125290,479,sub6,4977,32,-119.5,4.7382069223187875,-127.0,-125.0,-124.0,-119.5,-116.75,-112.1,-111.0,-25.5,3.958962881459511,-32.0,-29.9,-28.0,-25.5,-22.75,-18.39999999999999,-17.0
40.4615,-86.9155,0,520110,10,sub6,4977,16,-112.5,3.970201506221063,-118.0,-117.0,-117.0,-112.5,-109.0,-108.0,-108.0,-12.5,2.0726392192886185,-16.0,-16.0,-15.25,-12.5,-11.0,-11.0,-11.0
40.4615,-86.9155,0,520110,147,sub6,4977,12,-121.0,5.134553180524705,-137.0,-125.9,-125.0,-121.0,-119.0,-119.0,-119.0,-19.0,5.642774945973753,-36.0,-24.9,-24.0,-19.0,-17.0,-17.0,-17.0
40.4615,-86.9155,0,520110,201,sub6,4977,1,-118.0,nan,-118.0,-118.0,-118.0,-118.0,-118.0,-118.0,-118.0,-17.0,nan,-17.0,-17.0,-17.0,-17.0,-17.0,-17.0,-17.0
40.4615,-86.9155,0,520110,472,sub6,4977,16,-116.0,3.642343567906063,-121.0,-120.5,-118.25,-116.0,-113.0,-111.0,-110.0,-16.0,1.8618986725025255,-18.0,-18.0,-18.0,-16.0,-15.5,-13.0,-13.0
40.4615,-86.9155,0,520110,515,sub6,4977,11,-119.0,1.5666989036012804,-121.0,-121.0,-119.5,-119.0,-117.0,-117.0,-117.0,-16.0,2.062654952856986,-19.0,-19.0,-18.0,-16.0,-14.5,-14.0,-14.0
40.4615,-86.9155,0,520110,609,sub6,4977,1,-117.0,nan,-117.0,-117.0,-117.0,-117.0,-117.0,-117.0,-117.0,-19.0,nan,-19.0,-19.0,-19.0,-19.0,-19.0,-19.0,-19.0
40.4615,-86.9155,0,520110,685,sub6,4977,5,-110.0,1.51657508881031,-113.0,-112.2,-111.0,-110.0,-110.0,-109.4,-109.0,-12.0,0.4472135954999579,-13.0,-12.6,-12.0,-12.0,-12.0,-12.0,-12.0
40.4615,-86.9155,0,520110,838,sub6,4977,6,-117.0,1.505545305418162,-119.0,-119.0,-118.5,-117.0,-117.0,-116.0,-115.0,-15.5,0.816496580927726,-16.0,-16.0,-16.0,-15.5,-15.0,-14.5,-14.0
40.4615,-86.9145,0,125290,210,sub6,257,106,-112.0,2.3358028261750374,-116.0,-115.0,-114.0,-112.0,-110.0,-108.0,-107.0,-13.0,1.224964931562513,-16.0,-15.0,-14.0,-13.0,-12.0,-12.0,-11.0
40.4615,-86.9145,0,125290,382,sub6,257,45,-121.0,5.856706420934048,-135.0,-132.0,-126.0,-121.0,-118.0,-116.4,-114.0,-22.0,5.789837840753592,-36.0,-32.6,-27.0,-22.0,-18.0,-17.0,-15.0
40.4615,-86.9145,0,125290,700,sub6,257,106,-111.0,3.123455593211996,-117.0,-117.0,-113.0,-111.0,-109.25,-108.0,-105.0,-12.0,1.0390402648875081,-15.0,-14.0,-13.0,-12.0,-12.0,-11.0,-11.0
40.4615,-86.9145,45,1001,29,lte,68,5,-89.0,0.5477225575051661,-89.0,-89.0,-89.0,-89.0,-88.0,-88.0,-88.0,-20.0,0.4472135954999579,-21.0,-20.6,-20.0,-20.0,-20.0,-20.0,-20.0
40.4615,-86.9145,45,1001,190,lte,68,5,-87.0,0.8366600265340756,-88.0,-88.0,-88.0,-87.0,-87.0,-86.4,-86.0,-19.0,0.5477225575051661,-19.0,-19.0,-19.0,-19.0,-18.0,-18.0,-18.0
40.4615,-86.9145,45,1001,248,lte,68,5,-83.0,0.5477225575051661,-83.0,-83.0,-83.0,-83.0,-82.0,-82.0,-82.0,-13.0,1.0,-14.0,-14.0,-14.0,-13.0,-12.0,-12.0,-12.0
40.4615,-86.9145,45,1001,348,lte,68,1,-87.0,nan,-87.0,-87.0,-87.0,-87.0,-87.0,-87.0,-87.0,-18.0,nan,-18.0,-18.0,-18.0,-18.0,-18.0,-18.0,-18.0
40.4615,-86.9145,45,1001,441,lte,68,5,-86.0,0.5477225575051661,-86.0,-86.0,-86.0,-86.0,-85.0,-85.0,-85.0,-17.0,0.5477225575051661,-18.0,-18.0,-18.0,-17.0,-17.0,-17.0,-17.0
40.4615,-86.9145,45,66736,68,lte,68,1,-81.0,nan,-81.0,-81.0,-81.0,-81.0,-81.0,-81.0,-81.0,-14.0,nan,-14.0,-14.0,-14.0,-14.0,-14.0,-14.0,-14.0
40.4615,-86.9145,45,66736,453,lte,68,1,-85.0,nan,-85.0,-85.0,-85.0,-85.0,-85.0,-85.0,-85.0,-19.0,nan,-19.0,-19.0,-19.0,-19.0,-19.0,-19.0,-19.0
40.4615,-86.9145,45,66736,468,lte,68,1,-86.0,nan,-86.0,-86.0,-86.0,-86.0,-86.0,-86.0,-86.0,-17.0,nan,-17.0,-17.0,-17.0,-17.0,-17.0,-17.0,-17.0
40.4615,-86.9145,45,520110,0,sub6,68,4,-86.0,0.5,-86.0,-86.0,-86.0,-86.0,-85.75,-85.3,-85.0,-14.0,0.0,-14.0,-14.0,-14.0,-14.0,-14.0,-14.0,-14.0
40.4615,-86.9145,45,520110,3,sub6,68,1,-95.0,nan,-95.0,-95.0,-95.0,-95.0,-95.0,-95.0,-95.0,-17.0,nan,-17.0,-17.0,-17.0,-17.0,-17.0,-17.0,-17.0
40.4615,-86.9145,45,520110,314,sub6,68,5,-86.0,1.0954451150103321,-86.0,-86.0,-86.0,-86.0,-84.0,-84.0,-84.0,-12.0,0.4472135954999579,-12.0,-12.0,-12.0,-12.0,-12.0,-11.4,-11.0
40.4615,-86.9145,45,520110,317,sub6,68,5,-87.0,0.0,-87.0,-87.0,-87.0,-87.0,-87.0,-87.0,-87.0,-12.0,0.0,-12.0,-12.0,-12.0,-12.0,-12.0,-12.0,-12.0
40.4615,-86.9145,45,520110,459,sub6,68,4,-85.0,0.5,-85.0,-85.0,-85.0,-85.0,-84.75,-84.3,-84.0,-13.0,0.5,-13.0,-13.0,-13.0,-13.0,-12.75,-12.3,-12.0
40.4615,-86.9145,45,520110,523,sub6,68,4,-92.0,0.5,-92.0,-92.0,-92.0,-92.0,-91.75,-91.3,-91.0,-13.0,0.0,-13.0,-13.0,-13.0,-13.0,-13.0,-13.0,-13.0
40.4615,-86.9145,45,520110,743,sub6,68,5,-84.0,0.5477225575051661,-85.0,-85.0,-85.0,-84.0,-84.0,-84.0,-84.0,-12.0,0.0,-12.0,-12.0,-12.0,-12.0,-12.0,-12.0,-12.0
40.4615,-86.9145,45,520110,749,sub6,68,5,-91.0,2.0493901531919194,-92.0,-92.0,-92.0,-91.0,-88.0,-88.0,-88.0,-14.0,0.5477225575051662,-14.0,-14.0,-14.0,-14.0,-13.0,-13.0,-13.0
40.4615,-86.9145,45,520110,764,sub6,68,2,-127.5,3.5355339059327378,-130.0,-129.5,-128.75,-127.5,-126.25,-125.5,-125.0,-32.5,2.1213203435596424,-34.0,-33.7,-33.25,-32.5,-31.75,-31.3,-31.0
40.4615,-86.9145,45,520110,815,sub6,68,5,-95.0,1.0,-96.0,-96.0,-96.0,-95.0,-94.0,-94.0,-94.0,-15.0,0.0,-15.0,-15.0,-15.0,-15.0,-15.0,-15.0,-15.0
40.4615,-86.9145,45,520110,870,sub6,68,4,-90.0,0.5,-90.0,-90.0,-90.0,-90.0,-89.75,-89.3,-89.0,-13.0,0.0,-13.0,-13.0,-13.0,-13.0,-13.0,-13.0,-13.0
40.4615,-86.9145,60,1001,29,lte,560,46,-88.0,1.5246762545404262,-93.0,-90.0,-89.0,-88.0,-87.0,-87.0,-84.0,-19.0,1.3106770754595751,-22.0,-20.0,-19.0,-19.0,-18.0,-17.0,-15.0
40.4615,-86.9145,60,1001,71,lte,560,12,-89.5,0.9003366373785199,-91.0,-90.0,-90.0,-89.5,-89.0,-88.1,-88.0,-18.0,0.674199862463242,-20.0,-19.0,-19.0,-18.0,-18.0,-18.0,-18.0
40.4615,-86.9145,60,1001,190,lte,560,46,-87.0,0.9086274620185648,-89.0,-89.0,-88.0,-87.0,-87.0,-86.0,-86.0,-17.0,0.8857432262241308,-19.0,-19.0,-18.0,-17.0,-17.0,-17.0,-16.0
40.4615,-86.9145,60,1001,248,lte,560,46,-85.0,1.0531755522994986,-86.0,-86.0,-86.0,-85.0,-84.0,-83.0,-83.0,-16.0,1.1035734665781285,-18.0,-17.0,-17.0,-16.0,-16.0,-14.0,-13.0
40.4615,-86.9145,60,1001,348,lte,560,16,-90.0,0.6291528696058958,-90.0,-90.0,-90.0,-90.0,-89.0,-89.0,-88.0,-20.0,0.5,-20.0,-20.0,-20.0,-20.0,-19.0,-19.0,-19.0
40.4615,-86.9145,60,1001,371,lte,560,11,-89.0,0.6030226891555273,-90.0,-89.0,-89.0,-89.0,-88.5,-88.0,-88.0,-20.0,0.3015113445777637,-20.0,-20.0,-20.0,-20.0,-20.0,-20.0,-19.0
40.4615,-86.9145,60,1001,441,lte,560,46,-85.0,1.1412341823382255,-87.0,-86.0,-86.0,-85.0,-84.0,-83.5,-82.0,-15.0,0.5831780331575326,-16.0,-16.0,-16.0,-15.0,-15.0,-15.0,-14.0
40.4615,-86.9145,60,66736,68,lte,560,15,-85.0,2.8999178970315365,-95.0,-89.0,-87.5,-85.0,-85.0,-84.0,-84.0,-17.0,1.3522468075656269,-18.0,-17.6,-17.0,-17.0,-17.0,-14.8,-13.0
40.4615,-86.9145,60,66736,350,lte,560,11,-90.0,1.689540012709215,-93.0,-92.0,-90.0,-90.0,-88.0,-88.0,-88.0,-18.0,1.2720777563426766,-21.0,-19.0,-19.0,-18.0,-18.0,-17.0,-16.0
40.4615,-86.9145,60,66736,453,lte,560,9,-92.0,2.598076211353316,-97.0,-94.6,-94.0,-92.0,-90.0,-89.8,-89.0,-19.0,0.9279607271383371,-21.0,-20.2,-19.0,-19.0,-19.0,-18.0,-18.0
40.4615,-86.9145,60,66736,468,lte,560,15,-86.0,2.3360528369758367,-91.0,-90.6,-88.0,-86.0,-85.0,-85.0,-84.0,-16.0,1.0997835284835873,-17.0,-17.0,-17.0,-16.0,-16.0,-15.0,-13.0
40.4615,-86.9145,60,125290,333,sub6,560,1,-89.0,nan,-89.0,-89.0,-89.0,-89.0,-89.0,-89.0,-89.0,-15.0,nan,-15.0,-15.0,-15.0,-15.0,-15.0,-15.0,-15.0
40.4615,-86.9145,60,125290,700,sub6,560,1,-90.0,nan,-90.0,-90.0,-90.0,-90.0,-90.0,-90.0,-90.0,-15.0,nan,-15.0,-15.0,-15.0,-15.0,-15.0,-15.0,-15.0
40.4615,-86.9145,60,520110,0,sub6,560,30,-86.0,2.812942174691992,-87.0,-87.0,-86.0,-86.0,-85.0,-79.0,-78.0,-14.0,0.4879500364742666,-15.0,-15.0,-15.0,-14.0,-14.0,-14.0,-14.0
40.4615,-86.9145,60,520110,3,sub6,560,9,-98.0,4.6037424389777115,-112.0,-101.6,-99.0,-98.0,-98.0,-98.0,-98.0,-21.0,1.9364916731037085,-27.0,-23.0,-22.0,-21.0,-21.0,-21.0,-21.0
40.4615,-86.9145,60,520110,177,sub6,560,6,-140.0,16.00833116432399,-140.0,-140.0,-140.0,-140.0,-116.75,-109.0,-109.0,-40.0,12.909944487358057,-40.0,-40.0,-40.0,-40.0,-21.25,-15.0,-15.0
40.4615,-86.9145,60,520110,186,sub6,560,6,-95.0,2.943920288775949,-97.0,-96.0,-95.0,-95.0,-91.25,-90.0,-90.0,-18.5,0.5477225575051661,-19.0,-19.0,-19.0,-18.5,-18.0,-18.0,-18.0
40.4615,-86.9145,60,520110,314,sub6,560,24,-86.0,1.933683126777138,-92.0,-86.0,-86.0,-86.0,-85.0,-85.0,-84.0,-12.0,1.7189270330434434,-18.0,-12.0,-12.0,-12.0,-12.0,-12.0,-11.0
40.4615,-86.9145,60,520110,317,sub6,560,25,-88.0,0.9712534856222312,-89.0,-89.0,-89.0,-88.0,-87.0,-86.4,-86.0,-13.0,1.2150922908825976,-17.0,-14.0,-14.0,-13.0,-13.0,-13.0,-12.0
40.4615,-86.9145,60,520110,378,sub6,560,14,-95.0,0.49724515809884695,-95.0,-95.0,-95.0,-95.0,-94.0,-94.0,-94.0,-15.0,0.5135525910130954,-16.0,-16.0,-16.0,-15.0,-15.0,-15.0,-15.0
40.4615,-86.9145,60,520110,459,sub6,560,30,-84.0,2.9117281671784263,-86.0,-85.0,-84.0,-84.0,-83.0,-77.0,-76.0,-12.0,0.4879500364742666,-13.0,-13.0,-13.0,-12.0,-12.0,-12.0,-12.0
40.4615,-86.9145,60,520110,523,sub6,560,19,-91.0,0.8056815791722831,-92.0,-92.0,-91.0,-91.0,-90.0,-90.0,-89.0,-13.0,1.2313975269103983,-16.0,-13.899999999999999,-13.0,-13.0,-12.0,-12.0,-12.0
40.4615,-86.9145,60,520110,540,sub6,560,9,-98.0,0.8660254037844387,-98.0,-98.0,-98.0,-98.0,-97.0,-96.0,-96.0,-19.0,0.5270462766947299,-19.0,-19.0,-19.0,-19.0,-18.0,-18.0,-18.0
40.4615,-86.9145,60,520110,556,sub6,560,6,-95.0,6.0882400303098,-108.0,-106.0,-101.75,-95.0,-94.25,-94.0,-94.0,-19.0,3.6009258068817065,-26.0,-24.5,-22.0,-19.0,-17.5,-17.0,-17.0
40.4615,-86.9145,60,520110,721,sub6,560,7,-87.0,2.439750182371333,-92.0,-92.0,-89.5,-87.0,-87.0,-87.0,-87.0,-17.0,1.0954451150103324,-19.0,-19.0,-19.0,-17.0,-17.0,-17.0,-17.0
40.4615,-86.9145,60,520110,743,sub6,560,22,-86.0,0.7743171827921034,-87.0,-87.0,-86.0,-86.0,-85.25,-85.0,-84.0,-12.0,0.0,-12.0,-12.0,-12.0,-12.0,-12.0,-12.0,-12.0
40.4615,-86.9145,60,520110,749,sub6,560,23,-89.0,2.294520022659936,-91.0,-90.0,-89.0,-89.0,-88.0,-84.0,-84.0,-12.0,0.5117663157191589,-13.0,-13.0,-13.0,-12.0,-12.0,-12.0,-12.0
40.4615,-86.9145,60,520110,815,sub6,560,25,-89.0,3.914928692411481,-94.0,-93.6,-92.0,-89.0,-89.0,-82.0,-82.0,-13.0,0.491026190103531,-15.0,-13.8,-13.0,-13.0,-13.0,-13.0,-13.0
40.4615,-86.9145,60,520110,870,sub6,560,30,-90.0,2.6252531350306985,-91.0,-91.0,-91.0,-90.0,-90.0,-84.0,-83.0,-13.0,0.4287918304520664,-14.0,-13.3,-13.0,-13.0,-13.0,-13.0,-12.0
40.4615,-86.914,0,1001,50,lte,20560,425,-101.0,7.286492604319862,-114.0,-112.0,-110.0,-101.0,-97.0,-94.0,-90.0,-9.0,0.7943194547701887,-13.0,-10.0,-10.0,-9.0,-9.0,-8.0,-6.0
40.4615,-86.914,0,1001,112,lte,20560,8,-101.0,1.6690459207925603,-104.0,-103.3,-102.25,-101.0,-100.0,-99.7,-99.0,-20.0,0.9258200997725514,-21.0,-21.0,-21.0,-20.0,-19.0,-19.0,-19.0
40.4615,-86.914,0,1001,190,lte,20560,477,-99.0,3.1569389026165333,-111.0,-103.0,-101.0,-99.0,-97.0,-95.0,-89.0,-20.0,1.416960815953945,-25.0,-21.0,-21.0,-20.0,-19.0,-18.0,-14.0
40.4615,-86.914,0,1001,204,lte,20560,4,-99.0,0.5,-100.0,-99.7,-99.25,-99.0,-99.0,-99.0,-99.0,-21.0,0.5,-21.0,-21.0,-21.0,-21.0,-20.75,-20.3,-20.0
40.4615,-86.914,0,1001,227,lte,20560,9,-123.0,2.5980762113533156,-125.0,-124.2,-123.0,-123.0,-120.0,-118.6,-117.0,-21.0,0.9718253158075499,-23.0,-22.2,-22.0,-21.0,-21.0,-20.0,-20.0
40.4615,-86.914,0,1001,240,lte,20560,93,-110.0,5.796292603694116,-129.0,-117.0,-113.0,-110.0,-107.0,-104.0,-99.0,-20.0,1.7564414277207085,-26.0,-23.0,-22.0,-20.0,-20.0,-19.0,-18.0
40.4615,-86.914,0,1001,248,lte,20560,2415,-89.0,1.5354234602757253,-95.0,-90.0,-89.0,-89.0,-88.0,-87.0,-78.0,-11.0,0.8580009747300438,-12.0,-11.0,-11.0,-11.0,-10.0,-9.0,-6.0
40.4615,-86.914,0,1001,339,lte,20560,95,-101.0,3.3030238275518307,-107.0,-105.0,-103.0,-101.0,-98.0,-96.0,-94.0,-20.0,1.4297275756763927,-26.0,-22.0,-21.0,-20.0,-19.0,-19.0,-17.0
40.4615,-86.914,0,1001,393,lte,20560,9,-101.0,1.536590742882148,-103.0,-103.0,-102.0,-101.0,-100.0,-99.0,-99.0,-21.0,0.7071067811865475,-22.0,-21.2,-21.0,-21.0,-20.0,-20.0,-20.0
40.4615,-86.914,0,1001,408,lte,20560,140,-110.0,3.2008718622141856,-115.0,-113.0,-111.0,-110.0,-107.75,-105.0,-95.0,-20.0,1.0234656879390185,-22.0,-21.0,-20.0,-20.0,-19.0,-18.0,-17.0
40.4615,-86.914,0,1001,414,lte,20560,57,-107.0,3.752526300252301,-113.0,-111.0,-109.0,-107.0,-103.0,-101.6,-98.0,-20.0,0.933906018359352,-22.0,-21.0,-21.0,-20.0,-19.0,-19.0,-18.0
40.4615,-86.914,0,1001,448,lte,20560,204,-110.0,6.618604521997314,-126.0,-121.7,-113.25,-110.0,-106.0,-104.0,-97.0,-20.0,1.051278698703224,-22.0,-21.0,-20.0,-20.0,-19.0,-18.0,-17.0
40.4615,-86.914,0,2100,192,lte,20560,2,-118.5,0.7071067811865476,-119.0,-118.9,-118.75,-118.5,-118.25,-118.1,-118.0,-12.0,1.4142135623730951,-13.0,-12.8,-12.5,-12.0,-11.5,-11.2,-11.0
40.4615,-86.914,0,2350,192,lte,20560,2,-115.0,0.0,-115.0,-115.0,-115.0,-115.0,-115.0,-115.0,-115.0,-12.0,0.0,-12.0,-12.0,-12.0,-12.0,-12.0,-12.0,-12.0
40.4615,-86.914,0,2350,328,lte,20560,1,-125.0,nan,-125.0,-125.0,-125.0,-125.0,-125.0,-125.0,-125.0,-17.0,nan,-17.0,-17.0,-17.0,-17.0,-17.0,-17.0,-17.0
40.4615,-86.914,0,5035,424,lte,20560,3,-102.0,0.5773502691896257,-103.0,-102.8,-102.5,-102.0,-102.0,-102.0,-102.0,-10.0,0.0,-10.0,-10.0,-10.0,-10.0,-10.0,-10.0,-10.0
40.4615,-86.914,0,39948,364,lte,20560,1,-131.0,nan,-131.0,-131.0,-131.0,-131.0,-131.0,-131.0,-131.0,-19.0,nan,-19.0,-19.0,-19.0,-19.0,-19.0,-19.0,-19.0
40.4615,-86.914,0,66736,16,lte,20560,681,-103.0,2.752129378892882,-119.0,-106.0,-104.0,-103.0,-101.0,-100.0,-93.0,-18.0,1.464321882813975,-23.0,-19.0,-19.0,-18.0,-17.0,-16.0,-13.0
40.4615,-86.914,0,66736,22,lte,20560,27,-104.0,2.508674409613032,-108.0,-106.0,-105.0,-104.0,-101.5,-100.6,-99.0,-19.0,0.8915558282417285,-21.0,-20.4,-20.0,-19.0,-19.0,-18.0,-18.0
40.4615,-86.914,0,66736,47,lte,20560,313,-112.0,3.0711371421057403,-122.0,-114.0,-113.0,-112.0,-110.0,-108.0,-103.0,-16.0,1.3126337230540224,-20.0,-17.0,-16.0,-16.0,-15.0,-14.0,-12.0
40.4615,-86.914,0,66736,68,lte,20560,766,-97.0,2.537551556892808,-115.0,-101.0,-99.0,-97.0,-96.0,-96.0,-89.0,-15.0,1.1061202952412088,-19.0,-16.0,-16.0,-15.0,-15.0,-14.0,-9.0
40.4615,-86.914,0,66736,168,lte,20560,13,-103.0,1.5021352323976214,-107.0,-104.8,-104.0,-103.0,-102.0,-102.0,-102.0,-20.0,1.1875421719907089,-23.0,-21.0,-21.0,-20.0,-19.0,-19.0,-19.0
40.4615,-86.914,0,66736,304,lte,20560,247,-118.0,3.269859100820492,-128.0,-123.0,-119.0,-118.0,-116.0,-115.0,-106.0,-19.0,0.9585909862111833,-21.0,-20.0,-20.0,-19.0,-19.0,-18.0,-16.0
40.4615,-86.914,0,66736,334,lte,20560,13,-116.0,3.123525293063954,-118.0,-118.0,-117.0,-116.0,-112.0,-111.0,-109.0,-19.0,0.75955452531275,-20.0,-20.0,-19.0,-19.0,-18.0,-18.0,-18.0
40.4615,-86.914,0,66736,393,lte,20560,313,-114.0,3.5650257412935797,-128.0,-118.0,-116.0,-114.0,-113.0,-111.0,-106.0,-16.0,1.389339922941639,-20.0,-17.0,-16.0,-16.0,-15.0,-14.0,-12.0
40.4615,-86.914,0,66736,453,lte,20560,766,-102.0,2.4615422868337613,-115.0,-105.0,-104.0,-102.0,-101.0,-99.0,-97.0,-18.0,1.8078939932409703,-22.0,-19.0,-18.0,-18.0,-16.0,-15.0,-11.0
40.4615,-86.914,0,125290,121,sub6,20560,482,-118.0,5.755767107525712,-138.0,-126.0,-123.0,-118.0,-115.0,-113.0,-107.0,-18.0,4.443373351342127,-37.0,-24.0,-20.0,-18.0,-16.0,-15.0,-13.0
40.4615,-86.914,0,125290,210,sub6,20560,3942,-110.0,4.284047331552066,-121.0,-115.0,-113.0,-110.0,-107.0,-104.0,-96.0,-15.0,1.6607567565354255,-24.0,-18.0,-17.0,-15.0,-14.0,-13.0,-12.0
40.4615,-86.914,0,125290,250,sub6,20560,92,-118.0,5.553490485227956,-136.0,-125.9,-121.25,-118.0,-115.0,-111.1,-111.0,-18.0,4.5663343570204225,-37.0,-25.8,-20.0,-18.0,-16.0,-15.0,-14.0
40.4615,-86.914,0,125290,359,sub6,20560,326,-118.0,5.195046102906698,-138.0,-125.0,-121.0,-118.0,-115.0,-113.0,-108.0,-19.0,4.614490789649315,-38.0,-26.0,-22.0,-19.0,-16.25,-15.0,-13.0
40.4615,-86.914,0,125290,372,sub6,20560,790,-112.0,4.7715117568020435,-129.0,-119.1,-115.0,-112.0,-110.0,-107.0,-103.0,-13.0,1.4140054179245771,-18.0,-16.0,-14.0,-13.0,-13.0,-12.0,-11.0
40.4615,-86.914,0,125290,382,sub6,20560,454,-112.0,8.647958136809608,-138.0,-123.69999999999999,-118.0,-112.0,-105.0,-101.30000000000001,-99.0,-18.0,5.137397997506978,-38.0,-28.0,-21.0,-18.0,-17.0,-16.0,-14.0
40.4615,-86.914,0,125290,403,sub6,20560,770,-116.0,5.145205635659183,-138.0,-123.0,-119.0,-116.0,-113.0,-111.0,-107.0,-16.0,3.1453552940851863,-38.0,-20.0,-18.0,-16.0,-15.0,-14.0,-12.0
40.4615,-86.914,0,125290,452,sub6,20560,6,-117.5,1.632993161855452,-120.0,-119.5,-118.75,-117.5,-116.25,-116.0,-116.0,-18.5,1.2110601416389968,-20.0,-19.5,-19.0,-18.5,-17.25,-17.0,-17.0
40.4615,-86.914,0,125290,479,sub6,20560,138,-121.0,5.711092430360612,-137.0,-129.3,-125.0,-121.0,-117.0,-115.0,-112.0,-21.0,4.939135528550051,-38.0,-30.0,-25.0,-21.0,-19.0,-17.0,-15.0
40.4615,-86.914,0,125290,700,sub6,20560,4020,-107.0,4.723316532981048,-120.0,-112.0,-109.0,-107.0,-104.0,-99.0,-91.0,-12.0,1.1850687950490195,-18.0,-14.0,-13.0,-12.0,-11.0,-11.0,-10.0
40.4615,-86.914,0,520110,0,sub6,20560,28,-122.0,5.273975238358141,-137.0,-129.7,-124.25,-122.0,-120.75,-118.7,-117.0,-18.0,5.937505221384504,-36.0,-26.9,-19.25,-18.0,-17.0,-16.0,-15.0
40.4615,-86.914,0,520110,10,sub6,20560,172,-116.0,4.783618602684011,-139.0,-124.0,-118.0,-116.0,-114.0,-113.0,-110.0,-13.0,3.9967857342657687,-39.0,-17.9,-14.0,-13.0,-12.0,-12.0,-11.0
40.4615,-86.914,0,520110,60,sub6,20560,56,-120.0,3.8554650030327586,-130.0,-125.0,-122.0,-120.0,-117.0,-114.0,-113.0,-17.5,2.847646556209339,-28.0,-20.5,-19.0,-17.5,-15.0,-14.0,-14.0
40.4615,-86.914,0,520110,98,sub6,20560,20,-122.5,7.16332031216927,-137.0,-137.0,-137.0,-122.5,-121.0,-120.9,-120.0,-19.5,8.46416595200956,-37.0,-37.0,-36.0,-19.5,-18.0,-17.0,-17.0
40.4615,-86.914,0,520110,314,sub6,20560,287,-115.0,2.717258646913515,-122.0,-117.4,-116.0,-115.0,-113.0,-111.0,-106.0,-15.0,1.7453515386936869,-22.0,-17.5,-16.0,-15.0,-14.0,-13.0,-12.0
40.4615,-86.914,0,520110,317,sub6,20560,4,-121.5,1.8929694486000912,-125.0,-124.1,-122.75,-121.5,-121.0,-121.0,-121.0,-17.0,2.6457513110645907,-21.0,-20.1,-18.75,-17.0,-15.75,-15.3,-15.0
40.4615,-86.914,0,520110,472,sub6,20560,131,-120.0,5.33935850697452,-137.0,-126.0,-122.0,-120.0,-118.5,-117.0,-112.0,-17.0,5.766416224789039,-36.0,-24.0,-18.0,-17.0,-16.0,-15.0,-13.0
40.4615,-86.914,0,520110,483,sub6,20560,20,-119.5,8.430989203371597,-137.0,-137.0,-133.5,-119.5,-119.0,-115.9,-115.0,-19.0,8.71462775120689,-37.0,-36.1,-33.75,-19.0,-18.0,-15.0,-14.0
40.4615,-86.914,0,520110,515,sub6,20560,149,-117.0,2.1147688798543527,-123.0,-120.0,-118.0,-117.0,-116.0,-114.0,-111.0,-14.0,1.1361193939654677,-17.0,-15.0,-15.0,-14.0,-13.0,-12.799999999999983,-12.0
40.4615,-86.914,0,520110,523,sub6,20560,349,-107.0,3.296539680168474,-118.0,-111.0,-109.0,-107.0,-106.0,-104.0,-97.0,-11.0,0.7801570970366316,-14.0,-12.0,-11.0,-11.0,-10.0,-10.0,-10.0
40.4615,-86.914,0,520110,556,sub6,20560,320,-114.0,2.298440165494281,-120.0,-117.0,-116.0,-114.0,-112.0,-111.0,-108.0,-15.0,1.4396833289908912,-21.0,-17.0,-16.0,-15.0,-14.0,-13.0,-12.0
40.4615,-86.914,0,520110,685,sub6,20560,148,-119.0,3.686985105107932,-137.0,-122.0,-120.0,-119.0,-118.0,-117.0,-113.0,-16.0,3.958851365837048,-36.0,-18.0,-16.0,-16.0,-15.0,-14.0,-13.0
40.4615,-86.914,0,520110,698,sub6,20560,1,-121.0,nan,-121.0,-121.0,-121.0,-121.0,-121.0,-121.0,-121.0,-17.0,nan,-17.0,-17.0,-17.0,-17.0,-17.0,-17.0,-17.0
40.4615,-86.914,0,520110,704,sub6,20560,107,-121.0,6.352541815323169,-139.0,-137.0,-123.5,-121.0,-119.0,-117.6,-114.0,-17.0,7.000957185734486,-38.0,-36.0,-19.0,-17.0,-16.0,-15.0,-13.0
40.4615,-86.914,0,520110,721,sub6,20560,334,-112.0,2.4902391675240247,-119.0,-115.0,-114.0,-112.0,-111.0,-109.0,-104.0,-13.0,1.284975957519897,-17.0,-15.0,-14.0,-13.0,-12.0,-12.0,-11.0
40.4615,-86.914,0,520110,743,sub6,20560,310,-112.0,2.5437583915062527,-120.0,-115.0,-113.0,-112.0,-110.0,-108.0,-104.0,-12.0,0.9936121788819039,-16.0,-13.0,-13.0,-12.0,-11.0,-11.0,-10.0
40.4615,-86.914,0,520110,802,sub6,20560,19,-117.0,4.500812142438347,-128.0,-125.0,-123.5,-117.0,-116.0,-114.0,-114.0,-19.0,3.5884805952458687,-28.0,-26.0,-24.0,-19.0,-18.0,-18.0,-16.0
40.4615,-86.914,0,520110,838,sub6,20560,1,-123.0,nan,-123.0,-123.0,-123.0,-123.0,-123.0,-123.0,-123.0,-20.0,nan,-20.0,-20.0,-20.0,-20.0,-20.0,-20.0,-20.0
40.4615,-86.914,15,1001,190,lte,2065,10,-87.0,4.854551129266914,-95.0,-95.0,-89.0,-87.0,-83.25,-82.0,-82.0,-20.0,0.8232726023485648,-22.0,-21.1,-20.75,-20.0,-20.0,-19.9,-19.0
40.4615,-86.914,15,1001,248,lte,2065,282,-69.0,2.5568841972530927,-80.0,-72.0,-70.0,-69.0,-68.0,-68.0,-67.0,-10.0,0.9154179126617181,-11.0,-10.0,-10.0,-10.0,-9.0,-8.0,-7.0
40.4615,-86.914,15,66736,16,lte,2065,22,-88.5,4.079300508750568,-99.0,-93.9,-91.0,-88.5,-86.25,-85.1,-83.0,-19.0,1.5402254290506872,-22.0,-20.0,-20.0,-19.0,-18.0,-17.099999999999998,-15.0
40.4615,-86.914,15,66736,68,lte,2065,22,-81.5,4.893011183469587,-93.0,-90.0,-84.0,-81.5,-80.0,-78.0,-75.0,-12.0,1.1621744062959527,-15.0,-13.9,-13.0,-12.0,-12.0,-11.0,-10.0
40.4615,-86.914,15,66736,453,lte,2065,22,-86.0,4.883269432083423,-98.0,-93.9,-89.75,-86.0,-83.25,-82.1,-81.0,-17.0,1.1019463300386794,-18.0,-18.0,-17.0,-17.0,-15.25,-15.0,-15.0
40.4615,-86.914,15,125290,210,sub6,2065,152,-100.0,3.2109994708738103,-107.0,-103.0,-102.0,-100.0,-98.0,-95.0,-93.0,-17.0,1.2227510993487274,-23.0,-19.0,-18.0,-17.0,-17.0,-16.0,-15.0
40.4615,-86.914,15,125290,382,sub6,2065,462,-99.0,7.909392720430474,-133.0,-107.0,-101.0,-99.0,-94.0,-92.0,-89.0,-18.0,3.9825095816006426,-36.0,-23.9,-20.0,-18.0,-17.0,-16.0,-14.0
40.4615,-86.914,15,125290,700,sub6,2065,482,-89.0,4.334905460750671,-100.0,-94.0,-92.75,-89.0,-84.0,-83.0,-82.0,-11.0,0.45507540485734055,-13.0,-12.0,-11.0,-11.0,-11.0,-11.0,-11.0
40.4615,-86.914,15,520110,0,sub6,2065,15,-101.0,2.051712409068047,-105.0,-104.6,-104.0,-101.0,-100.0,-100.0,-99.0,-12.0,0.9611501047232549,-14.0,-14.0,-14.0,-12.0,-12.0,-12.0,-12.0
40.4615,-86.914,15,520110,60,sub6,2065,14,-114.0,1.8156825980064073,-115.0,-115.0,-115.0,-114.0,-111.0,-111.0,-111.0,-15.0,1.2066664642907567,-17.0,-16.0,-16.0,-15.0,-14.25,-13.299999999999999,-13.0
40.4615,-86.914,15,520110,314,sub6,2065,100,-92.0,6.3500576629848275,-111.0,-105.0,-97.25,-92.0,-90.0,-87.0,-86.0,-12.0,1.2815315963031235,-16.0,-14.0,-13.0,-12.0,-11.0,-11.0,-11.0
40.4615,-86.914,15,520110,317,sub6,2065,25,-102.0,4.539456648836584,-112.0,-108.6,-104.0,-102.0,-98.0,-97.0,-97.0,-13.0,2.3402279091290805,-19.0,-17.0,-15.0,-13.0,-12.0,-11.0,-11.0
40.4615,-86.914,15,520110,483,sub6,2065,12,-98.0,7.337636478520117,-114.0,-112.8,-110.25,-98.0,-97.75,-96.1,-95.0,-15.0,0.9653072991634227,-16.0,-16.0,-15.25,-15.0,-14.0,-14.0,-13.0
40.4615,-86.914,15,520110,523,sub6,2065,89,-96.0,3.2201326589388297,-105.0,-101.0,-98.0,-96.0,-94.0,-93.0,-90.0,-10.0,0.7508932372370216,-13.0,-12.0,-11.0,-10.0,-10.0,-10.0,-10.0
40.4615,-86.914,15,520110,556,sub6,2065,42,-101.0,5.531453719910962,-113.0,-110.0,-109.0,-101.0,-99.0,-97.0,-96.0,-16.0,1.2176117596395588,-19.0,-18.0,-17.0,-16.0,-15.0,-15.0,-14.0
40.4615,-86.914,15,520110,596,sub6,2065,17,-103.0,0.9354143466934853,-105.0,-104.0,-104.0,-103.0,-102.0,-102.0,-102.0,-17.0,1.3639259941972872,-19.0,-19.0,-18.0,-17.0,-16.0,-15.6,-15.0
40.4615,-86.914,15,520110,721,sub6,2065,79,-100.0,3.7043006839735066,-112.0,-108.0,-104.0,-100.0,-99.0,-97.8,-94.0,-14.0,2.4076584505574568,-24.0,-16.0,-15.0,-14.0,-12.5,-12.0,-11.0
40.4615,-86.914,15,520110,740,sub6,2065,34,-121.0,9.433367031301024,-133.0,-130.7,-128.0,-121.0,-111.5,-105.9,-102.0,-25.0,7.536541994883444,-34.0,-32.7,-30.75,-25.0,-17.25,-12.3,-12.0
40.4615,-86.914,15,520110,743,sub6,2065,100,-86.0,9.270628104640236,-111.0,-109.0,-96.25,-86.0,-85.0,-85.0,-84.0,-11.0,1.4168894655461863,-16.0,-13.0,-11.0,-11.0,-10.0,-10.0,-10.0
40.4615,-86.914,15,520110,802,sub6,2065,59,-98.0,5.06290066853254,-117.0,-107.0,-104.0,-98.0,-97.0,-96.8,-96.0,-14.0,2.207526575763058,-24.0,-16.0,-15.0,-14.0,-13.5,-13.0,-12.0
40.4615,-86.914,15,520110,870,sub6,2065,25,-99.0,1.2819256348686274,-101.0,-101.0,-101.0,-99.0,-98.0,-98.0,-97.0,-14.0,1.0456258094238746,-16.0,-16.0,-15.0,-14.0,-14.0,-13.0,-13.0
40.4615,-86.914,30,1001,71,lte,2117,3,-82.0,1.0,-83.0,-82.8,-82.5,-82.0,-81.5,-81.2,-81.0,-21.0,0.0,-21.0,-21.0,-21.0,-21.0,-21.0,-21.0,-21.0
40.4615,-86.914,30,1001,190,lte,2117,7,-85.0,1.0690449676496976,-87.0,-86.4,-85.5,-85.0,-84.5,-84.0,-84.0,-21.0,0.7867957924694432,-21.0,-21.0,-21.0,-21.0,-20.0,-19.6,-19.0
40.4615,-86.914,30,1001,248,lte,2117,201,-70.0,1.3617555248475157,-73.0,-71.0,-71.0,-70.0,-69.0,-68.0,-67.0,-10.0,1.1149816498947358,-12.0,-11.0,-11.0,-10.0,-9.0,-8.0,-6.0
40.4615,-86.914,30,1001,348,lte,2117,3,-86.0,1.5275252316519468,-87.0,-86.8,-86.5,-86.0,-85.0,-84.4,-84.0,-21.0,0.0,-21.0,-21.0,-21.0,-21.0,-21.0,-21.0,-21.0
40.4615,-86.914,30,1001,397,lte,2117,8,-79.5,1.6420805617960927,-82.0,-82.0,-81.25,-79.5,-78.75,-78.0,-78.0,-19.5,0.5345224838248488,-20.0,-20.0,-20.0,-19.5,-19.0,-19.0,-19.0
40.4615,-86.914,30,66736,16,lte,2117,20,-85.0,2.480980281641661,-88.0,-88.0,-87.0,-85.0,-83.75,-81.9,-79.0,-19.0,1.1367080817685318,-21.0,-20.0,-20.0,-19.0,-18.0,-18.0,-16.0
40.4615,-86.914,30,66736,68,lte,2117,20,-79.0,2.258900524358558,-82.0,-81.0,-80.0,-79.0,-77.75,-74.9,-74.0,-12.0,1.1470786693528088,-15.0,-14.0,-13.0,-12.0,-12.0,-11.0,-11.0
40.4615,-86.914,30,66736,453,lte,2117,20,-84.0,2.704771612111494,-86.0,-86.0,-85.25,-84.0,-83.0,-79.8,-77.0,-17.0,1.0894228312566057,-19.0,-19.0,-18.0,-17.0,-17.0,-16.0,-15.0
40.4615,-86.914,30,66736,468,lte,2117,6,-88.0,3.65604522218567,-89.0,-89.0,-88.75,-88.0,-83.5,-81.5,-81.0,-21.5,1.3662601021279464,-23.0,-22.5,-22.0,-21.5,-21.0,-20.0,-19.0
40.4615,-86.914,30,125290,333,sub6,2117,120,-91.0,1.810257112214981,-100.0,-93.0,-92.0,-91.0,-90.0,-89.0,-87.0,-19.0,0.9197490828210371,-24.0,-20.0,-19.0,-19.0,-18.0,-18.0,-17.0
40.4615,-86.914,30,125290,359,sub6,2117,250,-92.0,3.990905323508043,-115.0,-97.0,-93.0,-92.0,-91.0,-90.0,-89.0,-19.0,2.0008672818350735,-30.0,-22.0,-20.0,-19.0,-19.0,-18.0,-18.0
40.4615,-86.914,30,125290,382,sub6,2117,292,-93.0,4.57545005540743,-122.0,-98.0,-94.0,-93.0,-91.0,-89.09999999999997,-88.0,-19.0,2.3759532187500363,-33.0,-22.0,-20.0,-19.0,-18.0,-17.0,-16.0
40.4615,-86.914,30,125290,700,sub6,2117,400,-85.0,1.382852378872885,-89.0,-87.0,-86.0,-85.0,-84.0,-83.0,-81.0,-13.0,0.7970772109403844,-14.0,-14.0,-13.0,-13.0,-12.0,-12.0,-11.0
40.4615,-86.914,30,520110,0,sub6,2117,75,-94.0,2.3266571155486866,-99.0,-98.0,-96.0,-94.0,-93.0,-92.0,-91.0,-12.0,0.4902656018530776,-13.0,-13.0,-13.0,-12.0,-12.0,-12.0,-12.0
40.4615,-86.914,30,520110,3,sub6,2117,1,-101.0,nan,-101.0,-101.0,-101.0,-101.0,-101.0,-101.0,-101.0,-20.0,nan,-20.0,-20.0,-20.0,-20.0,-20.0,-20.0,-20.0
40.4615,-86.914,30,520110,246,sub6,2117,1,-98.0,nan,-98.0,-98.0,-98.0,-98.0,-98.0,-98.0,-98.0,-17.0,nan,-17.0,-17.0,-17.0,-17.0,-17.0,-17.0,-17.0
40.4615,-86.914,30,520110,314,sub6,2117,90,-86.0,1.921167976000533,-90.0,-88.0,-86.75,-86.0,-84.0,-83.0,-82.0,-12.0,0.6144331451733707,-13.0,-12.0,-12.0,-12.0,-11.0,-11.0,-11.0
40.4615,-86.914,30,520110,317,sub6,2117,90,-91.0,3.095665690512418,-98.0,-96.0,-94.0,-91.0,-89.0,-88.0,-87.0,-11.0,0.3936131804579368,-12.0,-12.0,-11.0,-11.0,-11.0,-11.0,-11.0
40.4615,-86.914,30,520110,459,sub6,2117,3,-95.0,0.5773502691896257,-95.0,-95.0,-95.0,-95.0,-94.5,-94.2,-94.0,-15.0,0.5773502691896257,-16.0,-15.8,-15.5,-15.0,-15.0,-15.0,-15.0
40.4615,-86.914,30,520110,523,sub6,2117,73,-93.0,1.1578269153485905,-96.0,-95.0,-94.0,-93.0,-93.0,-92.0,-90.0,-12.0,1.119564494584499,-14.0,-14.0,-13.0,-12.0,-12.0,-11.0,-11.0
40.4615,-86.914,30,520110,533,sub6,2117,15,-101.0,10.771655927877172,-131.0,-124.2,-105.5,-101.0,-100.5,-100.0,-98.0,-14.0,7.199867723652653,-34.0,-29.4,-18.0,-14.0,-13.0,-13.0,-13.0
40.4615,-86.914,30,520110,556,sub6,2117,29,-97.0,1.3344617556677676,-100.0,-99.0,-97.0,-97.0,-96.0,-95.0,-95.0,-16.0,1.0985884360051028,-20.0,-18.0,-17.0,-16.0,-16.0,-16.0,-15.0
40.4615,-86.914,30,520110,596,sub6,2117,75,-95.0,2.4416063240091432,-100.0,-98.0,-96.0,-95.0,-92.0,-92.0,-90.0,-14.0,1.3673147222017141,-19.0,-16.0,-15.0,-14.0,-14.0,-13.0,-13.0
40.4615,-86.914,30,520110,695,sub6,2117,35,-108.0,10.003360779795772,-130.0,-126.2,-119.5,-108.0,-101.5,-101.0,-100.0,-18.0,7.08507722807106,-33.0,-31.2,-26.0,-18.0,-14.0,-13.0,-13.0
40.4615,-86.914,30,520110,721,sub6,2117,65,-93.0,1.3546572089817221,-101.0,-94.0,-94.0,-93.0,-93.0,-92.0,-90.0,-15.0,2.3603291817358536,-23.0,-19.0,-18.0,-15.0,-14.0,-13.0,-12.0
40.4615,-86.914,30,520110,740,sub6,2117,41,-120.0,10.733580767738276,-132.0,-128.0,-126.0,-120.0,-110.0,-99.0,-98.0,-27.0,7.321118800279427,-34.0,-32.0,-31.0,-27.0,-20.0,-13.0,-12.0
40.4615,-86.914,30,520110,743,sub6,2117,90,-86.0,1.2586281496042744,-88.0,-87.1,-87.0,-86.0,-85.0,-84.0,-83.0,-12.0,0.6700289743488081,-13.0,-12.0,-12.0,-12.0,-11.0,-11.0,-10.0
40.4615,-86.914,30,520110,749,sub6,2117,2,-100.5,4.949747468305833,-104.0,-103.3,-102.25,-100.5,-98.75,-97.7,-97.0,-18.5,3.5355339059327378,-21.0,-20.5,-19.75,-18.5,-17.25,-16.5,-16.0
40.4615,-86.914,30,520110,764,sub6,2117,10,-111.5,10.485969461883606,-125.0,-118.7,-118.0,-111.5,-101.0,-96.0,-96.0,-24.5,6.425643072011462,-32.0,-29.3,-28.0,-24.5,-18.5,-14.0,-14.0
40.4615,-86.914,30,520110,802,sub6,2117,8,-97.0,1.1952286093343936,-100.0,-98.6,-98.0,-97.0,-97.0,-96.7,-96.0,-17.5,1.4880476182856899,-19.0,-18.3,-18.0,-17.5,-17.0,-16.1,-14.0
40.4615,-86.914,30,520110,815,sub6,2117,1,-103.0,nan,-103.0,-103.0,-103.0,-103.0,-103.0,-103.0,-103.0,-20.0,nan,-20.0,-20.0,-20.0,-20.0,-20.0,-20.0,-20.0
40.4615,-86.914,30,520110,818,sub6,2117,1,-130.0,nan,-130.0,-130.0,-130.0,-130.0,-130.0,-130.0,-130.0,-34.0,nan,-34.0,-34.0,-34.0,-34.0,-34.0,-34.0,-34.0
40.4615,-86.914,30,520110,870,sub6,2117,62,-95.0,2.276788352832996,-100.0,-98.0,-97.0,-95.0,-93.0,-92.0,-91.0,-14.0,0.8014067483549354,-16.0,-15.0,-15.0,-14.0,-14.0,-13.0,-13.0
40.4615,-86.914,45,1001,29,lte,2273,10,-89.0,1.8885620632287061,-92.0,-90.2,-89.75,-89.0,-88.0,-86.8,-85.0,-20.0,1.3374935098492586,-23.0,-21.2,-21.0,-20.0,-20.0,-18.9,-18.0
40.4615,-86.914,45,1001,71,lte,2273,5,-86.0,1.6431676725154982,-87.0,-86.6,-86.0,-86.0,-84.0,-83.4,-83.0,-21.0,0.8366600265340756,-22.0,-21.6,-21.0,-21.0,-20.0,-20.0,-20.0
40.4615,-86.914,45,1001,123,lte,2273,10,-88.5,2.3687784005919825,-90.0,-89.1,-89.0,-88.5,-86.5,-83.9,-83.0,-19.0,0.5676462121975466,-20.0,-20.0,-19.0,-19.0,-19.0,-18.9,-18.0
40.4615,-86.914,45,1001,190,lte,2273,34,-87.0,1.5318950085728957,-89.0,-88.7,-88.0,-87.0,-86.0,-85.0,-83.0,-19.0,1.4798106541691447,-22.0,-21.0,-20.0,-19.0,-18.0,-17.3,-16.0
40.4615,-86.914,45,1001,248,lte,2273,36,-78.0,3.2895939827627014,-83.0,-81.5,-80.25,-78.0,-75.0,-73.0,-72.0,-12.0,1.4265064440515627,-15.0,-13.0,-13.0,-12.0,-10.75,-10.0,-10.0
40.4615,-86.914,45,1001,348,lte,2273,23,-87.0,1.8703004345331848,-90.0,-89.0,-88.5,-87.0,-85.5,-84.2,-84.0,-19.0,1.1228844843604313,-22.0,-21.0,-20.0,-19.0,-19.0,-18.0,-18.0
40.4615,-86.914,45,1001,393,lte,2273,8,-89.5,1.3093073414159542,-90.0,-90.0,-90.0,-89.5,-88.5,-87.0,-87.0,-20.5,0.7440238091428449,-22.0,-21.3,-21.0,-20.5,-20.0,-20.0,-20.0
40.4615,-86.914,45,1001,441,lte,2273,22,-86.0,1.6774542658006546,-90.0,-88.0,-87.75,-86.0,-85.0,-85.0,-83.0,-18.5,1.595448070434931,-22.0,-20.0,-19.75,-18.5,-17.25,-17.0,-15.0
40.4615,-86.914,45,66736,16,lte,2273,18,-87.0,1.7758363582385148,-89.0,-89.0,-88.0,-87.0,-85.25,-84.7,-83.0,-19.0,1.0178151661369075,-21.0,-21.0,-20.0,-19.0,-19.0,-18.0,-18.0
40.4615,-86.914,45,66736,68,lte,2273,20,-80.5,1.814415956487898,-84.0,-82.1,-81.0,-80.5,-79.75,-78.0,-76.0,-13.0,1.1192102478745307,-14.0,-14.0,-14.0,-13.0,-12.0,-11.0,-11.0
40.4615,-86.914,45,66736,350,lte,2273,12,-87.0,1.2401124093721454,-90.0,-87.9,-87.0,-87.0,-86.0,-86.0,-85.0,-19.0,1.337115846843043,-22.0,-20.9,-20.0,-19.0,-18.0,-18.0,-18.0
40.4615,-86.914,45,66736,453,lte,2273,14,-86.0,2.462911704859528,-92.0,-89.4,-87.0,-86.0,-85.0,-83.6,-83.0,-18.5,1.016349857562362,-20.0,-20.0,-19.0,-18.5,-18.0,-17.299999999999997,-17.0
40.4615,-86.914,45,66736,468,lte,2273,14,-88.0,2.0380986614602725,-91.0,-90.7,-89.75,-88.0,-86.25,-85.3,-85.0,-20.0,0.9749612559222292,-22.0,-20.7,-20.0,-20.0,-19.0,-19.0,-18.0
40.4615,-86.914,45,125290,333,sub6,2273,372,-87.0,1.8311154519882864,-92.0,-90.0,-89.0,-87.0,-86.0,-85.0,-83.0,-17.0,0.9808583013232487,-20.0,-18.0,-18.0,-17.0,-16.0,-16.0,-15.0
40.4615,-86.914,45,125290,359,sub6,2273,385,-89.0,1.7438163787424878,-103.0,-91.0,-90.0,-89.0,-88.0,-88.0,-86.0,-19.0,1.0295091399614051,-26.0,-20.0,-19.0,-19.0,-18.0,-18.0,-17.0
40.4615,-86.914,45,125290,382,sub6,2273,99,-91.0,5.86148784743355,-118.0,-101.2,-95.5,-91.0,-90.0,-90.0,-88.0,-20.0,2.6471534051275345,-31.0,-24.2,-21.0,-20.0,-19.0,-19.0,-17.0
40.4615,-86.914,45,125290,700,sub6,2273,388,-84.0,1.7585610864439114,-90.0,-87.0,-86.0,-84.0,-83.0,-82.0,-81.0,-14.0,0.9394406931244423,-19.0,-16.0,-15.0,-14.0,-14.0,-14.0,-13.0
40.4615,-86.914,45,520110,0,sub6,2273,66,-89.0,1.6841507166413683,-92.0,-91.0,-89.0,-89.0,-87.0,-86.5,-84.0,-14.0,0.8469057900672414,-15.0,-15.0,-14.0,-14.0,-13.0,-13.0,-12.0
40.4615,-86.914,45,520110,3,sub6,2273,18,-97.0,1.5048939771136507,-98.0,-98.0,-98.0,-97.0,-95.0,-94.7,-94.0,-17.0,0.7775443160352293,-19.0,-18.0,-18.0,-17.0,-17.0,-16.7,-16.0
40.4615,-86.914,45,520110,186,sub6,2273,7,-94.0,1.2535663410560174,-97.0,-96.4,-95.0,-94.0,-94.0,-94.0,-94.0,-18.0,1.2535663410560174,-20.0,-20.0,-19.0,-18.0,-17.5,-17.0,-17.0
40.4615,-86.914,45,520110,227,sub6,2273,10,-121.0,10.685400216078843,-131.0,-127.4,-126.5,-121.0,-111.25,-101.9,-101.0,-29.0,6.2012543533994435,-35.0,-33.2,-32.0,-29.0,-23.25,-18.8,-17.0
40.4615,-86.914,45,520110,246,sub6,2273,5,-97.0,1.140175425099138,-99.0,-98.6,-98.0,-97.0,-97.0,-96.4,-96.0,-17.0,0.4472135954999579,-18.0,-17.6,-17.0,-17.0,-17.0,-17.0,-17.0
40.4615,-86.914,45,520110,314,sub6,2273,73,-87.0,1.6671232251375412,-90.0,-89.0,-89.0,-87.0,-86.0,-85.0,-84.0,-13.0,0.8743338407865703,-14.0,-14.0,-13.0,-13.0,-12.0,-12.0,-11.0
40.4615,-86.914,45,520110,317,sub6,2273,73,-89.0,1.2108401802720878,-91.0,-90.0,-90.0,-89.0,-88.0,-87.0,-86.0,-12.0,0.744334256594666,-14.0,-13.0,-12.0,-12.0,-11.0,-11.0,-11.0
40.4615,-86.914,45,520110,378,sub6,2273,17,-97.0,1.028991510855053,-99.0,-98.0,-98.0,-97.0,-96.0,-96.0,-96.0,-17.0,0.9510056596602788,-19.0,-18.0,-18.0,-17.0,-16.0,-16.0,-16.0
40.4615,-86.914,45,520110,459,sub6,2273,64,-88.0,2.7247669916398647,-94.0,-92.7,-90.0,-88.0,-86.0,-85.0,-83.0,-13.0,0.9267572326418436,-15.0,-15.0,-14.0,-13.0,-13.0,-12.0,-12.0
40.4615,-86.914,45,520110,507,sub6,2273,6,-93.5,0.5477225575051661,-94.0,-94.0,-94.0,-93.5,-93.0,-93.0,-93.0,-18.0,0.0,-18.0,-18.0,-18.0,-18.0,-18.0,-18.0,-18.0
40.4615,-86.914,45,520110,523,sub6,2273,54,-92.0,1.0848038721125515,-95.0,-94.0,-93.0,-92.0,-91.25,-91.0,-91.0,-13.0,0.780841524940866,-15.0,-14.0,-14.0,-13.0,-13.0,-12.299999999999997,-12.0
40.4615,-86.914,45,520110,533,sub6,2273,5,-120.0,12.98075498574717,-131.0,-129.0,-126.0,-120.0,-109.0,-103.0,-99.0,-27.0,8.167006795638168,-34.0,-32.8,-31.0,-27.0,-20.0,-16.4,-14.0
40.4615,-86.914,45,520110,540,sub6,2273,10,-99.0,1.0593499054713802,-99.0,-99.0,-99.0,-99.0,-98.0,-96.9,-96.0,-19.0,0.9486832980505138,-21.0,-20.1,-20.0,-19.0,-19.0,-18.0,-18.0
40.4615,-86.914,45,520110,556,sub6,2273,7,-96.0,2.225394561056747,-100.0,-99.4,-97.5,-96.0,-95.0,-94.6,-94.0,-17.0,2.5448360411214073,-22.0,-21.4,-19.0,-17.0,-16.0,-16.0,-16.0
40.4615,-86.914,45,520110,596,sub6,2273,52,-94.0,2.376592107461622,-99.0,-98.0,-96.0,-94.0,-93.0,-91.0,-91.0,-16.0,1.708266654329062,-19.0,-19.0,-17.0,-16.0,-15.0,-14.0,-14.0
40.4615,-86.914,45,520110,721,sub6,2273,7,-93.0,0.8997354108424375,-94.0,-94.0,-93.5,-93.0,-92.0,-92.0,-92.0,-15.0,1.1338934190276815,-18.0,-16.8,-15.5,-15.0,-15.0,-15.0,-15.0
40.4615,-86.914,45,520110,740,sub6,2273,24,-117.0,11.424531830067782,-131.0,-128.8,-125.25,-117.0,-103.75,-99.0,-98.0,-26.0,7.1459931004237855,-34.0,-33.4,-31.0,-26.0,-18.0,-14.3,-13.0
40.4615,-86.914,45,520110,743,sub6,2273,73,-86.0,1.1396079327940216,-88.0,-87.0,-87.0,-86.0,-85.0,-84.0,-84.0,-12.0,0.8122914203647443,-14.0,-13.0,-13.0,-12.0,-11.0,-11.0,-11.0
40.4615,-86.914,45,520110,749,sub6,2273,61,-94.0,2.508891292807579,-105.0,-97.0,-95.0,-94.0,-93.0,-92.0,-90.0,-15.0,1.4012094697589215,-22.0,-17.0,-16.0,-15.0,-14.0,-14.0,-14.0
40.4615,-86.914,45,520110,764,sub6,2273,28,-111.5,12.937170106726215,-131.0,-129.3,-123.5,-111.5,-100.0,-94.0,-94.0,-25.0,7.330085861035921,-34.0,-33.3,-30.25,-25.0,-18.75,-13.7,-13.0
40.4615,-86.914,45,520110,815,sub6,2273,48,-97.0,2.9588639520134796,-102.0,-101.3,-100.25,-97.0,-96.0,-93.69999999999999,-92.0,-16.0,2.6524443430367772,-24.0,-20.3,-18.0,-16.0,-15.0,-14.0,-13.0
40.4615,-86.914,45,520110,818,sub6,2273,29,-95.0,11.327415628800166,-130.0,-119.2,-97.0,-95.0,-93.0,-92.8,-92.0,-14.0,6.439754913795531,-34.0,-28.599999999999998,-16.0,-14.0,-14.0,-13.0,-13.0
40.4615,-86.914,45,520110,870,sub6,2273,66,-89.0,1.0988444873862755,-91.0,-91.0,-90.75,-89.0,-89.0,-88.0,-87.0,-12.0,0.5513281273095941,-13.0,-13.0,-13.0,-12.0,-12.0,-12.0,-11.0
40.4615,-86.914,60,1001,29,lte,1975,92,-88.0,1.0438887749594705,-90.0,-89.0,-88.0,-88.0,-87.0,-86.1,-84.0,-19.0,0.9898553755959884,-21.0,-20.0,-19.0,-19.0,-18.0,-18.0,-17.0
40.4615,-86.914,60,1001,123,lte,1975,68,-88.0,0.9444630938038316,-91.0,-89.0,-88.0,-88.0,-88.0,-87.0,-85.0,-20.0,0.6877518694190349,-21.0,-21.0,-20.0,-20.0,-19.0,-19.0,-18.0
40.4615,-86.914,60,1001,190,lte,1975,86,-87.0,1.3849395133146993,-91.0,-89.0,-88.0,-87.0,-86.0,-86.0,-85.0,-18.0,0.9272438307969637,-21.0,-20.0,-19.0,-18.0,-18.0,-18.0,-17.0
40.4615,-86.914,60,1001,248,lte,1975,98,-83.0,0.7811825396921,-85.0,-84.0,-84.0,-83.0,-83.0,-82.0,-82.0,-15.0,0.6923737742715048,-17.0,-16.0,-16.0,-15.0,-15.0,-15.0,-13.0
40.4615,-86.914,60,1001,348,lte,1975,8,-90.0,1.4577379737113252,-93.0,-91.6,-90.25,-90.0,-89.75,-88.7,-88.0,-20.0,0.9161253813129043,-22.0,-21.3,-21.0,-20.0,-20.0,-19.7,-19.0
40.4615,-86.914,60,1001,371,lte,1975,14,-90.0,0.8418973861410954,-91.0,-90.0,-90.0,-90.0,-89.25,-88.3,-88.0,-21.0,0.4972451580988469,-21.0,-21.0,-21.0,-21.0,-20.0,-20.0,-20.0
40.4615,-86.914,60,1001,441,lte,1975,98,-85.0,1.1585810804273717,-88.0,-87.0,-86.0,-85.0,-85.0,-84.0,-83.0,-17.0,0.8695711632724203,-19.0,-18.0,-18.0,-17.0,-16.25,-16.0,-15.0
40.4615,-86.914,60,66736,16,lte,1975,6,-92.0,2.401388487243717,-94.0,-93.0,-92.0,-92.0,-90.5,-88.5,-87.0,-18.5,0.816496580927726,-19.0,-19.0,-19.0,-18.5,-18.0,-17.5,-17.0
40.4615,-86.914,60,66736,68,lte,1975,14,-90.0,4.8899987640170135,-94.0,-93.7,-91.75,-90.0,-82.25,-82.0,-82.0,-18.0,2.7902892835178017,-20.0,-19.0,-19.0,-18.0,-14.0,-13.0,-12.0
40.4615,-86.914,60,66736,162,lte,1975,2,-92.5,2.1213203435596424,-94.0,-93.7,-93.25,-92.5,-91.75,-91.3,-91.0,-19.5,0.7071067811865476,-20.0,-19.9,-19.75,-19.5,-19.25,-19.1,-19.0
40.4615,-86.914,60,66736,350,lte,1975,13,-89.0,1.7614096918559583,-93.0,-92.0,-90.0,-89.0,-88.0,-88.0,-88.0,-17.0,1.3774744634423892,-20.0,-18.8,-18.0,-17.0,-16.0,-16.0,-15.0
40.4615,-86.914,60,66736,453,lte,1975,2,-96.5,0.7071067811865476,-97.0,-96.9,-96.75,-96.5,-96.25,-96.1,-96.0,-20.5,0.7071067811865476,-21.0,-20.9,-20.75,-20.5,-20.25,-20.1,-20.0
40.4615,-86.914,60,66736,468,lte,1975,13,-91.0,3.647970985039808,-97.0,-95.6,-93.0,-91.0,-87.0,-86.2,-86.0,-17.0,1.5191090506255,-21.0,-19.8,-19.0,-17.0,-17.0,-16.2,-16.0
40.4615,-86.914,60,125290,333,sub6,1975,392,-86.0,1.64612825840617,-93.0,-88.0,-87.0,-86.0,-85.0,-84.0,-83.0,-16.0,0.7671648704903902,-18.0,-17.0,-17.0,-16.0,-16.0,-15.0,-14.0
40.4615,-86.914,60,125290,359,sub6,1975,339,-89.0,2.502125957173783,-105.0,-92.0,-91.0,-89.0,-88.0,-87.0,-86.0,-19.0,1.1597158018793312,-25.0,-20.0,-20.0,-19.0,-18.0,-18.0,-17.0
40.4615,-86.914,60,125290,382,sub6,1975,12,-94.5,4.969604581550699,-108.0,-102.6,-96.75,-94.5,-93.5,-92.0,-91.0,-20.0,2.4293034292807376,-27.0,-24.8,-22.25,-20.0,-20.0,-20.0,-19.0
40.4615,-86.914,60,125290,700,sub6,1975,394,-85.0,1.8191931839582198,-90.0,-88.0,-86.0,-85.0,-84.0,-83.0,-82.0,-15.0,1.0626273280532141,-19.0,-17.0,-16.0,-15.0,-15.0,-14.0,-14.0
40.4615,-86.914,60,520110,0,sub6,1975,33,-86.0,3.2450428395173807,-89.0,-88.8,-88.0,-86.0,-81.0,-80.0,-80.0,-14.0,0.576638808328867,-15.0,-15.0,-15.0,-14.0,-14.0,-14.0,-13.0
40.4615,-86.914,60,520110,3,sub6,1975,9,-96.0,3.570714214271426,-107.0,-99.8,-97.0,-96.0,-96.0,-96.0,-96.0,-20.0,1.8708286933869709,-25.0,-21.8,-20.0,-20.0,-19.0,-19.0,-19.0
40.4615,-86.914,60,520110,177,sub6,1975,6,-133.5,14.702607478493963,-140.0,-140.0,-140.0,-133.5,-114.25,-110.0,-110.0,-37.0,11.343133018115703,-40.0,-40.0,-40.0,-37.0,-21.25,-17.0,-17.0
40.4615,-86.914,60,520110,186,sub6,1975,5,-87.0,4.9295030175464944,-96.0,-96.0,-96.0,-87.0,-87.0,-87.0,-87.0,-18.5,2.0615528128088303,-21.0,-20.7,-20.25,-18.5,-17.0,-17.0,-17.0
40.4615,-86.914,60,520110,314,sub6,1975,23,-88.0,1.8818878755878587,-93.0,-89.0,-89.0,-88.0,-87.5,-86.0,-85.0,-13.0,1.2667845448236064,-17.0,-13.0,-13.0,-13.0,-13.0,-12.0,-12.0
40.4615,-86.914,60,520110,317,sub6,1975,21,-91.0,1.2835961388299078,-92.0,-91.0,-91.0,-91.0,-90.0,-88.0,-88.0,-14.0,1.2780193008453875,-17.0,-17.0,-15.0,-14.0,-14.0,-14.0,-13.0
40.4615,-86.914,60,520110,378,sub6,1975,22,-95.5,3.7833652762921015,-97.0,-97.0,-96.75,-95.5,-90.5,-87.19999999999999,-87.0,-17.0,1.2258187382102497,-18.0,-18.0,-18.0,-17.0,-15.75,-15.0,-15.0
40.4615,-86.914,60,520110,459,sub6,1975,33,-86.0,3.897357301992459,-87.0,-87.0,-87.0,-86.0,-79.0,-77.0,-77.0,-13.0,0.25788071477756375,-13.0,-13.0,-13.0,-13.0,-13.0,-13.0,-12.0
40.4615,-86.914,60,520110,507,sub6,1975,5,-96.0,0.8944271909999159,-98.0,-97.6,-97.0,-96.0,-96.0,-96.0,-96.0,-21.0,0.8366600265340756,-22.0,-21.6,-21.0,-21.0,-20.0,-20.0,-20.0
40.4615,-86.914,60,520110,523,sub6,1975,21,-92.0,1.220850601210562,-94.0,-93.0,-92.0,-92.0,-91.0,-90.0,-90.0,-13.0,0.9783367810436533,-15.0,-15.0,-14.0,-13.0,-13.0,-12.0,-12.0
40.4615,-86.914,60,520110,540,sub6,1975,4,-96.0,0.816496580927726,-97.0,-96.7,-96.25,-96.0,-95.75,-95.3,-95.0,-17.0,0.5,-18.0,-17.7,-17.25,-17.0,-17.0,-17.0,-17.0
40.4615,-86.914,60,520110,556,sub6,1975,11,-89.0,6.103650174653316,-104.0,-102.0,-96.0,-89.0,-88.0,-88.0,-88.0,-19.0,2.6457513110645907,-25.0,-24.2,-20.0,-19.0,-18.0,-18.0,-18.0
40.4615,-86.914,60,520110,596,sub6,1975,4,-91.5,1.4142135623730951,-94.0,-93.4,-92.5,-91.5,-91.0,-91.0,-91.0,-15.5,0.5773502691896257,-16.0,-16.0,-16.0,-15.5,-15.0,-15.0,-15.0
40.4615,-86.914,60,520110,721,sub6,1975,15,-87.0,3.181793444554427,-93.0,-93.0,-93.0,-87.0,-87.0,-86.0,-86.0,-16.0,0.7929614610987592,-17.0,-17.0,-17.0,-16.0,-15.75,-15.0,-15.0
40.4615,-86.914,60,520110,743,sub6,1975,23,-86.0,2.7733913544148585,-95.0,-87.0,-87.0,-86.0,-85.0,-85.0,-84.0,-12.0,2.390693418187043,-20.0,-12.0,-12.0,-12.0,-12.0,-11.0,-11.0
40.4615,-86.914,60,520110,749,sub6,1975,27,-90.0,4.9562185750935726,-92.0,-91.0,-91.0,-90.0,-81.0,-80.0,-80.0,-13.0,0.5623215571155333,-14.0,-14.0,-13.0,-13.0,-13.0,-12.2,-12.0
40.4615,-86.914,60,520110,815,sub6,1975,31,-90.0,3.8006790564743267,-92.0,-90.0,-90.0,-90.0,-83.0,-82.0,-81.0,-12.0,0.4803844614152615,-13.0,-13.0,-13.0,-12.0,-12.0,-12.0,-12.0
40.4615,-86.914,60,520110,870,sub6,1975,31,-90.0,3.18734055051327,-92.0,-91.0,-91.0,-90.0,-85.0,-83.0,-83.0,-13.0,0.4236592728681617,-13.0,-13.0,-13.0,-13.0,-13.0,-12.0,-12.0
40.4615,-86.914,75,1001,29,lte,2404,96,-88.0,1.100189377637626,-91.0,-90.0,-89.0,-88.0,-87.0,-87.0,-86.0,-18.0,0.7602371513651444,-20.0,-19.0,-18.0,-18.0,-18.0,-17.0,-16.0
40.4615,-86.914,75,1001,71,lte,2404,37,-90.0,1.0149039511352926,-94.0,-91.4,-91.0,-90.0,-90.0,-90.0,-89.0,-20.0,0.8655918491120682,-22.0,-21.0,-20.0,-20.0,-19.0,-19.0,-19.0
40.4615,-86.914,75,1001,123,lte,2404,77,-90.0,0.9729773348096634,-92.0,-91.0,-91.0,-90.0,-89.0,-89.0,-88.0,-20.0,0.8165663401299494,-22.0,-21.0,-21.0,-20.0,-20.0,-19.0,-18.0
40.4615,-86.914,75,1001,190,lte,2404,96,-88.0,0.9741730636261386,-90.0,-89.0,-89.0,-88.0,-87.0,-87.0,-86.0,-18.0,0.8934459211586827,-20.0,-19.0,-18.0,-18.0,-17.0,-17.0,-16.0
40.4615,-86.914,75,1001,248,lte,2404,96,-85.0,0.9205261653275433,-87.0,-86.0,-85.0,-85.0,-84.0,-83.5,-83.0,-16.0,0.9712986423503222,-17.0,-17.0,-16.0,-16.0,-15.0,-14.0,-14.0
40.4615,-86.914,75,1001,348,lte,2404,34,-89.0,1.148509069959383,-91.0,-90.0,-90.0,-89.0,-88.0,-87.0,-86.0,-19.0,1.048298851131404,-21.0,-20.0,-20.0,-19.0,-18.0,-18.0,-17.0
40.4615,-86.914,75,1001,441,lte,2404,21,-88.0,1.3989792196965818,-91.0,-90.0,-90.0,-88.0,-88.0,-87.0,-86.0,-18.0,1.20909253653505,-20.0,-20.0,-19.0,-18.0,-17.0,-17.0,-16.0
40.4615,-86.914,75,66736,16,lte,2404,8,-92.0,2.052872551885702,-96.0,-94.6,-93.25,-92.0,-90.75,-90.0,-90.0,-18.0,1.0350983390135313,-19.0,-19.0,-18.25,-18.0,-17.0,-16.7,-16.0
40.4615,-86.914,75,66736,68,lte,2404,27,-92.0,1.8077074618992608,-95.0,-94.0,-94.0,-92.0,-91.0,-90.0,-89.0,-19.0,1.6954774768907657,-21.0,-20.0,-20.0,-19.0,-17.5,-17.0,-14.0
40.4615,-86.914,75,66736,162,lte,2404,10,-94.0,0.8432740427115678,-95.0,-94.1,-94.0,-94.0,-93.0,-92.9,-92.0,-19.0,0.7888106377466155,-20.0,-20.0,-20.0,-19.0,-19.0,-18.0,-18.0
40.4615,-86.914,75,66736,350,lte,2404,26,-91.0,2.428041312536633,-95.0,-93.5,-93.0,-91.0,-89.0,-88.0,-87.0,-17.0,1.647842412181643,-20.0,-19.0,-17.0,-17.0,-15.25,-15.0,-14.0
40.4615,-86.914,75,66736,453,lte,2404,10,-93.0,2.5407785333546005,-96.0,-96.0,-93.0,-93.0,-90.25,-89.0,-89.0,-19.0,0.816496580927726,-21.0,-19.2,-19.0,-19.0,-19.0,-18.0,-18.0
40.4615,-86.914,75,66736,468,lte,2404,23,-92.0,2.5483467476473955,-96.0,-94.0,-92.5,-92.0,-90.5,-87.2,-86.0,-17.0,1.982133637003497,-20.0,-20.0,-19.0,-17.0,-16.0,-14.2,-14.0
40.4615,-86.914,75,125290,333,sub6,2404,373,-86.0,1.840896112789358,-92.0,-89.0,-88.0,-86.0,-85.0,-85.0,-83.0,-16.0,0.8314357593294031,-18.0,-17.0,-17.0,-16.0,-16.0,-15.0,-15.0
40.4615,-86.914,75,125290,359,sub6,2404,273,-90.0,2.557362802447041,-104.0,-92.0,-91.0,-90.0,-89.0,-88.0,-86.0,-19.0,1.4893864253961364,-27.0,-21.0,-20.0,-19.0,-19.0,-18.0,-17.0
40.4615,-86.914,75,125290,382,sub6,2404,8,-89.0,0.7071067811865476,-90.0,-89.3,-89.0,-89.0,-88.0,-88.0,-88.0,-18.0,0.4629100498862757,-18.0,-18.0,-18.0,-18.0,-17.75,-17.0,-17.0
40.4615,-86.914,75,125290,700,sub6,2404,373,-86.0,1.4391728672751218,-91.0,-88.0,-87.0,-86.0,-85.0,-84.0,-83.0,-16.0,0.7741238785952437,-18.0,-17.0,-16.0,-16.0,-15.0,-15.0,-15.0
40.4615,-86.914,75,520110,0,sub6,2404,79,-84.0,2.0251582216668433,-87.0,-86.0,-86.0,-84.0,-83.0,-82.0,-78.0,-13.0,0.3032068294218744,-14.0,-13.0,-13.0,-13.0,-13.0,-13.0,-12.0
40.4615,-86.914,75,520110,3,sub6,2404,24,-97.0,4.1668115916825075,-105.0,-101.5,-98.0,-97.0,-96.75,-90.4,-88.0,-20.0,1.3802674885401558,-24.0,-21.8,-21.0,-20.0,-19.0,-19.0,-19.0
40.4615,-86.914,75,520110,14,sub6,2404,5,-108.0,4.929503017546495,-113.0,-112.2,-111.0,-108.0,-104.0,-102.2,-101.0,-25.0,2.7018512172212596,-27.0,-26.6,-26.0,-25.0,-24.0,-21.6,-20.0
40.4615,-86.914,75,520110,177,sub6,2404,23,-123.0,6.670683901626204,-134.0,-130.6,-126.5,-123.0,-117.0,-112.2,-111.0,-28.0,5.477225575051661,-35.0,-33.0,-31.5,-28.0,-23.5,-18.4,-16.0
40.4615,-86.914,75,520110,186,sub6,2404,24,-96.0,3.7753970901622775,-98.0,-98.0,-98.0,-96.0,-94.75,-88.0,-88.0,-18.0,0.8937009000226522,-20.0,-19.0,-19.0,-18.0,-18.0,-17.0,-17.0
40.4615,-86.914,75,520110,227,sub6,2404,5,-120.0,13.011533345459329,-131.0,-129.4,-127.0,-120.0,-110.0,-103.4,-99.0,-28.0,7.52994023880668,-35.0,-33.8,-32.0,-28.0,-23.0,-18.8,-16.0
40.4615,-86.914,75,520110,314,sub6,2404,70,-86.5,1.309623561041726,-90.0,-88.0,-88.0,-86.5,-86.0,-85.0,-84.0,-12.0,1.001964943205104,-17.0,-13.0,-13.0,-12.0,-12.0,-12.0,-11.0
40.4615,-86.914,75,520110,317,sub6,2404,50,-89.0,1.1155670288774076,-91.0,-90.0,-90.0,-89.0,-88.0,-88.0,-87.0,-13.0,1.0371500721249762,-18.0,-14.0,-14.0,-13.0,-13.0,-13.0,-13.0
40.4615,-86.914,75,520110,378,sub6,2404,45,-97.0,2.169578462990151,-99.0,-98.0,-98.0,-97.0,-96.0,-95.0,-88.0,-17.0,0.8944271909999157,-18.0,-18.0,-17.0,-17.0,-16.0,-16.0,-15.0
40.4615,-86.914,75,520110,459,sub6,2404,79,-85.0,1.7426062101820396,-88.0,-87.0,-86.0,-85.0,-84.5,-84.0,-80.0,-14.0,0.4838470804561004,-15.0,-14.0,-14.0,-14.0,-14.0,-13.0,-13.0
40.4615,-86.914,75,520110,507,sub6,2404,13,-94.0,0.9674179220468451,-95.0,-94.8,-94.0,-94.0,-93.0,-92.2,-92.0,-19.0,0.48038446141526125,-19.0,-19.0,-19.0,-19.0,-18.0,-18.0,-18.0
40.4615,-86.914,75,520110,523,sub6,2404,55,-91.0,1.4075314494336466,-94.0,-93.0,-92.0,-91.0,-90.0,-89.4,-89.0,-12.0,1.0010095913727308,-16.0,-14.0,-13.0,-12.0,-12.0,-12.0,-12.0
40.4615,-86.914,75,520110,540,sub6,2404,25,-99.0,2.5185974933151454,-106.0,-103.8,-100.0,-99.0,-98.0,-97.0,-97.0,-19.0,1.6613247725836155,-24.0,-21.6,-20.0,-19.0,-19.0,-18.0,-17.0
40.4615,-86.914,75,520110,542,sub6,2404,5,-113.0,11.987493482792805,-128.0,-125.6,-122.0,-113.0,-109.0,-101.8,-97.0,-25.0,6.942621983083913,-33.0,-31.8,-30.0,-25.0,-23.0,-18.2,-15.0
40.4615,-86.914,75,520110,556,sub6,2404,7,-95.0,0.6900655593423543,-96.0,-96.0,-95.5,-95.0,-95.0,-94.6,-94.0,-18.0,0.7867957924694432,-18.0,-18.0,-18.0,-18.0,-17.5,-16.6,-16.0
40.4615,-86.914,75,520110,596,sub6,2404,10,-95.0,2.9230881691191675,-104.0,-96.8,-95.75,-95.0,-95.0,-94.0,-94.0,-18.5,1.5634719199411433,-23.0,-20.3,-19.0,-18.5,-18.0,-18.0,-18.0
40.4615,-86.914,75,520110,743,sub6,2404,70,-86.0,1.2497618820818477,-91.0,-87.0,-87.0,-86.0,-85.0,-85.0,-84.0,-12.0,1.1220544599885178,-18.0,-12.0,-12.0,-12.0,-12.0,-11.0,-11.0
40.4615,-86.914,75,520110,749,sub6,2404,58,-91.0,3.014233225195782,-93.0,-92.0,-92.0,-91.0,-91.0,-90.0,-81.0,-14.0,0.5986998901299034,-14.0,-14.0,-14.0,-14.0,-13.0,-13.0,-12.0
40.4615,-86.914,75,520110,815,sub6,2404,73,-90.0,2.052581253478385,-92.0,-91.0,-91.0,-90.0,-90.0,-89.0,-83.0,-12.0,0.48519323454588115,-13.0,-13.0,-13.0,-12.0,-12.0,-12.0,-12.0
40.4615,-86.914,75,520110,834,sub6,2404,17,-95.0,1.7945997423643294,-99.0,-98.0,-97.0,-95.0,-94.0,-94.0,-94.0,-18.0,1.0467035087808378,-19.0,-19.0,-19.0,-18.0,-17.0,-16.6,-16.0
40.4615,-86.914,75,520110,870,sub6,2404,79,-90.0,2.0787014397046186,-95.0,-93.2,-91.0,-90.0,-89.0,-89.0,-86.0,-13.0,0.9545373172845882,-16.0,-14.399999999999999,-14.0,-13.0,-13.0,-12.0,-12.0
40.4615,-86.914,90,1001,29,lte,2587,100,-89.0,1.2181705110284828,-92.0,-90.1,-90.0,-89.0,-88.0,-88.0,-86.0,-18.0,0.7787584005740451,-20.0,-19.0,-18.0,-18.0,-17.0,-17.0,-16.0
40.4615,-86.914,90,1001,71,lte,2587,27,-90.0,0.926039879027819,-92.0,-91.4,-91.0,-90.0,-90.0,-89.6,-88.0,-20.0,0.9666814027759794,-21.0,-21.0,-20.0,-20.0,-19.0,-18.599999999999998,-18.0
40.4615,-86.914,90,1001,123,lte,2587,20,-90.5,1.2343760409722462,-93.0,-92.1,-91.0,-90.5,-90.0,-89.0,-88.0,-20.0,0.7677718959499145,-22.0,-21.0,-21.0,-20.0,-20.0,-19.0,-19.0
40.4615,-86.914,90,1001,190,lte,2587,87,-89.0,1.0979799682564004,-91.0,-90.0,-90.0,-89.0,-88.0,-87.0,-86.0,-18.0,0.7380881550097007,-20.0,-19.0,-19.0,-18.0,-18.0,-17.0,-16.0
40.4615,-86.914,90,1001,248,lte,2587,100,-85.0,1.0530858934530938,-88.0,-86.1,-86.0,-85.0,-84.0,-84.0,-83.0,-15.0,0.9217352980091196,-18.0,-16.0,-16.0,-15.0,-15.0,-14.0,-14.0
40.4615,-86.914,90,1001,348,lte,2587,12,-90.0,1.1281521496355325,-92.0,-91.0,-91.0,-90.0,-89.0,-89.0,-88.0,-20.0,0.6513389472789296,-20.0,-20.0,-20.0,-20.0,-19.75,-19.0,-18.0
40.4615,-86.914,90,1001,371,lte,2587,26,-91.0,0.9519211344191528,-93.0,-92.0,-91.0,-91.0,-90.0,-90.0,-89.0,-20.0,0.9089300556994725,-22.0,-21.0,-21.0,-20.0,-19.0,-19.0,-19.0
40.4615,-86.914,90,1001,441,lte,2587,100,-87.0,1.6962227793458389,-93.0,-89.1,-89.0,-87.0,-86.0,-86.0,-84.0,-17.0,1.2767936482462696,-20.0,-19.0,-18.0,-17.0,-16.0,-16.0,-14.0
40.4615,-86.914,90,66736,16,lte,2587,8,-93.5,1.685018016012207,-96.0,-95.3,-95.0,-93.5,-92.75,-91.7,-91.0,-18.5,1.1877349391654208,-20.0,-19.3,-19.0,-18.5,-18.0,-17.4,-16.0
40.4615,-86.914,90,66736,68,lte,2587,21,-94.0,2.119074371152695,-97.0,-96.0,-95.0,-94.0,-93.0,-92.0,-88.0,-18.0,1.1169686869465265,-19.0,-19.0,-18.0,-18.0,-16.0,-16.0,-16.0
40.4615,-86.914,90,66736,350,lte,2587,21,-93.0,1.8746428231227712,-96.0,-95.0,-94.0,-93.0,-92.0,-91.0,-89.0,-16.0,1.75797502555531,-22.0,-18.0,-18.0,-16.0,-16.0,-15.0,-15.0
40.4615,-86.914,90,66736,453,lte,2587,7,-95.0,2.138089935299395,-98.0,-97.4,-97.0,-95.0,-94.0,-93.2,-92.0,-19.0,1.1126972805283735,-21.0,-20.4,-20.0,-19.0,-18.5,-18.0,-18.0
40.4615,-86.914,90,66736,468,lte,2587,21,-93.0,2.7979584393931636,-98.0,-96.0,-96.0,-93.0,-91.0,-90.0,-89.0,-17.0,2.135861597085533,-20.0,-19.0,-19.0,-17.0,-15.0,-14.0,-13.0
40.4615,-86.914,90,125290,333,sub6,2587,374,-87.0,1.521205831514101,-91.0,-89.0,-88.0,-87.0,-86.0,-85.0,-84.0,-16.0,0.8111219901367456,-19.0,-17.0,-17.0,-16.0,-16.0,-16.0,-15.0
40.4615,-86.914,90,125290,359,sub6,2587,377,-89.0,1.4028745090300225,-93.0,-91.0,-90.0,-89.0,-88.0,-87.0,-86.0,-18.0,0.9002464060604795,-22.0,-19.0,-19.0,-18.0,-18.0,-17.0,-16.0
40.4615,-86.914,90,125290,382,sub6,2587,33,-92.0,5.099762323635853,-109.0,-100.0,-97.0,-92.0,-90.0,-89.2,-89.0,-21.0,2.4167972796469903,-27.0,-24.0,-23.0,-21.0,-19.0,-18.2,-18.0
40.4615,-86.914,90,125290,700,sub6,2587,392,-86.0,1.4368934621781804,-91.0,-88.0,-87.0,-86.0,-85.0,-85.0,-83.0,-16.0,0.7865151861899546,-18.0,-17.0,-16.0,-16.0,-15.0,-15.0,-14.0
40.4615,-86.914,90,520110,0,sub6,2587,88,-85.0,1.5118825760355736,-89.0,-87.0,-87.0,-85.0,-84.0,-84.0,-83.0,-14.0,0.7825153024299877,-15.0,-14.0,-14.0,-14.0,-13.0,-12.700000000000003,-12.0
40.4615,-86.914,90,520110,3,sub6,2587,11,-97.0,5.4855181241983955,-110.0,-107.0,-104.5,-97.0,-96.0,-95.0,-95.0,-19.0,3.1622776601683795,-27.0,-25.0,-23.5,-19.0,-19.0,-18.0,-18.0
40.4615,-86.914,90,520110,177,sub6,2587,32,-120.5,8.289555710107011,-133.0,-130.9,-127.5,-120.5,-112.0,-110.0,-108.0,-27.0,6.775712675288447,-35.0,-33.8,-32.0,-27.0,-21.0,-16.0,-14.0
40.4615,-86.914,90,520110,186,sub6,2587,13,-95.0,0.8770580193070292,-97.0,-97.0,-96.0,-95.0,-95.0,-95.0,-95.0,-17.0,1.0919284281983377,-19.0,-18.8,-18.0,-17.0,-16.0,-16.0,-16.0
40.4615,-86.914,90,520110,314,sub6,2587,79,-87.0,0.862880903383667,-88.0,-88.0,-87.0,-87.0,-86.0,-86.0,-85.0,-12.0,0.5021860682332356,-13.0,-13.0,-13.0,-12.0,-12.0,-12.0,-12.0
40.4615,-86.914,90,520110,317,sub6,2587,63,-89.0,0.9068211669211536,-91.0,-90.0,-90.0,-89.0,-88.0,-88.0,-87.0,-13.0,0.5643442061370987,-15.0,-14.0,-14.0,-13.0,-13.0,-13.0,-13.0
40.4615,-86.914,90,520110,378,sub6,2587,51,-97.0,1.0839289463725539,-99.0,-98.0,-98.0,-97.0,-96.0,-96.0,-94.0,-17.0,0.5663782426307447,-18.0,-18.0,-18.0,-17.0,-17.0,-17.0,-16.0
40.4615,-86.914,90,520110,459,sub6,2587,88,-85.0,1.7858142978412066,-89.0,-88.0,-86.0,-85.0,-84.0,-83.0,-82.0,-13.0,0.8364102026925754,-16.0,-15.0,-14.0,-13.0,-13.0,-13.0,-13.0
40.4615,-86.914,90,520110,483,sub6,2587,2,-95.5,0.7071067811865476,-96.0,-95.9,-95.75,-95.5,-95.25,-95.1,-95.0,-19.5,0.7071067811865476,-20.0,-19.9,-19.75,-19.5,-19.25,-19.1,-19.0
40.4615,-86.914,90,520110,507,sub6,2587,22,-94.5,2.803831639287898,-102.0,-99.0,-96.75,-94.5,-93.25,-93.0,-91.0,-20.0,1.540927926432276,-24.0,-22.0,-21.0,-20.0,-19.0,-19.0,-18.0
40.4615,-86.914,90,520110,523,sub6,2587,54,-90.0,0.9618872667347038,-94.0,-92.0,-91.0,-90.0,-90.0,-90.0,-89.0,-13.0,0.7046317761087457,-15.0,-13.0,-13.0,-13.0,-12.0,-12.0,-12.0
40.4615,-86.914,90,520110,540,sub6,2587,19,-98.0,2.1357442517239575,-105.0,-100.2,-99.0,-98.0,-97.0,-96.8,-96.0,-18.0,1.2588865404147531,-23.0,-20.0,-19.0,-18.0,-18.0,-18.0,-18.0
40.4615,-86.914,90,520110,596,sub6,2587,10,-93.0,0.7378647873726218,-94.0,-94.0,-93.75,-93.0,-93.0,-92.0,-92.0,-17.0,0.0,-17.0,-17.0,-17.0,-17.0,-17.0,-17.0,-17.0
40.4615,-86.914,90,520110,651,sub6,2587,5,-104.0,7.12039324756716,-111.0,-109.8,-108.0,-104.0,-96.0,-95.4,-95.0,-25.0,2.8809720581775866,-28.0,-27.2,-26.0,-25.0,-22.0,-21.4,-21.0
40.4615,-86.914,90,520110,721,sub6,2587,1,-94.0,nan,-94.0,-94.0,-94.0,-94.0,-94.0,-94.0,-94.0,-17.0,nan,-17.0,-17.0,-17.0,-17.0,-17.0,-17.0,-17.0
40.4615,-86.914,90,520110,743,sub6,2587,79,-86.0,1.064764207356314,-88.0,-87.0,-86.0,-86.0,-85.0,-84.0,-83.0,-12.0,0.44532262045276805,-13.0,-12.0,-12.0,-12.0,-12.0,-11.0,-11.0
40.4615,-86.914,90,520110,749,sub6,2587,61,-91.0,1.1994989846630342,-94.0,-93.0,-92.0,-91.0,-91.0,-90.0,-89.0,-14.0,0.8307610573601955,-16.0,-15.0,-14.0,-14.0,-13.0,-13.0,-13.0
40.4615,-86.914,90,520110,764,sub6,2587,5,-118.0,11.77709641634983,-126.0,-123.2,-119.0,-118.0,-107.0,-100.4,-96.0,-27.0,7.429670248402684,-33.0,-31.4,-29.0,-27.0,-21.0,-16.8,-14.0
40.4615,-86.914,90,520110,815,sub6,2587,77,-91.0,0.9738550772838875,-92.0,-91.0,-91.0,-91.0,-90.0,-89.0,-88.0,-12.0,0.5011947448335865,-13.0,-13.0,-13.0,-12.0,-12.0,-12.0,-12.0
40.4615,-86.914,90,520110,834,sub6,2587,13,-95.0,1.5275252316519468,-98.0,-98.0,-98.0,-95.0,-95.0,-95.0,-94.0,-17.0,1.12089707663561,-19.0,-19.0,-19.0,-17.0,-17.0,-16.2,-16.0
40.4615,-86.914,90,520110,870,sub6,2587,88,-92.0,2.0463541502523364,-95.0,-94.0,-93.0,-92.0,-89.75,-88.0,-87.0,-14.0,1.1132337787661664,-15.0,-15.0,-15.0,-14.0,-13.0,-12.0,-12.0
40.4615,-86.914,105,1001,29,lte,2614,110,-89.0,1.0617310051386493,-91.0,-90.0,-89.0,-89.0,-88.0,-87.0,-85.0,-17.0,0.9221579651885217,-20.0,-18.0,-18.0,-17.0,-17.0,-16.0,-15.0
40.4615,-86.914,105,1001,71,lte,2614,9,-91.0,0.6666666666666667,-92.0,-91.2,-91.0,-91.0,-90.0,-90.0,-90.0,-19.0,0.5,-20.0,-19.2,-19.0,-19.0,-19.0,-18.8,-18.0
40.4615,-86.914,105,1001,123,lte,2614,29,-91.0,1.5943249107952446,-95.0,-93.2,-93.0,-91.0,-91.0,-90.0,-87.0,-20.0,0.9442592947721231,-22.0,-21.0,-21.0,-20.0,-19.0,-19.0,-18.0
40.4615,-86.914,105,1001,190,lte,2614,81,-90.0,1.2224747213928155,-92.0,-91.0,-91.0,-90.0,-89.0,-88.0,-87.0,-18.0,0.8366600265340759,-20.0,-19.0,-19.0,-18.0,-18.0,-17.0,-17.0
40.4615,-86.914,105,1001,206,lte,2614,15,-93.0,0.9856107606091621,-95.0,-94.6,-94.0,-93.0,-93.0,-93.0,-91.0,-20.0,0.9856107606091622,-21.0,-21.0,-20.0,-20.0,-19.0,-18.4,-18.0
40.4615,-86.914,105,1001,248,lte,2614,110,-84.0,0.9962816607882623,-87.0,-86.0,-85.0,-84.0,-84.0,-83.0,-82.0,-14.0,1.0265857157879617,-17.0,-16.0,-15.0,-14.0,-14.0,-13.899999999999991,-13.0
40.4615,-86.914,105,1001,284,lte,2614,16,-91.0,0.8563488385776752,-93.0,-91.5,-91.0,-91.0,-90.0,-90.0,-90.0,-20.0,1.5491933384829668,-22.0,-21.0,-21.0,-20.0,-18.0,-17.5,-17.0
40.4615,-86.914,105,1001,348,lte,2614,37,-89.0,1.6306928463567745,-94.0,-92.0,-90.0,-89.0,-89.0,-88.0,-87.0,-18.0,1.095993248702382,-21.0,-20.0,-19.0,-18.0,-18.0,-17.6,-16.0
40.4615,-86.914,105,1001,371,lte,2614,16,-91.0,1.0781929326423914,-94.0,-92.5,-92.0,-91.0,-91.0,-90.0,-90.0,-20.0,1.0144785195688801,-21.0,-21.0,-20.25,-20.0,-19.0,-18.5,-18.0
40.4615,-86.914,105,1001,441,lte,2614,41,-90.0,2.417668701708221,-95.0,-93.0,-92.0,-90.0,-88.0,-87.0,-86.0,-18.0,1.7693184577339516,-21.0,-20.0,-20.0,-18.0,-17.0,-16.0,-15.0
40.4615,-86.914,105,1001,495,lte,2614,6,-91.0,1.0327955589886446,-93.0,-92.5,-91.75,-91.0,-91.0,-90.5,-90.0,-20.0,0.40824829046386296,-20.0,-20.0,-20.0,-20.0,-20.0,-19.5,-19.0
40.4615,-86.914,105,66736,13,lte,2614,8,-93.5,2.065879266282796,-96.0,-95.3,-95.0,-93.5,-92.5,-90.7,-90.0,-19.5,0.8864052604279183,-20.0,-20.0,-20.0,-19.5,-18.75,-18.0,-18.0
40.4615,-86.914,105,66736,16,lte,2614,3,-93.0,0.5773502691896257,-94.0,-93.8,-93.5,-93.0,-93.0,-93.0,-93.0,-17.0,1.0,-18.0,-17.8,-17.5,-17.0,-16.5,-16.2,-16.0
40.4615,-86.914,105,66736,68,lte,2614,23,-93.0,2.254551829648006,-96.0,-95.0,-95.0,-93.0,-92.0,-89.4,-88.0,-18.0,1.343995576879603,-21.0,-19.0,-18.0,-18.0,-16.0,-16.0,-16.0
40.4615,-86.914,105,66736,350,lte,2614,23,-93.0,2.2850260115626226,-95.0,-95.0,-94.5,-93.0,-91.0,-89.0,-88.0,-17.0,1.3306956782609212,-19.0,-18.8,-18.0,-17.0,-16.0,-15.2,-14.0
40.4615,-86.914,105,66736,468,lte,2614,23,-91.0,3.0242759562064667,-98.0,-95.0,-94.0,-91.0,-90.0,-88.0,-87.0,-16.0,1.5335509956067592,-20.0,-18.8,-17.0,-16.0,-15.0,-15.0,-14.0
40.4615,-86.914,105,125290,333,sub6,2614,394,-87.0,1.189859549825597,-90.0,-89.0,-88.0,-87.0,-87.0,-86.0,-84.0,-17.0,0.8769356637784984,-20.0,-18.0,-17.0,-17.0,-16.0,-16.0,-15.0
40.4615,-86.914,105,125290,359,sub6,2614,268,-89.0,1.7224022357394797,-98.0,-92.0,-91.0,-89.0,-88.0,-88.0,-87.0,-19.0,0.9627183084631,-23.0,-20.0,-20.0,-19.0,-18.0,-18.0,-17.0
40.4615,-86.914,105,125290,382,sub6,2614,4,-91.5,1.2909944487358056,-93.0,-92.7,-92.25,-91.5,-90.75,-90.3,-90.0,-17.5,0.9574271077563381,-19.0,-18.7,-18.25,-17.5,-17.0,-17.0,-17.0
40.4615,-86.914,105,125290,700,sub6,2614,400,-87.0,1.3472705164930834,-90.0,-89.0,-88.0,-87.0,-86.0,-85.0,-84.0,-16.0,0.9038902277708541,-20.0,-18.0,-17.0,-16.0,-16.0,-16.0,-15.0
40.4615,-86.914,105,125290,798,sub6,2614,20,-89.0,0.8255779474818964,-90.0,-89.1,-89.0,-89.0,-88.0,-87.9,-87.0,-18.5,0.6048053188292994,-20.0,-19.0,-19.0,-18.5,-18.0,-18.0,-18.0
40.4615,-86.914,105,129870,9,sub6,2614,1,-81.0,nan,-81.0,-81.0,-81.0,-81.0,-81.0,-81.0,-81.0,-14.0,nan,-14.0,-14.0,-14.0,-14.0,-14.0,-14.0,-14.0
40.4615,-86.914,105,129870,10,sub6,2614,1,-82.0,nan,-82.0,-82.0,-82.0,-82.0,-82.0,-82.0,-82.0,-13.0,nan,-13.0,-13.0,-13.0,-13.0,-13.0,-13.0,-13.0
40.4615,-86.914,105,129870,719,sub6,2614,1,-83.0,nan,-83.0,-83.0,-83.0,-83.0,-83.0,-83.0,-83.0,-12.0,nan,-12.0,-12.0,-12.0,-12.0,-12.0,-12.0,-12.0
40.4615,-86.914,105,129870,720,sub6,2614,1,-83.0,nan,-83.0,-83.0,-83.0,-83.0,-83.0,-83.0,-83.0,-17.0,nan,-17.0,-17.0,-17.0,-17.0,-17.0,-17.0,-17.0
40.4615,-86.914,105,129870,736,sub6,2614,1,-83.0,nan,-83.0,-83.0,-83.0,-83.0,-83.0,-83.0,-83.0,-14.0,nan,-14.0,-14.0,-14.0,-14.0,-14.0,-14.0,-14.0
40.4615,-86.914,105,520110,0,sub6,2614,98,-86.0,1.6927960877116435,-89.0,-89.0,-87.0,-86.0,-85.0,-84.0,-83.0,-14.0,0.8334981252308296,-16.0,-15.0,-15.0,-14.0,-14.0,-13.0,-12.0
40.4615,-86.914,105,520110,3,sub6,2614,11,-97.0,5.217104735212993,-110.0,-106.0,-102.0,-97.0,-96.0,-95.0,-95.0,-21.0,2.662876093795784,-26.0,-24.0,-23.0,-21.0,-19.0,-18.0,-18.0
40.4615,-86.914,105,520110,177,sub6,2614,31,-118.0,8.632646213367098,-134.0,-131.0,-126.5,-118.0,-113.0,-108.0,-106.0,-26.0,6.5872147262300755,-36.0,-34.0,-31.0,-26.0,-21.0,-15.0,-14.0
40.4615,-86.914,105,520110,186,sub6,2614,30,-95.0,1.6750364552560586,-99.0,-98.0,-96.0,-95.0,-94.25,-93.9,-93.0,-18.0,1.272611578560032,-21.0,-19.1,-19.0,-18.0,-17.0,-16.9,-16.0
40.4615,-86.914,105,520110,314,sub6,2614,86,-86.0,0.7270426199833333,-88.0,-87.0,-87.0,-86.0,-86.0,-86.0,-85.0,-12.0,0.47653560550134466,-14.0,-13.0,-13.0,-12.0,-12.0,-12.0,-12.0
40.4615,-86.914,105,520110,317,sub6,2614,70,-89.0,0.5869526876648029,-91.0,-90.0,-89.0,-89.0,-89.0,-88.0,-88.0,-13.0,0.3796042398103417,-14.0,-14.0,-13.0,-13.0,-13.0,-13.0,-13.0
40.4615,-86.914,105,520110,378,sub6,2614,58,-97.0,1.048145309793266,-99.0,-98.0,-97.0,-97.0,-96.0,-95.0,-95.0,-17.0,0.941899587873258,-19.0,-18.0,-18.0,-17.0,-16.0,-16.0,-15.0
40.4615,-86.914,105,520110,459,sub6,2614,98,-85.0,1.4732340896602603,-88.0,-87.0,-86.0,-85.0,-84.0,-83.0,-81.0,-13.0,0.7767936493424378,-15.0,-14.0,-13.0,-13.0,-12.0,-12.0,-12.0
40.4615,-86.914,105,520110,483,sub6,2614,23,-96.0,0.9980217586956909,-97.0,-97.0,-96.5,-96.0,-95.0,-94.2,-94.0,-20.0,0.716822148161496,-21.0,-21.0,-20.0,-20.0,-19.0,-19.0,-19.0
40.4615,-86.914,105,520110,523,sub6,2614,73,-90.0,0.839021681507441,-92.0,-91.0,-91.0,-90.0,-90.0,-89.0,-88.0,-12.0,0.4790115393124892,-14.0,-13.0,-13.0,-12.0,-12.0,-12.0,-12.0
40.4615,-86.914,105,520110,540,sub6,2614,24,-97.0,0.9545846657358218,-99.0,-98.0,-98.0,-97.0,-96.0,-96.0,-96.0,-18.0,0.7801894976054939,-20.0,-20.0,-19.0,-18.0,-18.0,-18.0,-18.0
40.4615,-86.914,105,520110,596,sub6,2614,15,-95.0,1.1126972805283732,-97.0,-97.0,-96.0,-95.0,-94.5,-94.0,-94.0,-18.0,0.990430401872025,-20.0,-20.0,-19.0,-18.0,-18.0,-17.4,-17.0
40.4615,-86.914,105,520110,651,sub6,2614,5,-96.0,8.763560920082657,-116.0,-111.2,-104.0,-96.0,-96.0,-96.0,-96.0,-21.0,3.6742346141747673,-29.0,-27.0,-24.0,-21.0,-21.0,-20.4,-20.0
40.4615,-86.914,105,520110,721,sub6,2614,1,-92.0,nan,-92.0,-92.0,-92.0,-92.0,-92.0,-92.0,-92.0,-17.0,nan,-17.0,-17.0,-17.0,-17.0,-17.0,-17.0,-17.0
40.4615,-86.914,105,520110,743,sub6,2614,84,-86.0,1.161820934120405,-88.0,-88.0,-87.0,-86.0,-85.0,-84.3,-84.0,-12.0,0.46011298470257334,-13.0,-12.0,-12.0,-12.0,-12.0,-11.0,-11.0
40.4615,-86.914,105,520110,749,sub6,2614,54,-91.0,0.9218217917760197,-93.0,-93.0,-92.0,-91.0,-91.0,-91.0,-90.0,-14.0,0.43276046635972315,-15.0,-14.0,-14.0,-14.0,-14.0,-13.299999999999997,-13.0
40.4615,-86.914,105,520110,764,sub6,2614,5,-111.0,10.382677881933928,-122.0,-118.8,-114.0,-111.0,-106.0,-98.8,-94.0,-25.0,6.723094525588644,-31.0,-29.0,-26.0,-25.0,-21.0,-16.2,-13.0
40.4615,-86.914,105,520110,815,sub6,2614,84,-91.0,0.8671839667155483,-93.0,-92.0,-91.0,-91.0,-90.0,-90.0,-89.0,-13.0,0.646607280603839,-14.0,-14.0,-13.0,-13.0,-12.0,-12.0,-12.0
40.4615,-86.914,105,520110,834,sub6,2614,25,-97.0,1.128420725320717,-97.0,-97.0,-97.0,-97.0,-96.0,-94.4,-93.0,-18.0,0.613731754650732,-19.0,-19.0,-19.0,-18.0,-18.0,-18.0,-17.0
40.4615,-86.914,105,520110,870,sub6,2614,98,-92.0,1.5425789308970694,-95.0,-94.0,-92.0,-92.0,-90.0,-90.0,-89.0,-14.0,0.700530291156713,-15.0,-15.0,-14.0,-14.0,-13.0,-13.0,-12.0
40.4615,-86.914,120,1001,29,lte,1675,76,-89.0,1.0532322847378135,-92.0,-90.5,-90.0,-89.0,-88.0,-88.0,-86.0,-17.0,0.9301009188782934,-20.0,-19.0,-18.0,-17.0,-17.0,-17.0,-16.0
40.4615,-86.914,120,1001,71,lte,1675,19,-89.0,1.0841764600337107,-91.0,-90.2,-90.0,-89.0,-88.5,-88.0,-87.0,-19.0,1.194529440740295,-20.0,-19.2,-19.0,-19.0,-17.5,-16.8,-16.0
40.4615,-86.914,120,1001,80,lte,1675,12,-92.0,0.5149286505444374,-93.0,-92.9,-92.0,-92.0,-92.0,-92.0,-91.0,-20.0,0.7929614610987591,-21.0,-21.0,-21.0,-20.0,-19.75,-19.0,-19.0
40.4615,-86.914,120,1001,123,lte,1675,75,-91.0,1.264626142098636,-94.0,-92.0,-91.0,-91.0,-90.0,-89.39999999999999,-87.0,-20.0,0.6611483321593704,-21.0,-21.0,-20.0,-20.0,-20.0,-19.0,-17.0
40.4615,-86.914,120,1001,190,lte,1675,52,-90.0,1.2578561569646491,-94.0,-92.0,-91.0,-90.0,-90.0,-89.0,-88.0,-19.0,1.1886529887237105,-22.0,-20.0,-19.0,-19.0,-18.0,-18.0,-16.0
40.4615,-86.914,120,1001,248,lte,1675,76,-86.0,0.7607706157736125,-88.0,-87.0,-87.0,-86.0,-86.0,-85.5,-85.0,-16.0,0.7459833966451099,-18.0,-17.0,-17.0,-16.0,-16.0,-15.0,-14.0
40.4615,-86.914,120,1001,348,lte,1675,8,-90.0,0.8345229603962802,-91.0,-91.0,-91.0,-90.0,-89.75,-89.0,-89.0,-19.0,0.7559289460184544,-20.0,-20.0,-19.25,-19.0,-18.75,-18.0,-18.0
40.4615,-86.914,120,1001,441,lte,1675,63,-88.0,1.5708233252338792,-92.0,-90.0,-89.0,-88.0,-87.0,-86.0,-84.0,-17.0,1.2894069972300788,-20.0,-19.0,-18.0,-17.0,-16.5,-15.199999999999996,-15.0
40.4615,-86.914,120,1001,495,lte,1675,7,-91.0,0.9759000729485332,-92.0,-91.4,-91.0,-91.0,-90.0,-89.6,-89.0,-20.0,0.5773502691896257,-21.0,-20.4,-20.0,-20.0,-20.0,-19.6,-19.0
40.4615,-86.914,120,66736,13,lte,1675,9,-96.0,1.3017082793177757,-98.0,-97.2,-96.0,-96.0,-95.0,-94.0,-94.0,-20.0,0.9279607271383371,-21.0,-21.0,-20.0,-20.0,-20.0,-18.8,-18.0
40.4615,-86.914,120,66736,68,lte,1675,15,-94.0,2.099886618254378,-97.0,-96.0,-94.5,-94.0,-92.5,-90.4,-90.0,-18.0,1.2227992865708155,-21.0,-19.0,-19.0,-18.0,-17.0,-17.0,-16.0
40.4615,-86.914,120,66736,350,lte,1675,15,-93.0,2.231804736295804,-98.0,-95.6,-94.0,-93.0,-91.5,-90.4,-90.0,-16.0,1.5118578920369088,-20.0,-19.0,-18.0,-16.0,-16.0,-16.0,-15.0
40.4615,-86.914,120,66736,468,lte,1675,15,-95.0,2.274077520980446,-98.0,-97.0,-97.0,-95.0,-93.0,-92.0,-91.0,-20.0,1.6903085094570331,-22.0,-20.0,-20.0,-20.0,-18.0,-16.4,-16.0
40.4615,-86.914,120,125290,333,sub6,1675,241,-87.0,1.0835753533256085,-90.0,-89.0,-88.0,-87.0,-87.0,-86.0,-85.0,-17.0,0.7549284816776558,-19.0,-18.0,-17.0,-17.0,-16.0,-16.0,-15.0
40.4615,-86.914,120,125290,359,sub6,1675,66,-90.0,3.6873120828416983,-110.0,-92.0,-91.0,-90.0,-89.0,-88.0,-88.0,-19.0,1.7118808751008734,-27.0,-20.0,-20.0,-19.0,-19.0,-18.0,-17.0
40.4615,-86.914,120,125290,382,sub6,1675,1,-91.0,nan,-91.0,-91.0,-91.0,-91.0,-91.0,-91.0,-91.0,-18.0,nan,-18.0,-18.0,-18.0,-18.0,-18.0,-18.0,-18.0
40.4615,-86.914,120,125290,700,sub6,1675,241,-88.0,1.5577739730260423,-90.0,-89.0,-89.0,-88.0,-86.0,-85.0,-84.0,-17.0,1.0440836413186236,-19.0,-18.0,-17.0,-17.0,-16.0,-15.0,-15.0
40.4615,-86.914,120,520110,0,sub6,1675,68,-86.0,1.3935761312945123,-88.0,-87.0,-87.0,-86.0,-85.0,-84.0,-83.0,-13.0,0.9029995862974588,-16.0,-15.0,-14.0,-13.0,-13.0,-12.699999999999996,-12.0
40.4615,-86.914,120,520110,3,sub6,1675,29,-99.0,4.027614042686723,-109.0,-105.2,-103.0,-99.0,-96.0,-95.0,-94.0,-21.0,2.6661534809977563,-27.0,-25.0,-24.0,-21.0,-19.0,-18.0,-18.0
40.4615,-86.914,120,520110,177,sub6,1675,49,-121.0,8.23310473669819,-133.0,-129.2,-127.0,-121.0,-113.0,-108.0,-106.0,-27.0,6.239003932361896,-34.0,-33.0,-31.0,-27.0,-21.0,-15.799999999999997,-13.0
40.4615,-86.914,120,520110,186,sub6,1675,10,-97.5,1.6865480854231358,-99.0,-98.1,-98.0,-97.5,-95.25,-94.9,-94.0,-19.0,0.674948557710553,-20.0,-20.0,-20.0,-19.0,-19.0,-18.9,-18.0
40.4615,-86.914,120,520110,227,sub6,1675,5,-119.0,11.606032913963324,-126.0,-124.8,-123.0,-119.0,-108.0,-102.0,-98.0,-28.0,6.928203230275509,-32.0,-32.0,-32.0,-28.0,-22.0,-18.4,-16.0
40.4615,-86.914,120,520110,314,sub6,1675,57,-86.0,0.6565650723542863,-88.0,-87.0,-86.0,-86.0,-86.0,-85.0,-85.0,-12.0,0.18563715383027593,-13.0,-12.0,-12.0,-12.0,-12.0,-12.0,-12.0
40.4615,-86.914,120,520110,317,sub6,1675,48,-89.0,0.8248683539925873,-90.0,-90.0,-89.0,-89.0,-88.0,-88.0,-87.0,-13.0,0.3766217885773548,-14.0,-14.0,-13.0,-13.0,-13.0,-13.0,-13.0
40.4615,-86.914,120,520110,378,sub6,1675,35,-97.0,1.5621575254927977,-100.0,-100.0,-97.5,-97.0,-96.0,-95.0,-95.0,-17.0,1.1617141782438456,-20.0,-19.0,-17.5,-17.0,-16.0,-16.0,-16.0
40.4615,-86.914,120,520110,459,sub6,1675,66,-86.0,1.1960502207416415,-88.0,-88.0,-87.0,-86.0,-85.0,-84.5,-84.0,-14.0,0.6971470332820655,-15.0,-15.0,-14.0,-14.0,-13.0,-13.0,-13.0
40.4615,-86.914,120,520110,483,sub6,1675,10,-97.0,2.820559440174157,-104.0,-102.2,-97.0,-97.0,-96.0,-96.0,-96.0,-21.0,1.2649110640673518,-24.0,-23.1,-21.75,-21.0,-21.0,-20.0,-20.0
40.4615,-86.914,120,520110,523,sub6,1675,46,-91.0,0.7223151185146154,-92.0,-91.0,-91.0,-91.0,-90.0,-90.0,-89.0,-12.0,0.5256695753184304,-14.0,-13.0,-13.0,-12.0,-12.0,-12.0,-12.0
40.4615,-86.914,120,520110,540,sub6,1675,19,-98.0,1.2635233389495326,-99.0,-99.0,-98.0,-98.0,-97.0,-95.8,-95.0,-18.0,0.6578362547106201,-19.0,-19.0,-18.0,-18.0,-17.5,-17.0,-17.0
40.4615,-86.914,120,520110,651,sub6,1675,5,-99.0,3.1144823004794873,-101.0,-100.6,-100.0,-99.0,-98.0,-95.0,-93.0,-22.0,1.51657508881031,-23.0,-22.6,-22.0,-22.0,-21.0,-19.8,-19.0
40.4615,-86.914,120,520110,743,sub6,1675,59,-87.0,1.467951016561905,-90.0,-89.0,-88.0,-87.0,-86.0,-85.0,-84.0,-12.0,0.31428116006932055,-13.0,-12.0,-12.0,-12.0,-12.0,-12.0,-11.0
40.4615,-86.914,120,520110,749,sub6,1675,34,-91.0,1.0668393354005712,-93.0,-92.0,-92.0,-91.0,-90.0,-90.0,-89.0,-13.0,0.4932702180563819,-14.0,-14.0,-14.0,-13.0,-13.0,-13.0,-13.0
40.4615,-86.914,120,520110,764,sub6,1675,5,-117.0,14.570518178843194,-130.0,-128.0,-125.0,-117.0,-106.0,-98.8,-94.0,-27.0,8.018728078691781,-34.0,-32.8,-31.0,-27.0,-21.0,-16.8,-14.0
40.4615,-86.914,120,520110,815,sub6,1675,59,-91.0,0.900029222202387,-92.0,-92.0,-92.0,-91.0,-90.5,-90.0,-89.0,-13.0,0.5024777880939227,-13.0,-13.0,-13.0,-13.0,-12.0,-12.0,-12.0
40.4615,-86.914,120,520110,834,sub6,1675,20,-96.0,0.5501196042201808,-97.0,-97.0,-97.0,-96.0,-96.0,-96.0,-95.0,-18.0,0.5871429486123999,-19.0,-18.1,-18.0,-18.0,-17.75,-17.0,-17.0
40.4615,-86.914,120,520110,870,sub6,1675,60,-93.0,1.2975422225149527,-94.0,-94.0,-93.0,-93.0,-91.0,-90.0,-90.0,-14.0,0.5163977794943225,-15.0,-15.0,-14.0,-14.0,-14.0,-13.899999999999999,-13.0
40.462,-86.9345,0,125290,372,sub6,12,12,-80.0,0.0,-80.0,-80.0,-80.0,-80.0,-80.0,-80.0,-80.0,-10.0,0.0,-10.0,-10.0,-10.0,-10.0,-10.0,-10.0,-10.0
40.462,-86.934,0,125290,372,sub6,13,13,-80.0,0.0,-80.0,-80.0,-80.0,-80.0,-80.0,-80.0,-80.0,-10.0,0.0,-10.0,-10.0,-10.0,-10.0,-10.0,-10.0,-10.0
40.462,-86.921,0,1001,50,lte,538,203,-92.0,1.5375924707973667,-95.0,-94.0,-93.0,-92.0,-90.0,-90.0,-88.0,-9.0,0.5106293473652622,-10.0,-9.0,-9.0,-9.0,-8.0,-8.0,-8.0
40.462,-86.921,0,1001,240,lte,538,14,-101.5,3.564939159199103,-112.0,-105.4,-103.75,-101.5,-100.25,-99.0,-98.0,-20.0,0.6333236937766509,-21.0,-21.0,-21.0,-20.0,-20.0,-20.0,-19.0
40.462,-86.921,0,1001,393,lte,538,14,-100.5,3.4137730085414515,-109.0,-105.7,-103.5,-100.5,-99.0,-98.3,-97.0,-19.5,1.0894095588038444,-22.0,-20.7,-20.0,-19.5,-19.0,-18.299999999999997,-18.0
40.462,-86.921,0,1001,414,lte,538,12,-101.5,3.4410622038709344,-111.0,-105.7,-103.0,-101.5,-100.0,-99.1,-99.0,-20.0,0.7537783614444091,-21.0,-21.0,-21.0,-20.0,-20.0,-19.1,-19.0
40.462,-86.921,0,66736,47,lte,538,56,-97.5,1.5687698878544805,-101.0,-99.5,-99.0,-97.5,-96.0,-96.0,-95.0,-14.0,0.5852627337636213,-15.0,-14.0,-14.0,-14.0,-14.0,-13.0,-12.0
40.462,-86.921,0,66736,393,lte,538,56,-105.0,2.454785943004812,-112.0,-108.0,-107.0,-105.0,-103.0,-102.0,-101.0,-20.0,0.9143516615826545,-21.0,-21.0,-20.0,-20.0,-19.0,-18.0,-18.0
40.462,-86.921,0,125290,121,sub6,538,56,-116.0,5.359298267691201,-129.0,-123.5,-119.0,-116.0,-112.0,-110.0,-108.0,-20.0,4.613327671842986,-31.0,-28.0,-23.0,-20.0,-17.75,-16.0,-14.0
40.462,-86.921,0,125290,372,sub6,538,66,-100.5,2.418267695690171,-105.0,-103.0,-102.0,-100.5,-99.0,-97.0,-95.0,-11.0,0.7604746401568416,-13.0,-12.0,-11.0,-11.0,-11.0,-10.5,-10.0
40.462,-86.921,0,125290,403,sub6,538,61,-113.0,6.259331831168372,-133.0,-123.0,-116.0,-113.0,-109.0,-107.0,-104.0,-20.0,4.249975891927766,-35.0,-26.0,-23.0,-20.0,-18.0,-17.0,-15.0
40.462,-86.9205,0,1001,50,lte,78,8,-91.5,1.1259916264596033,-92.0,-92.0,-92.0,-91.5,-90.75,-89.7,-89.0,-9.0,0.3535533905932738,-10.0,-9.3,-9.0,-9.0,-9.0,-9.0,-9.0
40.462,-86.9205,0,1001,240,lte,78,8,-102.0,1.1877349391654208,-103.0,-102.3,-102.0,-102.0,-100.0,-100.0,-100.0,-20.0,0.8345229603962802,-21.0,-21.0,-20.25,-20.0,-19.0,-19.0,-19.0
40.462,-86.9205,0,1001,393,lte,78,8,-100.5,1.2817398889233114,-103.0,-102.3,-101.25,-100.5,-100.0,-99.7,-99.0,-20.0,0.7559289460184544,-20.0,-20.0,-20.0,-20.0,-19.0,-18.7,-18.0
40.462,-86.9205,0,1001,414,lte,78,8,-101.5,1.6420805617960927,-103.0,-103.0,-102.25,-101.5,-99.75,-99.0,-99.0,-20.0,1.1877349391654208,-21.0,-21.0,-20.25,-20.0,-18.75,-18.0,-18.0
40.462,-86.9205,0,66736,47,lte,78,8,-98.0,1.4577379737113252,-100.0,-99.3,-98.25,-98.0,-97.75,-96.4,-95.0,-14.0,0.7440238091428449,-14.0,-14.0,-14.0,-14.0,-13.75,-12.7,-12.0
40.462,-86.9205,0,66736,393,lte,78,8,-105.0,2.052872551885702,-108.0,-107.3,-107.0,-105.0,-104.0,-103.4,-102.0,-20.5,0.7440238091428449,-21.0,-21.0,-21.0,-20.5,-20.0,-19.7,-19.0
40.462,-86.9205,0,125290,121,sub6,78,6,-112.5,1.378404875209022,-114.0,-114.0,-113.75,-112.5,-111.25,-111.0,-111.0,-19.0,0.40824829046386296,-19.0,-19.0,-19.0,-19.0,-19.0,-18.5,-18.0
40.462,-86.9205,0,125290,359,sub6,78,4,-121.5,7.505553499465135,-130.0,-128.5,-126.25,-121.5,-116.75,-114.5,-113.0,-24.0,6.2182527020592095,-31.0,-29.8,-28.0,-24.0,-20.0,-18.2,-17.0
40.462,-86.9205,0,125290,372,sub6,78,10,-102.0,1.766981104093143,-105.0,-105.0,-103.0,-102.0,-101.0,-100.9,-100.0,-12.0,0.5163977794943223,-12.0,-12.0,-12.0,-12.0,-11.0,-11.0,-11.0
40.462,-86.9205,0,125290,403,sub6,78,10,-112.0,2.0976176963403033,-117.0,-114.3,-112.75,-112.0,-111.0,-110.0,-110.0,-17.5,2.1081851067789197,-22.0,-21.1,-18.75,-17.5,-16.25,-16.0,-16.0
40.462,-86.9195,0,1001,50,lte,38,18,-86.0,2.0073394742060655,-87.0,-87.0,-86.0,-86.0,-83.0,-82.0,-81.0,-9.0,0.4608885989624769,-9.0,-9.0,-9.0,-9.0,-8.25,-8.0,-8.0
40.462,-86.9195,0,66736,47,lte,38,3,-94.0,3.4641016151377544,-94.0,-94.0,-94.0,-94.0,-91.0,-89.2,-88.0,-14.0,0.0,-14.0,-14.0,-14.0,-14.0,-14.0,-14.0,-14.0
40.462,-86.9195,0,66736,393,lte,38,3,-100.0,1.1547005383792517,-100.0,-100.0,-100.0,-100.0,-99.0,-98.4,-98.0,-19.0,0.5773502691896258,-19.0,-19.0,-19.0,-19.0,-18.5,-18.2,-18.0
40.462,-86.9195,0,125290,121,sub6,38,5,-112.0,1.3416407864998738,-115.0,-113.8,-112.0,-112.0,-112.0,-112.0,-112.0,-20.0,1.5811388300841898,-22.0,-21.6,-21.0,-20.0,-19.0,-18.4,-18.0
40.462,-86.9195,0,125290,372,sub6,38,5,-101.0,1.3038404810405297,-102.0,-102.0,-102.0,-101.0,-100.0,-99.4,-99.0,-11.0,0.4472135954999579,-12.0,-11.6,-11.0,-11.0,-11.0,-11.0,-11.0
40.462,-86.9195,0,125290,403,sub6,38,4,-107.0,0.816496580927726,-108.0,-107.7,-107.25,-107.0,-106.75,-106.3,-106.0,-19.0,0.5,-20.0,-19.7,-19.25,-19.0,-19.0,-19.0,-19.0
40.462,-86.919,0,1001,50,lte,98,43,-82.0,2.1528008488981536,-85.0,-84.0,-83.0,-82.0,-79.0,-79.0,-78.0,-9.0,0.4538502687508102,-9.0,-9.0,-9.0,-9.0,-8.0,-8.0,-8.0
40.462,-86.919,0,66736,47,lte,98,8,-88.0,2.5319388392523003,-92.0,-90.6,-89.25,-88.0,-86.0,-85.4,-84.0,-14.0,0.6408699444616557,-15.0,-14.3,-14.0,-14.0,-13.75,-13.0,-13.0
40.462,-86.919,0,66736,118,lte,98,6,-95.0,3.0983866769659336,-99.0,-98.0,-96.75,-95.0,-94.0,-92.0,-90.0,-19.5,1.0488088481701516,-21.0,-20.5,-20.0,-19.5,-19.0,-18.5,-18.0
40.462,-86.919,0,66736,393,lte,98,8,-95.0,2.0,-97.0,-96.3,-96.0,-95.0,-92.75,-92.0,-92.0,-19.0,0.9258200997725514,-20.0,-20.0,-20.0,-19.0,-18.0,-18.0,-18.0
40.462,-86.919,0,125290,121,sub6,98,12,-112.0,3.2983007562664564,-119.0,-116.0,-116.0,-112.0,-110.0,-109.1,-109.0,-18.0,2.874917653629668,-25.0,-23.7,-21.0,-18.0,-18.0,-16.2,-16.0
40.462,-86.919,0,125290,372,sub6,98,12,-100.5,1.7232808737106582,-103.0,-102.9,-102.0,-100.5,-99.0,-99.0,-98.0,-12.0,0.5149286505444373,-12.0,-12.0,-12.0,-12.0,-11.0,-11.0,-11.0
40.462,-86.919,0,125290,403,sub6,98,9,-115.0,2.351122663277647,-119.0,-118.2,-117.0,-115.0,-114.0,-112.8,-112.0,-22.0,2.3979157616563596,-27.0,-25.4,-25.0,-22.0,-22.0,-20.0,-20.0
40.462,-86.9175,0,1001,50,lte,77,9,-95.0,1.118033988749895,-97.0,-95.4,-95.0,-95.0,-94.0,-93.8,-93.0,-12.0,0.7264831572567788,-12.0,-12.0,-12.0,-12.0,-11.0,-10.8,-10.0
40.462,-86.9175,0,1001,393,lte,77,9,-102.0,1.5365907428821477,-104.0,-103.2,-103.0,-102.0,-100.0,-100.0,-100.0,-19.0,1.118033988749895,-20.0,-19.2,-19.0,-19.0,-17.0,-17.0,-17.0
40.462,-86.9175,0,1001,448,lte,77,9,-100.0,2.6457513110645907,-105.0,-104.2,-104.0,-100.0,-99.0,-98.8,-98.0,-17.0,1.5811388300841898,-20.0,-19.2,-19.0,-17.0,-16.0,-16.0,-16.0
40.462,-86.9175,0,66736,47,lte,77,8,-105.0,0.9910312089651149,-107.0,-105.6,-105.0,-105.0,-104.0,-104.0,-104.0,-15.0,1.3024701806293193,-16.0,-15.3,-15.0,-15.0,-13.75,-12.7,-12.0
40.462,-86.9175,0,66736,304,lte,77,8,-107.5,0.5345224838248488,-108.0,-108.0,-108.0,-107.5,-107.0,-107.0,-107.0,-16.5,2.38671920665766,-18.0,-17.3,-17.0,-16.5,-13.5,-12.0,-12.0
40.462,-86.9175,0,66736,393,lte,77,8,-110.5,2.7774602993176543,-115.0,-113.6,-112.25,-110.5,-108.0,-107.7,-107.0,-19.0,0.5345224838248488,-20.0,-19.3,-19.0,-19.0,-19.0,-18.7,-18.0
40.462,-86.9175,0,66736,408,lte,77,8,-109.5,1.9594095320493148,-112.0,-112.0,-112.0,-109.5,-108.75,-107.7,-107.0,-18.0,1.0690449676496976,-19.0,-19.0,-19.0,-18.0,-17.75,-16.7,-16.0
40.462,-86.9175,0,125290,372,sub6,77,6,-107.0,0.0,-107.0,-107.0,-107.0,-107.0,-107.0,-107.0,-107.0,-10.0,0.0,-10.0,-10.0,-10.0,-10.0,-10.0,-10.0,-10.0
40.462,-86.9175,0,125290,403,sub6,77,6,-118.0,0.0,-118.0,-118.0,-118.0,-118.0,-118.0,-118.0,-118.0,-14.0,0.0,-14.0,-14.0,-14.0,-14.0,-14.0,-14.0,-14.0
40.462,-86.9175,0,520110,10,sub6,77,3,-106.0,0.0,-106.0,-106.0,-106.0,-106.0,-106.0,-106.0,-106.0,-10.0,0.5773502691896257,-11.0,-10.8,-10.5,-10.0,-10.0,-10.0,-10.0
40.462,-86.9175,0,520110,147,sub6,77,3,-116.0,0.0,-116.0,-116.0,-116.0,-116.0,-116.0,-116.0,-116.0,-15.0,0.0,-15.0,-15.0,-15.0,-15.0,-15.0,-15.0,-15.0
40.462,-86.917,0,1001,50,lte,829,100,-91.0,8.226441723755386,-104.0,-99.0,-98.0,-91.0,-80.0,-80.0,-79.0,-10.0,1.3071674983286825,-13.0,-11.0,-11.0,-10.0,-9.0,-8.0,-8.0
40.462,-86.917,0,1001,240,lte,829,16,-102.0,3.759432581299116,-106.0,-104.5,-104.0,-102.0,-99.0,-96.5,-92.0,-20.0,1.3601470508735443,-24.0,-21.5,-21.0,-20.0,-20.0,-19.0,-18.0
40.462,-86.917,0,1001,393,lte,829,57,-105.0,2.5224555407156783,-112.0,-108.0,-106.0,-105.0,-103.0,-101.0,-99.0,-19.0,1.5401884466284692,-22.0,-21.0,-20.0,-19.0,-18.0,-17.0,-16.0
40.462,-86.917,0,1001,408,lte,829,11,-102.0,1.8140862964338522,-104.0,-104.0,-103.5,-102.0,-100.5,-100.0,-99.0,-19.0,0.8090398349558904,-21.0,-20.0,-20.0,-19.0,-19.0,-19.0,-18.0
40.462,-86.917,0,1001,414,lte,829,36,-103.0,4.62592762040289,-113.0,-110.0,-107.25,-103.0,-101.0,-98.0,-94.0,-20.0,0.9305229797662261,-22.0,-21.0,-21.0,-20.0,-20.0,-19.0,-18.0
40.462,-86.917,0,1001,448,lte,829,58,-103.0,2.548085648456372,-109.0,-106.0,-105.0,-103.0,-102.0,-100.0,-96.0,-17.5,1.6016665549283489,-20.0,-20.0,-19.0,-17.5,-17.0,-15.699999999999996,-14.0
40.462,-86.917,0,66736,47,lte,829,94,-104.0,4.826869904246791,-108.0,-106.0,-105.0,-104.0,-99.0,-97.0,-89.0,-15.0,1.224698170856923,-18.0,-17.0,-16.0,-15.0,-15.0,-14.0,-13.0
40.462,-86.917,0,66736,304,lte,829,82,-106.0,3.22563131499977,-115.0,-110.0,-108.0,-106.0,-104.0,-102.0,-99.0,-17.0,2.227635682673101,-20.0,-20.0,-19.0,-17.0,-15.25,-14.0,-12.0
40.462,-86.917,0,66736,393,lte,829,94,-108.0,5.466532605171605,-116.0,-113.0,-111.0,-108.0,-102.0,-100.0,-95.0,-19.0,1.4571198827754979,-22.0,-20.0,-20.0,-19.0,-18.0,-16.299999999999997,-15.0
40.462,-86.917,0,66736,408,lte,829,57,-110.0,3.0116731958491942,-116.0,-114.0,-112.0,-110.0,-108.0,-107.0,-103.0,-19.0,1.315989959663385,-22.0,-21.0,-20.0,-19.0,-18.0,-17.6,-16.0
40.462,-86.917,0,66736,470,lte,829,5,-103.0,0.7071067811865476,-104.0,-103.6,-103.0,-103.0,-103.0,-102.4,-102.0,-20.0,0.7071067811865476,-21.0,-20.6,-20.0,-20.0,-20.0,-19.4,-19.0
40.462,-86.917,0,125290,372,sub6,829,71,-101.0,6.220689824396332,-107.0,-107.0,-107.0,-101.0,-93.5,-92.0,-91.0,-10.0,0.5820936333511367,-12.0,-11.0,-11.0,-10.0,-10.0,-10.0,-10.0
40.462,-86.917,0,125290,403,sub6,829,71,-118.0,7.140216815830063,-134.0,-124.0,-119.0,-118.0,-110.0,-105.0,-100.0,-19.0,6.062982644813347,-36.0,-31.0,-24.0,-19.0,-15.0,-15.0,-14.0
40.462,-86.917,0,520110,10,sub6,829,26,-111.5,4.2853955925463145,-124.0,-113.0,-113.0,-111.5,-107.25,-105.0,-104.0,-11.5,1.5669666924936905,-17.0,-13.5,-12.75,-11.5,-11.0,-10.0,-10.0
40.462,-86.917,0,520110,147,sub6,829,26,-113.0,2.799175702842645,-123.0,-116.0,-115.0,-113.0,-112.0,-110.5,-109.0,-13.0,1.6956959088777135,-18.0,-15.5,-14.0,-13.0,-12.0,-12.0,-12.0
40.462,-86.917,0,520110,472,sub6,829,6,-120.0,7.440878084384037,-136.0,-131.5,-125.5,-120.0,-117.5,-117.0,-117.0,-20.0,7.2226495600068175,-37.0,-31.0,-24.0,-20.0,-19.0,-18.5,-18.0
40.462,-86.917,0,520110,515,sub6,829,12,-120.0,4.944387696871039,-136.0,-122.0,-121.25,-120.0,-118.0,-118.0,-118.0,-18.0,5.4682277889198385,-36.0,-19.0,-19.0,-18.0,-17.0,-16.1,-15.0
40.462,-86.917,0,520110,685,sub6,829,7,-122.0,1.7182493859684487,-126.0,-124.2,-123.0,-122.0,-121.5,-121.0,-121.0,-17.0,0.7867957924694431,-19.0,-18.4,-18.0,-17.0,-17.0,-17.0,-17.0
40.462,-86.9165,0,1001,50,lte,1499,227,-91.0,5.891995046621317,-98.0,-94.0,-93.0,-91.0,-85.0,-79.0,-76.0,-9.0,0.8226881053506427,-11.0,-10.0,-9.0,-9.0,-9.0,-8.0,-7.0
40.462,-86.9165,0,1001,240,lte,1499,13,-104.0,1.5892265495016833,-106.0,-105.8,-105.0,-104.0,-103.0,-102.0,-101.0,-20.0,0.9268086959962983,-21.0,-21.0,-20.0,-20.0,-19.0,-19.0,-18.0
40.462,-86.9165,0,1001,393,lte,1499,88,-104.0,4.192828005960332,-114.0,-111.0,-106.0,-104.0,-101.0,-99.7,-97.0,-20.0,1.2095060608284578,-23.0,-21.0,-21.0,-20.0,-19.0,-19.0,-18.0
40.462,-86.9165,0,1001,408,lte,1499,41,-103.0,4.320823092319558,-112.0,-111.0,-110.0,-103.0,-101.0,-100.0,-98.0,-20.0,1.0488088481701516,-22.0,-21.0,-21.0,-20.0,-19.0,-19.0,-18.0
40.462,-86.9165,0,1001,414,lte,1499,45,-103.0,2.470635627534017,-107.0,-105.0,-104.0,-103.0,-100.0,-99.0,-97.0,-20.0,1.2102257907706584,-23.0,-21.0,-21.0,-20.0,-19.0,-18.4,-18.0
40.462,-86.9165,0,1001,448,lte,1499,97,-102.0,3.313482558678507,-111.0,-107.8,-104.0,-102.0,-101.0,-99.0,-97.0,-19.0,1.4572959000169416,-22.0,-21.0,-20.0,-19.0,-18.0,-17.0,-15.0
40.462,-86.9165,0,66736,47,lte,1499,182,-103.0,5.50733996734144,-110.0,-108.0,-106.0,-103.0,-98.0,-95.0,-88.0,-15.0,1.5360402292710071,-19.0,-17.0,-16.0,-15.0,-14.0,-13.0,-10.0
40.462,-86.9165,0,66736,304,lte,1499,86,-109.0,3.790693478130833,-116.0,-115.0,-113.0,-109.0,-107.0,-105.0,-102.0,-19.0,1.3842973198585056,-21.0,-20.0,-20.0,-19.0,-18.0,-17.0,-15.0
40.462,-86.9165,0,66736,393,lte,1499,182,-105.0,4.4513165389849565,-115.0,-111.0,-108.0,-105.0,-102.0,-101.0,-93.0,-17.0,2.1912393666030554,-22.0,-20.0,-19.0,-17.0,-17.0,-14.0,-11.0
40.462,-86.9165,0,66736,408,lte,1499,59,-107.0,2.4438761596714835,-112.0,-109.0,-108.5,-107.0,-105.0,-103.8,-100.0,-20.0,1.3112826936808593,-22.0,-21.2,-21.0,-20.0,-19.0,-18.0,-17.0
40.462,-86.9165,0,125290,359,sub6,1499,2,-129.5,3.5355339059327378,-132.0,-131.5,-130.75,-129.5,-128.25,-127.5,-127.0,-30.0,2.8284271247461903,-32.0,-31.6,-31.0,-30.0,-29.0,-28.4,-28.0
40.462,-86.9165,0,125290,372,sub6,1499,163,-100.0,3.361987722784797,-109.0,-105.0,-101.0,-100.0,-99.0,-98.0,-89.0,-11.0,0.4003331188827347,-12.0,-11.0,-11.0,-11.0,-11.0,-10.0,-10.0
40.462,-86.9165,0,125290,403,sub6,1499,155,-114.0,6.911027113877311,-135.0,-125.0,-119.0,-114.0,-108.5,-107.0,-103.0,-19.0,5.146818052970322,-37.0,-29.0,-24.0,-19.0,-17.0,-16.0,-15.0
40.462,-86.9165,0,520110,10,sub6,1499,48,-110.0,2.626835730959743,-120.0,-112.0,-111.0,-110.0,-109.0,-108.0,-108.0,-12.0,0.9280403360028203,-15.0,-12.3,-12.0,-12.0,-11.0,-11.0,-11.0
40.462,-86.9165,0,520110,98,sub6,1499,1,-122.0,nan,-122.0,-122.0,-122.0,-122.0,-122.0,-122.0,-122.0,-14.0,nan,-14.0,-14.0,-14.0,-14.0,-14.0,-14.0,-14.0
40.462,-86.9165,0,520110,147,sub6,1499,44,-116.0,2.147199365750435,-125.0,-119.0,-117.0,-116.0,-115.0,-114.3,-113.0,-14.0,1.0890576254854043,-18.0,-16.0,-15.0,-14.0,-14.0,-13.0,-12.0
40.462,-86.9165,0,520110,472,sub6,1499,17,-119.0,2.49705709138719,-125.0,-122.0,-120.0,-119.0,-118.0,-116.0,-116.0,-19.0,1.8391174353957036,-24.0,-21.4,-21.0,-19.0,-18.0,-17.6,-17.0
40.462,-86.9165,0,520110,515,sub6,1499,44,-108.0,2.1075721731689945,-115.0,-110.0,-109.0,-108.0,-108.0,-106.3,-105.0,-11.0,0.6547113367438263,-13.0,-12.0,-11.0,-11.0,-11.0,-10.299999999999997,-10.0
40.462,-86.9165,0,520110,685,sub6,1499,5,-121.0,1.3416407864998738,-122.0,-121.6,-121.0,-121.0,-119.0,-119.0,-119.0,-19.0,1.140175425099138,-20.0,-19.6,-19.0,-19.0,-18.0,-17.4,-17.0
40.462,-86.916,0,1001,50,lte,299,21,-93.0,1.3093073414159542,-96.0,-95.0,-94.0,-93.0,-93.0,-92.0,-90.0,-10.0,0.7071067811865476,-11.0,-11.0,-10.0,-10.0,-10.0,-9.0,-9.0
40.462,-86.916,0,1001,294,lte,299,6,-104.0,2.065591117977289,-106.0,-105.5,-104.75,-104.0,-103.25,-101.5,-100.0,-21.0,0.8366600265340756,-21.0,-21.0,-21.0,-21.0,-20.25,-19.5,-19.0
40.462,-86.916,0,1001,393,lte,299,19,-102.0,1.3333333333333333,-104.0,-104.0,-103.0,-102.0,-101.0,-100.0,-100.0,-19.0,1.446916463194053,-21.0,-20.2,-20.0,-19.0,-18.0,-17.0,-16.0
40.462,-86.916,0,1001,448,lte,299,21,-100.0,1.9383350734955132,-103.0,-102.0,-101.0,-100.0,-98.0,-97.0,-96.0,-16.0,1.8322507626258089,-20.0,-19.0,-17.0,-16.0,-15.0,-15.0,-14.0
40.462,-86.916,0,66736,47,lte,299,45,-102.0,1.7399059535712635,-105.0,-103.0,-102.0,-102.0,-100.0,-99.0,-98.0,-14.0,1.391532836969231,-16.0,-16.0,-15.0,-14.0,-13.0,-12.0,-11.0
40.462,-86.916,0,66736,304,lte,299,45,-107.0,3.406470373280883,-111.0,-109.0,-108.0,-107.0,-103.0,-101.0,-99.0,-19.0,1.6943161070789212,-20.0,-19.0,-19.0,-19.0,-16.0,-15.0,-14.0
40.462,-86.916,0,66736,393,lte,299,45,-104.0,1.9253754717121296,-112.0,-106.6,-105.0,-104.0,-104.0,-102.4,-100.0,-18.0,1.1406182976833663,-21.0,-20.0,-19.0,-18.0,-18.0,-17.0,-17.0
40.462,-86.916,0,66736,408,lte,299,8,-104.5,3.399054490379851,-112.0,-107.8,-106.0,-104.5,-102.75,-101.7,-101.0,-19.0,0.9258200997725514,-20.0,-20.0,-20.0,-19.0,-18.0,-18.0,-18.0
40.462,-86.916,0,125290,359,sub6,299,2,-123.0,8.48528137423857,-129.0,-127.8,-126.0,-123.0,-120.0,-118.2,-117.0,-27.5,6.363961030678928,-32.0,-31.1,-29.75,-27.5,-25.25,-23.9,-23.0
40.462,-86.916,0,125290,372,sub6,299,42,-100.0,1.2653241861938958,-102.0,-101.0,-100.75,-100.0,-99.0,-98.0,-97.0,-11.0,0.37020256877551583,-12.0,-11.0,-11.0,-11.0,-11.0,-10.100000000000001,-10.0
40.462,-86.916,0,125290,403,sub6,299,38,-112.0,7.798675891550494,-137.0,-125.5,-116.0,-112.0,-109.0,-107.39999999999999,-104.0,-19.0,5.986946445247743,-37.0,-29.9,-22.75,-19.0,-16.0,-15.0,-15.0
40.462,-86.916,0,125290,479,sub6,299,7,-117.0,6.77530529974568,-131.0,-128.0,-125.0,-117.0,-115.5,-113.6,-113.0,-23.0,4.928053803045811,-33.0,-31.2,-29.0,-23.0,-22.0,-20.6,-20.0
40.462,-86.9155,0,1001,50,lte,7130,1580,-94.0,2.937524295985696,-104.0,-98.0,-95.0,-94.0,-92.0,-90.0,-84.0,-10.0,0.5870892300486232,-13.0,-10.0,-10.0,-10.0,-10.0,-9.0,-7.0
40.462,-86.9155,0,1001,112,lte,7130,21,-106.0,2.8191521859628375,-110.0,-110.0,-108.0,-106.0,-104.0,-102.0,-100.0,-20.0,0.8890872794479686,-21.0,-21.0,-21.0,-20.0,-20.0,-19.0,-18.0
40.462,-86.9155,0,1001,128,lte,7130,8,-105.5,1.3562026818605375,-107.0,-106.3,-106.0,-105.5,-104.0,-103.7,-103.0,-20.5,0.8864052604279183,-22.0,-22.0,-21.25,-20.5,-20.0,-20.0,-20.0
40.462,-86.9155,0,1001,176,lte,7130,8,-103.0,0.8345229603962802,-105.0,-103.6,-103.0,-103.0,-103.0,-102.7,-102.0,-20.0,0.5345224838248488,-21.0,-20.3,-20.0,-20.0,-20.0,-19.7,-19.0
40.462,-86.9155,0,1001,240,lte,7130,24,-106.0,2.1315436333487443,-110.0,-109.0,-108.0,-106.0,-105.0,-104.0,-101.0,-20.0,0.8242255917447338,-22.0,-21.0,-21.0,-20.0,-20.0,-20.0,-18.0
40.462,-86.9155,0,1001,294,lte,7130,24,-104.5,1.6500988112705621,-107.0,-106.0,-105.0,-104.5,-102.75,-102.0,-101.0,-20.5,1.062366786192884,-23.0,-21.7,-21.0,-20.5,-20.0,-19.0,-19.0
40.462,-86.9155,0,1001,393,lte,7130,107,-104.0,3.0802469059455313,-110.0,-109.0,-107.0,-104.0,-102.0,-101.0,-98.0,-20.0,1.4092172084315422,-22.0,-21.0,-21.0,-20.0,-19.0,-18.0,-16.0
40.462,-86.9155,0,1001,397,lte,7130,12,-107.5,2.9076701075853593,-114.0,-109.0,-109.0,-107.5,-105.75,-104.1,-103.0,-20.0,0.9003366373785201,-22.0,-20.9,-20.0,-20.0,-19.0,-19.0,-19.0
40.462,-86.9155,0,1001,414,lte,7130,22,-107.0,1.8748737331221843,-110.0,-109.0,-108.0,-107.0,-105.0,-105.0,-104.0,-21.0,1.184313050927584,-22.0,-22.0,-21.0,-21.0,-20.0,-19.0,-18.0
40.462,-86.9155,0,1001,448,lte,7130,367,-105.0,3.32063587185789,-115.0,-109.0,-107.0,-105.0,-102.0,-100.0,-96.0,-19.0,1.7409382894472096,-23.0,-21.0,-20.0,-19.0,-18.0,-17.0,-14.0
40.462,-86.9155,0,66736,47,lte,7130,666,-105.0,3.9158022410997555,-111.0,-109.0,-107.0,-105.0,-101.0,-99.0,-91.0,-15.0,1.2286957116383341,-18.0,-16.0,-15.0,-15.0,-14.0,-13.0,-10.0
40.462,-86.9155,0,66736,51,lte,7130,4,-113.0,1.2583057392117916,-115.0,-114.4,-113.5,-113.0,-112.75,-112.3,-112.0,-20.5,0.9574271077563381,-21.0,-21.0,-21.0,-20.5,-19.75,-19.3,-19.0
40.462,-86.9155,0,66736,304,lte,7130,601,-111.0,4.395444624183041,-118.0,-115.0,-114.0,-111.0,-107.0,-104.0,-98.0,-19.0,1.6266004960037228,-23.0,-20.0,-19.0,-19.0,-17.0,-16.0,-12.0
40.462,-86.9155,0,66736,318,lte,7130,4,-107.0,1.632993161855452,-109.0,-108.4,-107.5,-107.0,-106.5,-105.6,-105.0,-18.5,1.2909944487358056,-20.0,-19.7,-19.25,-18.5,-17.75,-17.3,-17.0
40.462,-86.9155,0,66736,334,lte,7130,40,-116.0,3.320101944681356,-119.0,-118.0,-117.0,-116.0,-112.75,-110.0,-104.0,-20.0,0.7675301714607471,-22.0,-21.0,-21.0,-20.0,-20.0,-19.0,-19.0
40.462,-86.9155,0,66736,374,lte,7130,8,-113.5,1.7525491637693282,-116.0,-116.0,-115.25,-113.5,-112.0,-112.0,-112.0,-21.0,0.6408699444616557,-22.0,-21.3,-21.0,-21.0,-20.75,-20.0,-20.0
40.462,-86.9155,0,66736,393,lte,7130,647,-111.0,3.9797868083591235,-119.0,-115.0,-114.0,-111.0,-107.0,-105.0,-96.0,-19.0,1.3670376365492194,-22.0,-20.0,-20.0,-19.0,-18.0,-17.0,-13.0
40.462,-86.9155,0,66736,408,lte,7130,56,-108.0,4.744340442439416,-118.0,-116.0,-112.0,-108.0,-105.0,-103.5,-100.0,-20.0,1.6267847342007398,-23.0,-22.0,-21.0,-20.0,-18.75,-18.0,-17.0
40.462,-86.9155,0,125290,121,sub6,7130,345,-115.0,5.057402214119001,-136.0,-121.0,-118.0,-115.0,-112.0,-109.0,-104.0,-19.0,3.832615955499917,-37.0,-25.0,-21.0,-19.0,-17.0,-16.0,-14.0
40.462,-86.9155,0,125290,319,sub6,7130,10,-116.5,9.378462323619772,-134.0,-128.6,-127.0,-116.5,-110.25,-110.0,-110.0,-19.0,6.928203230275509,-36.0,-28.8,-26.75,-19.0,-16.25,-16.0,-16.0
40.462,-86.9155,0,125290,359,sub6,7130,66,-122.5,6.764658606360417,-135.0,-132.0,-128.75,-122.5,-118.0,-114.0,-108.0,-26.5,5.4536829154854,-35.0,-33.5,-31.75,-26.5,-21.0,-20.0,-16.0
40.462,-86.9155,0,125290,372,sub6,7130,694,-105.0,3.438864912064554,-113.0,-109.0,-108.0,-105.0,-102.0,-100.0,-94.0,-12.0,0.8465234644462387,-15.0,-13.0,-13.0,-12.0,-12.0,-11.0,-11.0
40.462,-86.9155,0,125290,403,sub6,7130,679,-110.0,4.066554907035556,-131.0,-115.0,-113.0,-110.0,-108.0,-106.0,-102.0,-16.0,2.8453376308649507,-34.0,-20.0,-18.0,-16.0,-15.0,-14.0,-12.0
40.462,-86.9155,0,125290,479,sub6,7130,54,-116.5,5.566697422679571,-131.0,-126.7,-121.0,-116.5,-113.25,-112.0,-108.0,-22.0,4.41160562051317,-34.0,-30.4,-26.0,-22.0,-19.0,-18.299999999999997,-16.0
40.462,-86.9155,0,520110,10,sub6,7130,235,-111.0,3.0593807992311906,-121.0,-115.0,-113.0,-111.0,-109.0,-108.0,-99.0,-12.0,1.3586528424319229,-17.0,-15.0,-13.0,-12.0,-12.0,-11.0,-10.0
40.462,-86.9155,0,520110,147,sub6,7130,49,-119.0,2.9387164582124474,-132.0,-122.2,-121.0,-119.0,-118.0,-117.0,-114.0,-17.0,3.210712299379649,-32.0,-21.2,-18.0,-17.0,-16.0,-15.0,-14.0
40.462,-86.9155,0,520110,201,sub6,7130,44,-118.0,4.286021331999054,-127.0,-125.0,-123.0,-118.0,-116.0,-114.0,-111.0,-17.0,4.089575775204764,-27.0,-25.0,-22.0,-17.0,-15.0,-14.0,-13.0
40.462,-86.9155,0,520110,472,sub6,7130,213,-112.0,3.772202997921111,-122.0,-117.0,-114.0,-112.0,-109.0,-106.0,-102.0,-14.0,1.73637974417979,-21.0,-16.0,-15.0,-14.0,-13.0,-12.0,-11.0
40.462,-86.9155,0,520110,515,sub6,7130,195,-114.0,3.1011070478168867,-122.0,-117.0,-115.5,-114.0,-112.0,-109.0,-105.0,-12.0,1.3158599767494465,-17.0,-14.0,-13.0,-12.0,-11.0,-11.0,-10.0
40.462,-86.9155,0,520110,609,sub6,7130,26,-117.5,4.228292981625272,-128.0,-123.5,-122.75,-117.5,-116.0,-114.5,-111.0,-16.5,3.6696258455261956,-26.0,-23.5,-21.0,-16.5,-15.0,-14.0,-14.0
40.462,-86.9155,0,520110,685,sub6,7130,222,-113.0,2.9713345198460623,-122.0,-117.0,-115.75,-113.0,-112.0,-110.0,-105.0,-13.0,1.3617592757079187,-18.0,-15.0,-14.0,-13.0,-12.0,-12.0,-11.0
40.462,-86.9155,0,520110,704,sub6,7130,80,-120.0,3.0974673198386378,-127.0,-124.1,-122.0,-120.0,-118.0,-116.0,-113.0,-18.0,2.681275910145973,-25.0,-22.0,-20.0,-18.0,-16.0,-15.0,-13.0
40.462,-86.9155,0,520110,838,sub6,7130,19,-119.0,2.9169799330514024,-128.0,-123.6,-119.5,-119.0,-118.5,-117.0,-117.0,-18.0,2.734873335959582,-26.0,-22.2,-19.0,-18.0,-17.0,-16.0,-15.0
40.462,-86.915,0,1001,50,lte,93,9,-93.0,4.65772953749404,-99.0,-99.0,-98.0,-93.0,-91.0,-87.8,-87.0,-10.0,0.0,-10.0,-10.0,-10.0,-10.0,-10.0,-10.0,-10.0
40.462,-86.915,0,1001,448,lte,93,9,-104.0,5.809475019311125,-112.0,-108.8,-108.0,-104.0,-100.0,-97.8,-93.0,-19.0,0.97182531580755,-21.0,-20.2,-20.0,-19.0,-19.0,-18.0,-18.0
40.462,-86.915,0,66736,47,lte,93,14,-108.0,1.8693596482500348,-110.0,-109.0,-109.0,-108.0,-106.25,-105.0,-104.0,-18.0,1.439245834257849,-19.0,-18.0,-18.0,-18.0,-15.5,-15.0,-15.0
40.462,-86.915,0,66736,304,lte,93,14,-112.0,1.977899874131123,-116.0,-113.0,-113.0,-112.0,-111.0,-109.3,-108.0,-19.0,0.5789342235218394,-20.0,-20.0,-19.75,-19.0,-19.0,-19.0,-18.0
40.462,-86.915,0,66736,393,lte,93,14,-108.0,2.2822776362202757,-114.0,-112.4,-110.5,-108.0,-108.0,-107.3,-106.0,-17.0,1.439245834257849,-20.0,-18.7,-17.75,-17.0,-16.0,-15.299999999999999,-15.0
40.462,-86.915,0,125290,121,sub6,93,11,-114.0,3.258555173413797,-116.0,-116.0,-115.0,-114.0,-109.5,-108.0,-108.0,-16.0,1.1908743922772955,-18.0,-18.0,-17.0,-16.0,-15.0,-15.0,-15.0
40.462,-86.915,0,125290,372,sub6,93,11,-110.0,4.874796033029112,-112.0,-112.0,-111.0,-110.0,-102.0,-101.0,-101.0,-13.0,1.213559752433836,-14.0,-14.0,-13.5,-13.0,-11.5,-11.0,-11.0
40.462,-86.915,0,125290,403,sub6,93,11,-113.0,4.474168282282397,-125.0,-118.0,-115.5,-113.0,-112.5,-110.0,-108.0,-16.0,4.711687595755898,-29.0,-24.0,-19.0,-16.0,-15.0,-15.0,-14.0
40.462,-86.914,0,1001,50,lte,3837,225,-95.0,2.5476179350242316,-101.0,-98.0,-97.0,-95.0,-93.0,-92.0,-88.0,-9.0,0.5288126862537039,-10.0,-10.0,-9.0,-9.0,-9.0,-8.0,-7.0
40.462,-86.914,0,1001,63,lte,3837,10,-106.0,2.4517567397911053,-109.0,-108.1,-107.75,-106.0,-104.0,-103.7,-101.0,-20.0,0.7378647873726218,-21.0,-21.0,-20.0,-20.0,-19.25,-19.0,-19.0
40.462,-86.914,0,1001,129,lte,3837,10,-108.5,2.584139659108574,-111.0,-111.0,-110.75,-108.5,-106.5,-104.9,-104.0,-19.5,1.1352924243950935,-21.0,-20.1,-20.0,-19.5,-18.0,-18.0,-18.0
40.462,-86.914,0,1001,397,lte,3837,11,-111.0,2.935673997258861,-114.0,-114.0,-112.5,-111.0,-108.5,-107.0,-105.0,-21.0,1.2862913567871994,-22.0,-22.0,-21.0,-21.0,-19.5,-19.0,-18.0
40.462,-86.914,0,1001,408,lte,3837,225,-107.0,3.1123601517635606,-115.0,-111.0,-109.0,-107.0,-105.0,-103.0,-98.0,-19.0,1.2581165060745143,-22.0,-21.0,-20.0,-19.0,-19.0,-18.0,-15.0
40.462,-86.914,0,1001,448,lte,3837,7,-110.0,2.4976179127511156,-112.0,-111.4,-111.0,-110.0,-108.0,-106.2,-105.0,-20.0,1.1126972805283735,-21.0,-21.0,-20.5,-20.0,-19.0,-18.6,-18.0
40.462,-86.914,0,66736,47,lte,3837,345,-109.0,3.2370792654092733,-115.0,-113.0,-111.0,-109.0,-106.0,-105.0,-98.0,-17.0,1.4121087883725008,-24.0,-19.0,-18.0,-17.0,-17.0,-16.0,-14.0
40.462,-86.914,0,66736,118,lte,3837,37,-114.0,4.015360895750608,-120.0,-119.0,-118.0,-114.0,-112.0,-108.0,-107.0,-20.0,0.5067117097095318,-20.0,-20.0,-20.0,-20.0,-19.0,-19.0,-19.0
40.462,-86.914,0,66736,304,lte,3837,74,-112.0,4.291683665610966,-121.0,-117.0,-115.0,-112.0,-109.0,-106.0,-102.0,-20.0,0.8588886683028595,-22.0,-21.0,-20.0,-20.0,-19.0,-19.0,-18.0
40.462,-86.914,0,66736,393,lte,3837,345,-110.0,3.8582308639314626,-117.0,-114.0,-112.0,-110.0,-107.0,-104.0,-95.0,-15.0,1.295633172816883,-20.0,-17.0,-16.0,-15.0,-15.0,-14.0,-12.0
40.462,-86.914,0,125290,121,sub6,3837,242,-118.0,5.7867066987956886,-137.0,-125.0,-121.0,-118.0,-116.0,-114.0,-111.0,-18.0,5.438073960536082,-37.0,-25.0,-20.0,-18.0,-17.0,-16.0,-13.0
40.462,-86.914,0,125290,250,sub6,3837,25,-116.0,5.922555754627107,-138.0,-119.0,-118.0,-116.0,-115.0,-115.0,-114.0,-17.0,5.688585061331158,-38.0,-19.0,-18.0,-17.0,-17.0,-16.0,-15.0
40.462,-86.914,0,125290,359,sub6,3837,255,-119.0,5.753988487204742,-138.0,-125.0,-122.0,-119.0,-116.0,-113.0,-110.0,-19.0,5.1342994986337285,-37.0,-25.0,-21.0,-19.0,-16.5,-15.0,-13.0
40.462,-86.914,0,125290,372,sub6,3837,463,-114.0,2.8121909103389604,-125.0,-117.0,-116.0,-114.0,-112.0,-111.0,-107.0,-14.0,1.3114142395367754,-19.0,-16.0,-15.0,-14.0,-13.0,-13.0,-11.0
40.462,-86.914,0,125290,403,sub6,3837,454,-117.0,4.111782432521639,-138.0,-122.0,-119.0,-117.0,-115.0,-114.0,-109.0,-17.0,3.1904084123719483,-37.0,-20.0,-18.0,-17.0,-16.0,-15.0,-13.0
40.462,-86.914,0,125290,479,sub6,3837,54,-120.0,6.345541582358844,-138.0,-136.0,-121.75,-120.0,-119.0,-116.0,-115.0,-20.0,6.19144830757335,-38.0,-36.7,-21.0,-20.0,-18.25,-18.0,-17.0
40.462,-86.914,0,520110,10,sub6,3837,215,-119.0,3.7841856265695495,-138.0,-122.0,-120.0,-119.0,-117.0,-115.0,-111.0,-15.0,3.481550092333141,-37.0,-17.0,-16.0,-15.0,-14.0,-13.0,-12.0
40.462,-86.914,0,520110,98,sub6,3837,53,-123.0,6.869507305774767,-138.0,-137.0,-137.0,-123.0,-121.0,-120.0,-119.0,-19.0,7.960442840552704,-38.0,-36.8,-36.0,-19.0,-18.0,-17.0,-17.0
40.462,-86.914,0,520110,201,sub6,3837,3,-121.0,9.237604307034013,-137.0,-133.8,-129.0,-121.0,-121.0,-121.0,-121.0,-16.0,11.547005383792515,-36.0,-32.0,-26.0,-16.0,-16.0,-16.0,-16.0
40.462,-86.914,0,520110,472,sub6,3837,210,-119.0,4.298894822659207,-137.0,-123.0,-121.0,-119.0,-118.0,-117.0,-112.0,-16.0,4.570163871538261,-37.0,-19.099999999999998,-17.0,-16.0,-15.0,-14.0,-13.0
40.462,-86.914,0,520110,515,sub6,3837,215,-118.0,2.349147926192596,-125.0,-121.0,-119.0,-118.0,-116.0,-115.0,-112.0,-14.0,1.2713381942555648,-18.0,-16.0,-15.0,-14.0,-13.0,-13.0,-12.0
40.462,-86.914,0,520110,555,sub6,3837,3,-121.0,9.237604307034013,-137.0,-133.8,-129.0,-121.0,-121.0,-121.0,-121.0,-19.0,10.392304845413264,-37.0,-33.4,-28.0,-19.0,-19.0,-19.0,-19.0
40.462,-86.914,0,520110,609,sub6,3837,3,-121.0,9.237604307034013,-137.0,-133.8,-129.0,-121.0,-121.0,-121.0,-121.0,-18.0,10.392304845413264,-36.0,-32.4,-27.0,-18.0,-18.0,-18.0,-18.0
40.462,-86.914,0,520110,685,sub6,3837,213,-118.0,3.9691542537800517,-137.0,-122.0,-120.0,-118.0,-117.0,-116.0,-112.0,-15.0,4.083860496630535,-37.0,-17.799999999999997,-17.0,-15.0,-14.0,-14.0,-12.0
40.462,-86.914,0,520110,698,sub6,3837,16,-121.0,7.865271768985481,-138.0,-137.5,-137.0,-121.0,-120.0,-120.0,-120.0,-19.0,8.786115941263997,-38.0,-37.0,-36.0,-19.0,-18.0,-17.0,-17.0
40.462,-86.914,0,520110,704,sub6,3837,124,-121.0,6.7961012256968845,-138.0,-137.0,-124.0,-121.0,-119.0,-118.0,-115.0,-17.0,7.587530144256946,-37.0,-36.0,-20.25,-17.0,-16.0,-15.0,-14.0
40.4625,-86.935,0,125290,372,sub6,6,6,-80.0,0.5163977794943223,-81.0,-81.0,-80.75,-80.0,-80.0,-80.0,-80.0,-10.0,0.0,-10.0,-10.0,-10.0,-10.0,-10.0,-10.0,-10.0
40.4625,-86.9345,0,125290,372,sub6,13,13,-80.0,0.2773500981126145,-81.0,-80.0,-80.0,-80.0,-80.0,-80.0,-80.0,-10.0,0.0,-10.0,-10.0,-10.0,-10.0,-10.0,-10.0,-10.0
40.4625,-86.921,0,1001,50,lte,792,333,-92.0,1.6603483841521793,-96.0,-94.0,-93.0,-92.0,-91.0,-90.0,-88.0,-9.0,0.4807898394445187,-10.0,-9.0,-9.0,-9.0,-8.0,-8.0,-8.0
40.4625,-86.921,0,1001,240,lte,792,4,-99.5,2.0615528128088303,-101.0,-101.0,-101.0,-99.5,-97.75,-97.3,-97.0,-20.0,0.5,-20.0,-20.0,-20.0,-20.0,-19.75,-19.3,-19.0
40.4625,-86.921,0,1001,393,lte,792,11,-102.0,3.1565228279922772,-108.0,-106.0,-103.5,-102.0,-100.0,-98.0,-98.0,-20.0,0.8201995322647245,-21.0,-20.0,-20.0,-20.0,-19.0,-19.0,-18.0
40.4625,-86.921,0,1001,414,lte,792,9,-102.0,2.505549396395485,-104.0,-104.0,-103.0,-102.0,-101.0,-99.2,-96.0,-19.0,0.8660254037844386,-20.0,-20.0,-19.0,-19.0,-19.0,-18.6,-17.0
40.4625,-86.921,0,66736,47,lte,792,81,-98.0,1.4412357523414274,-102.0,-99.0,-98.0,-98.0,-97.0,-96.0,-94.0,-14.0,0.29344694769431645,-15.0,-14.0,-14.0,-14.0,-14.0,-14.0,-13.0
40.4625,-86.921,0,66736,393,lte,792,81,-104.0,1.826502425706333,-108.0,-106.0,-105.0,-104.0,-103.0,-102.0,-99.0,-20.0,0.9761033642897556,-21.0,-21.0,-20.0,-20.0,-19.0,-18.0,-17.0
40.4625,-86.921,0,66736,408,lte,792,1,-105.0,nan,-105.0,-105.0,-105.0,-105.0,-105.0,-105.0,-105.0,-21.0,nan,-21.0,-21.0,-21.0,-21.0,-21.0,-21.0,-21.0
40.4625,-86.921,0,125290,121,sub6,792,97,-114.0,3.700706953916086,-127.0,-120.4,-116.0,-114.0,-113.0,-111.0,-107.0,-18.0,4.018187817080398,-30.0,-25.0,-21.0,-18.0,-16.0,-15.0,-14.0
40.4625,-86.921,0,125290,359,sub6,792,4,-126.5,6.855654600401044,-130.0,-129.7,-129.25,-126.5,-121.75,-117.7,-115.0,-28.0,5.909032633745278,-31.0,-30.7,-30.25,-28.0,-24.0,-20.4,-18.0
40.4625,-86.921,0,125290,372,sub6,792,97,-103.0,3.7328358621674167,-109.0,-108.0,-107.0,-103.0,-100.0,-99.0,-96.0,-11.0,0.7505725191673417,-13.0,-13.0,-12.0,-11.0,-11.0,-11.0,-11.0
40.4625,-86.921,0,125290,403,sub6,792,70,-118.5,5.341350082510391,-131.0,-124.0,-122.0,-118.5,-114.0,-109.0,-107.0,-22.5,3.899248746457385,-32.0,-27.0,-26.0,-22.5,-19.25,-17.9,-16.0
40.4625,-86.921,0,520110,10,sub6,792,1,-123.0,nan,-123.0,-123.0,-123.0,-123.0,-123.0,-123.0,-123.0,-19.0,nan,-19.0,-19.0,-19.0,-19.0,-19.0,-19.0,-19.0
40.4625,-86.921,0,520110,147,sub6,792,1,-125.0,nan,-125.0,-125.0,-125.0,-125.0,-125.0,-125.0,-125.0,-18.0,nan,-18.0,-18.0,-18.0,-18.0,-18.0,-18.0,-18.0
40.4625,-86.921,0,520110,472,sub6,792,1,-123.0,nan,-123.0,-123.0,-123.0,-123.0,-123.0,-123.0,-123.0,-18.0,nan,-18.0,-18.0,-18.0,-18.0,-18.0,-18.0,-18.0
40.4625,-86.921,0,520110,698,sub6,792,1,-123.0,nan,-123.0,-123.0,-123.0,-123.0,-123.0,-123.0,-123.0,-19.0,nan,-19.0,-19.0,-19.0,-19.0,-19.0,-19.0,-19.0
40.4625,-86.9205,0,1001,50,lte,523,80,-92.0,1.7429786813223804,-95.0,-94.0,-93.0,-92.0,-91.0,-90.0,-87.0,-9.0,0.43410755244363936,-10.0,-9.0,-9.0,-9.0,-9.0,-8.0,-8.0
40.4625,-86.9205,0,1001,240,lte,523,41,-103.0,2.990635791771441,-108.0,-107.0,-106.0,-103.0,-101.0,-99.0,-99.0,-20.0,1.022312061564135,-23.0,-21.0,-20.0,-20.0,-19.0,-19.0,-18.0
40.4625,-86.9205,0,1001,393,lte,523,24,-104.0,2.5191297093944214,-109.0,-107.0,-106.0,-104.0,-101.75,-101.0,-100.0,-20.0,0.9286112429750728,-22.0,-21.0,-20.0,-20.0,-19.0,-19.0,-19.0
40.4625,-86.9205,0,1001,414,lte,523,43,-104.0,2.658070308139381,-108.0,-107.0,-106.0,-104.0,-101.0,-100.0,-97.0,-20.0,0.9382956203118215,-22.0,-21.0,-21.0,-20.0,-19.0,-19.0,-17.0
40.4625,-86.9205,0,66736,47,lte,523,57,-97.0,1.3209797381760557,-100.0,-99.0,-98.0,-97.0,-96.0,-96.0,-94.0,-14.0,0.8649394780861142,-15.0,-14.0,-14.0,-14.0,-13.0,-12.600000000000001,-10.0
40.4625,-86.9205,0,66736,393,lte,523,57,-104.0,2.7694402861854353,-112.0,-107.0,-106.0,-104.0,-102.0,-101.0,-99.0,-20.0,0.8663870765518378,-21.0,-20.0,-20.0,-20.0,-19.0,-18.0,-17.0
40.4625,-86.9205,0,66736,408,lte,523,29,-104.0,3.4157704379435487,-114.0,-109.4,-107.0,-104.0,-102.0,-101.8,-101.0,-20.0,0.7971624553976224,-21.0,-21.0,-20.0,-20.0,-19.0,-19.0,-18.0
40.4625,-86.9205,0,125290,121,sub6,523,66,-118.0,3.9932343715240086,-126.0,-123.0,-121.0,-118.0,-115.0,-113.0,-112.0,-21.0,3.7085235408645927,-29.0,-27.0,-24.75,-21.0,-18.0,-17.0,-16.0
40.4625,-86.9205,0,125290,372,sub6,523,68,-103.0,1.8727635183828684,-107.0,-105.0,-104.0,-103.0,-102.0,-100.0,-99.0,-11.0,0.39642830306780885,-13.0,-12.0,-11.0,-11.0,-11.0,-11.0,-11.0
40.4625,-86.9205,0,125290,403,sub6,523,56,-117.5,7.03347746102916,-134.0,-128.5,-125.0,-117.5,-112.75,-110.5,-108.0,-22.0,5.307554038361728,-35.0,-30.5,-27.25,-22.0,-18.0,-18.0,-16.0
40.4625,-86.9205,0,520110,147,sub6,523,1,-124.0,nan,-124.0,-124.0,-124.0,-124.0,-124.0,-124.0,-124.0,-17.0,nan,-17.0,-17.0,-17.0,-17.0,-17.0,-17.0,-17.0
40.4625,-86.9205,0,520110,472,sub6,523,1,-125.0,nan,-125.0,-125.0,-125.0,-125.0,-125.0,-125.0,-125.0,-18.0,nan,-18.0,-18.0,-18.0,-18.0,-18.0,-18.0,-18.0
40.4625,-86.9195,0,1001,50,lte,116,50,-87.0,2.1560545977714534,-90.0,-90.0,-87.75,-87.0,-85.0,-83.9,-83.0,-9.0,0.5996597674804387,-10.0,-9.0,-9.0,-9.0,-8.0,-8.0,-8.0
40.4625,-86.9195,0,66736,47,lte,116,10,-94.0,3.7727090178455764,-96.0,-96.0,-95.0,-94.0,-89.5,-86.9,-86.0,-14.0,0.6749485577105528,-15.0,-14.1,-14.0,-14.0,-13.0,-13.0,-13.0
40.4625,-86.9195,0,66736,393,lte,116,10,-100.5,4.005551702879947,-105.0,-103.2,-102.0,-100.5,-96.5,-93.9,-93.0,-19.0,0.8232726023485647,-20.0,-19.1,-19.0,-19.0,-18.25,-17.9,-17.0
40.4625,-86.9195,0,125290,121,sub6,116,14,-108.0,8.128433340529316,-124.0,-120.7,-118.5,-108.0,-104.0,-102.6,-101.0,-16.0,4.370857536501917,-27.0,-24.7,-21.75,-16.0,-15.0,-15.0,-15.0
40.4625,-86.9195,0,125290,372,sub6,116,16,-102.5,2.886751345948129,-107.0,-107.0,-104.5,-102.5,-100.75,-99.0,-99.0,-12.0,0.8563488385776752,-14.0,-13.0,-13.0,-12.0,-12.0,-11.0,-11.0
40.4625,-86.9195,0,125290,403,sub6,116,16,-109.5,3.3360405672993045,-119.0,-116.0,-112.0,-109.5,-109.0,-108.0,-108.0,-18.0,1.6620770138594663,-23.0,-19.5,-19.0,-18.0,-17.75,-16.5,-16.0
40.4625,-86.917,0,1001,50,lte,35,4,-97.5,0.9574271077563381,-99.0,-98.7,-98.25,-97.5,-97.0,-97.0,-97.0,-11.0,0.0,-11.0,-11.0,-11.0,-11.0,-11.0,-11.0,-11.0
40.4625,-86.917,0,1001,393,lte,35,4,-103.5,1.2909944487358056,-105.0,-104.7,-104.25,-103.5,-102.75,-102.3,-102.0,-18.5,0.5773502691896257,-19.0,-19.0,-19.0,-18.5,-18.0,-18.0,-18.0
40.4625,-86.917,0,1001,448,lte,35,4,-102.0,0.816496580927726,-103.0,-102.7,-102.25,-102.0,-101.75,-101.3,-101.0,-17.0,0.5,-18.0,-17.7,-17.25,-17.0,-17.0,-17.0,-17.0
40.4625,-86.917,0,66736,47,lte,35,4,-105.0,0.0,-105.0,-105.0,-105.0,-105.0,-105.0,-105.0,-105.0,-16.0,0.0,-16.0,-16.0,-16.0,-16.0,-16.0,-16.0,-16.0
40.4625,-86.917,0,66736,304,lte,35,4,-108.0,1.2583057392117916,-110.0,-109.4,-108.5,-108.0,-107.75,-107.3,-107.0,-17.0,0.816496580927726,-18.0,-17.7,-17.25,-17.0,-16.75,-16.3,-16.0
40.4625,-86.917,0,66736,393,lte,35,3,-110.0,0.5773502691896257,-111.0,-110.8,-110.5,-110.0,-110.0,-110.0,-110.0,-19.0,1.0,-20.0,-19.8,-19.5,-19.0,-18.5,-18.2,-18.0
40.4625,-86.917,0,66736,408,lte,35,4,-109.0,0.5,-110.0,-109.7,-109.25,-109.0,-109.0,-109.0,-109.0,-18.5,0.5773502691896257,-19.0,-19.0,-19.0,-18.5,-18.0,-18.0,-18.0
40.4625,-86.917,0,125290,372,sub6,35,4,-106.0,0.0,-106.0,-106.0,-106.0,-106.0,-106.0,-106.0,-106.0,-10.0,0.0,-10.0,-10.0,-10.0,-10.0,-10.0,-10.0,-10.0
40.4625,-86.917,0,125290,403,sub6,35,4,-118.5,0.5773502691896257,-119.0,-119.0,-119.0,-118.5,-118.0,-118.0,-118.0,-16.0,0.5,-17.0,-16.7,-16.25,-16.0,-16.0,-16.0,-16.0
40.4625,-86.9165,0,1001,50,lte,8544,943,-94.0,5.809727165166428,-102.0,-97.0,-96.0,-94.0,-91.0,-80.0,-76.0,-9.0,0.8837439634729869,-12.0,-11.0,-10.0,-9.0,-9.0,-8.0,-7.0
40.4625,-86.9165,0,1001,112,lte,8544,43,-107.0,2.3858200518992,-113.0,-111.0,-109.5,-107.0,-106.0,-105.0,-103.0,-20.0,1.0005535566435566,-23.0,-21.8,-21.0,-20.0,-20.0,-19.0,-19.0
40.4625,-86.9165,0,1001,223,lte,8544,11,-107.0,1.7939291563999449,-108.0,-108.0,-107.5,-107.0,-105.5,-105.0,-102.0,-20.0,1.2135597524338357,-22.0,-22.0,-21.5,-20.0,-19.5,-19.0,-19.0
40.4625,-86.9165,0,1001,240,lte,8544,70,-106.0,4.308232765904992,-116.0,-113.0,-109.0,-106.0,-103.0,-101.0,-97.0,-20.0,1.2886669569287161,-24.0,-22.0,-21.0,-20.0,-19.0,-19.0,-18.0
40.4625,-86.9165,0,1001,284,lte,8544,8,-111.5,2.774243783705493,-117.0,-114.2,-113.0,-111.5,-109.0,-109.0,-109.0,-20.5,1.5059406173077154,-23.0,-22.3,-21.25,-20.5,-20.0,-19.4,-18.0
40.4625,-86.9165,0,1001,294,lte,8544,8,-102.5,1.927248223318863,-105.0,-105.0,-103.5,-102.5,-101.5,-100.0,-100.0,-20.0,1.0350983390135313,-21.0,-21.0,-20.25,-20.0,-19.0,-18.7,-18.0
40.4625,-86.9165,0,1001,393,lte,8544,549,-105.0,3.3385972158343824,-115.0,-109.0,-107.0,-105.0,-103.0,-101.0,-97.0,-19.0,1.393973249945194,-24.0,-21.0,-20.0,-19.0,-18.0,-18.0,-15.0
40.4625,-86.9165,0,1001,408,lte,8544,192,-106.0,3.4881374638682434,-115.0,-109.9,-108.0,-106.0,-103.0,-100.0,-97.0,-20.0,1.0559707245135475,-23.0,-21.0,-21.0,-20.0,-19.0,-19.0,-17.0
40.4625,-86.9165,0,1001,414,lte,8544,166,-103.0,3.202591137867748,-112.0,-107.0,-106.0,-103.0,-101.0,-99.0,-96.0,-20.0,0.942311947939172,-24.0,-21.0,-20.0,-20.0,-19.0,-19.0,-18.0
40.4625,-86.9165,0,1001,448,lte,8544,707,-104.0,3.34059962936244,-116.0,-109.0,-107.0,-104.0,-102.0,-100.0,-96.0,-19.0,1.8265895304365953,-24.0,-21.0,-20.0,-19.0,-17.0,-16.0,-13.0
40.4625,-86.9165,0,66736,47,lte,8544,983,-101.0,3.4960928398033255,-111.0,-106.0,-104.0,-101.0,-100.0,-99.0,-85.0,-15.0,1.529222232021064,-20.0,-17.0,-16.0,-15.0,-15.0,-14.0,-10.0
40.4625,-86.9165,0,66736,245,lte,8544,4,-111.5,0.5773502691896257,-112.0,-112.0,-112.0,-111.5,-111.0,-111.0,-111.0,-20.5,0.5773502691896257,-21.0,-21.0,-21.0,-20.5,-20.0,-20.0,-20.0
40.4625,-86.9165,0,66736,304,lte,8544,825,-106.0,3.5644703198891983,-116.0,-111.0,-108.0,-106.0,-104.0,-101.0,-95.0,-18.0,1.587357191617728,-22.0,-20.0,-19.0,-18.0,-17.0,-16.0,-11.0
40.4625,-86.9165,0,66736,349,lte,8544,6,-108.0,0.9831920802501751,-110.0,-109.0,-108.0,-108.0,-108.0,-107.5,-107.0,-20.0,0.752772652709081,-21.0,-21.0,-20.75,-20.0,-20.0,-19.5,-19.0
40.4625,-86.9165,0,66736,374,lte,8544,5,-110.0,0.8944271909999159,-112.0,-111.6,-111.0,-110.0,-110.0,-110.0,-110.0,-20.0,0.5477225575051661,-20.0,-20.0,-20.0,-20.0,-19.0,-19.0,-19.0
40.4625,-86.9165,0,66736,393,lte,8544,981,-105.0,3.8507311508191826,-118.0,-110.0,-108.0,-105.0,-102.0,-101.0,-90.0,-17.0,1.761428270850216,-22.0,-20.0,-19.0,-17.0,-16.0,-15.0,-11.0
40.4625,-86.9165,0,66736,408,lte,8544,553,-108.0,2.968129450767323,-119.0,-112.0,-110.0,-108.0,-106.0,-105.0,-101.0,-20.0,1.3793879682745067,-25.0,-22.0,-21.0,-20.0,-19.0,-18.0,-15.0
40.4625,-86.9165,0,125290,121,sub6,8544,20,-107.0,2.0235456115702615,-115.0,-108.1,-107.0,-107.0,-106.0,-106.0,-106.0,-16.0,2.0672890969882065,-23.0,-18.1,-16.25,-16.0,-15.0,-14.0,-14.0
40.4625,-86.9165,0,125290,250,sub6,8544,3,-118.0,4.163331998932265,-124.0,-122.8,-121.0,-118.0,-117.0,-116.4,-116.0,-23.0,3.2145502536643185,-28.0,-27.0,-25.5,-23.0,-22.5,-22.2,-22.0
40.4625,-86.9165,0,125290,359,sub6,8544,11,-119.0,4.915652180905028,-126.0,-126.0,-123.0,-119.0,-114.5,-114.0,-113.0,-23.0,4.358898943540674,-29.0,-28.0,-27.0,-23.0,-19.0,-18.0,-18.0
40.4625,-86.9165,0,125290,372,sub6,8544,1010,-100.0,3.7214828092076155,-110.0,-106.0,-103.0,-100.0,-98.0,-96.0,-91.0,-11.0,0.7622332810177955,-17.0,-12.0,-11.0,-11.0,-11.0,-10.0,-10.0
40.4625,-86.9165,0,125290,403,sub6,8544,995,-110.0,6.7394581869982515,-139.0,-119.0,-115.0,-110.0,-106.0,-103.0,-95.0,-17.0,4.437987880360093,-39.0,-25.0,-21.0,-17.0,-16.0,-15.0,-11.0
40.4625,-86.9165,0,125290,479,sub6,8544,49,-118.0,7.528856053172205,-136.0,-131.4,-126.0,-118.0,-114.0,-111.0,-110.0,-22.0,5.813060008865095,-36.0,-31.4,-29.0,-22.0,-20.0,-17.799999999999997,-15.0
40.4625,-86.9165,0,125290,798,sub6,8544,5,-134.0,3.507135583350036,-136.0,-135.2,-134.0,-134.0,-131.0,-128.6,-127.0,-32.0,4.636809247747852,-35.0,-33.8,-32.0,-32.0,-28.0,-25.0,-23.0
40.4625,-86.9165,0,520110,10,sub6,8544,112,-110.0,4.533932908529591,-120.0,-116.0,-114.0,-110.0,-106.75,-105.0,-100.0,-12.0,1.3900906426747848,-16.0,-14.0,-13.0,-12.0,-11.0,-11.0,-11.0
40.4625,-86.9165,0,520110,98,sub6,8544,4,-120.0,4.5,-129.0,-126.3,-122.25,-120.0,-120.0,-120.0,-120.0,-16.0,3.5,-23.0,-20.9,-17.75,-16.0,-16.0,-16.0,-16.0
40.4625,-86.9165,0,520110,147,sub6,8544,88,-116.0,4.2234943957794915,-122.0,-120.3,-119.0,-116.0,-113.0,-109.7,-106.0,-15.0,1.6351912960606914,-19.0,-17.0,-16.0,-15.0,-13.0,-13.0,-12.0
40.4625,-86.9165,0,520110,472,sub6,8544,52,-116.0,3.820787391309907,-137.0,-120.0,-119.0,-116.0,-115.0,-114.0,-113.0,-17.0,3.2267266239770533,-37.0,-19.9,-19.0,-17.0,-16.0,-15.0,-14.0
40.4625,-86.9165,0,520110,515,sub6,8544,108,-108.0,4.168898675281385,-117.0,-113.0,-111.0,-108.0,-105.0,-104.0,-98.0,-11.0,1.3204113274562408,-15.0,-13.0,-12.0,-11.0,-10.0,-10.0,-10.0
40.4625,-86.9165,0,520110,685,sub6,8544,5,-122.0,0.4472135954999579,-122.0,-122.0,-122.0,-122.0,-122.0,-121.4,-121.0,-18.0,0.4472135954999579,-18.0,-18.0,-18.0,-18.0,-18.0,-17.4,-17.0
40.4625,-86.9165,0,520110,704,sub6,8544,6,-121.5,2.136976056643281,-126.0,-124.5,-122.75,-121.5,-121.0,-120.5,-120.0,-17.0,2.041241452319315,-22.0,-19.5,-17.0,-17.0,-17.0,-17.0,-17.0
40.4625,-86.9165,0,520110,838,sub6,8544,22,-119.0,4.02077936060494,-125.0,-122.9,-120.75,-119.0,-117.25,-111.39999999999999,-110.0,-18.5,2.0407111908602262,-23.0,-21.0,-19.0,-18.5,-17.25,-16.0,-14.0
40.4625,-86.916,0,1001,50,lte,3845,385,-93.0,2.8675746384984167,-106.0,-97.0,-95.0,-93.0,-92.0,-91.0,-88.0,-10.0,0.6811667161848813,-13.0,-11.0,-10.0,-10.0,-10.0,-9.0,-8.0
40.4625,-86.916,0,1001,112,lte,3845,8,-104.5,2.2320714274285347,-109.0,-107.6,-105.5,-104.5,-103.75,-102.7,-102.0,-20.5,0.9910312089651149,-22.0,-22.0,-22.0,-20.5,-20.0,-20.0,-20.0
40.4625,-86.916,0,1001,240,lte,3845,10,-108.0,2.590581230363393,-111.0,-110.1,-108.75,-108.0,-106.25,-104.7,-102.0,-21.0,1.2516655570345725,-23.0,-23.0,-22.0,-21.0,-21.0,-19.9,-19.0
40.4625,-86.916,0,1001,306,lte,3845,8,-104.5,1.5118578920369088,-106.0,-105.3,-105.0,-104.5,-102.75,-102.0,-102.0,-21.0,0.7559289460184544,-21.0,-21.0,-21.0,-21.0,-20.0,-19.7,-19.0
40.4625,-86.916,0,1001,393,lte,3845,144,-104.0,2.7411562252884187,-114.0,-108.0,-106.0,-104.0,-102.75,-101.0,-99.0,-19.0,1.5733799526892653,-23.0,-21.0,-20.0,-19.0,-18.0,-17.0,-15.0
40.4625,-86.916,0,1001,408,lte,3845,22,-105.0,6.560573567998879,-126.0,-108.0,-107.0,-105.0,-104.25,-101.3,-100.0,-21.0,2.7417724225974736,-30.0,-22.0,-21.75,-21.0,-21.0,-20.0,-20.0
40.4625,-86.916,0,1001,414,lte,3845,8,-101.5,1.1952286093343936,-104.0,-103.3,-103.0,-101.5,-101.0,-101.0,-101.0,-21.0,0.5175491695067657,-21.0,-21.0,-21.0,-21.0,-20.0,-20.0,-20.0
40.4625,-86.916,0,1001,448,lte,3845,241,-103.0,2.818157633655858,-111.0,-107.0,-105.0,-103.0,-101.0,-100.0,-96.0,-19.0,2.1659856361327985,-24.0,-21.0,-20.0,-19.0,-17.0,-15.0,-13.0
40.4625,-86.916,0,66736,47,lte,3845,489,-104.0,4.109289478172745,-112.0,-110.0,-108.0,-104.0,-100.0,-98.0,-96.0,-14.0,1.6395443070811355,-20.0,-16.0,-15.0,-14.0,-13.0,-12.0,-10.0
40.4625,-86.916,0,66736,210,lte,3845,15,-106.0,1.6987390281365427,-109.0,-107.0,-107.0,-106.0,-104.5,-103.4,-103.0,-20.0,1.0327955589886444,-22.0,-21.0,-21.0,-20.0,-19.5,-19.0,-18.0
40.4625,-86.916,0,66736,304,lte,3845,449,-108.0,3.4185720677646656,-117.0,-112.0,-110.0,-108.0,-106.0,-103.0,-99.0,-18.0,1.7200837064996495,-22.0,-19.0,-19.0,-18.0,-17.0,-15.0,-11.0
40.4625,-86.916,0,66736,318,lte,3845,23,-110.0,3.363369287548853,-115.0,-113.8,-111.5,-110.0,-107.5,-105.0,-102.0,-21.0,1.2011193725169755,-22.0,-22.0,-21.0,-21.0,-19.5,-19.0,-18.0
40.4625,-86.916,0,66736,363,lte,3845,9,-114.0,1.0,-115.0,-115.0,-114.0,-114.0,-113.0,-112.8,-112.0,-20.0,0.33333333333333337,-21.0,-20.2,-20.0,-20.0,-20.0,-20.0,-20.0
40.4625,-86.916,0,66736,374,lte,3845,14,-114.5,2.9724005172864643,-117.0,-116.7,-115.75,-114.5,-112.5,-109.6,-107.0,-21.0,0.8287419301647451,-22.0,-22.0,-21.0,-21.0,-21.0,-20.0,-19.0
40.4625,-86.916,0,66736,393,lte,3845,455,-107.0,3.4351198537663934,-117.0,-113.0,-109.5,-107.0,-106.0,-104.0,-98.0,-18.0,1.9542449789050622,-23.0,-21.0,-20.0,-18.0,-17.0,-16.0,-14.0
40.4625,-86.916,0,66736,408,lte,3845,144,-111.0,3.90942518583043,-120.0,-115.0,-114.0,-111.0,-108.0,-105.0,-100.0,-20.0,1.4349228190057814,-24.0,-21.0,-21.0,-20.0,-19.0,-18.0,-15.0
40.4625,-86.916,0,125290,121,sub6,3845,34,-112.5,6.407229094564334,-136.0,-120.0,-117.0,-112.5,-111.0,-110.0,-109.0,-19.5,4.868044880911315,-37.0,-25.7,-22.75,-19.5,-18.0,-17.3,-17.0
40.4625,-86.916,0,125290,250,sub6,3845,3,-117.0,2.0,-119.0,-118.6,-118.0,-117.0,-116.0,-115.4,-115.0,-20.0,2.3094010767585034,-24.0,-23.2,-22.0,-20.0,-20.0,-20.0,-20.0
40.4625,-86.916,0,125290,359,sub6,3845,18,-124.5,6.5551955146505065,-136.0,-133.3,-130.0,-124.5,-122.0,-116.5,-113.0,-28.5,5.60461994303649,-37.0,-35.0,-33.0,-28.5,-25.25,-20.799999999999997,-17.0
40.4625,-86.916,0,125290,372,sub6,3845,405,-102.0,3.3583185355016822,-107.0,-104.0,-103.0,-102.0,-99.0,-95.0,-90.0,-12.0,0.6395017469387888,-13.0,-12.0,-12.0,-12.0,-11.0,-11.0,-10.0
40.4625,-86.916,0,125290,403,sub6,3845,402,-108.0,5.067240578981022,-130.0,-114.0,-111.0,-108.0,-105.0,-102.0,-95.0,-17.0,2.890254108946599,-32.0,-21.0,-18.0,-17.0,-15.0,-14.0,-11.0
40.4625,-86.916,0,125290,479,sub6,3845,30,-118.5,7.287605601450921,-133.0,-129.0,-122.75,-118.5,-111.25,-108.9,-108.0,-24.0,5.495661820979773,-35.0,-32.0,-27.0,-24.0,-19.0,-17.0,-15.0
40.4625,-86.916,0,520110,10,sub6,3845,144,-111.0,3.900769951689818,-119.0,-115.0,-113.0,-111.0,-108.0,-105.0,-102.0,-13.0,1.324744985299448,-17.0,-14.0,-14.0,-13.0,-12.0,-11.0,-11.0
40.4625,-86.916,0,520110,147,sub6,3845,120,-115.0,4.888325714528086,-137.0,-121.0,-119.0,-115.0,-112.0,-110.0,-106.0,-15.0,3.272744160752059,-36.0,-17.0,-16.0,-15.0,-13.0,-13.0,-11.0
40.4625,-86.916,0,520110,472,sub6,3845,73,-118.0,5.697271637335634,-137.0,-126.0,-122.0,-118.0,-114.0,-112.0,-110.0,-16.0,5.199117417197674,-36.0,-26.0,-21.0,-16.0,-15.0,-13.0,-12.0
40.4625,-86.916,0,520110,515,sub6,3845,129,-110.0,3.9389570639876266,-122.0,-114.0,-112.0,-110.0,-107.0,-106.0,-101.0,-12.0,1.6467121917231637,-18.0,-14.0,-13.0,-12.0,-11.0,-11.0,-10.0
40.4625,-86.916,0,520110,685,sub6,3845,36,-118.0,2.565182007218733,-122.0,-121.0,-120.25,-118.0,-115.0,-115.0,-114.0,-15.0,2.461126339126632,-21.0,-20.0,-17.0,-15.0,-14.0,-13.0,-13.0
40.4625,-86.916,0,520110,838,sub6,3845,27,-117.0,4.240961563814859,-129.0,-125.0,-119.5,-117.0,-116.0,-114.0,-113.0,-16.0,4.763943397560125,-30.0,-26.8,-18.0,-16.0,-15.0,-14.0,-14.0
40.4625,-86.9155,0,1001,50,lte,5107,707,-96.0,2.7070002939813698,-102.0,-99.0,-98.0,-96.0,-94.0,-91.60000000000002,-89.0,-10.0,0.8754331004837738,-13.0,-10.0,-10.0,-10.0,-10.0,-8.0,-7.0
40.4625,-86.9155,0,1001,112,lte,5107,8,-107.5,3.399054490379851,-113.0,-112.3,-109.75,-107.5,-105.75,-104.4,-103.0,-21.0,1.7728105208558367,-25.0,-22.2,-21.0,-21.0,-20.0,-19.7,-19.0
40.4625,-86.9155,0,1001,211,lte,5107,8,-108.0,1.5526475085202969,-111.0,-109.6,-109.0,-108.0,-107.0,-106.7,-106.0,-20.0,0.7071067811865476,-21.0,-21.0,-21.0,-20.0,-20.0,-19.7,-19.0
40.4625,-86.9155,0,1001,240,lte,5107,17,-110.0,3.6762352865877537,-116.0,-113.6,-111.0,-110.0,-107.0,-106.0,-101.0,-21.0,1.667156790678634,-25.0,-24.4,-22.0,-21.0,-21.0,-20.0,-20.0
40.4625,-86.9155,0,1001,294,lte,5107,9,-109.0,2.1278575558006176,-110.0,-109.2,-109.0,-109.0,-106.0,-104.8,-104.0,-21.0,1.3333333333333333,-23.0,-21.4,-21.0,-21.0,-20.0,-19.6,-18.0
40.4625,-86.9155,0,1001,393,lte,5107,173,-108.0,2.286214730228562,-115.0,-110.0,-109.0,-108.0,-106.0,-105.0,-102.0,-20.0,1.6120805198980492,-25.0,-22.0,-21.0,-20.0,-19.0,-18.0,-15.0
40.4625,-86.9155,0,1001,408,lte,5107,8,-106.5,1.5979898086569353,-108.0,-108.0,-107.25,-106.5,-106.0,-105.1,-103.0,-21.0,1.0690449676496976,-22.0,-22.0,-22.0,-21.0,-20.75,-19.7,-19.0
40.4625,-86.9155,0,1001,414,lte,5107,35,-107.0,2.148675574089554,-114.0,-109.6,-108.0,-107.0,-106.0,-105.0,-103.0,-21.0,0.9873144969898834,-23.0,-22.0,-21.0,-21.0,-20.0,-20.0,-19.0
40.4625,-86.9155,0,1001,448,lte,5107,292,-106.0,2.6109314879843115,-112.0,-110.0,-108.0,-106.0,-104.0,-103.0,-100.0,-19.0,1.7477431799971272,-26.0,-21.0,-20.0,-19.0,-18.0,-17.0,-13.0
40.4625,-86.9155,0,66736,47,lte,5107,531,-106.0,4.0824489599642435,-112.0,-110.0,-108.0,-106.0,-102.0,-99.0,-96.0,-15.0,1.3151461874514354,-20.0,-16.0,-15.0,-15.0,-14.0,-13.0,-9.0
40.4625,-86.9155,0,66736,210,lte,5107,14,-111.0,1.7368026705655182,-113.0,-112.0,-111.75,-111.0,-109.0,-108.3,-107.0,-20.0,1.0690449676496974,-21.0,-21.0,-20.0,-20.0,-19.0,-19.0,-17.0
40.4625,-86.9155,0,66736,304,lte,5107,461,-109.0,3.1784681254709053,-116.0,-112.0,-111.0,-109.0,-106.0,-104.0,-99.0,-18.0,1.9663633765898183,-22.0,-20.0,-19.0,-18.0,-16.0,-14.0,-12.0
40.4625,-86.9155,0,66736,380,lte,5107,9,-115.0,2.9344694769431685,-119.0,-118.2,-117.0,-115.0,-114.0,-113.0,-109.0,-21.0,0.97182531580755,-23.0,-22.2,-22.0,-21.0,-21.0,-20.0,-20.0
40.4625,-86.9155,0,66736,393,lte,5107,531,-108.0,2.85680844840721,-117.0,-111.0,-110.0,-108.0,-106.0,-105.0,-99.0,-18.0,1.5137597468639241,-23.0,-20.0,-19.0,-18.0,-17.0,-16.0,-12.0
40.4625,-86.9155,0,66736,408,lte,5107,242,-113.0,2.406639536272406,-119.0,-116.0,-115.0,-113.0,-111.0,-110.0,-105.0,-20.0,1.379556259850289,-24.0,-22.0,-21.0,-20.0,-19.0,-18.0,-17.0
40.4625,-86.9155,0,125290,121,sub6,5107,92,-114.0,5.412510503217881,-137.0,-122.0,-118.0,-114.0,-112.0,-110.0,-107.0,-19.0,4.633536529909806,-37.0,-26.9,-24.0,-19.0,-17.0,-16.0,-15.0
40.4625,-86.9155,0,125290,359,sub6,5107,26,-118.0,7.752022068715113,-132.0,-129.0,-126.5,-118.0,-111.5,-109.0,-109.0,-22.5,5.834776378286951,-34.0,-30.5,-27.75,-22.5,-18.0,-16.5,-15.0
40.4625,-86.9155,0,125290,372,sub6,5107,571,-103.0,2.971717649017072,-112.0,-107.0,-105.0,-103.0,-101.0,-99.0,-93.0,-12.0,1.0047688535750068,-18.0,-13.0,-12.0,-12.0,-11.0,-11.0,-10.0
40.4625,-86.9155,0,125290,403,sub6,5107,562,-108.0,4.82002449990392,-134.0,-114.0,-111.0,-108.0,-105.0,-103.0,-99.0,-16.0,3.20628719324574,-35.0,-20.0,-17.0,-16.0,-14.0,-13.0,-12.0
40.4625,-86.9155,0,125290,479,sub6,5107,91,-112.0,5.762452672765373,-136.0,-121.0,-117.5,-112.0,-109.0,-108.0,-106.0,-20.0,4.420592284031199,-35.0,-27.0,-24.0,-20.0,-17.0,-16.0,-15.0
40.4625,-86.9155,0,520110,10,sub6,5107,164,-112.0,3.888247965730143,-121.0,-118.0,-116.0,-112.0,-110.0,-108.0,-103.0,-13.0,1.6715674368622349,-18.0,-16.0,-15.0,-13.0,-12.0,-12.0,-11.0
40.4625,-86.9155,0,520110,98,sub6,5107,3,-119.0,7.505553499465135,-132.0,-129.4,-125.5,-119.0,-119.0,-119.0,-119.0,-17.0,8.660254037844387,-32.0,-29.0,-24.5,-17.0,-17.0,-17.0,-17.0
40.4625,-86.9155,0,520110,147,sub6,5107,110,-116.0,3.307887306427879,-124.0,-120.1,-118.0,-116.0,-114.0,-112.0,-105.0,-14.0,1.7118533918035124,-20.0,-17.0,-16.0,-14.0,-13.0,-13.0,-11.0
40.4625,-86.9155,0,520110,472,sub6,5107,84,-119.0,4.855735765272417,-134.0,-125.7,-121.25,-119.0,-117.0,-115.0,-111.0,-17.0,4.849484360804904,-33.0,-25.7,-21.0,-17.0,-16.0,-15.0,-14.0
40.4625,-86.9155,0,520110,515,sub6,5107,163,-106.0,4.043363002154184,-121.0,-113.0,-109.0,-106.0,-104.0,-103.0,-98.0,-11.0,1.5138771084110718,-19.0,-13.0,-11.0,-11.0,-10.0,-10.0,-10.0
40.4625,-86.9155,0,520110,685,sub6,5107,78,-118.0,4.279157488477005,-132.0,-125.0,-120.0,-118.0,-117.0,-115.0,-112.0,-16.0,4.26458048190519,-31.0,-23.0,-17.0,-16.0,-15.0,-13.700000000000003,-13.0
40.4625,-86.9155,0,520110,704,sub6,5107,21,-122.0,4.511889056386789,-134.0,-132.0,-124.0,-122.0,-122.0,-119.0,-118.0,-18.0,5.185602779858499,-32.0,-31.0,-21.0,-18.0,-17.0,-16.0,-16.0
40.4625,-86.9155,0,520110,838,sub6,5107,97,-118.0,3.1486987985057198,-133.0,-122.4,-121.0,-118.0,-117.0,-115.0,-113.0,-17.0,2.8866769441814455,-34.0,-21.0,-19.0,-17.0,-17.0,-15.0,-14.0
40.4625,-86.915,0,1001,50,lte,15524,1235,-96.0,3.2574938953321904,-108.0,-100.0,-98.0,-96.0,-93.0,-91.0,-87.0,-10.0,0.8472911827940842,-16.0,-11.0,-10.0,-10.0,-10.0,-9.0,-8.0
40.4625,-86.915,0,1001,136,lte,15524,8,-107.0,2.38671920665766,-113.0,-110.9,-110.0,-107.0,-107.0,-106.7,-106.0,-20.0,1.0606601717798212,-23.0,-21.6,-21.0,-20.0,-20.0,-20.0,-20.0
40.4625,-86.915,0,1001,164,lte,15524,8,-106.5,1.4577379737113252,-108.0,-107.3,-107.0,-106.5,-105.5,-104.0,-104.0,-20.0,1.0350983390135313,-22.0,-21.3,-21.0,-20.0,-19.75,-19.0,-19.0
40.4625,-86.915,0,1001,240,lte,15524,29,-106.0,1.8423052597088088,-110.0,-109.0,-108.0,-106.0,-105.0,-104.8,-103.0,-21.0,0.7327658649308675,-22.0,-21.2,-21.0,-21.0,-20.0,-20.0,-19.0
40.4625,-86.915,0,1001,294,lte,15524,11,-108.0,1.7939291563999449,-111.0,-110.0,-109.5,-108.0,-107.5,-106.0,-105.0,-20.0,1.1677484162422844,-21.0,-21.0,-21.0,-20.0,-19.0,-18.0,-18.0
40.4625,-86.915,0,1001,393,lte,15524,442,-108.0,3.0240050530005633,-117.0,-111.0,-109.0,-108.0,-106.0,-104.0,-98.0,-20.0,1.323797355078712,-23.0,-21.0,-21.0,-20.0,-19.0,-18.0,-15.0
40.4625,-86.915,0,1001,397,lte,15524,21,-110.0,4.154171741411621,-118.0,-115.0,-111.0,-110.0,-108.0,-104.0,-102.0,-20.0,1.395571226279421,-22.0,-21.0,-21.0,-20.0,-19.0,-18.0,-17.0
40.4625,-86.915,0,1001,408,lte,15524,94,-107.0,3.6147876209711978,-115.0,-110.0,-108.75,-107.0,-103.0,-102.0,-98.0,-20.0,0.9035505348221265,-22.0,-21.0,-20.0,-20.0,-19.0,-19.0,-18.0
40.4625,-86.915,0,1001,414,lte,15524,81,-108.0,2.004855217826076,-112.0,-110.0,-109.0,-108.0,-107.0,-105.0,-101.0,-21.0,0.8579691784155832,-23.0,-22.0,-21.0,-21.0,-20.0,-20.0,-19.0
40.4625,-86.915,0,1001,448,lte,15524,719,-106.0,3.5816288378675063,-115.0,-110.0,-108.0,-106.0,-103.0,-101.0,-95.0,-19.0,1.8749538808811723,-24.0,-21.0,-20.0,-19.0,-17.0,-16.0,-12.0
40.4625,-86.915,0,66736,47,lte,15524,2099,-109.0,4.530669205569619,-120.0,-115.0,-112.0,-109.0,-106.0,-102.0,-94.0,-15.0,1.4124691673233303,-22.0,-17.0,-16.0,-15.0,-14.0,-13.0,-10.0
40.4625,-86.915,0,66736,210,lte,15524,2,-110.5,0.7071067811865476,-111.0,-110.9,-110.75,-110.5,-110.25,-110.1,-110.0,-19.5,0.7071067811865476,-20.0,-19.9,-19.75,-19.5,-19.25,-19.1,-19.0
40.4625,-86.915,0,66736,304,lte,15524,1834,-112.0,4.874591663278086,-124.0,-119.0,-116.0,-112.0,-109.0,-106.0,-97.0,-18.0,1.9105365303820803,-23.0,-20.0,-19.0,-18.0,-17.0,-15.0,-11.0
40.4625,-86.915,0,66736,313,lte,15524,10,-116.5,2.1628170930011112,-120.0,-120.0,-117.75,-116.5,-115.25,-114.0,-114.0,-21.0,0.6324555320336758,-22.0,-21.1,-21.0,-21.0,-20.25,-20.0,-20.0
40.4625,-86.915,0,66736,334,lte,15524,41,-118.0,2.4196855268361808,-124.0,-122.0,-120.0,-118.0,-117.0,-115.0,-114.0,-20.0,1.022312061564135,-23.0,-21.0,-21.0,-20.0,-20.0,-19.0,-18.0
40.4625,-86.915,0,66736,371,lte,15524,13,-113.0,1.1547005383792515,-115.0,-114.8,-113.0,-113.0,-112.0,-112.0,-111.0,-21.0,1.1982893790305562,-22.0,-22.0,-21.0,-21.0,-19.0,-19.0,-19.0
40.4625,-86.915,0,66736,374,lte,15524,20,-115.0,3.510885328442626,-118.0,-118.0,-117.0,-115.0,-114.75,-108.8,-106.0,-21.0,0.7880689256524122,-22.0,-22.0,-21.0,-21.0,-20.75,-20.0,-19.0
40.4625,-86.915,0,66736,380,lte,15524,4,-116.5,1.2909944487358056,-118.0,-117.7,-117.25,-116.5,-115.75,-115.3,-115.0,-21.5,0.5773502691896257,-22.0,-22.0,-22.0,-21.5,-21.0,-21.0,-21.0
40.4625,-86.915,0,66736,393,lte,15524,2084,-111.0,3.859553857135175,-121.0,-116.0,-114.0,-111.0,-108.0,-106.0,-98.0,-17.0,1.451323298770375,-21.0,-19.0,-18.0,-17.0,-16.0,-16.0,-13.0
40.4625,-86.915,0,66736,408,lte,15524,584,-114.0,3.1519698419012214,-122.0,-117.0,-116.0,-114.0,-112.0,-109.0,-102.0,-21.0,1.6306557090040028,-25.0,-22.0,-21.0,-21.0,-19.0,-18.0,-15.0
40.4625,-86.915,0,67011,182,lte,15524,10,-119.0,3.497618237219913,-126.0,-122.4,-121.5,-119.0,-118.0,-114.9,-114.0,-19.0,1.0540925533894598,-21.0,-20.1,-19.75,-19.0,-18.0,-18.0,-18.0
40.4625,-86.915,0,67011,371,lte,15524,11,-120.0,3.5878583127998898,-125.0,-125.0,-123.0,-120.0,-118.5,-116.0,-114.0,-20.0,0.674199862463242,-21.0,-20.0,-20.0,-20.0,-19.0,-19.0,-19.0
40.4625,-86.915,0,67011,412,lte,15524,27,-113.0,3.1500915737605037,-118.0,-115.0,-114.0,-113.0,-108.5,-108.0,-106.0,-14.0,1.3397282541141675,-16.0,-15.0,-15.0,-14.0,-13.0,-12.0,-11.0
40.4625,-86.915,0,67011,459,lte,15524,27,-117.0,3.3088846986134084,-125.0,-120.0,-119.0,-117.0,-115.0,-112.0,-110.0,-17.0,1.359780441469449,-20.0,-19.0,-18.0,-17.0,-16.5,-15.599999999999998,-15.0
40.4625,-86.915,0,125290,53,sub6,15524,12,-115.5,7.786448990315668,-129.0,-127.9,-127.0,-115.5,-112.0,-112.0,-111.0,-20.0,5.149286505444372,-31.0,-29.9,-28.25,-20.0,-19.0,-18.1,-18.0
40.4625,-86.915,0,125290,121,sub6,15524,788,-114.0,5.637862278380763,-136.0,-123.0,-119.0,-114.0,-111.0,-108.0,-102.0,-18.0,4.135950655298478,-37.0,-26.0,-21.0,-18.0,-17.0,-16.0,-13.0
40.4625,-86.915,0,125290,359,sub6,15524,188,-124.0,6.848196725003166,-137.0,-132.0,-128.0,-124.0,-119.0,-114.0,-107.0,-24.0,5.458380578022368,-37.0,-32.0,-28.0,-24.0,-20.0,-17.69999999999999,-14.0
40.4625,-86.915,0,125290,372,sub6,15524,2461,-105.0,3.7451216687595954,-115.0,-110.0,-107.0,-105.0,-102.0,-100.0,-93.0,-12.0,0.9515793511949777,-17.0,-13.0,-12.0,-12.0,-11.0,-11.0,-10.0
40.4625,-86.915,0,125290,403,sub6,15524,2450,-109.0,4.959811051739035,-133.0,-115.0,-112.0,-109.0,-106.0,-103.0,-91.0,-15.0,2.6555050579278645,-34.0,-18.0,-17.0,-15.0,-14.0,-13.0,-11.0
40.4625,-86.915,0,125290,479,sub6,15524,11,-119.0,7.46263419248921,-134.0,-131.0,-123.0,-119.0,-114.0,-113.0,-112.0,-25.0,5.557959076037632,-36.0,-34.0,-29.0,-25.0,-21.5,-20.0,-20.0
40.4625,-86.915,0,520110,10,sub6,15524,61,-108.0,5.283958608773823,-120.0,-113.0,-110.0,-108.0,-104.0,-99.0,-98.0,-11.5,1.2723500984948068,-16.0,-13.0,-12.0,-11.5,-11.0,-11.0,-10.0
40.4625,-86.915,0,520110,147,sub6,15524,48,-114.0,3.7510636789321845,-119.0,-117.0,-116.0,-114.0,-111.0,-108.0,-104.0,-15.0,1.0856050803028139,-17.0,-16.4,-16.0,-15.0,-15.0,-14.0,-13.0
40.4625,-86.915,0,520110,472,sub6,15524,29,-117.0,7.110839571307105,-137.0,-132.0,-120.0,-117.0,-115.0,-114.0,-112.0,-16.0,6.842528556340482,-36.0,-31.2,-18.0,-16.0,-15.0,-14.0,-13.0
40.4625,-86.915,0,520110,515,sub6,15524,39,-117.0,3.939317025003417,-136.0,-120.0,-119.0,-117.0,-116.0,-113.0,-111.0,-14.0,3.80762074115871,-36.0,-16.0,-15.0,-14.0,-13.0,-12.799999999999997,-12.0
40.4625,-86.915,0,520110,685,sub6,15524,23,-117.0,2.23606797749979,-124.0,-118.8,-118.0,-117.0,-116.0,-114.0,-113.0,-15.0,1.9610838335908902,-20.0,-17.0,-16.0,-15.0,-14.0,-12.0,-12.0
40.4625,-86.9145,0,1001,50,lte,2132,111,-98.0,4.282719596434856,-103.0,-102.0,-101.0,-98.0,-94.0,-91.0,-84.0,-9.0,0.662188068824136,-12.0,-10.0,-10.0,-9.0,-9.0,-9.0,-8.0
40.4625,-86.9145,0,1001,240,lte,2132,49,-111.0,4.913192015616012,-118.0,-114.2,-113.0,-111.0,-107.0,-104.0,-96.0,-20.0,1.0400156984686455,-22.0,-21.0,-21.0,-20.0,-19.0,-19.0,-18.0
40.4625,-86.9145,0,1001,408,lte,2132,105,-108.0,4.661882686549523,-115.0,-113.0,-112.0,-108.0,-105.0,-101.39999999999999,-94.0,-19.0,1.2392393980641048,-21.0,-20.0,-19.0,-19.0,-18.0,-17.0,-15.0
40.4625,-86.9145,0,1001,414,lte,2132,35,-110.0,4.741555962042046,-117.0,-114.0,-113.0,-110.0,-106.5,-105.4,-95.0,-20.0,1.031438580923987,-21.0,-21.0,-21.0,-20.0,-19.0,-19.0,-17.0
40.4625,-86.9145,0,1001,448,lte,2132,94,-111.0,4.047094644669761,-118.0,-114.7,-112.0,-111.0,-107.0,-105.0,-96.0,-20.0,1.1373829167595835,-22.0,-21.0,-21.0,-20.0,-19.0,-18.0,-17.0
40.4625,-86.9145,0,66736,47,lte,2132,258,-109.0,3.4765395192961814,-118.0,-113.0,-110.0,-109.0,-107.0,-104.0,-98.0,-18.0,1.7692625209919783,-22.0,-20.0,-19.0,-18.0,-17.0,-16.0,-12.0
40.4625,-86.9145,0,66736,304,lte,2132,147,-110.0,2.6953367475416483,-118.0,-114.0,-112.0,-110.0,-109.0,-108.0,-103.0,-19.0,0.8322096608300037,-21.0,-20.0,-19.0,-19.0,-18.0,-18.0,-17.0
40.4625,-86.9145,0,66736,334,lte,2132,122,-112.0,3.661722309188829,-123.0,-118.0,-115.0,-112.0,-110.0,-109.0,-105.0,-20.0,0.664789843360481,-22.0,-21.0,-20.0,-20.0,-20.0,-19.0,-19.0
40.4625,-86.9145,0,66736,393,lte,2132,258,-106.0,2.981639792355179,-111.0,-110.0,-108.0,-106.0,-104.0,-102.0,-96.0,-14.0,1.0514542587651008,-17.0,-16.0,-15.0,-14.0,-13.0,-13.0,-11.0
40.4625,-86.9145,0,66736,408,lte,2132,12,-112.0,1.4770978917519928,-114.0,-113.9,-113.0,-112.0,-111.75,-110.1,-109.0,-21.0,0.5149286505444373,-21.0,-21.0,-21.0,-21.0,-20.0,-20.0,-20.0
40.4625,-86.9145,0,125290,121,sub6,2132,203,-114.0,4.534170125504287,-130.0,-119.0,-118.0,-114.0,-111.0,-109.0,-108.0,-16.0,3.191867989936413,-31.0,-20.0,-18.0,-16.0,-15.0,-14.199999999999989,-13.0
40.4625,-86.9145,0,125290,359,sub6,2132,159,-118.0,5.825030200183919,-136.0,-127.0,-123.0,-118.0,-114.0,-111.79999999999998,-108.0,-19.0,4.815545177884022,-36.0,-27.0,-23.0,-19.0,-17.0,-15.0,-13.0
40.4625,-86.9145,0,125290,372,sub6,2132,281,-110.0,3.1571732222773554,-119.0,-114.0,-112.0,-110.0,-108.0,-107.0,-102.0,-13.0,1.3223627010617138,-17.0,-15.0,-14.0,-13.0,-12.0,-11.0,-11.0
40.4625,-86.9145,0,125290,403,sub6,2132,265,-115.0,4.314060806289813,-130.0,-121.0,-117.0,-115.0,-112.0,-109.0,-106.0,-16.0,2.942477884475755,-31.0,-20.599999999999998,-18.0,-16.0,-15.0,-14.0,-13.0
40.4625,-86.9145,0,520110,10,sub6,2132,9,-119.0,2.619372274250285,-124.0,-123.2,-121.0,-119.0,-119.0,-116.8,-116.0,-16.0,1.6583123951776997,-18.0,-18.0,-16.0,-16.0,-15.0,-13.8,-13.0
40.4625,-86.9145,0,520110,472,sub6,2132,7,-120.0,2.1491969707422394,-122.0,-120.8,-120.0,-120.0,-120.0,-118.0,-115.0,-17.0,1.1126972805283735,-17.0,-17.0,-17.0,-17.0,-16.0,-15.2,-14.0
40.4625,-86.9145,0,520110,515,sub6,2132,8,-121.0,0.7559289460184544,-122.0,-122.0,-121.25,-121.0,-120.75,-120.0,-120.0,-16.0,0.6408699444616557,-17.0,-17.0,-16.25,-16.0,-16.0,-15.7,-15.0
40.4625,-86.9145,0,520110,685,sub6,2132,9,-120.0,2.82842712474619,-124.0,-124.0,-124.0,-120.0,-119.0,-117.0,-117.0,-16.0,1.6583123951777,-19.0,-18.2,-18.0,-16.0,-15.0,-14.8,-14.0
40.4625,-86.914,0,1001,50,lte,2404,129,-95.0,2.9131069085196852,-100.0,-98.0,-96.0,-95.0,-93.0,-90.0,-88.0,-9.0,0.603506388731975,-10.0,-10.0,-9.0,-9.0,-9.0,-8.0,-8.0
40.4625,-86.914,0,1001,240,lte,2404,24,-107.5,3.999773544314366,-114.0,-113.0,-110.25,-107.5,-104.0,-103.3,-100.0,-20.0,1.0826363421183323,-23.0,-21.0,-21.0,-20.0,-20.0,-19.0,-18.0
40.4625,-86.914,0,1001,408,lte,2404,129,-105.0,3.098629041686742,-112.0,-109.2,-108.0,-105.0,-103.0,-101.0,-98.0,-19.0,1.747402557418988,-21.0,-21.0,-20.0,-19.0,-18.0,-16.0,-13.0
40.4625,-86.914,0,1001,414,lte,2404,38,-107.0,3.7610907591329514,-116.0,-112.3,-111.0,-107.0,-105.0,-103.39999999999999,-101.0,-20.0,0.865409234795877,-21.0,-21.0,-21.0,-20.0,-20.0,-19.0,-18.0
40.4625,-86.914,0,1001,448,lte,2404,28,-108.0,3.8260800944163322,-115.0,-113.3,-110.25,-108.0,-105.75,-103.7,-101.0,-20.0,0.9164862737363231,-23.0,-21.0,-21.0,-20.0,-20.0,-19.7,-18.0
40.4625,-86.914,0,66736,47,lte,2404,129,-108.0,2.5883609491531088,-114.0,-112.0,-110.0,-108.0,-106.0,-105.0,-101.0,-19.0,1.8892866563249313,-25.0,-22.0,-20.0,-19.0,-18.0,-17.0,-15.0
40.4625,-86.914,0,66736,304,lte,2404,83,-110.0,3.1052172831463802,-116.0,-114.0,-111.5,-110.0,-107.0,-105.2,-102.0,-19.0,1.0298227139734732,-21.0,-20.0,-20.0,-19.0,-19.0,-18.0,-16.0
40.4625,-86.914,0,66736,393,lte,2404,129,-106.0,3.2221150187102947,-118.0,-111.0,-109.0,-106.0,-105.0,-103.0,-98.0,-16.0,1.2698043553143112,-19.0,-17.0,-16.0,-16.0,-15.0,-14.0,-12.0
40.4625,-86.914,0,125290,121,sub6,2404,306,-115.0,5.426789862893877,-137.0,-122.0,-118.0,-115.0,-112.0,-110.0,-107.0,-17.0,4.071514623538807,-37.0,-22.0,-19.0,-17.0,-16.0,-14.0,-13.0
40.4625,-86.914,0,125290,183,sub6,2404,9,-115.0,0.8660254037844387,-115.0,-115.0,-115.0,-115.0,-114.0,-113.0,-113.0,-18.0,0.5270462766947299,-19.0,-19.0,-19.0,-18.0,-18.0,-18.0,-18.0
40.4625,-86.914,0,125290,250,sub6,2404,17,-118.0,5.27898163084733,-127.0,-125.0,-124.0,-118.0,-114.0,-113.0,-113.0,-18.0,0.77174363314129,-19.0,-18.4,-18.0,-18.0,-17.0,-17.0,-16.0
40.4625,-86.914,0,125290,359,sub6,2404,158,-119.0,5.93371227690969,-138.0,-128.3,-123.0,-119.0,-116.0,-115.0,-110.0,-19.0,5.393733093869041,-38.0,-27.0,-22.75,-19.0,-17.0,-16.0,-14.0
40.4625,-86.914,0,125290,372,sub6,2404,435,-111.0,3.4502863464736864,-120.0,-115.6,-113.0,-111.0,-109.0,-106.0,-102.0,-13.0,1.3318088539157624,-17.0,-15.0,-14.0,-13.0,-13.0,-12.0,-11.0
40.4625,-86.914,0,125290,403,sub6,2404,412,-115.0,4.189271590224855,-137.0,-120.0,-118.0,-115.0,-112.0,-111.0,-108.0,-17.0,2.930980627592269,-37.0,-21.0,-18.0,-17.0,-16.0,-15.0,-13.0
40.4625,-86.914,0,125290,479,sub6,2404,25,-120.0,8.220300075625788,-138.0,-136.0,-127.0,-120.0,-115.0,-115.0,-114.0,-20.0,7.843893590983159,-38.0,-36.0,-27.0,-20.0,-17.0,-15.799999999999997,-15.0
40.4625,-86.914,0,125290,483,sub6,2404,14,-113.5,2.7103789119150568,-122.0,-117.4,-115.0,-113.5,-113.0,-112.3,-112.0,-18.0,2.9990841092749454,-26.0,-23.7,-18.75,-18.0,-17.25,-17.0,-16.0
40.4625,-86.914,0,520110,10,sub6,2404,82,-119.0,3.7540503068971836,-137.0,-122.0,-121.0,-119.0,-118.0,-117.0,-115.0,-15.0,4.0184758488944725,-36.0,-17.0,-16.0,-15.0,-14.0,-14.0,-13.0
40.4625,-86.914,0,520110,472,sub6,2404,84,-120.0,3.816051492837057,-137.0,-123.0,-121.25,-120.0,-119.0,-117.0,-114.0,-16.0,4.014960548280089,-36.0,-18.0,-17.0,-16.0,-15.0,-14.0,-13.0
40.4625,-86.914,0,520110,515,sub6,2404,87,-120.0,3.2313867712046296,-137.0,-122.0,-121.0,-120.0,-118.0,-118.0,-114.0,-15.0,3.5500017883290993,-36.0,-17.0,-16.0,-15.0,-14.0,-14.0,-12.0
40.4625,-86.914,0,520110,685,sub6,2404,75,-121.0,5.062563535359288,-138.0,-127.6,-123.0,-121.0,-120.0,-119.0,-117.0,-17.0,6.07852518860196,-38.0,-24.6,-18.0,-17.0,-15.5,-15.0,-14.0
40.4625,-86.914,0,520110,704,sub6,2404,11,-124.0,5.852738286865854,-137.0,-137.0,-124.0,-124.0,-122.0,-122.0,-121.0,-20.0,7.208580745447496,-37.0,-36.0,-21.0,-20.0,-18.0,-18.0,-17.0
40.463,-86.935,0,125290,372,sub6,25,25,-80.0,0.19999999999999996,-81.0,-80.0,-80.0,-80.0,-80.0,-80.0,-80.0,-10.0,0.0,-10.0,-10.0,-10.0,-10.0,-10.0,-10.0,-10.0
40.463,-86.9205,0,1001,50,lte,1077,249,-92.0,1.8094285314187528,-95.0,-94.0,-93.0,-92.0,-91.0,-89.0,-86.0,-9.0,0.3257824646546542,-10.0,-9.0,-9.0,-9.0,-9.0,-9.0,-7.0
40.463,-86.9205,0,1001,240,lte,1077,47,-102.0,2.8636934290360334,-109.0,-106.0,-104.0,-102.0,-100.0,-98.0,-96.0,-20.0,1.0390168269558981,-22.0,-21.0,-21.0,-20.0,-19.0,-19.0,-18.0
40.463,-86.9205,0,1001,393,lte,1077,29,-103.0,2.765462574549061,-107.0,-106.0,-105.0,-103.0,-101.0,-98.8,-96.0,-20.0,0.9403384779971359,-22.0,-21.2,-21.0,-20.0,-20.0,-19.0,-18.0
40.463,-86.9205,0,1001,397,lte,1077,27,-102.0,2.6360420991930216,-107.0,-105.0,-104.0,-102.0,-100.5,-99.6,-95.0,-20.0,1.1547005383792515,-22.0,-21.0,-21.0,-20.0,-19.0,-19.0,-17.0
40.463,-86.9205,0,1001,414,lte,1077,74,-103.0,2.8271178495176144,-110.0,-106.0,-104.0,-103.0,-101.0,-99.3,-95.0,-20.0,1.019705876244052,-23.0,-21.0,-21.0,-20.0,-19.25,-19.0,-18.0
40.463,-86.9205,0,1001,448,lte,1077,13,-103.0,3.1399003740523934,-109.0,-107.6,-105.0,-103.0,-101.0,-100.2,-98.0,-20.0,1.109400392450458,-21.0,-21.0,-20.0,-20.0,-19.0,-19.0,-17.0
40.463,-86.9205,0,66736,14,lte,1077,8,-105.5,2.138089935299395,-108.0,-108.0,-107.25,-105.5,-104.0,-103.4,-102.0,-20.5,0.9910312089651149,-22.0,-22.0,-22.0,-20.5,-20.0,-20.0,-20.0
40.463,-86.9205,0,66736,47,lte,1077,119,-97.0,1.730570000110167,-101.0,-100.0,-98.5,-97.0,-96.5,-96.0,-91.0,-14.0,0.4349101575943578,-15.0,-14.0,-14.0,-14.0,-14.0,-13.0,-13.0
40.463,-86.9205,0,66736,334,lte,1077,4,-103.0,2.217355782608345,-106.0,-105.4,-104.5,-103.0,-101.75,-101.3,-101.0,-20.5,0.5773502691896257,-21.0,-21.0,-21.0,-20.5,-20.0,-20.0,-20.0
40.463,-86.9205,0,66736,393,lte,1077,119,-105.0,2.713914621668754,-113.0,-108.2,-107.0,-105.0,-103.0,-102.0,-98.0,-20.0,1.0562447826509584,-23.0,-21.0,-20.0,-20.0,-19.0,-18.0,-17.0
40.463,-86.9205,0,66736,408,lte,1077,32,-106.0,2.909765260457919,-110.0,-109.0,-108.0,-106.0,-104.0,-101.1,-100.0,-20.0,1.4364915817769797,-24.0,-22.0,-22.0,-20.0,-19.75,-19.0,-18.0
40.463,-86.9205,0,125290,121,sub6,1077,117,-117.0,5.142072320694507,-134.0,-125.0,-121.0,-117.0,-114.0,-113.0,-109.0,-20.0,4.538046907183836,-35.0,-28.0,-25.0,-20.0,-18.0,-16.0,-14.0
40.463,-86.9205,0,125290,372,sub6,1077,136,-103.0,1.5753410254307552,-107.0,-105.0,-104.0,-103.0,-102.0,-101.0,-100.0,-11.0,0.553804429745041,-13.0,-12.0,-12.0,-11.0,-11.0,-11.0,-10.0
40.463,-86.9205,0,125290,403,sub6,1077,100,-117.0,6.8476642039826325,-137.0,-127.1,-123.0,-117.0,-113.75,-111.0,-102.0,-23.0,5.00016161354972,-37.0,-29.1,-27.0,-23.0,-20.0,-17.0,-14.0
40.463,-86.9205,0,125290,793,sub6,1077,3,-111.0,0.5773502691896257,-111.0,-111.0,-111.0,-111.0,-110.5,-110.2,-110.0,-19.0,0.5773502691896258,-19.0,-19.0,-19.0,-19.0,-18.5,-18.2,-18.0
40.463,-86.92,0,1001,50,lte,2418,646,-83.0,4.061103896661734,-96.0,-91.0,-87.0,-83.0,-81.0,-80.0,-77.0,-9.0,0.6990045000868486,-10.0,-9.0,-9.0,-9.0,-8.0,-8.0,-6.0
40.463,-86.92,0,1001,240,lte,2418,115,-101.0,4.153463444071187,-110.0,-106.0,-103.0,-101.0,-98.0,-95.0,-90.0,-20.0,1.0507343696122073,-23.0,-21.0,-21.0,-20.0,-19.0,-19.0,-17.0
40.463,-86.92,0,1001,331,lte,2418,5,-95.0,6.870225614927067,-105.0,-104.6,-104.0,-95.0,-91.0,-91.0,-91.0,-19.0,0.8944271909999159,-21.0,-20.6,-20.0,-19.0,-19.0,-19.0,-19.0
40.463,-86.92,0,1001,393,lte,2418,108,-102.0,3.0617844562880396,-110.0,-106.0,-104.25,-102.0,-100.0,-98.0,-95.0,-20.0,0.9756466911260229,-22.0,-21.0,-21.0,-20.0,-19.0,-19.0,-17.0
40.463,-86.92,0,1001,414,lte,2418,107,-102.0,3.857472189735979,-111.0,-106.0,-104.5,-102.0,-99.0,-96.0,-93.0,-20.0,1.0030811288295325,-22.0,-21.0,-21.0,-20.0,-19.0,-19.0,-18.0
40.463,-86.92,0,66736,47,lte,2418,269,-91.0,4.9822216249193,-100.0,-98.0,-96.0,-91.0,-87.0,-85.0,-82.0,-13.0,0.6890041640345341,-16.0,-14.0,-14.0,-13.0,-13.0,-13.0,-10.0
40.463,-86.92,0,66736,334,lte,2418,3,-106.0,2.0,-108.0,-107.6,-107.0,-106.0,-105.0,-104.4,-104.0,-20.0,0.5773502691896258,-20.0,-20.0,-20.0,-20.0,-19.5,-19.2,-19.0
40.463,-86.92,0,66736,393,lte,2418,269,-100.0,5.030195126272754,-110.0,-105.0,-103.0,-100.0,-95.0,-93.0,-89.0,-19.0,1.0376585578572244,-22.0,-21.0,-20.0,-19.0,-19.0,-18.0,-17.0
40.463,-86.92,0,66736,408,lte,2418,41,-106.0,2.8885813886792917,-112.0,-109.0,-108.0,-106.0,-104.0,-102.0,-98.0,-20.0,0.9987797432916613,-22.0,-21.0,-21.0,-20.0,-20.0,-19.0,-18.0
40.463,-86.92,0,125290,121,sub6,2418,284,-114.5,4.238877905833383,-130.0,-120.7,-117.25,-114.5,-112.0,-110.0,-105.0,-19.0,3.700266185052483,-32.0,-25.0,-22.0,-19.0,-17.0,-16.0,-13.0
40.463,-86.92,0,125290,372,sub6,2418,324,-104.0,2.2238792411759682,-108.0,-107.0,-105.0,-104.0,-102.0,-101.0,-98.0,-11.0,0.585403880122792,-14.0,-12.0,-12.0,-11.0,-11.0,-11.0,-11.0
40.463,-86.92,0,125290,403,sub6,2418,236,-117.0,5.424975965519985,-134.0,-125.0,-121.0,-117.0,-113.75,-111.0,-104.0,-22.0,4.148896594261392,-36.0,-28.0,-25.0,-22.0,-19.0,-17.0,-16.0
40.463,-86.92,0,520110,147,sub6,2418,2,-126.0,0.0,-126.0,-126.0,-126.0,-126.0,-126.0,-126.0,-126.0,-18.0,0.0,-18.0,-18.0,-18.0,-18.0,-18.0,-18.0,-18.0
40.463,-86.92,0,520110,472,sub6,2418,4,-121.0,1.5,-124.0,-123.1,-121.75,-121.0,-121.0,-121.0,-121.0,-16.0,1.0,-18.0,-17.4,-16.5,-16.0,-16.0,-16.0,-16.0
40.463,-86.92,0,520110,698,sub6,2418,5,-123.0,1.6733200530681511,-126.0,-125.2,-124.0,-123.0,-122.0,-122.0,-122.0,-18.0,1.224744871391589,-20.0,-19.2,-18.0,-18.0,-17.0,-17.0,-17.0
40.463,-86.9165,0,1001,50,lte,2878,171,-91.0,3.166093587816246,-100.0,-97.0,-95.0,-91.0,-90.0,-89.0,-85.0,-10.0,0.5475026958165452,-12.0,-11.0,-11.0,-10.0,-10.0,-10.0,-9.0
40.463,-86.9165,0,1001,240,lte,2878,18,-107.0,3.4777537638294724,-111.0,-110.3,-108.75,-107.0,-104.0,-101.7,-100.0,-19.5,1.2947859237091257,-22.0,-21.0,-20.0,-19.5,-19.0,-18.0,-17.0
40.463,-86.9165,0,1001,294,lte,2878,20,-104.0,3.6974386582577603,-110.0,-109.0,-107.25,-104.0,-101.75,-100.0,-96.0,-20.0,0.9176629354822471,-22.0,-21.0,-21.0,-20.0,-19.0,-19.0,-19.0
40.463,-86.9165,0,1001,393,lte,2878,141,-102.0,4.224620268541759,-112.0,-108.0,-106.0,-102.0,-99.0,-97.0,-93.0,-20.0,1.0430451871378092,-22.0,-21.0,-20.0,-20.0,-19.0,-18.0,-17.0
40.463,-86.9165,0,1001,408,lte,2878,46,-105.0,4.680517746661324,-116.0,-109.5,-107.0,-105.0,-100.25,-98.0,-97.0,-20.0,2.141492549173181,-30.0,-21.5,-20.75,-20.0,-19.0,-19.0,-18.0
40.463,-86.9165,0,1001,414,lte,2878,13,-106.0,3.9903730305670573,-113.0,-109.0,-108.0,-106.0,-102.0,-101.0,-100.0,-20.0,0.898717034272917,-21.0,-21.0,-21.0,-20.0,-20.0,-19.2,-18.0
40.463,-86.9165,0,1001,448,lte,2878,165,-100.0,4.909626726116808,-112.0,-108.0,-105.0,-100.0,-97.0,-95.0,-92.0,-19.0,1.6322009136795663,-22.0,-20.0,-20.0,-19.0,-18.0,-16.0,-14.0
40.463,-86.9165,0,66736,47,lte,2878,519,-103.0,2.119949569274489,-107.0,-106.0,-105.0,-103.0,-102.0,-100.0,-98.0,-16.0,1.7697550512094888,-19.0,-17.0,-16.0,-16.0,-14.0,-13.0,-11.0
40.463,-86.9165,0,66736,304,lte,2878,319,-108.0,3.324921860798305,-113.0,-111.0,-110.0,-108.0,-106.0,-102.80000000000001,-96.0,-18.0,1.7519250945847957,-21.0,-20.0,-19.0,-18.0,-16.0,-15.0,-13.0
40.463,-86.9165,0,66736,393,lte,2878,519,-105.0,3.1432650951121137,-113.0,-110.0,-108.0,-105.0,-103.0,-102.0,-98.0,-17.0,1.3453485529920741,-21.0,-19.0,-18.0,-17.0,-16.0,-15.0,-14.0
40.463,-86.9165,0,66736,408,lte,2878,154,-111.0,3.616986399200639,-116.0,-113.0,-112.0,-111.0,-108.0,-104.0,-101.0,-20.0,1.5559208103076423,-24.0,-22.7,-21.0,-20.0,-19.0,-19.0,-17.0
40.463,-86.9165,0,125290,359,sub6,2878,20,-123.0,8.443465240240993,-135.0,-132.1,-129.5,-123.0,-115.5,-110.9,-110.0,-24.5,6.524447950028537,-36.0,-33.1,-29.25,-24.5,-17.0,-17.0,-16.0
40.463,-86.9165,0,125290,372,sub6,2878,356,-101.0,4.575196828200381,-109.0,-105.0,-103.0,-101.0,-97.0,-93.0,-86.0,-11.0,0.6854119372018608,-13.0,-12.0,-12.0,-11.0,-11.0,-11.0,-10.0
40.463,-86.9165,0,125290,403,sub6,2878,352,-109.0,6.046466423954262,-134.0,-117.0,-113.0,-109.0,-106.0,-102.09999999999997,-97.0,-17.0,4.14078109205474,-35.0,-23.0,-20.0,-17.0,-15.0,-14.0,-12.0
40.463,-86.9165,0,125290,479,sub6,2878,32,-121.5,6.294438789711069,-130.0,-127.0,-126.0,-121.5,-113.75,-113.0,-108.0,-27.0,4.743416490252569,-33.0,-31.0,-30.0,-27.0,-21.0,-20.0,-16.0
40.463,-86.9165,0,520110,10,sub6,2878,11,-115.0,2.0404990476930793,-120.0,-118.0,-117.0,-115.0,-115.0,-114.0,-113.0,-13.0,1.2720777563426766,-16.0,-15.0,-13.5,-13.0,-12.5,-12.0,-12.0
40.463,-86.9165,0,520110,147,sub6,2878,11,-118.0,2.5725827135743993,-123.0,-122.0,-121.0,-118.0,-117.0,-116.0,-116.0,-14.0,1.8439088914585775,-18.0,-18.0,-16.0,-14.0,-14.0,-13.0,-13.0
40.463,-86.9165,0,520110,201,sub6,2878,5,-120.0,7.569676347110224,-137.0,-131.0,-122.0,-120.0,-120.0,-119.4,-119.0,-17.0,8.526429498916883,-36.0,-28.8,-18.0,-17.0,-17.0,-16.4,-16.0
40.463,-86.9165,0,520110,515,sub6,2878,6,-118.0,2.0412414523193148,-120.0,-119.5,-118.75,-118.0,-118.0,-116.0,-114.0,-15.5,0.9831920802501751,-16.0,-16.0,-16.0,-15.5,-14.25,-14.0,-14.0
40.463,-86.916,0,1001,50,lte,2974,74,-89.0,3.131009586259427,-98.0,-94.0,-90.75,-89.0,-87.25,-86.0,-84.0,-9.0,0.6031203570797693,-12.0,-10.0,-10.0,-9.0,-9.0,-9.0,-9.0
40.463,-86.916,0,1001,240,lte,2974,45,-100.0,3.6199503317090405,-108.0,-104.6,-102.0,-100.0,-98.0,-96.0,-91.0,-20.0,0.9101004495564367,-21.0,-21.0,-21.0,-20.0,-19.0,-19.0,-18.0
40.463,-86.916,0,1001,393,lte,2974,70,-101.0,3.9735408535856114,-112.0,-106.0,-103.0,-101.0,-98.25,-96.0,-91.0,-20.0,0.9969934098143531,-23.0,-21.0,-20.0,-20.0,-19.0,-18.0,-17.0
40.463,-86.916,0,1001,408,lte,2974,38,-101.0,3.6866025561250675,-111.0,-105.3,-102.0,-101.0,-98.25,-97.0,-94.0,-19.0,0.721544100555844,-21.0,-20.0,-20.0,-19.0,-19.0,-19.0,-18.0
40.463,-86.916,0,1001,414,lte,2974,71,-100.0,4.02442242503577,-111.0,-106.0,-103.0,-100.0,-98.0,-96.0,-91.0,-20.0,0.8933017001917062,-22.0,-21.0,-20.0,-20.0,-19.0,-19.0,-18.0
40.463,-86.916,0,1001,448,lte,2974,44,-101.0,4.367378592665192,-110.0,-106.0,-104.0,-101.0,-97.0,-96.0,-92.0,-20.0,1.2429505236445777,-22.0,-20.7,-20.0,-20.0,-19.0,-18.0,-16.0
40.463,-86.916,0,66736,47,lte,2974,567,-98.0,4.142301486643265,-110.0,-104.0,-103.0,-98.0,-95.5,-94.0,-90.0,-14.0,1.9159100352503473,-20.0,-17.0,-16.0,-14.0,-13.0,-12.0,-10.0
40.463,-86.916,0,66736,92,lte,2974,11,-109.0,1.793929156399945,-113.0,-112.0,-109.5,-109.0,-108.0,-108.0,-107.0,-20.0,0.6030226891555274,-21.0,-21.0,-20.5,-20.0,-20.0,-20.0,-19.0
40.463,-86.916,0,66736,118,lte,2974,13,-105.0,1.126601424298216,-106.0,-105.8,-105.0,-105.0,-104.0,-103.2,-102.0,-19.0,0.5188745216627708,-20.0,-20.0,-20.0,-19.0,-19.0,-19.0,-19.0
40.463,-86.916,0,66736,304,lte,2974,101,-109.0,2.3226819595348216,-113.0,-111.0,-110.0,-109.0,-107.0,-105.0,-101.0,-19.0,0.9950371902099897,-21.0,-20.0,-20.0,-19.0,-19.0,-18.0,-15.0
40.463,-86.916,0,66736,393,lte,2974,567,-98.0,4.557726069781536,-110.0,-105.0,-102.0,-98.0,-95.0,-93.0,-90.0,-15.0,1.1567738651570842,-20.0,-17.0,-16.0,-15.0,-15.0,-14.0,-13.0
40.463,-86.916,0,66736,408,lte,2974,77,-109.0,2.8680839724934994,-114.0,-112.4,-111.0,-109.0,-106.0,-105.6,-103.0,-21.0,1.1965146468256682,-23.0,-22.4,-22.0,-21.0,-21.0,-20.0,-17.0
40.463,-86.916,0,125290,121,sub6,2974,6,-117.5,3.9370039370059056,-126.0,-122.5,-118.75,-117.5,-116.25,-115.5,-115.0,-22.5,3.188521078284832,-29.0,-26.5,-23.75,-22.5,-21.25,-20.5,-20.0
40.463,-86.916,0,125290,250,sub6,2974,6,-119.5,1.7511900715418263,-123.0,-122.5,-121.5,-119.5,-119.0,-119.0,-119.0,-19.0,2.0,-23.0,-22.5,-21.25,-19.0,-19.0,-18.5,-18.0
40.463,-86.916,0,125290,359,sub6,2974,310,-117.0,5.836088860459567,-137.0,-127.0,-122.0,-117.0,-114.0,-111.0,-108.0,-21.0,4.593991773327887,-37.0,-29.0,-25.0,-21.0,-19.0,-17.0,-14.0
40.463,-86.916,0,125290,372,sub6,2974,476,-105.0,3.1764412254773413,-112.0,-110.0,-108.0,-105.0,-103.0,-102.0,-98.0,-12.0,1.056183745556891,-15.0,-14.0,-13.0,-12.0,-11.0,-11.0,-10.0
40.463,-86.916,0,125290,403,sub6,2974,438,-115.0,5.64096686695923,-134.0,-123.0,-119.0,-115.0,-111.0,-108.69999999999999,-106.0,-19.0,4.13897372764989,-35.0,-26.0,-22.0,-19.0,-17.0,-16.0,-14.0
40.463,-86.916,0,125290,479,sub6,2974,43,-119.0,5.382387915021927,-133.0,-127.8,-124.5,-119.0,-116.0,-114.0,-114.0,-22.0,4.683209091804857,-35.0,-30.0,-25.5,-22.0,-19.0,-18.0,-18.0
40.463,-86.916,0,520110,10,sub6,2974,5,-119.0,1.816590212458495,-122.0,-121.2,-120.0,-119.0,-119.0,-117.8,-117.0,-15.0,1.6431676725154982,-18.0,-16.8,-15.0,-15.0,-14.0,-14.0,-14.0
40.463,-86.916,0,520110,147,sub6,2974,4,-125.0,6.238322424070967,-137.0,-133.7,-128.75,-125.0,-124.0,-124.0,-124.0,-20.0,8.717797887081348,-37.0,-32.2,-25.0,-20.0,-19.0,-19.0,-19.0
40.463,-86.916,0,520110,515,sub6,2974,3,-124.0,7.505553499465135,-137.0,-134.4,-130.5,-124.0,-124.0,-124.0,-124.0,-20.0,9.814954576223638,-37.0,-33.6,-28.5,-20.0,-20.0,-20.0,-20.0
40.463,-86.916,0,520110,838,sub6,2974,5,-120.0,1.3416407864998738,-122.0,-122.0,-122.0,-120.0,-120.0,-119.4,-119.0,-17.0,1.0954451150103324,-19.0,-18.2,-17.0,-17.0,-17.0,-16.4,-16.0
40.463,-86.9155,0,1001,50,lte,209,5,-92.0,1.3416407864998738,-94.0,-94.0,-94.0,-92.0,-92.0,-91.4,-91.0,-9.0,0.0,-9.0,-9.0,-9.0,-9.0,-9.0,-9.0,-9.0
40.463,-86.9155,0,1001,240,lte,209,5,-101.0,2.701851217221259,-106.0,-104.0,-101.0,-101.0,-100.0,-99.4,-99.0,-19.0,0.8944271909999159,-21.0,-20.6,-20.0,-19.0,-19.0,-19.0,-19.0
40.463,-86.9155,0,1001,393,lte,209,5,-101.0,3.1144823004794873,-107.0,-105.0,-102.0,-101.0,-100.0,-99.4,-99.0,-19.0,0.8366600265340756,-20.0,-20.0,-20.0,-19.0,-19.0,-18.4,-18.0
40.463,-86.9155,0,1001,414,lte,209,5,-102.0,2.449489742783178,-106.0,-104.4,-102.0,-102.0,-100.0,-100.0,-100.0,-20.0,1.140175425099138,-22.0,-21.6,-21.0,-20.0,-20.0,-19.4,-19.0
40.463,-86.9155,0,66736,47,lte,209,38,-103.0,4.319396196146952,-109.0,-107.0,-105.0,-103.0,-101.0,-95.0,-93.0,-15.0,1.615404154759667,-17.0,-16.3,-16.0,-15.0,-13.0,-12.699999999999996,-12.0
40.463,-86.9155,0,66736,304,lte,209,31,-108.0,1.593670275256635,-111.0,-110.0,-109.0,-108.0,-107.0,-106.0,-105.0,-19.0,1.1216347516589489,-20.0,-20.0,-19.0,-19.0,-18.0,-17.0,-16.0
40.463,-86.9155,0,66736,393,lte,209,38,-103.0,2.4581851543772206,-105.0,-105.0,-104.0,-103.0,-102.0,-98.0,-96.0,-16.0,0.787978669805394,-18.0,-17.0,-16.0,-16.0,-15.25,-15.0,-15.0
40.463,-86.9155,0,125290,359,sub6,209,4,-124.0,3.696845502136472,-127.0,-126.7,-126.25,-124.0,-121.25,-119.9,-119.0,-26.0,3.095695936834452,-28.0,-27.7,-27.25,-26.0,-24.0,-22.2,-21.0
40.463,-86.9155,0,125290,372,sub6,209,38,-104.0,2.689212420466214,-111.0,-109.0,-107.75,-104.0,-103.0,-102.0,-102.0,-11.0,0.6450379591198859,-13.0,-12.0,-12.0,-11.0,-11.0,-11.0,-11.0
40.463,-86.9155,0,125290,403,sub6,209,38,-113.0,4.957285541816307,-128.0,-122.0,-114.0,-113.0,-111.0,-109.0,-107.0,-18.0,3.7938521804359455,-29.0,-24.0,-20.0,-18.0,-16.0,-14.0,-14.0
40.463,-86.9155,0,125290,479,sub6,209,2,-129.5,0.7071067811865476,-130.0,-129.9,-129.75,-129.5,-129.25,-129.1,-129.0,-29.5,0.7071067811865476,-30.0,-29.9,-29.75,-29.5,-29.25,-29.1,-29.0
40.463,-86.915,0,1001,50,lte,1799,163,-98.0,2.1384163201071096,-103.0,-101.0,-100.0,-98.0,-97.0,-95.0,-93.0,-10.0,0.4879832971018557,-11.0,-10.0,-10.0,-10.0,-9.0,-9.0,-9.0
40.463,-86.915,0,1001,112,lte,1799,9,-112.0,1.8027756377319946,-113.0,-113.0,-112.0,-112.0,-110.0,-108.8,-108.0,-19.0,0.7817359599705717,-21.0,-19.4,-19.0,-19.0,-19.0,-18.8,-18.0
40.463,-86.915,0,1001,226,lte,1799,6,-105.5,2.756809750418044,-108.0,-107.5,-107.0,-105.5,-103.25,-102.0,-101.0,-19.5,0.816496580927726,-20.0,-20.0,-20.0,-19.5,-19.0,-18.5,-18.0
40.463,-86.915,0,1001,294,lte,1799,8,-108.0,2.9001231500945415,-115.0,-112.2,-109.5,-108.0,-107.0,-106.7,-106.0,-20.0,0.7071067811865476,-21.0,-20.3,-20.0,-20.0,-19.0,-19.0,-19.0
40.463,-86.915,0,1001,387,lte,1799,11,-109.0,1.0,-111.0,-110.0,-109.5,-109.0,-108.0,-108.0,-108.0,-20.0,1.0787197799411874,-21.0,-21.0,-20.5,-20.0,-19.5,-18.0,-18.0
40.463,-86.915,0,1001,392,lte,1799,5,-106.0,0.8944271909999159,-106.0,-106.0,-106.0,-106.0,-106.0,-104.8,-104.0,-19.0,1.140175425099138,-21.0,-20.6,-20.0,-19.0,-19.0,-18.4,-18.0
40.463,-86.915,0,1001,393,lte,1799,42,-109.0,2.4857316405070535,-114.0,-112.9,-111.0,-109.0,-107.25,-107.0,-103.0,-20.0,0.8006965608633503,-21.0,-20.9,-20.0,-20.0,-19.0,-19.0,-18.0
40.463,-86.915,0,1001,408,lte,1799,120,-109.0,3.0554974105324164,-115.0,-113.0,-111.0,-109.0,-106.75,-105.0,-102.0,-19.0,0.9991593104861162,-21.0,-20.1,-20.0,-19.0,-19.0,-18.0,-16.0
40.463,-86.915,0,1001,448,lte,1799,142,-109.0,2.8549315757593035,-116.0,-112.0,-111.0,-109.0,-107.0,-105.1,-101.0,-19.0,1.4006576933101067,-21.0,-20.9,-20.0,-19.0,-18.0,-17.0,-14.0
40.463,-86.915,0,66736,47,lte,1799,260,-110.0,1.287369821504705,-113.0,-112.0,-111.0,-110.0,-109.0,-109.0,-107.0,-16.0,0.7697117593334474,-18.0,-17.0,-17.0,-16.0,-16.0,-15.0,-15.0
40.463,-86.915,0,66736,51,lte,1799,3,-116.0,0.5773502691896257,-117.0,-116.8,-116.5,-116.0,-116.0,-116.0,-116.0,-20.0,0.5773502691896258,-21.0,-20.8,-20.5,-20.0,-20.0,-20.0,-20.0
40.463,-86.915,0,66736,210,lte,1799,11,-119.0,0.9341987329938276,-122.0,-120.0,-120.0,-119.0,-119.0,-119.0,-119.0,-21.0,0.674199862463242,-22.0,-21.0,-21.0,-21.0,-20.0,-20.0,-20.0
40.463,-86.915,0,66736,304,lte,1799,229,-116.0,1.9870202426176051,-120.0,-118.0,-117.0,-116.0,-114.0,-113.0,-110.0,-19.0,1.242845147997723,-21.0,-20.0,-19.0,-19.0,-18.0,-17.0,-13.0
40.463,-86.915,0,66736,393,lte,1799,260,-112.0,1.89161311535953,-118.0,-115.0,-114.0,-112.0,-111.0,-110.0,-107.0,-15.5,1.3285380555382542,-19.0,-17.0,-17.0,-15.5,-15.0,-14.0,-12.0
40.463,-86.915,0,125290,53,sub6,1799,6,-129.0,3.2506409624359724,-131.0,-131.0,-131.0,-129.0,-125.5,-124.5,-124.0,-29.5,3.8340579025361627,-32.0,-32.0,-31.75,-29.5,-25.75,-24.0,-23.0
40.463,-86.915,0,125290,121,sub6,1799,36,-119.0,5.30229061013122,-133.0,-128.0,-124.25,-119.0,-117.0,-116.0,-111.0,-21.5,4.651335360401423,-33.0,-29.0,-26.25,-21.5,-18.75,-17.0,-15.0
40.463,-86.915,0,125290,359,sub6,1799,28,-122.0,4.307462455348022,-134.0,-126.9,-124.0,-122.0,-119.0,-117.4,-115.0,-22.0,4.117969397369528,-33.0,-26.6,-24.0,-22.0,-18.5,-17.0,-16.0
40.463,-86.915,0,125290,372,sub6,1799,222,-107.5,2.64312300534677,-114.0,-111.0,-109.0,-107.5,-106.0,-104.0,-102.0,-12.0,0.8810461427496689,-16.0,-13.0,-12.0,-12.0,-11.0,-11.0,-10.0
40.463,-86.915,0,125290,403,sub6,1799,222,-112.5,3.85621955453553,-127.0,-119.0,-115.0,-112.5,-111.0,-109.0,-106.0,-15.0,2.902548714911793,-27.0,-20.0,-17.0,-15.0,-14.0,-14.0,-12.0
40.463,-86.915,0,125290,793,sub6,1799,4,-122.0,2.217355782608345,-125.0,-124.4,-123.5,-122.0,-120.75,-120.3,-120.0,-22.0,1.7320508075688772,-25.0,-24.1,-22.75,-22.0,-21.75,-21.3,-21.0
40.463,-86.915,0,520110,10,sub6,1799,5,-119.0,3.507135583350036,-123.0,-121.8,-120.0,-119.0,-116.0,-114.8,-114.0,-16.0,1.6431676725154984,-17.0,-16.6,-16.0,-16.0,-14.0,-13.4,-13.0
40.463,-86.915,0,520110,147,sub6,1799,3,-117.0,10.96965511460289,-136.0,-132.2,-126.5,-117.0,-117.0,-117.0,-117.0,-15.0,12.12435565298214,-36.0,-31.8,-25.5,-15.0,-15.0,-15.0,-15.0
40.463,-86.915,0,520110,472,sub6,1799,4,-119.5,0.9574271077563381,-120.0,-120.0,-120.0,-119.5,-118.75,-118.3,-118.0,-16.5,0.9574271077563381,-18.0,-17.7,-17.25,-16.5,-16.0,-16.0,-16.0
40.4635,-86.9355,0,125290,372,sub6,31,31,-81.0,0.5058794110206738,-82.0,-82.0,-82.0,-81.0,-81.0,-81.0,-81.0,-10.0,0.0,-10.0,-10.0,-10.0,-10.0,-10.0,-10.0,-10.0
40.4635,-86.933,0,125290,372,sub6,37,37,-98.0,2.1585085497072183,-99.0,-99.0,-99.0,-98.0,-96.0,-94.2,-91.0,-10.0,0.0,-10.0,-10.0,-10.0,-10.0,-10.0,-10.0,-10.0
40.4635,-86.9325,0,125290,372,sub6,13,13,-89.0,2.444250186531439,-92.0,-92.0,-92.0,-89.0,-87.0,-86.2,-86.0,-10.0,0.0,-10.0,-10.0,-10.0,-10.0,-10.0,-10.0,-10.0
40.4635,-86.916,0,66736,47,lte,121,27,-98.0,2.352182716704536,-103.0,-102.0,-99.0,-98.0,-96.5,-95.0,-94.0,-14.0,1.213645118201558,-17.0,-16.0,-15.0,-14.0,-14.0,-12.599999999999998,-12.0
40.4635,-86.916,0,66736,393,lte,121,27,-96.0,1.2551886613169254,-98.0,-98.0,-97.0,-96.0,-95.0,-94.6,-94.0,-15.0,0.43690180920109595,-16.0,-15.0,-15.0,-15.0,-15.0,-14.599999999999998,-14.0
40.4635,-86.916,0,125290,359,sub6,121,25,-114.0,2.3094010767585034,-118.0,-116.6,-115.0,-114.0,-112.0,-110.4,-110.0,-17.0,1.7146428199482249,-21.0,-19.6,-18.0,-17.0,-16.0,-15.0,-15.0
40.4635,-86.916,0,125290,372,sub6,121,25,-110.0,1.4854853303438131,-113.0,-112.0,-111.0,-110.0,-109.0,-108.0,-108.0,-14.0,0.8326663997864533,-15.0,-15.0,-15.0,-14.0,-13.0,-13.0,-13.0
40.4635,-86.916,0,125290,403,sub6,121,13,-116.0,2.534379001467011,-122.0,-119.8,-118.0,-116.0,-115.0,-114.2,-113.0,-20.0,2.681847813040049,-26.0,-22.8,-21.0,-20.0,-19.0,-18.0,-15.0
40.4635,-86.916,0,125290,479,sub6,121,4,-116.5,2.3804761428476167,-121.0,-119.8,-118.0,-116.5,-116.0,-116.0,-116.0,-21.0,1.5,-24.0,-23.1,-21.75,-21.0,-21.0,-21.0,-21.0
40.4635,-86.9155,0,1001,50,lte,1634,142,-90.0,2.8832110230810386,-95.0,-93.0,-92.0,-90.0,-87.0,-86.0,-83.0,-9.0,0.4580057355763099,-10.0,-10.0,-10.0,-9.0,-9.0,-9.0,-9.0
40.4635,-86.9155,0,1001,240,lte,1634,64,-102.0,3.4179730371288306,-111.0,-105.0,-104.0,-102.0,-99.0,-97.0,-94.0,-20.0,0.9645245148167773,-22.0,-21.0,-21.0,-20.0,-19.0,-19.0,-18.0
40.4635,-86.9155,0,1001,393,lte,1634,25,-103.0,2.95070613017743,-111.0,-108.0,-106.0,-103.0,-102.0,-101.0,-99.0,-20.0,0.7637626158259732,-21.0,-21.0,-20.0,-20.0,-19.0,-19.0,-18.0
40.4635,-86.9155,0,1001,408,lte,1634,116,-100.0,3.4519077575185584,-110.0,-104.0,-102.25,-100.0,-97.0,-95.5,-93.0,-19.0,1.0539779718843232,-22.0,-21.0,-20.0,-19.0,-19.0,-18.0,-16.0
40.4635,-86.9155,0,1001,414,lte,1634,56,-103.0,3.1989750793717593,-110.0,-107.0,-105.0,-103.0,-101.0,-99.0,-94.0,-20.0,0.9166568279676647,-22.0,-21.0,-21.0,-20.0,-20.0,-19.0,-18.0
40.4635,-86.9155,0,1001,448,lte,1634,22,-104.0,2.84407183255708,-108.0,-106.8,-105.0,-104.0,-101.25,-100.0,-97.0,-19.5,0.8578640544577771,-21.0,-20.0,-20.0,-19.5,-19.0,-18.099999999999998,-18.0
40.4635,-86.9155,0,66736,47,lte,1634,299,-99.0,2.8753713749871586,-109.0,-102.0,-101.0,-99.0,-97.0,-95.0,-92.0,-16.0,1.6898730806509323,-21.0,-18.0,-17.0,-16.0,-16.0,-14.0,-11.0
40.4635,-86.9155,0,66736,118,lte,1634,14,-104.5,4.85164524037584,-107.0,-106.7,-105.75,-104.5,-96.75,-95.0,-95.0,-19.5,0.646206172658864,-20.0,-20.0,-20.0,-19.5,-19.0,-19.0,-18.0
40.4635,-86.9155,0,66736,182,lte,1634,10,-99.5,2.3570226039551585,-104.0,-103.1,-101.0,-99.5,-99.0,-97.8,-96.0,-20.0,0.48304589153964794,-20.0,-20.0,-20.0,-20.0,-19.25,-19.0,-19.0
40.4635,-86.9155,0,66736,304,lte,1634,9,-108.0,1.69148192751537,-111.0,-109.4,-109.0,-108.0,-107.0,-106.6,-105.0,-19.0,0.6666666666666667,-20.0,-19.2,-19.0,-19.0,-18.0,-18.0,-18.0
40.4635,-86.9155,0,66736,393,lte,1634,299,-100.0,3.1215239022383425,-107.0,-104.0,-102.0,-100.0,-97.0,-96.0,-92.0,-15.0,1.1449659403478254,-19.0,-17.0,-16.0,-15.0,-15.0,-14.0,-12.0
40.4635,-86.9155,0,66736,408,lte,1634,10,-102.5,2.2705848487901865,-107.0,-107.0,-105.5,-102.5,-102.0,-101.9,-101.0,-20.0,0.421637021355784,-21.0,-21.0,-20.0,-20.0,-20.0,-20.0,-20.0
40.4635,-86.9155,0,125290,121,sub6,1634,45,-118.0,4.151426674571458,-132.0,-124.0,-121.0,-118.0,-116.0,-115.0,-113.0,-19.0,3.5172015965405037,-32.0,-23.6,-22.0,-19.0,-17.0,-16.0,-14.0
40.4635,-86.9155,0,125290,250,sub6,1634,3,-128.0,7.0,-130.0,-129.6,-129.0,-128.0,-122.5,-119.2,-117.0,-29.0,8.386497083606082,-30.0,-29.8,-29.5,-29.0,-22.0,-17.8,-15.0
40.4635,-86.9155,0,125290,359,sub6,1634,164,-118.0,3.605592776062813,-129.0,-123.0,-120.0,-118.0,-115.0,-114.0,-112.0,-17.0,3.2171171699103374,-29.0,-23.0,-20.0,-17.0,-16.0,-15.0,-13.0
40.4635,-86.9155,0,125290,372,sub6,1634,192,-112.0,3.8218252403189847,-118.0,-115.0,-113.0,-112.0,-110.0,-107.1,-97.0,-13.0,1.3964786804892788,-17.0,-15.0,-14.0,-13.0,-12.75,-12.0,-11.0
40.4635,-86.9155,0,125290,403,sub6,1634,143,-120.0,5.526143732509051,-132.0,-125.0,-123.0,-120.0,-115.0,-112.0,-105.0,-20.0,3.858473326193039,-33.0,-26.0,-23.0,-20.0,-18.0,-16.0,-12.0
40.4635,-86.9155,0,125290,479,sub6,1634,14,-120.5,5.9188653501297885,-129.0,-129.0,-127.5,-120.5,-116.25,-115.0,-115.0,-20.5,4.91018228886567,-29.0,-28.7,-27.0,-20.5,-18.0,-17.299999999999997,-17.0
40.4635,-86.9155,0,520110,10,sub6,1634,5,-114.0,3.5637059362410923,-121.0,-118.2,-114.0,-114.0,-113.0,-112.4,-112.0,-12.0,1.7320508075688772,-16.0,-14.8,-13.0,-12.0,-12.0,-12.0,-12.0
40.4635,-86.9155,0,520110,147,sub6,1634,2,-119.5,0.7071067811865476,-120.0,-119.9,-119.75,-119.5,-119.25,-119.1,-119.0,-17.5,0.7071067811865476,-18.0,-17.9,-17.75,-17.5,-17.25,-17.1,-17.0
40.4635,-86.915,0,1001,50,lte,2451,103,-92.0,3.2341222805525383,-100.0,-95.8,-94.0,-92.0,-89.0,-87.0,-85.0,-9.0,0.5356152401799636,-11.0,-10.0,-9.5,-9.0,-9.0,-9.0,-9.0
40.4635,-86.915,0,1001,112,lte,2451,14,-105.5,1.8397324220155997,-110.0,-108.0,-107.0,-105.5,-105.0,-104.3,-103.0,-20.0,0.7300459115473719,-21.0,-21.0,-20.75,-20.0,-20.0,-19.0,-19.0
40.4635,-86.915,0,1001,240,lte,2451,5,-106.0,1.3038404810405297,-108.0,-107.6,-107.0,-106.0,-105.0,-105.0,-105.0,-20.0,1.0954451150103321,-21.0,-20.6,-20.0,-20.0,-20.0,-18.8,-18.0
40.4635,-86.915,0,1001,393,lte,2451,25,-102.0,3.7625346067068497,-109.0,-107.0,-106.0,-102.0,-99.0,-98.0,-97.0,-20.0,0.7593857166596343,-21.0,-21.0,-20.0,-20.0,-20.0,-19.0,-18.0
40.4635,-86.915,0,1001,408,lte,2451,101,-102.0,3.9159738871893057,-112.0,-108.0,-105.0,-102.0,-99.0,-98.0,-94.0,-19.0,1.1744811367553156,-21.0,-21.0,-20.0,-19.0,-19.0,-18.0,-16.0
40.4635,-86.915,0,1001,414,lte,2451,30,-103.0,3.5596719466568953,-109.0,-107.0,-105.0,-103.0,-100.25,-97.9,-95.0,-20.0,0.8366600265340753,-21.0,-21.0,-20.0,-20.0,-19.0,-18.9,-18.0
40.4635,-86.915,0,1001,448,lte,2451,53,-104.0,3.9113915726801225,-111.0,-108.0,-106.0,-104.0,-100.0,-98.19999999999999,-94.0,-20.0,0.9731519272137156,-22.0,-21.0,-20.0,-20.0,-19.0,-18.0,-17.0
40.4635,-86.915,0,66736,47,lte,2451,440,-108.0,5.311665621563073,-114.0,-111.0,-110.0,-108.0,-106.0,-96.89999999999998,-88.0,-16.0,1.400453658415157,-19.0,-17.0,-17.0,-16.0,-15.0,-14.0,-11.0
40.4635,-86.915,0,66736,51,lte,2451,12,-114.0,1.4847711791873706,-116.0,-116.0,-115.25,-114.0,-113.75,-113.0,-111.0,-21.0,1.0298573010888747,-22.0,-21.9,-21.0,-21.0,-21.0,-20.1,-18.0
40.4635,-86.915,0,66736,304,lte,2451,333,-112.0,2.2994547857239382,-119.0,-115.0,-114.0,-112.0,-111.0,-110.0,-103.0,-19.0,1.0068239256736398,-22.0,-20.0,-20.0,-19.0,-18.0,-18.0,-15.0
40.4635,-86.915,0,66736,374,lte,2451,22,-107.5,3.1721870314927134,-115.0,-113.8,-111.5,-107.5,-106.25,-106.0,-104.0,-20.0,0.9116846116771036,-21.0,-20.0,-20.0,-20.0,-19.0,-19.0,-17.0
40.4635,-86.915,0,66736,393,lte,2451,440,-105.0,4.460904467533621,-114.0,-109.0,-106.0,-105.0,-104.0,-97.0,-88.0,-15.0,1.137147379345551,-18.0,-16.0,-16.0,-15.0,-14.0,-13.0,-12.0
40.4635,-86.915,0,66736,408,lte,2451,16,-117.0,1.5903353943953669,-119.0,-118.0,-117.0,-117.0,-116.0,-114.0,-113.0,-23.0,1.1547005383792515,-24.0,-24.0,-24.0,-23.0,-23.0,-21.5,-20.0
40.4635,-86.915,0,125290,121,sub6,2451,14,-121.0,6.792044473637384,-134.0,-131.7,-126.0,-121.0,-116.0,-115.0,-114.0,-21.5,6.535196340492855,-34.0,-32.4,-25.75,-21.5,-17.0,-15.299999999999999,-15.0
40.4635,-86.915,0,125290,250,sub6,2451,5,-121.0,3.96232255123179,-126.0,-124.0,-121.0,-121.0,-117.0,-116.4,-116.0,-22.0,3.271085446759225,-25.0,-23.8,-22.0,-22.0,-18.0,-17.4,-17.0
40.4635,-86.915,0,125290,359,sub6,2451,87,-120.0,4.849623204801433,-134.0,-128.0,-125.0,-120.0,-117.5,-116.0,-111.0,-21.0,4.8022092394289615,-34.0,-29.0,-26.0,-21.0,-18.0,-16.0,-13.0
40.4635,-86.915,0,125290,372,sub6,2451,375,-105.0,3.5206789168639876,-118.0,-111.0,-107.0,-105.0,-103.0,-102.0,-97.0,-11.0,1.089028087189693,-17.0,-13.0,-12.0,-11.0,-11.0,-11.0,-10.0
40.4635,-86.915,0,125290,403,sub6,2451,370,-111.0,4.541140665505724,-130.0,-119.0,-115.0,-111.0,-109.0,-108.0,-105.0,-16.0,2.8381213824926945,-31.0,-21.0,-19.0,-16.0,-15.0,-14.0,-13.0
40.4635,-86.915,0,125290,479,sub6,2451,6,-129.0,5.75325994545701,-132.0,-130.5,-129.0,-129.0,-125.25,-120.0,-116.0,-29.5,6.131883886702357,-33.0,-31.5,-30.0,-29.5,-25.25,-20.0,-16.0
40.4635,-86.9145,0,66736,47,lte,214,44,-110.0,1.4719002976621514,-114.0,-112.0,-111.0,-110.0,-109.0,-109.0,-107.0,-16.0,1.4459976109624424,-19.0,-18.0,-17.0,-16.0,-15.0,-14.0,-14.0
40.4635,-86.9145,0,66736,304,lte,214,34,-112.0,1.4167321993860322,-115.0,-114.7,-113.0,-112.0,-111.25,-111.0,-110.0,-18.0,1.0697593312226665,-20.0,-20.0,-19.0,-18.0,-18.0,-17.0,-16.0
40.4635,-86.9145,0,66736,393,lte,214,44,-106.0,0.9135461653329315,-108.0,-107.0,-106.0,-106.0,-105.0,-105.0,-104.0,-15.0,0.47949497745420167,-16.0,-16.0,-16.0,-15.0,-15.0,-15.0,-15.0
40.4635,-86.9145,0,125290,359,sub6,214,6,-120.5,4.070217029430577,-129.0,-126.5,-123.25,-120.5,-119.25,-118.5,-118.0,-21.0,5.154286242213044,-30.0,-27.5,-24.5,-21.0,-17.5,-17.0,-17.0
40.4635,-86.9145,0,125290,372,sub6,214,43,-105.0,2.033495808914454,-108.0,-107.0,-106.0,-105.0,-103.0,-102.0,-101.0,-11.0,0.32435300622428775,-12.0,-11.8,-11.0,-11.0,-11.0,-11.0,-11.0
40.4635,-86.9145,0,125290,403,sub6,214,43,-112.0,2.662025307456998,-119.0,-114.0,-113.0,-112.0,-110.0,-109.0,-107.0,-16.0,1.7665527868183635,-23.0,-18.0,-17.0,-16.0,-15.0,-15.0,-14.0
40.464,-86.936,0,125290,372,sub6,45,45,-83.0,0.8420753583206848,-84.0,-84.0,-84.0,-83.0,-82.0,-82.0,-82.0,-10.0,0.0,-10.0,-10.0,-10.0,-10.0,-10.0,-10.0,-10.0
40.464,-86.9355,0,125290,17,sub6,189,40,-102.0,12.444646671128545,-138.0,-132.3,-102.25,-102.0,-101.0,-101.0,-99.0,-19.0,7.207501434136307,-39.0,-35.2,-21.25,-19.0,-17.0,-15.899999999999999,-15.0
40.464,-86.9355,0,125290,372,sub6,189,149,-83.0,0.9028644180861451,-84.0,-83.0,-83.0,-83.0,-82.0,-81.0,-80.0,-10.0,0.0,-10.0,-10.0,-10.0,-10.0,-10.0,-10.0,-10.0
40.464,-86.934,0,125290,17,sub6,35,4,-128.5,14.059397805975427,-134.0,-133.1,-131.75,-128.5,-120.25,-109.89999999999999,-103.0,-31.0,8.06225774829855,-35.0,-34.4,-33.5,-31.0,-26.0,-20.599999999999998,-17.0
40.464,-86.934,0,125290,372,sub6,35,31,-96.0,2.5656959482613546,-99.0,-98.0,-97.5,-96.0,-95.5,-92.0,-89.0,-10.0,0.0,-10.0,-10.0,-10.0,-10.0,-10.0,-10.0,-10.0
40.464,-86.9335,0,125290,17,sub6,48,23,-123.0,9.580530322733818,-135.0,-132.6,-128.5,-123.0,-112.0,-107.4,-104.0,-31.0,5.305303484183401,-37.0,-36.0,-34.5,-31.0,-24.5,-23.0,-22.0
40.464,-86.9335,0,125290,372,sub6,48,25,-91.0,1.7301252363147972,-95.0,-93.6,-92.0,-91.0,-90.0,-89.0,-89.0,-10.0,0.0,-10.0,-10.0,-10.0,-10.0,-10.0,-10.0,-10.0
40.464,-86.9325,0,125290,17,sub6,42,11,-109.0,6.233341435742587,-121.0,-120.0,-114.0,-109.0,-106.5,-105.0,-101.0,-26.0,3.1130225008677805,-31.0,-30.0,-28.0,-26.0,-25.0,-23.0,-20.0
40.464,-86.9325,0,125290,372,sub6,42,31,-89.0,2.10069113051073,-92.0,-91.0,-90.0,-89.0,-87.0,-86.0,-85.0,-10.0,0.0,-10.0,-10.0,-10.0,-10.0,-10.0,-10.0,-10.0
40.464,-86.9155,0,66736,47,lte,320,61,-101.0,1.8240949548670948,-105.0,-103.0,-102.0,-101.0,-100.0,-99.0,-97.0,-13.0,1.408405679261855,-17.0,-15.0,-14.0,-13.0,-12.0,-12.0,-11.0
40.464,-86.9155,0,66736,393,lte,320,61,-101.0,1.3853251181798836,-103.0,-102.0,-102.0,-101.0,-99.0,-99.0,-98.0,-15.0,0.6452855512274789,-16.0,-16.0,-15.0,-15.0,-15.0,-14.0,-14.0
40.464,-86.9155,0,125290,121,sub6,320,19,-118.0,6.139222954049817,-135.0,-125.8,-122.0,-118.0,-115.5,-114.0,-113.0,-20.0,5.441340564098421,-36.0,-28.4,-24.5,-20.0,-18.5,-18.0,-16.0
40.464,-86.9155,0,125290,359,sub6,320,55,-114.0,2.153534405973223,-122.0,-117.0,-116.0,-114.0,-113.0,-112.0,-111.0,-17.0,1.9222251415870872,-24.0,-19.0,-18.0,-17.0,-15.0,-15.0,-14.0
40.464,-86.9155,0,125290,372,sub6,320,55,-112.0,1.9759496715192677,-117.0,-115.0,-113.0,-112.0,-110.0,-110.0,-108.0,-14.0,1.6650497206962238,-18.0,-17.0,-15.5,-14.0,-13.0,-13.0,-12.0
40.464,-86.9155,0,125290,403,sub6,320,20,-116.0,2.468219046834761,-123.0,-120.1,-117.25,-116.0,-115.0,-114.9,-114.0,-17.5,2.183068820189645,-24.0,-21.1,-19.0,-17.5,-17.0,-16.0,-15.0
40.464,-86.9155,0,125290,479,sub6,320,49,-120.0,5.168833208248635,-133.0,-127.2,-124.0,-120.0,-117.0,-116.0,-112.0,-22.0,4.6063583680567,-34.0,-29.2,-26.0,-22.0,-20.0,-18.0,-15.0
40.464,-86.915,0,1001,50,lte,6995,67,-89.0,2.499932156474295,-95.0,-93.0,-92.0,-89.0,-88.0,-87.0,-84.0,-9.0,0.4226726790053582,-10.0,-10.0,-9.0,-9.0,-9.0,-9.0,-8.0
40.464,-86.915,0,1001,408,lte,6995,67,-101.0,3.432557556613771,-110.0,-106.0,-103.0,-101.0,-99.0,-97.6,-93.0,-19.0,0.990684790733502,-21.0,-20.0,-20.0,-19.0,-19.0,-18.0,-15.0
40.464,-86.915,0,1001,414,lte,6995,10,-102.0,3.8137179293236207,-108.0,-107.1,-104.0,-102.0,-99.5,-97.8,-96.0,-20.5,0.9189365834726815,-21.0,-21.0,-21.0,-20.5,-19.25,-19.0,-19.0
40.464,-86.915,0,66736,47,lte,6995,1228,-108.0,3.7551639036441133,-114.0,-110.0,-109.0,-108.0,-105.0,-102.0,-93.0,-16.0,1.579650968250442,-21.0,-18.0,-17.0,-16.0,-15.0,-14.0,-11.0
40.464,-86.915,0,66736,51,lte,6995,16,-113.0,1.5370426148939398,-117.0,-115.0,-115.0,-113.0,-113.0,-112.0,-111.0,-23.0,1.0935416468216166,-24.0,-23.5,-23.0,-23.0,-21.0,-21.0,-21.0
40.464,-86.915,0,66736,118,lte,6995,15,-102.0,1.533747356112131,-104.0,-103.0,-103.0,-102.0,-101.0,-99.4,-99.0,-20.0,0.5936168397046637,-21.0,-20.0,-20.0,-20.0,-19.0,-19.0,-19.0
40.464,-86.915,0,66736,182,lte,6995,12,-102.5,1.1547005383792515,-104.0,-103.9,-103.0,-102.5,-101.0,-101.0,-101.0,-20.0,1.1381803659589922,-21.0,-21.0,-20.25,-20.0,-19.0,-19.0,-17.0
40.464,-86.915,0,66736,304,lte,6995,995,-109.0,3.489428599078984,-119.0,-113.0,-111.0,-109.0,-106.0,-104.0,-95.0,-18.0,1.93979743023639,-23.0,-20.0,-19.0,-18.0,-16.0,-15.0,-11.0
40.464,-86.915,0,66736,393,lte,6995,1228,-103.0,2.570025603825916,-108.0,-105.0,-104.0,-103.0,-102.0,-99.0,-92.0,-15.0,0.9360627832799305,-19.0,-16.0,-16.0,-15.0,-15.0,-14.0,-13.0
40.464,-86.915,0,66736,408,lte,6995,529,-112.0,3.5867049857906257,-120.0,-116.0,-114.0,-112.0,-109.0,-107.0,-100.0,-21.0,1.9654732277186986,-25.0,-23.0,-22.0,-21.0,-19.0,-18.0,-15.0
40.464,-86.915,0,125290,53,sub6,6995,43,-120.0,4.227998225194526,-133.0,-124.0,-122.0,-120.0,-117.0,-115.19999999999999,-114.0,-22.0,4.101427242601846,-33.0,-26.8,-24.0,-22.0,-19.0,-18.0,-16.0
40.464,-86.915,0,125290,121,sub6,6995,212,-120.0,5.954227925489521,-136.0,-129.0,-125.0,-120.0,-116.0,-113.1,-109.0,-22.0,5.349495058409878,-35.0,-30.0,-26.0,-22.0,-17.0,-16.0,-13.0
40.464,-86.915,0,125290,250,sub6,6995,9,-114.0,1.922093765778466,-118.0,-118.0,-115.0,-114.0,-114.0,-113.0,-113.0,-18.0,2.449489742783178,-23.0,-22.2,-20.0,-18.0,-17.0,-16.8,-16.0
40.464,-86.915,0,125290,359,sub6,6995,192,-120.0,7.2801379816191405,-136.0,-130.0,-125.0,-120.0,-114.0,-110.0,-107.0,-19.0,6.044979383067428,-37.0,-30.0,-25.0,-19.0,-16.0,-14.0,-12.0
40.464,-86.915,0,125290,372,sub6,6995,1162,-105.0,4.045259801981559,-119.0,-111.0,-107.0,-105.0,-102.0,-100.0,-96.0,-11.0,1.1913064212866076,-17.0,-13.0,-12.0,-11.0,-11.0,-11.0,-10.0
40.464,-86.915,0,125290,403,sub6,6995,1082,-112.0,5.194307134922196,-138.0,-119.0,-115.0,-112.0,-109.0,-106.0,-99.0,-16.0,3.604427844425156,-39.0,-22.0,-19.0,-16.0,-15.0,-13.0,-11.0
40.464,-86.915,0,125290,479,sub6,6995,16,-111.0,5.875088651813406,-126.0,-122.0,-114.0,-111.0,-109.0,-108.5,-108.0,-15.5,3.161618783682393,-25.0,-20.5,-16.5,-15.5,-15.0,-14.0,-14.0
40.464,-86.915,0,520110,10,sub6,6995,24,-120.0,6.144987352730467,-137.0,-124.7,-123.0,-120.0,-116.5,-113.0,-112.0,-15.0,5.754487851649581,-36.0,-18.7,-17.25,-15.0,-14.0,-12.0,-12.0
40.464,-86.915,0,520110,147,sub6,6995,22,-123.5,4.770943802006555,-138.0,-132.3,-125.0,-123.5,-122.0,-122.0,-121.0,-18.5,6.362090102803518,-37.0,-29.9,-19.0,-18.5,-16.25,-16.0,-15.0
40.464,-86.915,0,520110,515,sub6,6995,20,-112.0,1.9574419397183713,-114.0,-114.0,-113.0,-112.0,-110.0,-108.9,-108.0,-12.0,0.7863975156570492,-14.0,-12.1,-12.0,-12.0,-11.0,-11.0,-11.0
40.464,-86.915,0,520110,685,sub6,6995,3,-124.0,7.505553499465135,-137.0,-134.4,-130.5,-124.0,-124.0,-124.0,-124.0,-18.0,10.392304845413264,-36.0,-32.4,-27.0,-18.0,-18.0,-18.0,-18.0
40.464,-86.915,0,520110,698,sub6,6995,3,-123.0,8.082903768654761,-137.0,-134.2,-130.0,-123.0,-123.0,-123.0,-123.0,-19.0,10.392304845413264,-37.0,-33.4,-28.0,-19.0,-19.0,-19.0,-19.0
40.464,-86.915,0,520110,704,sub6,6995,20,-122.0,1.785172850248165,-125.0,-124.0,-123.25,-122.0,-121.0,-119.9,-118.0,-16.5,1.2343760409722462,-18.0,-18.0,-18.0,-16.5,-16.0,-15.0,-14.0
40.464,-86.915,0,520110,838,sub6,6995,20,-122.5,6.592659394715978,-139.0,-137.0,-124.5,-122.5,-121.0,-120.0,-119.0,-18.0,8.218080195840336,-39.0,-36.0,-19.5,-18.0,-16.0,-15.899999999999999,-15.0
40.464,-86.9145,0,66736,47,lte,710,124,-110.0,2.1139049843162354,-115.0,-112.0,-111.0,-110.0,-108.0,-107.0,-105.0,-16.0,1.527353532080601,-19.0,-17.0,-17.0,-16.0,-15.0,-14.0,-12.0
40.464,-86.9145,0,66736,304,lte,710,112,-112.5,2.3817598373429516,-119.0,-116.0,-114.0,-112.5,-111.0,-110.0,-107.0,-19.0,1.3045990818940372,-21.0,-20.0,-19.25,-19.0,-18.0,-17.0,-13.0
40.464,-86.9145,0,66736,393,lte,710,124,-105.0,1.5109314068593371,-108.0,-107.0,-106.0,-105.0,-104.0,-103.0,-102.0,-15.0,0.6560257522146847,-16.0,-15.0,-15.0,-15.0,-14.0,-14.0,-13.0
40.464,-86.9145,0,66736,408,lte,710,41,-116.0,2.1213203435596424,-120.0,-119.0,-118.0,-116.0,-114.0,-114.0,-112.0,-22.0,1.4495583852315579,-24.0,-23.0,-23.0,-22.0,-21.0,-20.0,-17.0
40.464,-86.9145,0,125290,121,sub6,710,11,-124.0,6.576818794413106,-133.0,-132.0,-128.0,-124.0,-119.5,-115.0,-113.0,-26.0,6.070794466504813,-34.0,-33.0,-30.0,-26.0,-22.0,-17.0,-16.0
40.464,-86.9145,0,125290,359,sub6,710,4,-128.0,5.5,-132.0,-130.8,-129.0,-128.0,-125.75,-121.7,-119.0,-29.5,7.52772652709081,-33.0,-32.1,-30.75,-29.5,-25.75,-19.9,-16.0
40.464,-86.9145,0,125290,372,sub6,710,143,-106.0,2.1769907854958768,-110.0,-108.8,-107.0,-106.0,-104.0,-103.0,-101.0,-11.0,0.4979026235670091,-13.0,-12.0,-12.0,-11.0,-11.0,-11.0,-10.0
40.464,-86.9145,0,125290,403,sub6,710,143,-111.0,2.618265399149622,-121.0,-114.8,-113.0,-111.0,-110.0,-108.0,-105.0,-16.0,1.593625883052987,-25.0,-18.0,-16.0,-16.0,-15.0,-14.0,-14.0
40.464,-86.9145,0,520110,10,sub6,710,5,-115.0,3.3466401061363023,-121.0,-119.4,-117.0,-115.0,-113.0,-113.0,-113.0,-13.0,0.8944271909999159,-15.0,-14.2,-13.0,-13.0,-13.0,-13.0,-13.0
40.464,-86.9145,0,520110,147,sub6,710,3,-116.0,11.547005383792516,-136.0,-132.0,-126.0,-116.0,-116.0,-116.0,-116.0,-15.0,12.12435565298214,-36.0,-31.8,-25.5,-15.0,-15.0,-15.0,-15.0
40.4645,-86.9365,0,125290,372,sub6,12,12,-79.5,1.7056057308448835,-81.0,-81.0,-80.25,-79.5,-77.0,-77.0,-77.0,-10.0,0.0,-10.0,-10.0,-10.0,-10.0,-10.0,-10.0,-10.0
40.4645,-86.936,0,125290,372,sub6,25,25,-82.0,0.5537749241945383,-83.0,-82.0,-82.0,-82.0,-82.0,-81.0,-81.0,-10.0,0.0,-10.0,-10.0,-10.0,-10.0,-10.0,-10.0,-10.0
40.4645,-86.9355,0,125290,372,sub6,6,6,-80.0,0.5163977794943223,-81.0,-81.0,-80.75,-80.0,-80.0,-80.0,-80.0,-10.0,0.0,-10.0,-10.0,-10.0,-10.0,-10.0,-10.0,-10.0
40.4645,-86.935,0,125290,17,sub6,60,16,-107.5,16.611115756223803,-136.0,-134.0,-125.75,-107.5,-97.75,-91.5,-91.0,-26.5,7.3322915926741485,-38.0,-37.5,-33.75,-26.5,-20.0,-20.0,-19.0
40.4645,-86.935,0,125290,372,sub6,60,44,-79.0,1.1194513153135757,-83.0,-81.0,-80.0,-79.0,-79.0,-79.0,-78.0,-10.0,0.0,-10.0,-10.0,-10.0,-10.0,-10.0,-10.0,-10.0
40.4645,-86.9345,0,125290,17,sub6,34,3,-113.0,4.358898943540674,-120.0,-118.6,-116.5,-113.0,-112.5,-112.2,-112.0,-18.0,3.7859388972001824,-24.0,-22.8,-21.0,-18.0,-17.5,-17.2,-17.0
40.4645,-86.9345,0,125290,372,sub6,34,31,-93.0,2.011258633374281,-95.0,-94.0,-94.0,-93.0,-92.0,-90.0,-86.0,-10.0,0.0,-10.0,-10.0,-10.0,-10.0,-10.0,-10.0,-10.0
40.4645,-86.9325,0,125290,17,sub6,54,23,-128.0,7.733710408325481,-138.0,-135.8,-133.5,-128.0,-120.5,-116.2,-112.0,-32.0,5.332056830110281,-39.0,-37.8,-35.5,-32.0,-27.5,-23.2,-22.0
40.4645,-86.9325,0,125290,372,sub6,54,31,-94.0,2.9252331953729493,-99.0,-98.0,-95.5,-94.0,-92.0,-90.0,-89.0,-10.0,0.0,-10.0,-10.0,-10.0,-10.0,-10.0,-10.0,-10.0
40.4645,-86.9155,0,66736,47,lte,36,6,-100.0,1.9407902170679514,-103.0,-101.5,-100.0,-100.0,-99.25,-98.0,-97.0,-13.5,1.4719601443879744,-15.0,-14.5,-14.0,-13.5,-12.25,-11.5,-11.0
40.4645,-86.9155,0,66736,393,lte,36,6,-98.0,0.8366600265340756,-98.0,-98.0,-98.0,-98.0,-97.25,-96.5,-96.0,-15.0,0.7527726527090811,-16.0,-16.0,-15.75,-15.0,-15.0,-14.5,-14.0
40.4645,-86.9155,0,125290,359,sub6,36,7,-115.0,2.563479777846623,-119.0,-118.4,-117.0,-115.0,-113.5,-112.6,-112.0,-15.0,2.878491668515698,-21.0,-19.8,-18.5,-15.0,-14.0,-14.0,-14.0
40.4645,-86.9155,0,125290,372,sub6,36,7,-116.0,2.23606797749979,-117.0,-117.0,-116.5,-116.0,-114.0,-112.2,-111.0,-17.0,1.2909944487358056,-19.0,-18.4,-17.5,-17.0,-16.5,-15.6,-15.0
40.4645,-86.9155,0,125290,403,sub6,36,3,-118.0,0.5773502691896257,-119.0,-118.8,-118.5,-118.0,-118.0,-118.0,-118.0,-19.0,0.0,-19.0,-19.0,-19.0,-19.0,-19.0,-19.0,-19.0
40.4645,-86.9155,0,125290,479,sub6,36,7,-119.0,3.38765264987284,-127.0,-123.4,-120.0,-119.0,-118.0,-117.6,-117.0,-20.0,3.338091841585121,-28.0,-25.0,-21.5,-20.0,-19.0,-19.0,-19.0
40.4645,-86.915,0,1001,50,lte,3350,52,-87.5,3.1460190554788277,-95.0,-93.0,-90.0,-87.5,-86.0,-85.0,-83.0,-9.0,0.46075222121161036,-10.0,-9.0,-9.0,-9.0,-9.0,-8.0,-8.0
40.4645,-86.915,0,1001,408,lte,3350,52,-98.0,4.259316821843449,-108.0,-105.0,-100.5,-98.0,-96.0,-94.1,-91.0,-19.0,1.1547005383792515,-21.0,-20.0,-20.0,-19.0,-18.0,-18.0,-16.0
40.4645,-86.915,0,66736,47,lte,3350,547,-103.0,5.463325153321903,-114.0,-110.0,-109.0,-103.0,-98.0,-96.0,-93.0,-16.0,1.981946698588766,-21.0,-18.0,-17.0,-16.0,-14.0,-13.0,-8.0
40.4645,-86.915,0,66736,51,lte,3350,8,-114.0,1.5979898086569353,-116.0,-114.6,-114.0,-114.0,-112.0,-111.7,-111.0,-22.5,1.5811388300841898,-24.0,-24.0,-23.25,-22.5,-21.5,-20.0,-20.0
40.4645,-86.915,0,66736,118,lte,3350,16,-101.0,2.1437894797142123,-106.0,-103.5,-102.0,-101.0,-99.75,-98.5,-98.0,-20.0,0.5773502691896257,-21.0,-20.0,-20.0,-20.0,-19.0,-19.0,-19.0
40.4645,-86.915,0,66736,182,lte,3350,15,-109.0,3.609511245109429,-112.0,-110.6,-110.0,-109.0,-108.0,-102.4,-99.0,-21.0,0.50709255283711,-21.0,-21.0,-21.0,-21.0,-20.0,-20.0,-20.0
40.4645,-86.915,0,66736,304,lte,3350,158,-111.0,2.7524955144162178,-117.0,-114.0,-113.0,-111.0,-109.0,-108.0,-100.0,-19.0,1.2187891816296363,-21.0,-20.0,-19.0,-19.0,-18.0,-17.0,-14.0
40.4645,-86.915,0,66736,393,lte,3350,547,-101.0,3.8918745560269987,-107.0,-105.0,-104.0,-101.0,-97.0,-95.0,-89.0,-14.0,0.7810382143580418,-17.0,-15.0,-15.0,-14.0,-14.0,-13.0,-12.0
40.4645,-86.915,0,66736,398,lte,3350,46,-108.0,3.850654000541214,-116.0,-114.5,-111.0,-108.0,-106.25,-104.5,-101.0,-20.0,1.2510864843424485,-22.0,-21.0,-21.0,-20.0,-19.0,-18.0,-16.0
40.4645,-86.915,0,66736,408,lte,3350,71,-114.0,3.563677706072273,-120.0,-118.0,-116.0,-114.0,-113.0,-110.0,-104.0,-22.0,1.642616551362141,-26.0,-24.0,-23.0,-22.0,-21.0,-20.0,-18.0
40.4645,-86.915,0,66736,443,lte,3350,8,-115.5,2.5634797778466227,-117.0,-117.0,-116.25,-115.5,-112.75,-111.4,-110.0,-20.0,0.9258200997725514,-21.0,-21.0,-21.0,-20.0,-19.0,-19.0,-19.0
40.4645,-86.915,0,125290,53,sub6,3350,19,-118.0,6.394442031083626,-134.0,-130.2,-125.0,-118.0,-116.0,-116.0,-113.0,-22.0,5.640289486992314,-34.0,-31.2,-28.0,-22.0,-19.5,-17.0,-17.0
40.4645,-86.915,0,125290,121,sub6,3350,293,-117.0,6.605136085850868,-136.0,-126.0,-121.0,-117.0,-112.0,-108.0,-106.0,-18.0,4.972308657211435,-36.0,-27.0,-22.0,-18.0,-16.0,-15.0,-13.0
40.4645,-86.915,0,125290,250,sub6,3350,60,-115.0,4.094194594609675,-130.0,-122.1,-119.0,-115.0,-114.0,-113.0,-110.0,-19.0,3.5724542514259126,-31.0,-25.1,-22.0,-19.0,-17.75,-16.9,-15.0
40.4645,-86.915,0,125290,359,sub6,3350,382,-113.0,6.278816297688786,-135.0,-125.0,-117.0,-113.0,-111.0,-109.0,-104.0,-16.0,4.4300223374021135,-34.0,-25.0,-19.0,-16.0,-15.0,-14.0,-13.0
40.4645,-86.915,0,125290,372,sub6,3350,552,-111.0,3.3770868223152255,-125.0,-114.0,-113.0,-111.0,-108.0,-106.0,-102.0,-13.0,2.7667691103766496,-28.0,-18.0,-16.0,-13.0,-12.0,-11.0,-10.0
40.4645,-86.915,0,125290,403,sub6,3350,311,-118.0,5.331504025385326,-136.0,-126.0,-121.0,-118.0,-115.0,-112.0,-108.0,-19.0,4.589946306298114,-36.0,-26.0,-23.0,-19.0,-17.0,-15.0,-13.0
40.4645,-86.915,0,125290,479,sub6,3350,206,-114.0,5.0051264271485145,-136.0,-122.0,-117.0,-114.0,-112.0,-110.0,-108.0,-18.0,3.991050846291501,-36.0,-24.0,-20.0,-18.0,-16.0,-15.0,-14.0
40.4645,-86.915,0,520110,10,sub6,3350,5,-116.0,1.7320508075688772,-116.0,-116.0,-116.0,-116.0,-115.0,-113.2,-112.0,-13.0,0.4472135954999579,-13.0,-13.0,-13.0,-13.0,-13.0,-12.4,-12.0
40.4645,-86.915,0,520110,147,sub6,3350,2,-116.5,3.5355339059327378,-119.0,-118.5,-117.75,-116.5,-115.25,-114.5,-114.0,-15.5,0.7071067811865476,-16.0,-15.9,-15.75,-15.5,-15.25,-15.1,-15.0
40.465,-86.937,0,125290,372,sub6,13,13,-84.0,0.3755338080994055,-84.0,-84.0,-84.0,-84.0,-84.0,-83.2,-83.0,-10.0,0.0,-10.0,-10.0,-10.0,-10.0,-10.0,-10.0,-10.0
40.465,-86.9365,0,125290,372,sub6,32,32,-82.0,1.8216883342374386,-83.0,-82.0,-82.0,-82.0,-79.75,-78.0,-77.0,-10.0,0.0,-10.0,-10.0,-10.0,-10.0,-10.0,-10.0,-10.0
40.465,-86.936,0,125290,372,sub6,37,37,-82.0,1.1041826022987409,-84.0,-83.0,-83.0,-82.0,-81.0,-81.0,-80.0,-10.0,0.0,-10.0,-10.0,-10.0,-10.0,-10.0,-10.0,-10.0
40.465,-86.9355,0,125290,372,sub6,38,38,-81.0,0.6788828577642431,-82.0,-82.0,-81.0,-81.0,-80.0,-80.0,-80.0,-10.0,0.0,-10.0,-10.0,-10.0,-10.0,-10.0,-10.0,-10.0
40.465,-86.9325,0,125290,372,sub6,25,25,-97.0,1.8484227510682367,-99.0,-98.6,-98.0,-97.0,-95.0,-94.0,-93.0,-10.0,0.0,-10.0,-10.0,-10.0,-10.0,-10.0,-10.0,-10.0
40.465,-86.932,0,125290,372,sub6,6,6,-99.0,1.760681686165901,-102.0,-101.5,-100.5,-99.0,-99.0,-98.0,-97.0,-10.0,0.0,-10.0,-10.0,-10.0,-10.0,-10.0,-10.0,-10.0
40.465,-86.915,0,1001,50,lte,8528,203,-91.0,4.624135263229658,-109.0,-99.0,-95.0,-91.0,-90.0,-89.0,-87.0,-9.0,0.9053645255682594,-12.0,-10.0,-9.0,-9.0,-8.0,-8.0,-7.0
40.465,-86.915,0,1001,63,lte,8528,1,-108.0,nan,-108.0,-108.0,-108.0,-108.0,-108.0,-108.0,-108.0,-20.0,nan,-20.0,-20.0,-20.0,-20.0,-20.0,-20.0,-20.0
40.465,-86.915,0,1001,191,lte,8528,64,-103.0,3.6509403007122807,-113.0,-107.7,-104.25,-103.0,-100.0,-99.0,-95.0,-19.0,1.5084911782707364,-23.0,-21.0,-20.0,-19.0,-19.0,-17.0,-16.0
40.465,-86.915,0,1001,240,lte,8528,40,-105.0,3.9013475646900293,-112.0,-109.0,-107.0,-105.0,-101.0,-99.0,-97.0,-21.0,1.214231845389905,-23.0,-22.1,-21.25,-21.0,-20.0,-19.0,-19.0
40.465,-86.915,0,1001,284,lte,8528,120,-103.0,3.890653527872867,-113.0,-109.1,-106.0,-103.0,-101.0,-99.0,-94.0,-19.0,1.2502100663824594,-22.0,-21.0,-20.0,-19.0,-18.0,-17.89999999999999,-16.0
40.465,-86.915,0,1001,397,lte,8528,2,-112.0,4.242640687119285,-115.0,-114.4,-113.5,-112.0,-110.5,-109.6,-109.0,-20.5,0.7071067811865476,-21.0,-20.9,-20.75,-20.5,-20.25,-20.1,-20.0
40.465,-86.915,0,1001,408,lte,8528,204,-103.0,4.337236983363941,-117.0,-110.7,-107.0,-103.0,-101.0,-99.0,-95.0,-19.0,1.6649972320892517,-24.0,-21.0,-20.0,-19.0,-18.0,-17.0,-14.0
40.465,-86.915,0,1001,414,lte,8528,88,-104.0,3.5749732372163234,-114.0,-109.3,-107.0,-104.0,-101.75,-100.0,-98.0,-21.0,1.4605577154379734,-24.0,-23.0,-22.0,-21.0,-20.0,-19.0,-18.0
40.465,-86.915,0,66736,47,lte,8528,1285,-106.0,4.61079823284564,-117.0,-111.0,-109.0,-106.0,-102.0,-99.0,-92.0,-16.0,2.1985711645066024,-21.0,-18.0,-17.0,-16.0,-15.0,-13.0,-9.0
40.465,-86.915,0,66736,51,lte,8528,9,-114.0,2.006932429798716,-118.0,-117.2,-116.0,-114.0,-113.0,-112.8,-112.0,-21.0,1.0,-22.0,-22.0,-22.0,-21.0,-21.0,-19.8,-19.0
40.465,-86.915,0,66736,118,lte,8528,15,-111.0,4.3237990350197935,-115.0,-113.0,-113.0,-111.0,-104.5,-103.0,-103.0,-20.0,0.6761234037828132,-22.0,-21.0,-20.0,-20.0,-20.0,-20.0,-19.0
40.465,-86.915,0,66736,120,lte,8528,8,-114.5,1.8468119248354136,-118.0,-116.6,-115.25,-114.5,-113.75,-112.7,-112.0,-21.0,1.6035674514745464,-22.0,-22.0,-21.25,-21.0,-20.0,-19.1,-17.0
40.465,-86.915,0,66736,182,lte,8528,31,-111.0,4.0206456444020855,-115.0,-113.0,-113.0,-111.0,-109.0,-102.0,-101.0,-20.0,0.9447079539622654,-21.0,-21.0,-20.0,-20.0,-19.0,-19.0,-18.0
40.465,-86.915,0,66736,304,lte,8528,58,-111.0,2.581051526267196,-117.0,-114.0,-113.0,-111.0,-110.0,-108.0,-104.0,-19.0,0.7748699713334426,-21.0,-20.0,-20.0,-19.0,-19.0,-18.699999999999996,-18.0
40.465,-86.915,0,66736,334,lte,8528,101,-112.0,2.678295601074063,-120.0,-117.0,-114.0,-112.0,-111.0,-109.0,-107.0,-20.0,0.8048122590251886,-21.0,-21.0,-20.0,-20.0,-19.0,-19.0,-18.0
40.465,-86.915,0,66736,393,lte,8528,1285,-103.0,3.079126092180235,-112.0,-106.0,-104.0,-103.0,-100.0,-98.0,-93.0,-14.0,1.025146569130273,-18.0,-15.0,-15.0,-14.0,-14.0,-13.0,-10.0
40.465,-86.915,0,66736,398,lte,8528,232,-109.0,3.3237509677465846,-121.0,-113.9,-111.0,-109.0,-108.0,-106.0,-100.0,-20.0,0.7828967381350324,-22.0,-21.0,-21.0,-20.0,-20.0,-19.0,-16.0
40.465,-86.915,0,66736,408,lte,8528,6,-117.0,1.6431676725154984,-118.0,-118.0,-117.75,-117.0,-115.5,-114.5,-114.0,-24.0,1.2110601416389968,-24.0,-24.0,-24.0,-24.0,-23.25,-22.0,-21.0
40.465,-86.915,0,125290,53,sub6,8528,75,-120.0,6.340261738991454,-137.0,-128.0,-125.0,-120.0,-116.0,-112.0,-111.0,-22.0,5.003710335053091,-37.0,-30.0,-26.5,-22.0,-19.0,-18.0,-17.0
40.465,-86.915,0,125290,121,sub6,8528,966,-115.0,4.920982375489577,-135.0,-122.0,-118.0,-115.0,-112.0,-110.0,-107.0,-17.0,3.968039886664969,-36.0,-23.0,-19.0,-17.0,-15.0,-14.0,-12.0
40.465,-86.915,0,125290,250,sub6,8528,113,-117.0,5.527900157537825,-137.0,-125.0,-121.0,-117.0,-114.0,-112.0,-108.0,-20.0,4.567031308015573,-37.0,-27.0,-24.0,-20.0,-18.0,-17.0,-15.0
40.465,-86.915,0,125290,359,sub6,8528,890,-113.0,6.4534778842589064,-139.0,-124.0,-118.75,-113.0,-110.0,-108.0,-105.0,-16.0,4.558903909755226,-39.0,-24.0,-19.0,-16.0,-15.0,-14.0,-12.0
40.465,-86.915,0,125290,372,sub6,8528,1241,-111.0,3.7248165770143595,-136.0,-116.0,-114.0,-111.0,-109.0,-107.0,-102.0,-14.0,3.128709853751867,-36.0,-18.0,-17.0,-14.0,-12.0,-11.0,-10.0
40.465,-86.915,0,125290,403,sub6,8528,595,-118.0,5.4068745597508325,-137.0,-127.0,-122.0,-118.0,-115.0,-114.0,-104.0,-19.0,4.66807173900956,-37.0,-27.0,-23.0,-19.0,-17.0,-15.0,-14.0
40.465,-86.915,0,125290,479,sub6,8528,545,-114.0,4.626929812814805,-137.0,-120.0,-116.0,-114.0,-112.0,-110.0,-104.0,-18.0,3.555783770015306,-37.0,-23.0,-20.0,-18.0,-16.0,-15.0,-13.0
40.465,-86.915,0,520110,10,sub6,8528,26,-122.0,7.227724399837061,-137.0,-136.5,-130.75,-122.0,-120.0,-118.0,-117.0,-17.0,8.668333173107735,-36.0,-36.0,-28.0,-17.0,-15.0,-14.0,-14.0
40.465,-86.915,0,520110,98,sub6,8528,53,-121.0,6.546140799081038,-138.0,-137.0,-125.0,-121.0,-120.0,-120.0,-117.0,-18.0,7.4640405482714876,-37.0,-36.0,-21.0,-18.0,-17.0,-16.199999999999996,-16.0
40.465,-86.915,0,520110,147,sub6,8528,29,-120.0,6.737513537645079,-138.0,-137.0,-122.0,-120.0,-118.0,-117.0,-117.0,-17.0,7.628052970334345,-37.0,-36.0,-18.0,-17.0,-16.0,-14.0,-14.0
40.465,-86.915,0,520110,515,sub6,8528,90,-114.0,4.138066638614942,-136.0,-117.0,-116.0,-114.0,-111.25,-108.0,-105.0,-13.0,2.938591278875683,-36.0,-15.0,-14.0,-13.0,-12.0,-11.0,-10.0
40.465,-86.915,0,520110,685,sub6,8528,82,-116.0,5.745584691810558,-137.0,-123.0,-121.0,-116.0,-113.0,-110.0,-107.0,-15.0,4.468131324263445,-36.0,-19.0,-17.0,-15.0,-13.0,-12.0,-11.0
40.465,-86.915,0,520110,698,sub6,8528,3,-125.0,6.928203230275509,-137.0,-134.6,-131.0,-125.0,-125.0,-125.0,-125.0,-18.0,10.392304845413264,-36.0,-32.4,-27.0,-18.0,-18.0,-18.0,-18.0
40.465,-86.915,0,520110,704,sub6,8528,44,-120.0,4.906041061857742,-137.0,-124.4,-122.0,-120.0,-118.75,-117.0,-113.0,-16.0,5.646567181060769,-37.0,-21.1,-18.0,-16.0,-15.0,-13.0,-12.0
40.465,-86.915,0,520110,838,sub6,8528,24,-121.0,5.038798741130983,-137.0,-124.0,-123.0,-121.0,-120.0,-118.0,-116.0,-16.0,5.881529673847427,-36.0,-18.7,-18.0,-16.0,-15.0,-14.0,-13.0
40.4655,-86.939,0,125290,372,sub6,12,12,-98.0,1.2792042981336627,-100.0,-99.9,-99.0,-98.0,-97.0,-97.0,-96.0,-10.0,0.0,-10.0,-10.0,-10.0,-10.0,-10.0,-10.0,-10.0
40.4655,-86.9385,0,125290,121,sub6,14,1,-105.0,nan,-105.0,-105.0,-105.0,-105.0,-105.0,-105.0,-105.0,-12.0,nan,-12.0,-12.0,-12.0,-12.0,-12.0,-12.0,-12.0
40.4655,-86.9385,0,125290,372,sub6,14,13,-99.0,0.7679476477883046,-101.0,-100.8,-100.0,-99.0,-99.0,-99.0,-99.0,-10.0,0.3755338080994054,-11.0,-10.8,-10.0,-10.0,-10.0,-10.0,-10.0
40.4655,-86.938,0,125290,121,sub6,38,19,-117.0,10.636470416636179,-136.0,-131.0,-125.0,-117.0,-106.0,-105.0,-105.0,-26.0,8.283005923848112,-38.0,-34.6,-31.5,-26.0,-17.5,-14.0,-13.0
40.4655,-86.938,0,125290,372,sub6,38,19,-94.0,3.229071164405535,-101.0,-99.2,-98.5,-94.0,-92.5,-92.0,-91.0,-10.0,0.0,-10.0,-10.0,-10.0,-10.0,-10.0,-10.0,-10.0
40.4655,-86.9375,0,125290,17,sub6,41,10,-119.0,10.111050060865752,-133.0,-130.3,-125.75,-119.0,-110.75,-107.4,-102.0,-28.0,6.425643072011462,-36.0,-34.2,-31.25,-28.0,-21.5,-20.5,-16.0
40.4655,-86.9375,0,125290,372,sub6,41,31,-89.0,2.3458955233453196,-94.0,-93.0,-91.5,-89.0,-87.5,-87.0,-86.0,-10.0,0.0,-10.0,-10.0,-10.0,-10.0,-10.0,-10.0,-10.0
40.4655,-86.937,0,125290,17,sub6,47,16,-121.5,10.201102881551583,-133.0,-130.5,-125.25,-121.5,-112.75,-104.5,-100.0,-30.0,4.682858813445764,-36.0,-35.0,-32.25,-30.0,-26.0,-22.5,-21.0
40.4655,-86.937,0,125290,372,sub6,47,31,-86.0,1.6675266598439502,-91.0,-88.0,-86.0,-86.0,-84.5,-84.0,-84.0,-10.0,0.0,-10.0,-10.0,-10.0,-10.0,-10.0,-10.0,-10.0
40.4655,-86.9365,0,125290,372,sub6,6,6,-83.0,0.408248290463863,-84.0,-83.5,-83.0,-83.0,-83.0,-83.0,-83.0,-10.0,0.0,-10.0,-10.0,-10.0,-10.0,-10.0,-10.0,-10.0
40.4655,-86.932,0,125290,372,sub6,32,32,-101.0,0.9327162898863485,-103.0,-102.0,-102.0,-101.0,-100.0,-100.0,-100.0,-10.0,0.0,-10.0,-10.0,-10.0,-10.0,-10.0,-10.0,-10.0
40.4655,-86.915,0,1001,50,lte,12981,190,-101.0,3.9177139146322815,-110.0,-106.0,-104.0,-101.0,-99.0,-96.0,-91.0,-11.0,1.1202299163302973,-13.0,-12.0,-11.0,-11.0,-10.0,-9.0,-7.0
40.4655,-86.915,0,1001,240,lte,12981,28,-109.5,3.157882553582736,-116.0,-113.0,-112.0,-109.5,-108.0,-106.4,-102.0,-20.0,1.0659471779799348,-22.0,-21.0,-20.25,-20.0,-19.0,-19.0,-17.0
40.4655,-86.915,0,1001,284,lte,12981,28,-112.0,2.5489908782407396,-118.0,-113.0,-112.25,-112.0,-110.0,-108.4,-105.0,-20.0,1.0202966681339753,-22.0,-21.0,-20.0,-20.0,-19.0,-18.7,-18.0
40.4655,-86.915,0,1001,397,lte,12981,77,-113.0,3.644488530743058,-118.0,-116.4,-115.0,-113.0,-110.0,-108.0,-101.0,-20.0,1.0406961758443005,-22.0,-22.0,-21.0,-20.0,-19.0,-19.0,-18.0
40.4655,-86.915,0,1001,408,lte,12981,189,-109.0,3.1175874599464577,-118.0,-112.0,-111.0,-109.0,-108.0,-105.79999999999998,-99.0,-18.0,2.2547933856016145,-30.0,-20.0,-19.0,-18.0,-16.0,-15.0,-13.0
40.4655,-86.915,0,1001,414,lte,12981,24,-111.0,3.8105022682360237,-119.0,-115.7,-112.25,-111.0,-108.0,-107.0,-103.0,-20.0,1.203858530857692,-24.0,-21.7,-21.0,-20.0,-20.0,-19.0,-18.0
40.4655,-86.915,0,1001,448,lte,12981,13,-110.0,2.640901167094099,-113.0,-111.8,-111.0,-110.0,-108.0,-106.4,-103.0,-20.0,1.3913653136029502,-23.0,-22.8,-21.0,-20.0,-20.0,-19.0,-19.0
40.4655,-86.915,0,66736,47,lte,12981,1681,-105.0,4.882398032075078,-116.0,-111.0,-109.0,-105.0,-101.0,-98.0,-93.0,-16.0,2.0241917048578513,-21.0,-18.0,-17.0,-16.0,-14.0,-13.0,-9.0
40.4655,-86.915,0,66736,118,lte,12981,7,-108.0,3.9036002917941324,-117.0,-114.0,-111.5,-108.0,-107.0,-106.6,-106.0,-22.0,1.2535663410560174,-24.0,-22.8,-22.0,-22.0,-21.0,-20.6,-20.0
40.4655,-86.915,0,66736,161,lte,12981,8,-112.0,3.4226138716316967,-117.0,-117.0,-114.75,-112.0,-110.75,-109.1,-107.0,-19.0,1.1952286093343936,-22.0,-20.6,-20.0,-19.0,-19.0,-18.7,-18.0
40.4655,-86.915,0,66736,182,lte,12981,38,-110.5,3.0714581077297995,-117.0,-115.0,-113.0,-110.5,-109.0,-107.0,-105.0,-20.0,0.819395051459074,-21.0,-20.0,-20.0,-20.0,-19.0,-19.0,-17.0
40.4655,-86.915,0,66736,186,lte,12981,15,-112.0,1.780850519113991,-115.0,-114.6,-113.0,-112.0,-111.0,-110.0,-109.0,-20.0,0.5163977794943223,-21.0,-21.0,-21.0,-20.0,-20.0,-20.0,-20.0
40.4655,-86.915,0,66736,210,lte,12981,8,-116.0,2.5634797778466227,-122.0,-118.5,-117.0,-116.0,-115.75,-114.4,-113.0,-23.0,1.5811388300841898,-24.0,-23.3,-23.0,-23.0,-21.75,-20.4,-19.0
40.4655,-86.915,0,66736,304,lte,12981,8,-113.0,2.948970764763288,-117.0,-115.6,-115.0,-113.0,-110.75,-109.7,-109.0,-20.0,0.8345229603962802,-21.0,-21.0,-20.25,-20.0,-19.0,-19.0,-19.0
40.4655,-86.915,0,66736,334,lte,12981,237,-113.0,3.8026148706000416,-119.0,-116.0,-115.0,-113.0,-110.0,-106.6,-101.0,-20.0,0.90802047333983,-22.0,-21.0,-20.0,-20.0,-19.0,-19.0,-17.0
40.4655,-86.915,0,66736,393,lte,12981,1680,-101.0,3.8804268540768123,-111.0,-106.0,-104.0,-101.0,-98.0,-95.0,-89.0,-14.0,0.9640608965093687,-17.0,-15.0,-15.0,-14.0,-14.0,-13.0,-11.0
40.4655,-86.915,0,66736,398,lte,12981,70,-110.0,3.354827182498473,-118.0,-114.0,-113.0,-110.0,-108.0,-106.0,-102.0,-20.0,1.0211023961972021,-22.0,-21.0,-21.0,-20.0,-20.0,-19.0,-17.0
40.4655,-86.915,0,125290,53,sub6,12981,142,-118.0,6.429026705278577,-137.0,-129.8,-122.0,-118.0,-115.0,-114.0,-111.0,-19.0,5.6847736703538585,-37.0,-30.799999999999997,-23.0,-19.0,-18.0,-17.0,-14.0
40.4655,-86.915,0,125290,121,sub6,12981,1536,-114.0,4.955217776020592,-140.0,-119.0,-117.0,-114.0,-112.0,-109.0,-101.0,-16.0,3.7177201843152767,-40.0,-20.0,-17.0,-16.0,-14.0,-13.0,-11.0
40.4655,-86.915,0,125290,250,sub6,12981,388,-116.0,5.57152311210795,-137.0,-123.3,-119.0,-116.0,-114.0,-111.0,-105.0,-19.0,4.4044566209332405,-37.0,-25.0,-21.0,-19.0,-17.0,-16.0,-14.0
40.4655,-86.915,0,125290,319,sub6,12981,6,-122.0,8.712060605849802,-137.0,-136.5,-132.5,-122.0,-119.0,-118.0,-118.0,-20.0,9.048020041239225,-37.0,-37.0,-32.75,-20.0,-19.25,-19.0,-19.0
40.4655,-86.915,0,125290,359,sub6,12981,1340,-114.0,5.4749569445972925,-140.0,-122.0,-117.0,-114.0,-112.0,-110.0,-104.0,-17.0,4.32769087348628,-40.0,-22.0,-18.0,-17.0,-15.0,-14.0,-12.0
40.4655,-86.915,0,125290,372,sub6,12981,1563,-113.0,4.002362592111807,-137.0,-118.0,-116.0,-113.0,-111.0,-109.0,-102.0,-15.0,3.4096624269486178,-37.0,-19.0,-17.0,-15.0,-13.0,-12.0,-10.0
40.4655,-86.915,0,125290,403,sub6,12981,527,-119.0,6.005783005861562,-140.0,-129.0,-123.0,-119.0,-116.0,-114.0,-109.0,-19.0,5.523175294025431,-40.0,-28.0,-23.0,-19.0,-17.0,-16.0,-14.0
40.4655,-86.915,0,125290,479,sub6,12981,1033,-114.0,4.7445937808107415,-140.0,-120.0,-117.0,-114.0,-112.0,-111.0,-102.0,-17.0,3.5522346336265316,-40.0,-22.0,-19.0,-17.0,-16.0,-15.0,-12.0
40.4655,-86.915,0,125290,483,sub6,12981,6,-122.5,3.5023801430836525,-125.0,-124.5,-123.75,-122.5,-118.25,-117.0,-117.0,-24.0,2.949576240750525,-27.0,-26.5,-25.5,-24.0,-21.0,-20.0,-20.0
40.4655,-86.915,0,125290,793,sub6,12981,6,-115.0,0.0,-115.0,-115.0,-115.0,-115.0,-115.0,-115.0,-115.0,-18.0,0.5163977794943222,-19.0,-19.0,-18.75,-18.0,-18.0,-18.0,-18.0
40.4655,-86.915,0,520110,10,sub6,12981,82,-122.0,6.620310831628474,-139.0,-137.0,-124.0,-122.0,-120.0,-119.0,-117.0,-17.0,7.863762037824764,-38.0,-36.0,-19.75,-17.0,-16.0,-15.0,-15.0
40.4655,-86.915,0,520110,98,sub6,12981,312,-121.0,6.221009108203158,-138.0,-137.0,-123.0,-121.0,-119.0,-117.0,-111.0,-17.0,6.921487516912852,-37.0,-36.0,-19.0,-17.0,-15.0,-14.0,-12.0
40.4655,-86.915,0,520110,147,sub6,12981,60,-123.0,6.05014357582823,-137.0,-137.0,-125.0,-123.0,-121.0,-120.0,-119.0,-18.0,7.487164157319116,-37.0,-36.0,-20.0,-18.0,-16.75,-16.0,-15.0
40.4655,-86.915,0,520110,201,sub6,12981,3,-120.0,9.814954576223638,-137.0,-133.6,-128.5,-120.0,-120.0,-120.0,-120.0,-18.0,10.392304845413264,-36.0,-32.4,-27.0,-18.0,-18.0,-18.0,-18.0
40.4655,-86.915,0,520110,472,sub6,12981,44,-123.0,7.6935216150627435,-138.0,-137.0,-136.0,-123.0,-120.0,-118.0,-117.0,-17.5,8.908122763118541,-37.0,-36.0,-36.0,-17.5,-16.0,-16.0,-15.0
40.4655,-86.915,0,520110,515,sub6,12981,530,-113.0,3.161090892520109,-136.0,-116.0,-115.0,-113.0,-110.0,-108.0,-104.0,-13.0,1.7420740106624075,-36.0,-14.0,-14.0,-13.0,-12.0,-11.0,-10.0
40.4655,-86.915,0,520110,685,sub6,12981,464,-117.0,4.575500030465018,-138.0,-122.0,-119.0,-117.0,-115.0,-113.0,-108.0,-15.0,3.947972414360747,-37.0,-18.0,-16.0,-15.0,-14.0,-13.0,-11.0
40.4655,-86.915,0,520110,698,sub6,12981,36,-123.0,6.1913277802535776,-137.0,-137.0,-125.25,-123.0,-122.0,-121.0,-121.0,-18.0,7.902330377605417,-37.0,-36.0,-20.0,-18.0,-17.0,-17.0,-15.0
40.4655,-86.915,0,520110,704,sub6,12981,378,-121.0,5.324884891997178,-138.0,-128.0,-123.0,-121.0,-119.0,-118.0,-113.0,-16.0,6.139204966514159,-37.0,-25.0,-18.0,-16.0,-15.0,-14.0,-12.0
40.4655,-86.915,0,520110,768,sub6,12981,12,-125.5,6.2861078192432815,-138.0,-137.0,-128.75,-125.5,-123.0,-121.2,-121.0,-19.0,8.574097708514378,-37.0,-36.0,-23.25,-19.0,-17.0,-15.2,-15.0
40.4655,-86.915,0,520110,838,sub6,12981,212,-122.0,5.132057390124423,-138.0,-132.5,-124.0,-122.0,-120.0,-119.0,-116.0,-17.0,6.103872991164303,-37.0,-31.29999999999999,-18.0,-17.0,-16.0,-15.0,-13.0
40.466,-86.9415,0,125290,17,sub6,12,6,-124.5,3.669695718539436,-127.0,-127.0,-126.75,-124.5,-121.5,-119.5,-118.0,-29.0,1.9663841605003503,-32.0,-31.5,-30.75,-29.0,-28.0,-27.5,-27.0
40.466,-86.9415,0,125290,372,sub6,12,6,-95.0,0.7527726527090811,-96.0,-96.0,-95.75,-95.0,-95.0,-94.5,-94.0,-10.0,0.5163977794943223,-11.0,-11.0,-10.75,-10.0,-10.0,-10.0,-10.0
40.466,-86.941,0,125290,17,sub6,22,9,-123.0,3.032234233110042,-129.0,-125.8,-125.0,-123.0,-121.0,-119.8,-119.0,-29.0,2.1081851067789197,-33.0,-31.4,-30.0,-29.0,-28.0,-26.8,-26.0
40.466,-86.941,0,125290,372,sub6,22,13,-95.0,1.5063966175050878,-97.0,-96.0,-96.0,-95.0,-93.0,-93.0,-92.0,-10.0,0.37553380809940545,-11.0,-10.8,-10.0,-10.0,-10.0,-10.0,-10.0
40.466,-86.9405,0,125290,17,sub6,28,10,-120.0,6.811754546370561,-129.0,-125.4,-123.75,-120.0,-116.5,-108.9,-108.0,-27.0,4.550946177566937,-33.0,-30.3,-30.0,-27.0,-24.5,-19.9,-19.0
40.466,-86.9405,0,125290,372,sub6,28,18,-97.0,1.9478494929174643,-100.0,-99.0,-98.0,-97.0,-95.0,-94.7,-93.0,-10.0,0.0,-10.0,-10.0,-10.0,-10.0,-10.0,-10.0,-10.0
40.466,-86.94,0,125290,372,sub6,19,19,-100.0,1.1342617456312012,-102.0,-101.0,-100.5,-100.0,-99.0,-98.0,-98.0,-10.0,0.0,-10.0,-10.0,-10.0,-10.0,-10.0,-10.0,-10.0
40.466,-86.9395,0,125290,372,sub6,13,13,-98.0,1.0500305245868344,-101.0,-99.8,-99.0,-98.0,-98.0,-98.0,-97.0,-10.0,0.0,-10.0,-10.0,-10.0,-10.0,-10.0,-10.0,-10.0
40.466,-86.939,0,125290,372,sub6,6,6,-99.0,0.408248290463863,-100.0,-99.5,-99.0,-99.0,-99.0,-99.0,-99.0,-10.0,0.0,-10.0,-10.0,-10.0,-10.0,-10.0,-10.0,-10.0
40.466,-86.938,0,125290,121,sub6,33,8,-104.0,0.4629100498862757,-105.0,-105.0,-104.25,-104.0,-104.0,-104.0,-104.0,-18.0,0.5175491695067657,-18.0,-18.0,-18.0,-18.0,-17.0,-17.0,-17.0
40.466,-86.938,0,125290,372,sub6,33,25,-95.0,1.9087517736293877,-99.0,-97.6,-95.0,-95.0,-93.0,-92.4,-92.0,-10.0,0.27688746209726917,-11.0,-10.0,-10.0,-10.0,-10.0,-10.0,-10.0
40.466,-86.9375,0,125290,121,sub6,7,1,-104.0,nan,-104.0,-104.0,-104.0,-104.0,-104.0,-104.0,-104.0,-20.0,nan,-20.0,-20.0,-20.0,-20.0,-20.0,-20.0,-20.0
40.466,-86.9375,0,125290,372,sub6,7,6,-91.5,2.065591117977289,-94.0,-93.5,-92.75,-91.5,-89.5,-89.0,-89.0,-10.0,0.0,-10.0,-10.0,-10.0,-10.0,-10.0,-10.0,-10.0
40.466,-86.932,0,125290,372,sub6,31,31,-101.0,0.582910753234626,-103.0,-102.0,-101.0,-101.0,-101.0,-101.0,-100.0,-10.0,0.0,-10.0,-10.0,-10.0,-10.0,-10.0,-10.0,-10.0
40.466,-86.9155,0,1001,50,lte,1208,66,-101.0,2.1838568563966754,-104.0,-103.0,-103.0,-101.0,-100.0,-98.0,-96.0,-10.0,0.6731618328060899,-11.0,-11.0,-10.0,-10.0,-10.0,-9.0,-8.0
40.466,-86.9155,0,1001,284,lte,1208,9,-114.0,2.242270674512285,-116.0,-116.0,-115.0,-114.0,-112.0,-110.8,-110.0,-20.0,0.6009252125773316,-21.0,-20.2,-20.0,-20.0,-20.0,-19.0,-19.0
40.466,-86.9155,0,1001,397,lte,1208,47,-113.0,3.136281670976633,-119.0,-117.0,-115.0,-113.0,-110.0,-109.0,-107.0,-21.0,0.9535948829246386,-22.0,-22.0,-21.0,-21.0,-20.0,-20.0,-18.0
40.466,-86.9155,0,1001,408,lte,1208,66,-110.0,2.9311047902412666,-114.0,-113.0,-112.0,-110.0,-107.25,-105.5,-104.0,-17.0,1.4497809496143899,-19.0,-19.0,-18.0,-17.0,-16.0,-15.0,-14.0
40.466,-86.9155,0,1001,434,lte,1208,8,-110.0,1.0690449676496976,-112.0,-110.6,-110.0,-110.0,-110.0,-109.4,-108.0,-21.0,0.6408699444616557,-22.0,-21.3,-21.0,-21.0,-20.75,-20.0,-20.0
40.466,-86.9155,0,66736,47,lte,1208,58,-103.5,5.288758066642615,-115.0,-112.0,-109.0,-103.5,-101.0,-99.0,-93.0,-17.0,2.443555173814848,-23.0,-21.0,-19.75,-17.0,-16.0,-15.0,-14.0
40.466,-86.9155,0,66736,334,lte,1208,2,-112.0,1.4142135623730951,-113.0,-112.8,-112.5,-112.0,-111.5,-111.2,-111.0,-19.0,1.4142135623730951,-20.0,-19.8,-19.5,-19.0,-18.5,-18.2,-18.0
40.466,-86.9155,0,66736,393,lte,1208,57,-99.0,4.361916527109806,-110.0,-106.0,-103.0,-99.0,-96.0,-95.0,-93.0,-14.0,1.1617332138448897,-16.0,-15.0,-15.0,-14.0,-13.0,-12.0,-10.0
40.466,-86.9155,0,66736,398,lte,1208,10,-102.0,3.675746333890726,-108.0,-107.1,-104.0,-102.0,-99.5,-97.9,-97.0,-20.0,0.7888106377466155,-21.0,-21.0,-21.0,-20.0,-20.0,-19.0,-19.0
40.466,-86.9155,0,125290,53,sub6,1208,11,-121.0,6.928203230275509,-137.0,-136.0,-123.0,-121.0,-118.5,-118.0,-118.0,-21.0,6.943931294172042,-37.0,-37.0,-22.0,-21.0,-19.5,-18.0,-18.0
40.466,-86.9155,0,125290,121,sub6,1208,119,-113.0,3.6798414969302073,-124.0,-119.0,-117.0,-113.0,-111.0,-110.0,-108.0,-15.0,2.5510576469504995,-26.0,-18.299999999999997,-16.0,-15.0,-14.0,-13.0,-12.0
40.466,-86.9155,0,125290,250,sub6,1208,7,-115.0,1.9760470401187074,-118.0,-117.4,-116.5,-115.0,-114.5,-113.2,-112.0,-18.0,2.14919697074224,-22.0,-21.4,-19.5,-18.0,-17.5,-16.6,-16.0
40.466,-86.9155,0,125290,319,sub6,1208,12,-117.0,9.063747301834663,-136.0,-136.0,-122.5,-117.0,-116.25,-114.0,-114.0,-19.0,8.10676858986964,-37.0,-36.0,-23.25,-19.0,-18.0,-18.0,-18.0
40.466,-86.9155,0,125290,359,sub6,1208,86,-113.0,6.078701801789198,-138.0,-121.0,-116.0,-113.0,-112.0,-111.0,-110.0,-16.0,4.79078001868323,-37.0,-20.0,-18.0,-16.0,-15.0,-14.0,-13.0
40.466,-86.9155,0,125290,372,sub6,1208,126,-116.0,5.541577335477631,-137.0,-121.0,-119.0,-116.0,-113.0,-111.0,-109.0,-16.0,4.575684526810051,-37.0,-20.0,-18.0,-16.0,-15.0,-14.0,-13.0
40.466,-86.9155,0,125290,403,sub6,1208,15,-118.0,6.852180744287248,-136.0,-130.4,-122.0,-118.0,-116.0,-115.4,-114.0,-19.0,6.380774695464941,-37.0,-29.599999999999998,-20.0,-19.0,-18.0,-17.0,-17.0
40.466,-86.9155,0,125290,479,sub6,1208,40,-112.0,5.984970492397753,-136.0,-117.4,-115.0,-112.0,-111.0,-109.9,-108.0,-16.0,5.0278710384701775,-37.0,-19.4,-18.0,-16.0,-15.0,-14.899999999999999,-14.0
40.466,-86.9155,0,125290,793,sub6,1208,18,-117.0,7.860923460195934,-137.0,-136.0,-120.0,-117.0,-115.0,-114.0,-114.0,-17.5,7.6604834400935635,-37.0,-36.0,-20.5,-17.5,-15.25,-15.0,-14.0
40.466,-86.9155,0,520110,98,sub6,1208,82,-115.0,5.105408035355021,-138.0,-119.9,-117.0,-115.0,-112.0,-110.1,-107.0,-15.0,4.368414876178424,-37.0,-18.4,-15.0,-15.0,-13.0,-12.0,-11.0
40.466,-86.9155,0,520110,472,sub6,1208,72,-120.5,6.184943098102081,-137.0,-136.0,-123.25,-120.5,-118.0,-117.0,-114.0,-18.0,6.407827275390334,-37.0,-36.0,-20.0,-18.0,-17.0,-16.0,-15.0
40.466,-86.9155,0,520110,515,sub6,1208,91,-105.0,3.3348348266628323,-113.0,-111.0,-109.0,-105.0,-103.0,-103.0,-100.0,-11.0,0.7334410327095587,-14.0,-12.0,-12.0,-11.0,-11.0,-11.0,-10.0
40.466,-86.9155,0,520110,609,sub6,1208,5,-118.0,6.648308055437864,-132.0,-126.4,-118.0,-118.0,-117.0,-116.4,-116.0,-17.0,6.5038450166036395,-31.0,-25.4,-17.0,-17.0,-16.0,-16.0,-16.0
40.466,-86.9155,0,520110,685,sub6,1208,82,-113.0,3.810337134110266,-136.0,-116.9,-115.0,-113.0,-110.0,-109.1,-108.0,-17.0,2.649301227207129,-36.0,-19.0,-18.0,-17.0,-16.0,-15.0,-14.0
40.466,-86.9155,0,520110,704,sub6,1208,43,-123.0,6.041018886875263,-138.0,-137.0,-125.0,-123.0,-121.0,-119.0,-118.0,-18.0,7.0452579026412305,-37.0,-36.0,-22.0,-18.0,-17.0,-16.0,-15.0
40.466,-86.9155,0,520110,742,sub6,1208,1,-137.0,nan,-137.0,-137.0,-137.0,-137.0,-137.0,-137.0,-137.0,-37.0,nan,-37.0,-37.0,-37.0,-37.0,-37.0,-37.0,-37.0
40.466,-86.9155,0,520110,838,sub6,1208,75,-118.0,3.496458955175253,-137.0,-121.0,-120.0,-118.0,-116.0,-115.0,-114.0,-16.0,3.081651598830825,-36.0,-19.0,-17.0,-16.0,-15.0,-15.0,-14.0
40.466,-86.915,0,1001,50,lte,8836,388,-102.0,2.800775229189263,-108.0,-104.0,-103.0,-102.0,-100.0,-98.0,-88.0,-10.0,0.8513633308003443,-13.0,-11.0,-10.0,-10.0,-9.0,-9.0,-7.0
40.466,-86.915,0,1001,63,lte,8836,8,-114.5,1.9955307206712847,-117.0,-117.0,-116.25,-114.5,-113.5,-112.0,-112.0,-20.5,0.9910312089651149,-22.0,-22.0,-22.0,-20.5,-20.0,-20.0,-20.0
40.466,-86.915,0,1001,240,lte,8836,11,-113.0,3.4165373220158552,-122.0,-118.0,-113.0,-113.0,-111.5,-111.0,-111.0,-20.0,1.572490786213793,-24.0,-22.0,-21.0,-20.0,-20.0,-19.0,-18.0
40.466,-86.915,0,1001,284,lte,8836,43,-114.0,3.6341556772044377,-120.0,-117.0,-115.0,-114.0,-112.0,-111.19999999999999,-101.0,-20.0,0.7818540023963056,-22.0,-21.0,-21.0,-20.0,-20.0,-19.0,-19.0
40.466,-86.915,0,1001,294,lte,8836,16,-116.0,2.4460853078609777,-119.0,-117.5,-117.0,-116.0,-113.75,-112.0,-110.0,-20.5,0.7302967433402214,-22.0,-21.0,-21.0,-20.5,-20.0,-20.0,-19.0
40.466,-86.915,0,1001,397,lte,8836,263,-115.0,2.9159363533858307,-122.0,-118.0,-116.0,-115.0,-113.0,-111.0,-102.0,-21.0,0.8122970086177037,-22.0,-22.0,-21.0,-21.0,-20.0,-20.0,-18.0
40.466,-86.915,0,1001,408,lte,8836,382,-111.0,3.4996687102852477,-118.0,-115.0,-113.0,-111.0,-109.0,-107.0,-92.0,-17.0,1.7897329715921586,-22.0,-20.0,-19.0,-17.0,-16.0,-15.0,-12.0
40.466,-86.915,0,1001,414,lte,8836,8,-111.0,3.453776401067595,-116.0,-116.0,-114.5,-111.0,-110.0,-108.8,-106.0,-20.0,0.6408699444616557,-21.0,-21.0,-20.25,-20.0,-20.0,-19.7,-19.0
40.466,-86.915,0,2350,328,lte,8836,1,-102.0,nan,-102.0,-102.0,-102.0,-102.0,-102.0,-102.0,-102.0,-8.0,nan,-8.0,-8.0,-8.0,-8.0,-8.0,-8.0,-8.0
40.466,-86.915,0,66736,7,lte,8836,8,-108.5,1.6035674514745464,-110.0,-109.3,-109.0,-108.5,-107.0,-106.4,-105.0,-21.0,0.5175491695067657,-21.0,-21.0,-21.0,-21.0,-20.0,-20.0,-20.0
40.466,-86.915,0,66736,47,lte,8836,796,-107.0,5.738749827378741,-117.0,-113.0,-111.0,-107.0,-101.0,-98.0,-90.0,-17.0,2.6799367995615975,-25.0,-21.0,-19.0,-17.0,-15.0,-14.0,-10.0
40.466,-86.915,0,66736,161,lte,8836,8,-117.0,3.5355339059327378,-122.0,-120.6,-119.25,-117.0,-113.0,-113.0,-113.0,-20.5,1.1259916264596033,-21.0,-21.0,-21.0,-20.5,-19.75,-18.7,-18.0
40.466,-86.915,0,66736,248,lte,8836,13,-116.0,2.7827306272059005,-120.0,-118.8,-117.0,-116.0,-114.0,-114.0,-109.0,-20.0,0.8320502943378436,-22.0,-21.0,-21.0,-20.0,-20.0,-19.2,-19.0
40.466,-86.915,0,66736,293,lte,8836,8,-111.0,3.399054490379851,-116.0,-114.6,-112.5,-111.0,-109.0,-107.8,-105.0,-20.0,1.3562026818605375,-23.0,-21.6,-20.25,-20.0,-19.0,-19.0,-19.0
40.466,-86.915,0,66736,334,lte,8836,193,-112.0,4.613529046084715,-121.0,-116.0,-115.0,-112.0,-108.0,-104.0,-99.0,-20.0,0.962066581417925,-22.0,-21.0,-20.0,-20.0,-19.0,-19.0,-17.0
40.466,-86.915,0,66736,393,lte,8836,796,-102.0,5.00457156451548,-112.0,-108.0,-105.0,-102.0,-98.0,-94.0,-88.0,-14.0,1.170847682532744,-19.0,-15.0,-15.0,-14.0,-14.0,-13.0,-9.0
40.466,-86.915,0,66736,398,lte,8836,28,-107.0,5.471909990286659,-116.0,-115.0,-113.0,-107.0,-103.75,-99.7,-99.0,-20.0,0.9222413461394475,-22.0,-21.0,-20.25,-20.0,-19.75,-19.0,-18.0
40.466,-86.915,0,125290,53,sub6,8836,41,-117.0,8.086875847668848,-138.0,-136.0,-127.0,-117.0,-115.0,-115.0,-114.0,-19.0,7.029207359123856,-37.0,-36.0,-21.0,-19.0,-18.0,-17.0,-17.0
40.466,-86.915,0,125290,121,sub6,8836,909,-113.0,4.749854385594955,-137.0,-118.0,-116.0,-113.0,-111.0,-106.0,-101.0,-15.0,2.9887192068637836,-36.0,-18.0,-16.0,-15.0,-13.0,-12.0,-11.0
40.466,-86.915,0,125290,250,sub6,8836,218,-115.0,5.8286094785888585,-137.0,-122.3,-119.0,-115.0,-111.0,-109.0,-106.0,-18.0,4.641176941341183,-37.0,-26.0,-21.0,-18.0,-17.0,-16.0,-14.0
40.466,-86.915,0,125290,319,sub6,8836,27,-117.0,8.818686453731688,-137.0,-136.0,-129.0,-117.0,-116.0,-115.0,-114.0,-18.0,8.298559927246226,-37.0,-36.0,-28.0,-18.0,-17.0,-17.0,-16.0
40.466,-86.915,0,125290,333,sub6,8836,9,-122.0,4.272001872658765,-132.0,-129.6,-128.0,-122.0,-121.0,-120.8,-120.0,-22.0,4.226240777701989,-32.0,-28.8,-28.0,-22.0,-22.0,-20.6,-19.0
40.466,-86.915,0,125290,359,sub6,8836,715,-115.0,6.898457309249423,-140.0,-124.0,-119.0,-115.0,-112.0,-109.39999999999998,-103.0,-17.0,5.464781258660826,-40.0,-24.0,-19.0,-17.0,-15.0,-13.0,-11.0
40.466,-86.915,0,125290,372,sub6,8836,944,-115.0,4.524063663358834,-137.0,-120.0,-117.0,-115.0,-112.0,-110.0,-103.0,-16.0,3.584883721942032,-37.0,-20.0,-18.0,-16.0,-14.0,-13.0,-11.0
40.466,-86.915,0,125290,403,sub6,8836,175,-120.0,7.701909429939763,-138.0,-136.0,-124.0,-120.0,-115.0,-114.0,-111.0,-19.0,6.873317677432764,-37.0,-36.0,-22.0,-19.0,-18.0,-17.0,-14.0
40.466,-86.915,0,125290,479,sub6,8836,425,-112.0,5.848187630125995,-137.0,-120.0,-116.0,-112.0,-110.0,-108.0,-104.0,-17.0,4.511427099356479,-37.0,-22.0,-19.0,-17.0,-15.0,-14.0,-12.0
40.466,-86.915,0,125290,793,sub6,8836,20,-125.5,7.979579200091089,-136.0,-134.2,-129.25,-125.5,-117.25,-113.9,-113.0,-24.5,7.182581268890073,-37.0,-33.3,-29.0,-24.5,-19.0,-15.0,-15.0
40.466,-86.915,0,520110,10,sub6,8836,14,-122.0,7.489553163801335,-137.0,-137.0,-133.0,-122.0,-121.0,-118.89999999999999,-118.0,-17.0,9.291671799798184,-37.0,-36.0,-31.75,-17.0,-16.0,-15.299999999999999,-15.0
40.466,-86.915,0,520110,98,sub6,8836,301,-120.0,6.171997635877367,-138.0,-136.0,-122.0,-120.0,-118.0,-116.0,-110.0,-16.0,6.649482281947982,-37.0,-36.0,-18.0,-16.0,-15.0,-14.0,-12.0
40.466,-86.915,0,520110,147,sub6,8836,14,-122.5,6.848437697832908,-137.0,-135.8,-130.75,-122.5,-121.0,-118.6,-117.0,-18.0,7.994847241666498,-36.0,-34.8,-28.75,-18.0,-17.0,-15.599999999999998,-15.0
40.466,-86.915,0,520110,201,sub6,8836,8,-120.5,7.905694150420948,-137.0,-137.0,-125.0,-120.5,-119.75,-119.0,-119.0,-18.0,8.49789889998026,-36.0,-36.0,-22.5,-18.0,-17.75,-17.0,-17.0
40.466,-86.915,0,520110,472,sub6,8836,301,-120.0,6.820089534783136,-138.0,-137.0,-123.0,-120.0,-119.0,-117.0,-112.0,-17.0,7.507481687264153,-37.0,-36.0,-19.0,-17.0,-16.0,-15.0,-13.0
40.466,-86.915,0,520110,515,sub6,8836,498,-111.0,3.442015450917508,-117.0,-114.0,-113.0,-111.0,-108.0,-105.69999999999999,-99.0,-12.0,1.167336111117675,-16.0,-14.0,-13.0,-12.0,-11.0,-11.0,-10.0
40.466,-86.915,0,520110,536,sub6,8836,45,-121.0,6.870519660407096,-137.0,-136.6,-122.0,-121.0,-118.0,-117.0,-116.0,-16.0,7.795686452951228,-36.0,-36.0,-18.0,-16.0,-15.0,-15.0,-14.0
40.466,-86.915,0,520110,609,sub6,8836,52,-120.0,7.254555961746494,-137.0,-137.0,-122.0,-120.0,-118.0,-117.0,-114.0,-18.0,7.433465561661685,-36.0,-36.0,-18.25,-18.0,-17.0,-17.0,-15.0
40.466,-86.915,0,520110,685,sub6,8836,479,-116.0,4.450399437495117,-137.0,-121.0,-118.0,-116.0,-115.0,-113.0,-109.0,-16.0,3.9327722449430818,-36.0,-19.0,-17.0,-16.0,-15.0,-14.0,-11.0
40.466,-86.915,0,520110,698,sub6,8836,17,-123.0,5.624264657817631,-137.0,-137.0,-124.0,-123.0,-123.0,-122.0,-120.0,-18.0,7.232483911451983,-36.0,-36.0,-19.0,-18.0,-17.0,-17.0,-16.0
40.466,-86.915,0,520110,704,sub6,8836,331,-122.0,6.212530270582498,-138.0,-137.0,-124.0,-122.0,-120.0,-119.0,-113.0,-17.0,7.379848400176962,-37.0,-36.0,-19.0,-17.0,-16.0,-15.0,-12.0
40.466,-86.915,0,520110,838,sub6,8836,323,-120.0,5.8397604198662805,-138.0,-133.0,-122.0,-120.0,-118.0,-116.0,-113.0,-16.0,6.2672303499282656,-38.0,-31.0,-18.0,-16.0,-15.0,-14.0,-13.0
40.466,-86.9145,0,125290,121,sub6,35,13,-113.0,1.4632243987255136,-116.0,-116.0,-115.0,-113.0,-113.0,-112.2,-112.0,-13.0,0.7762500258061849,-15.0,-14.8,-14.0,-13.0,-13.0,-13.0,-13.0
40.466,-86.9145,0,125290,359,sub6,35,9,-124.0,4.5,-129.0,-129.0,-126.0,-124.0,-118.0,-118.0,-118.0,-23.0,5.267826876426369,-30.0,-28.4,-25.0,-23.0,-17.0,-15.8,-15.0
40.466,-86.9145,0,125290,372,sub6,35,13,-115.0,0.9128709291752769,-116.0,-116.0,-116.0,-115.0,-115.0,-114.0,-113.0,-15.0,0.8623164985025764,-17.0,-15.8,-15.0,-15.0,-14.0,-14.0,-14.0
40.4665,-86.9435,0,125290,121,sub6,24,12,-113.0,3.2227881773960316,-123.0,-118.7,-115.25,-113.0,-113.0,-113.0,-112.0,-19.5,2.5878504008094625,-27.0,-23.9,-21.5,-19.5,-19.0,-19.0,-19.0
40.4665,-86.9435,0,125290,372,sub6,24,12,-103.0,1.1645001528813148,-105.0,-105.0,-105.0,-103.0,-103.0,-102.1,-102.0,-11.0,0.0,-11.0,-11.0,-11.0,-11.0,-11.0,-11.0,-11.0
40.4665,-86.943,0,125290,17,sub6,45,9,-120.0,9.447221813845593,-130.0,-126.8,-126.0,-120.0,-107.0,-105.8,-105.0,-27.0,5.487359211051443,-33.0,-31.4,-31.0,-27.0,-20.0,-19.6,-18.0
40.4665,-86.943,0,125290,121,sub6,45,18,-111.0,3.7612576119603145,-120.0,-117.0,-114.5,-111.0,-110.0,-108.4,-106.0,-20.0,2.4970570913871915,-26.0,-25.0,-23.75,-20.0,-19.0,-19.0,-19.0
40.4665,-86.943,0,125290,372,sub6,45,18,-96.0,3.121190488477029,-101.0,-101.0,-101.0,-96.0,-95.0,-94.0,-92.0,-10.0,0.42779263194649875,-11.0,-11.0,-10.0,-10.0,-10.0,-10.0,-10.0
40.4665,-86.9425,0,125290,17,sub6,27,3,-126.0,4.509249752822894,-130.0,-129.2,-128.0,-126.0,-123.5,-122.0,-121.0,-32.0,1.5275252316519465,-34.0,-33.6,-33.0,-32.0,-31.5,-31.2,-31.0
40.4665,-86.9425,0,125290,121,sub6,27,11,-111.0,5.974186897889041,-123.0,-122.0,-115.5,-111.0,-109.0,-107.0,-104.0,-26.0,3.1766191290283903,-31.0,-31.0,-27.5,-26.0,-24.5,-24.0,-20.0
40.4665,-86.9425,0,125290,372,sub6,27,13,-87.0,1.344504484072964,-90.0,-88.6,-87.0,-87.0,-86.0,-86.0,-85.0,-10.0,0.0,-10.0,-10.0,-10.0,-10.0,-10.0,-10.0,-10.0
40.4665,-86.942,0,125290,17,sub6,32,13,-97.0,1.8912755158683456,-99.0,-98.0,-97.0,-97.0,-94.0,-94.0,-93.0,-19.0,0.9268086959962984,-20.0,-20.0,-19.0,-19.0,-18.0,-18.0,-17.0
40.4665,-86.942,0,125290,372,sub6,32,19,-86.0,1.348596844980885,-89.0,-88.2,-87.0,-86.0,-85.0,-85.0,-85.0,-10.0,0.0,-10.0,-10.0,-10.0,-10.0,-10.0,-10.0,-10.0
40.4665,-86.9415,0,125290,17,sub6,32,12,-108.0,4.987864059774271,-121.0,-115.8,-111.75,-108.0,-106.0,-105.1,-105.0,-23.0,2.9541957835039856,-29.0,-25.9,-25.0,-23.0,-20.75,-20.0,-19.0
40.4665,-86.9415,0,125290,121,sub6,32,8,-116.0,5.0426750270636544,-123.0,-120.9,-118.5,-116.0,-112.25,-109.4,-108.0,-26.0,3.543101950067402,-30.0,-29.3,-27.5,-26.0,-23.25,-20.7,-20.0
40.4665,-86.9415,0,125290,372,sub6,32,12,-92.5,1.3113721705515065,-94.0,-94.0,-93.25,-92.5,-91.75,-91.0,-90.0,-10.0,0.0,-10.0,-10.0,-10.0,-10.0,-10.0,-10.0,-10.0
40.4665,-86.9395,0,125290,121,sub6,19,7,-101.0,0.4879500364742666,-101.0,-101.0,-101.0,-101.0,-100.5,-100.0,-100.0,-17.0,0.7867957924694431,-17.0,-17.0,-17.0,-17.0,-16.0,-15.6,-15.0
40.4665,-86.9395,0,125290,372,sub6,19,12,-93.5,1.2154310870109943,-95.0,-95.0,-95.0,-93.5,-93.0,-92.1,-92.0,-10.0,0.5149286505444373,-11.0,-11.0,-11.0,-10.0,-10.0,-10.0,-10.0
40.4665,-86.939,0,125290,121,sub6,411,167,-106.0,3.489944535867265,-126.0,-109.4,-108.0,-106.0,-104.5,-104.0,-102.0,-17.0,2.7291588819398847,-32.0,-20.4,-18.0,-17.0,-16.0,-16.0,-15.0
40.4665,-86.939,0,125290,372,sub6,411,244,-98.0,1.8993913176920152,-103.0,-100.0,-99.0,-98.0,-96.0,-95.0,-93.0,-11.0,0.5863792740532335,-12.0,-11.0,-11.0,-11.0,-10.0,-10.0,-10.0
40.4665,-86.9385,0,125290,121,sub6,37,6,-123.0,9.273618495495704,-129.0,-128.5,-127.0,-123.0,-112.25,-108.5,-108.0,-28.5,6.473020933072903,-33.0,-32.5,-31.25,-28.5,-21.25,-18.5,-18.0
40.4665,-86.9385,0,125290,372,sub6,37,31,-98.0,0.7093841036079206,-100.0,-99.0,-99.0,-98.0,-98.0,-98.0,-97.0,-10.0,0.40160966445124946,-11.0,-11.0,-10.0,-10.0,-10.0,-10.0,-10.0
40.4665,-86.932,0,125290,372,sub6,31,31,-104.0,1.0625592962581032,-106.0,-105.0,-105.0,-104.0,-103.0,-103.0,-102.0,-10.0,0.0,-10.0,-10.0,-10.0,-10.0,-10.0,-10.0,-10.0
40.4665,-86.9155,0,66736,47,lte,22,5,-108.0,1.9235384061671343,-110.0,-109.6,-109.0,-108.0,-107.0,-105.8,-105.0,-18.0,1.3038404810405297,-19.0,-19.0,-19.0,-18.0,-17.0,-16.4,-16.0
40.4665,-86.9155,0,66736,393,lte,22,5,-99.0,0.8366600265340756,-100.0,-100.0,-100.0,-99.0,-99.0,-98.4,-98.0,-14.0,0.0,-14.0,-14.0,-14.0,-14.0,-14.0,-14.0,-14.0
40.4665,-86.9155,0,125290,359,sub6,22,2,-122.5,2.1213203435596424,-124.0,-123.7,-123.25,-122.5,-121.75,-121.3,-121.0,-24.5,2.1213203435596424,-26.0,-25.7,-25.25,-24.5,-23.75,-23.3,-23.0
40.4665,-86.9155,0,125290,372,sub6,22,5,-114.0,0.8366600265340756,-115.0,-114.6,-114.0,-114.0,-113.0,-113.0,-113.0,-16.0,0.8366600265340756,-17.0,-16.6,-16.0,-16.0,-15.0,-15.0,-15.0
40.4665,-86.9155,0,125290,479,sub6,22,5,-114.0,1.3038404810405297,-115.0,-115.0,-115.0,-114.0,-113.0,-112.4,-112.0,-16.0,1.0,-17.0,-17.0,-17.0,-16.0,-15.0,-15.0,-15.0
40.4665,-86.915,0,1001,50,lte,10039,516,-102.0,3.295201667615373,-116.0,-106.0,-104.0,-102.0,-100.0,-99.0,-90.0,-10.0,0.8907509159411611,-14.0,-11.0,-11.0,-10.0,-10.0,-9.0,-8.0
40.4665,-86.915,0,1001,63,lte,10039,8,-115.0,1.0350983390135313,-117.0,-116.3,-116.0,-115.0,-114.75,-114.0,-114.0,-20.5,0.7440238091428449,-21.0,-21.0,-21.0,-20.5,-20.0,-19.7,-19.0
40.4665,-86.915,0,1001,240,lte,10039,45,-113.0,2.7683273584669066,-118.0,-117.0,-116.0,-113.0,-112.0,-109.0,-108.0,-20.0,0.8059124949366089,-21.0,-21.0,-20.0,-20.0,-19.0,-19.0,-17.0
40.4665,-86.915,0,1001,284,lte,10039,193,-113.0,2.8380852663855287,-122.0,-117.0,-116.0,-113.0,-111.0,-110.0,-107.0,-20.0,1.0371187419838157,-22.0,-21.0,-21.0,-20.0,-19.0,-18.0,-17.0
40.4665,-86.915,0,1001,292,lte,10039,13,-120.0,2.985005261344846,-123.0,-121.8,-121.0,-120.0,-116.0,-114.4,-114.0,-21.0,1.1982893790305562,-23.0,-21.0,-21.0,-21.0,-20.0,-19.2,-18.0
40.4665,-86.915,0,1001,377,lte,10039,8,-115.5,1.3093073414159542,-116.0,-116.0,-116.0,-115.5,-114.5,-113.0,-113.0,-21.0,1.0606601717798212,-21.0,-21.0,-21.0,-21.0,-20.0,-19.4,-18.0
40.4665,-86.915,0,1001,393,lte,10039,8,-110.0,1.927248223318863,-113.0,-112.3,-111.25,-110.0,-108.0,-108.0,-108.0,-20.5,1.0606601717798212,-22.0,-22.0,-21.25,-20.5,-20.0,-19.7,-19.0
40.4665,-86.915,0,1001,397,lte,10039,489,-114.0,2.9813569711660337,-123.0,-117.0,-116.0,-114.0,-112.0,-110.0,-105.0,-21.0,0.9215880223211391,-24.0,-22.0,-21.0,-21.0,-20.0,-19.0,-17.0
40.4665,-86.915,0,1001,408,lte,10039,518,-110.0,3.5327620156374664,-121.0,-114.0,-112.0,-110.0,-108.0,-106.0,-95.0,-17.0,1.7568414026744976,-27.0,-19.0,-18.0,-17.0,-16.0,-15.0,-12.0
40.4665,-86.915,0,1001,455,lte,10039,8,-113.5,1.5059406173077154,-116.0,-115.3,-114.25,-113.5,-113.0,-112.4,-111.0,-20.0,0.3535533905932738,-21.0,-20.3,-20.0,-20.0,-20.0,-20.0,-20.0
40.4665,-86.915,0,66736,7,lte,10039,3,-108.0,1.0,-109.0,-108.8,-108.5,-108.0,-107.5,-107.2,-107.0,-21.0,0.5773502691896258,-21.0,-21.0,-21.0,-21.0,-20.5,-20.2,-20.0
40.4665,-86.915,0,66736,47,lte,10039,647,-106.0,6.33644197757132,-122.0,-116.0,-114.0,-106.0,-102.0,-100.0,-94.0,-17.0,2.289871213751158,-30.0,-19.0,-18.0,-17.0,-15.0,-14.0,-11.0
40.4665,-86.915,0,66736,182,lte,10039,8,-111.5,3.9188190640986296,-116.0,-113.9,-113.0,-111.5,-109.5,-106.5,-103.0,-20.0,1.0350983390135313,-21.0,-21.0,-20.25,-20.0,-19.0,-18.7,-18.0
40.4665,-86.915,0,66736,334,lte,10039,239,-117.0,3.078174637881586,-122.0,-120.0,-118.0,-117.0,-115.0,-113.0,-106.0,-20.0,0.9114479227289088,-22.0,-21.0,-21.0,-20.0,-20.0,-19.0,-17.0
40.4665,-86.915,0,66736,393,lte,10039,653,-102.0,5.101948281505579,-113.0,-109.0,-107.0,-102.0,-98.0,-96.0,-90.0,-14.0,0.9218874416428309,-16.0,-15.0,-15.0,-14.0,-14.0,-13.0,-10.0
40.4665,-86.915,0,66736,398,lte,10039,72,-114.0,6.5157657602832435,-121.0,-118.0,-117.0,-114.0,-105.75,-103.0,-100.0,-20.0,0.9259559202236264,-22.0,-21.0,-20.0,-20.0,-19.0,-19.0,-16.0
40.4665,-86.915,0,66736,408,lte,10039,8,-118.0,0.7559289460184544,-120.0,-119.3,-119.0,-118.0,-118.0,-118.0,-118.0,-21.0,1.1877349391654208,-23.0,-23.0,-22.25,-21.0,-20.75,-20.0,-20.0
40.4665,-86.915,0,125290,53,sub6,10039,21,-121.0,4.618802153517007,-137.0,-128.0,-124.0,-121.0,-119.0,-118.0,-117.0,-20.0,5.101820403402244,-37.0,-29.0,-24.0,-20.0,-19.0,-18.0,-15.0
40.4665,-86.915,0,125290,121,sub6,10039,900,-115.0,3.6363298219796136,-137.0,-118.0,-117.0,-115.0,-113.0,-110.0,-105.0,-14.0,2.8917536964258455,-36.0,-17.0,-16.0,-14.0,-13.0,-12.0,-11.0
40.4665,-86.915,0,125290,250,sub6,10039,276,-116.0,5.189129206676556,-137.0,-124.0,-120.0,-116.0,-115.0,-113.0,-111.0,-18.0,4.406084845156081,-37.0,-25.0,-20.0,-18.0,-17.0,-16.0,-14.0
40.4665,-86.915,0,125290,319,sub6,10039,9,-124.0,4.986091767217197,-137.0,-128.2,-125.0,-124.0,-124.0,-120.0,-120.0,-21.0,5.732461173973279,-37.0,-25.0,-21.0,-21.0,-19.0,-18.8,-18.0
40.4665,-86.915,0,125290,359,sub6,10039,761,-117.0,6.108129286273064,-140.0,-125.0,-121.0,-117.0,-114.0,-112.0,-107.0,-17.0,5.17314496876254,-40.0,-24.0,-20.0,-17.0,-16.0,-14.0,-12.0
40.4665,-86.915,0,125290,372,sub6,10039,1141,-115.0,4.693632320132981,-137.0,-121.0,-118.0,-115.0,-113.0,-112.0,-105.0,-16.0,3.95045153311974,-37.0,-20.0,-18.0,-16.0,-14.0,-13.0,-12.0
40.4665,-86.915,0,125290,403,sub6,10039,197,-122.0,6.08526555318598,-137.0,-132.4,-126.0,-122.0,-119.0,-116.0,-112.0,-21.0,5.724220877237681,-37.0,-32.0,-25.0,-21.0,-18.0,-17.0,-16.0
40.4665,-86.915,0,125290,479,sub6,10039,651,-117.0,5.610373403952155,-138.0,-124.0,-120.0,-117.0,-115.0,-113.0,-109.0,-18.0,4.942591853130668,-37.0,-23.0,-19.0,-18.0,-16.0,-15.0,-13.0
40.4665,-86.915,0,125290,793,sub6,10039,15,-119.0,8.46674165696074,-137.0,-136.0,-119.0,-119.0,-116.0,-113.2,-112.0,-17.0,8.06225774829855,-37.0,-36.0,-20.0,-17.0,-16.0,-16.0,-15.0
40.4665,-86.915,0,520110,98,sub6,10039,265,-121.0,6.129948788980008,-139.0,-136.0,-123.0,-121.0,-118.0,-116.0,-113.0,-17.0,6.508928643556238,-38.0,-36.0,-19.0,-17.0,-16.0,-14.0,-12.0
40.4665,-86.915,0,520110,147,sub6,10039,101,-121.0,6.914141055449581,-137.0,-137.0,-124.0,-121.0,-119.0,-117.0,-115.0,-18.0,7.523823548707078,-37.0,-36.0,-19.0,-18.0,-16.0,-15.0,-14.0
40.4665,-86.915,0,520110,201,sub6,10039,7,-124.0,6.651172470932869,-137.0,-137.0,-130.5,-124.0,-123.0,-123.0,-123.0,-20.0,8.582928793055823,-37.0,-36.4,-28.0,-20.0,-18.5,-18.0,-18.0
40.4665,-86.915,0,520110,472,sub6,10039,357,-120.0,6.863658661109341,-138.0,-136.0,-122.0,-120.0,-117.0,-115.0,-110.0,-17.0,7.063714288348198,-38.0,-36.0,-19.0,-17.0,-16.0,-14.0,-12.0
40.4665,-86.915,0,520110,515,sub6,10039,522,-109.0,4.586636765632287,-136.0,-114.0,-112.0,-109.0,-106.0,-104.0,-99.0,-12.0,2.681871820461978,-36.0,-15.0,-14.0,-12.0,-11.0,-11.0,-10.0
40.4665,-86.915,0,520110,536,sub6,10039,15,-119.0,8.531175322366336,-137.0,-136.6,-136.0,-119.0,-118.0,-118.0,-118.0,-15.0,9.9498743710662,-37.0,-36.0,-36.0,-15.0,-15.0,-15.0,-15.0
40.4665,-86.915,0,520110,609,sub6,10039,204,-120.0,7.136456129283829,-139.0,-136.7,-123.0,-120.0,-118.0,-116.0,-114.0,-17.0,7.445808598227933,-38.0,-36.0,-19.0,-17.0,-16.0,-16.0,-15.0
40.4665,-86.915,0,520110,685,sub6,10039,506,-113.0,6.389026615732984,-137.0,-121.0,-119.0,-113.0,-110.0,-107.0,-102.0,-15.0,4.1433091013437995,-36.0,-17.5,-16.0,-15.0,-13.25,-12.0,-11.0
40.4665,-86.915,0,520110,698,sub6,10039,3,-121.0,9.237604307034013,-137.0,-133.8,-129.0,-121.0,-121.0,-121.0,-121.0,-16.0,11.547005383792515,-36.0,-32.0,-26.0,-16.0,-16.0,-16.0,-16.0
40.4665,-86.915,0,520110,704,sub6,10039,275,-122.0,6.168163224012669,-139.0,-137.0,-124.0,-122.0,-120.0,-119.0,-111.0,-17.0,7.17095631459473,-39.0,-36.0,-19.0,-17.0,-16.0,-15.0,-12.0
40.4665,-86.915,0,520110,742,sub6,10039,4,-124.5,0.5773502691896257,-125.0,-125.0,-125.0,-124.5,-124.0,-124.0,-124.0,-18.5,0.5773502691896257,-19.0,-19.0,-19.0,-18.5,-18.0,-18.0,-18.0
40.4665,-86.915,0,520110,764,sub6,10039,11,-123.0,6.233341435742586,-137.0,-137.0,-123.0,-123.0,-121.0,-120.0,-120.0,-17.0,7.930378874360865,-36.0,-36.0,-18.0,-17.0,-16.0,-15.0,-15.0
40.4665,-86.915,0,520110,838,sub6,10039,362,-119.0,5.514610486659712,-137.0,-127.0,-121.75,-119.0,-118.0,-116.0,-112.0,-17.0,5.8328912037355884,-37.0,-25.0,-18.0,-17.0,-15.0,-15.0,-13.0
40.4665,-86.9145,0,125290,121,sub6,35,12,-114.5,1.6696942198734437,-116.0,-116.0,-116.0,-114.5,-113.75,-112.1,-111.0,-13.0,1.2401124093721454,-16.0,-15.9,-15.0,-13.0,-13.0,-13.0,-13.0
40.4665,-86.9145,0,125290,359,sub6,35,11,-119.0,2.5725827135743993,-122.0,-121.0,-120.5,-119.0,-116.0,-115.0,-115.0,-17.0,2.4007574562284217,-22.0,-21.0,-17.5,-17.0,-15.0,-15.0,-15.0
40.4665,-86.9145,0,125290,372,sub6,35,12,-116.5,0.7784989441615231,-118.0,-117.9,-117.0,-116.5,-116.0,-116.0,-116.0,-15.0,0.996204919895622,-16.0,-16.0,-16.0,-15.0,-14.0,-14.0,-13.0
40.467,-86.9475,0,125290,121,sub6,81,27,-111.0,2.861971906026192,-117.0,-116.0,-115.0,-111.0,-111.0,-108.0,-108.0,-17.0,1.3908533116302868,-19.0,-18.4,-18.0,-17.0,-15.0,-15.0,-15.0
40.467,-86.9475,0,125290,300,sub6,81,27,-111.0,1.5806882989936688,-113.0,-113.0,-112.0,-111.0,-109.0,-109.0,-109.0,-16.0,1.137298242963249,-17.0,-17.0,-17.0,-16.0,-15.0,-14.0,-13.0
40.467,-86.9475,0,125290,372,sub6,81,27,-107.0,1.500237398118128,-111.0,-110.0,-108.0,-107.0,-106.0,-106.0,-106.0,-12.0,0.4236592728681616,-13.0,-13.0,-12.0,-12.0,-12.0,-12.0,-12.0
40.467,-86.947,0,125290,121,sub6,276,128,-110.0,1.6014726244707194,-116.0,-111.3,-110.0,-110.0,-109.0,-109.0,-108.0,-14.0,1.521175985201172,-20.0,-17.0,-15.0,-14.0,-14.0,-14.0,-13.0
40.467,-86.947,0,125290,300,sub6,276,19,-114.0,1.7721035176289737,-118.0,-117.2,-114.0,-114.0,-113.0,-113.0,-112.0,-19.0,1.3485968449808852,-20.0,-20.0,-19.0,-19.0,-18.0,-16.8,-15.0
40.467,-86.947,0,125290,372,sub6,276,129,-108.0,1.7020350905937298,-110.0,-109.0,-109.0,-108.0,-108.0,-105.0,-103.0,-13.0,0.8457170940100331,-14.0,-13.0,-13.0,-13.0,-12.0,-11.0,-11.0
40.467,-86.946,0,125290,17,sub6,16,6,-118.5,2.7325202042558927,-122.0,-121.0,-119.75,-118.5,-117.25,-115.5,-114.0,-23.5,1.4719601443879746,-24.0,-24.0,-24.0,-23.5,-21.5,-21.0,-21.0
40.467,-86.946,0,125290,121,sub6,16,4,-117.5,0.9574271077563381,-119.0,-118.7,-118.25,-117.5,-117.0,-117.0,-117.0,-18.5,2.0615528128088303,-21.0,-20.7,-20.25,-18.5,-17.0,-17.0,-17.0
40.467,-86.946,0,125290,372,sub6,16,6,-102.5,2.1602468994692865,-106.0,-106.0,-105.25,-102.5,-102.0,-101.5,-101.0,-11.0,0.0,-11.0,-11.0,-11.0,-11.0,-11.0,-11.0,-11.0
40.467,-86.9455,0,125290,17,sub6,35,9,-120.0,3.8078865529319548,-126.0,-126.0,-125.0,-120.0,-119.0,-116.8,-116.0,-22.0,3.443996386628638,-28.0,-27.2,-26.0,-22.0,-20.0,-19.8,-19.0
40.467,-86.9455,0,125290,121,sub6,35,13,-115.0,2.253202848596432,-120.0,-117.0,-116.0,-115.0,-113.0,-113.0,-112.0,-16.0,2.9677756498246812,-24.0,-21.0,-17.0,-16.0,-15.0,-15.0,-14.0
40.467,-86.9455,0,125290,372,sub6,35,13,-107.0,1.6132464481796025,-110.0,-109.8,-109.0,-107.0,-106.0,-106.0,-105.0,-11.0,0.7679476477883044,-13.0,-12.8,-12.0,-11.0,-11.0,-11.0,-11.0
40.467,-86.945,0,125290,17,sub6,43,1,-119.0,nan,-119.0,-119.0,-119.0,-119.0,-119.0,-119.0,-119.0,-19.0,nan,-19.0,-19.0,-19.0,-19.0,-19.0,-19.0,-19.0
40.467,-86.945,0,125290,121,sub6,43,18,-114.5,4.634341828459197,-124.0,-121.3,-119.5,-114.5,-111.5,-110.0,-109.0,-16.0,3.7612576119603145,-25.0,-22.0,-18.75,-16.0,-13.25,-13.0,-13.0
40.467,-86.945,0,125290,300,sub6,43,6,-117.5,1.632993161855452,-119.0,-119.0,-118.75,-117.5,-116.25,-115.5,-115.0,-18.5,1.2110601416389968,-20.0,-19.5,-19.0,-18.5,-17.25,-17.0,-17.0
40.467,-86.945,0,125290,372,sub6,43,18,-111.0,1.909727421264462,-112.0,-112.0,-111.0,-111.0,-109.0,-107.0,-106.0,-12.0,0.9835244081556433,-14.0,-14.0,-13.0,-12.0,-12.0,-11.7,-11.0
40.467,-86.9445,0,125290,121,sub6,38,19,-112.0,2.1095716147267476,-116.0,-116.0,-114.5,-112.0,-111.0,-110.8,-110.0,-13.0,1.3420765964144055,-16.0,-15.2,-14.0,-13.0,-12.0,-12.0,-12.0
40.467,-86.9445,0,125290,372,sub6,38,19,-112.0,0.5242650104380329,-113.0,-112.2,-112.0,-112.0,-112.0,-111.0,-111.0,-13.0,0.875261030404661,-14.0,-14.0,-14.0,-13.0,-12.0,-12.0,-12.0
40.467,-86.944,0,125290,121,sub6,24,12,-111.0,0.5149286505444374,-112.0,-111.0,-111.0,-111.0,-111.0,-110.1,-110.0,-13.0,0.492365963917331,-14.0,-14.0,-14.0,-13.0,-13.0,-13.0,-13.0
40.467,-86.944,0,125290,372,sub6,24,12,-110.0,0.90033663737852,-111.0,-111.0,-111.0,-110.0,-110.0,-109.1,-108.0,-13.0,0.28867513459481287,-13.0,-13.0,-13.0,-13.0,-13.0,-13.0,-12.0
40.467,-86.9435,0,125290,121,sub6,14,7,-110.0,1.2535663410560174,-112.0,-112.0,-112.0,-110.0,-110.0,-109.6,-109.0,-15.0,1.9023794624226837,-18.0,-18.0,-17.0,-15.0,-14.5,-13.6,-13.0
40.467,-86.9435,0,125290,372,sub6,14,7,-107.0,0.816496580927726,-108.0,-108.0,-107.5,-107.0,-106.5,-106.0,-106.0,-12.0,0.5345224838248488,-12.0,-12.0,-12.0,-12.0,-11.0,-11.0,-11.0
40.467,-86.941,0,125290,17,sub6,28,2,-101.5,9.192388155425117,-108.0,-106.7,-104.75,-101.5,-98.25,-96.3,-95.0,-23.5,3.5355339059327378,-26.0,-25.5,-24.75,-23.5,-22.25,-21.5,-21.0
40.467,-86.941,0,125290,121,sub6,28,13,-121.0,14.71611710214697,-138.0,-136.8,-134.0,-121.0,-108.0,-103.2,-98.0,-31.0,7.09911514890665,-39.0,-38.0,-37.0,-31.0,-25.0,-21.2,-20.0
40.467,-86.941,0,125290,372,sub6,28,13,-87.0,1.5483655567842813,-89.0,-88.0,-88.0,-87.0,-86.0,-84.2,-84.0,-10.0,0.0,-10.0,-10.0,-10.0,-10.0,-10.0,-10.0,-10.0
40.467,-86.9405,0,125290,121,sub6,36,18,-101.5,1.8864844365675972,-104.0,-104.0,-103.0,-101.5,-100.0,-99.0,-99.0,-18.0,0.923548145182799,-19.0,-19.0,-18.0,-18.0,-17.25,-16.7,-16.0
40.467,-86.9405,0,125290,372,sub6,36,18,-91.5,2.4387932299193906,-94.0,-93.3,-93.0,-91.5,-89.0,-87.0,-87.0,-10.0,0.0,-10.0,-10.0,-10.0,-10.0,-10.0,-10.0,-10.0
40.467,-86.94,0,125290,121,sub6,36,11,-104.0,2.901410315377992,-112.0,-109.0,-106.0,-104.0,-103.5,-103.0,-103.0,-17.0,2.0225995873897267,-23.0,-20.0,-18.0,-17.0,-17.0,-16.0,-16.0
40.467,-86.94,0,125290,372,sub6,36,25,-92.0,1.6502525059315414,-94.0,-94.0,-93.0,-92.0,-91.0,-89.0,-89.0,-10.0,0.40824829046386296,-11.0,-11.0,-10.0,-10.0,-10.0,-10.0,-10.0
40.467,-86.9395,0,125290,121,sub6,27,8,-102.0,1.5059406173077154,-106.0,-103.2,-102.0,-102.0,-102.0,-101.7,-101.0,-18.0,1.3093073414159542,-21.0,-18.9,-18.0,-18.0,-17.0,-17.0,-17.0
40.467,-86.9395,0,125290,372,sub6,27,19,-92.0,1.6401397743888062,-96.0,-95.0,-93.5,-92.0,-92.0,-91.0,-90.0,-10.0,0.49559462778335217,-11.0,-11.0,-11.0,-10.0,-10.0,-10.0,-10.0
40.467,-86.932,0,125290,372,sub6,6,6,-106.0,0.5163977794943223,-107.0,-107.0,-106.75,-106.0,-106.0,-106.0,-106.0,-10.0,0.0,-10.0,-10.0,-10.0,-10.0,-10.0,-10.0,-10.0
40.467,-86.9315,0,125290,121,sub6,38,6,-116.5,5.504543577809154,-125.0,-122.0,-119.0,-116.5,-111.75,-111.0,-111.0,-19.5,3.386246693120078,-26.0,-24.0,-21.75,-19.5,-18.0,-17.5,-17.0
40.467,-86.9315,0,125290,372,sub6,38,32,-103.0,1.322494588073566,-106.0,-106.0,-105.0,-103.0,-103.0,-102.1,-102.0,-10.0,0.24593468841898236,-11.0,-10.0,-10.0,-10.0,-10.0,-10.0,-10.0
40.467,-86.915,0,1001,50,lte,5156,479,-103.0,3.595672615493951,-111.0,-107.0,-105.0,-103.0,-99.0,-98.0,-94.0,-10.0,0.9927454117875959,-14.0,-11.0,-11.0,-10.0,-10.0,-9.0,-8.0
40.467,-86.915,0,1001,191,lte,5156,73,-112.0,3.5891558302503928,-120.0,-118.0,-116.0,-112.0,-110.0,-109.0,-107.0,-19.0,1.2767681803292903,-22.0,-21.0,-20.0,-19.0,-19.0,-18.0,-15.0
40.467,-86.915,0,1001,240,lte,5156,31,-112.0,4.457927576752441,-122.0,-119.0,-116.0,-112.0,-110.5,-107.0,-106.0,-20.0,1.3464409477605956,-23.0,-21.0,-20.0,-20.0,-19.0,-18.0,-17.0
40.467,-86.915,0,1001,245,lte,5156,8,-112.0,0.9161253813129043,-113.0,-112.3,-112.0,-112.0,-111.0,-110.7,-110.0,-20.0,0.4629100498862757,-21.0,-21.0,-20.25,-20.0,-20.0,-20.0,-20.0
40.467,-86.915,0,1001,284,lte,5156,176,-114.0,3.7487140652305215,-122.0,-118.0,-116.0,-114.0,-111.0,-108.5,-105.0,-20.0,1.287187107358774,-22.0,-21.0,-20.0,-20.0,-19.0,-18.0,-15.0
40.467,-86.915,0,1001,289,lte,5156,8,-116.5,3.020761493398643,-120.0,-118.6,-117.25,-116.5,-113.0,-112.4,-111.0,-21.0,1.0350983390135313,-22.0,-22.0,-21.25,-21.0,-20.0,-19.7,-19.0
40.467,-86.915,0,1001,294,lte,5156,40,-115.0,3.7997975654581313,-119.0,-119.0,-117.25,-115.0,-112.0,-108.0,-107.0,-20.0,0.7442084075352509,-22.0,-21.0,-21.0,-20.0,-20.0,-19.9,-19.0
40.467,-86.915,0,1001,356,lte,5156,8,-116.5,0.9258200997725514,-118.0,-117.3,-117.0,-116.5,-116.0,-115.7,-115.0,-20.0,0.5175491695067657,-20.0,-20.0,-20.0,-20.0,-19.0,-19.0,-19.0
40.467,-86.915,0,1001,397,lte,5156,467,-114.0,4.100352004984144,-123.0,-119.0,-117.0,-114.0,-111.0,-109.0,-104.0,-21.0,0.9143052474553787,-24.0,-22.0,-21.0,-21.0,-20.0,-20.0,-18.0
40.467,-86.915,0,1001,408,lte,5156,480,-110.0,3.8897828445290092,-118.0,-114.0,-112.0,-110.0,-106.0,-104.0,-97.0,-16.0,1.7412870882568414,-20.0,-18.0,-17.0,-16.0,-15.0,-14.0,-11.0
40.467,-86.915,0,1001,414,lte,5156,63,-114.0,4.018263477206021,-121.0,-119.0,-117.0,-114.0,-111.0,-109.0,-105.0,-20.0,0.9441657972725842,-22.0,-21.0,-21.0,-20.0,-20.0,-19.0,-18.0
40.467,-86.915,0,66736,47,lte,5156,168,-112.0,3.5068672700310546,-123.0,-115.3,-114.0,-112.0,-110.0,-107.0,-101.0,-18.0,2.169261568219572,-26.0,-22.0,-19.0,-18.0,-17.0,-16.0,-15.0
40.467,-86.915,0,66736,182,lte,5156,8,-115.5,6.164414002968976,-126.0,-124.6,-120.25,-115.5,-111.75,-110.4,-109.0,-20.5,1.7677669529663689,-24.0,-22.6,-21.25,-20.5,-19.0,-19.0,-19.0
40.467,-86.915,0,66736,334,lte,5156,112,-113.0,3.193411412248106,-120.0,-117.0,-115.0,-113.0,-111.0,-109.1,-104.0,-20.0,0.9423112280188803,-22.0,-21.0,-21.0,-20.0,-19.0,-19.0,-18.0
40.467,-86.915,0,66736,393,lte,5156,167,-104.0,3.0629944376916627,-113.0,-107.0,-106.0,-104.0,-103.0,-100.0,-95.0,-14.0,1.4838427115765807,-15.0,-15.0,-14.0,-14.0,-13.0,-12.0,-7.0
40.467,-86.915,0,66736,398,lte,5156,9,-109.0,2.6822461565718467,-111.0,-110.2,-109.0,-109.0,-107.0,-103.8,-103.0,-19.0,1.1180339887498951,-21.0,-20.2,-20.0,-19.0,-19.0,-18.6,-17.0
40.467,-86.915,0,125290,53,sub6,5156,38,-121.0,6.389948098369639,-136.0,-131.3,-124.75,-121.0,-117.25,-114.39999999999999,-112.0,-20.0,5.2735281902401425,-37.0,-30.6,-23.0,-20.0,-18.0,-17.0,-17.0
40.467,-86.915,0,125290,121,sub6,5156,659,-114.0,3.1302345222006798,-126.0,-117.0,-115.0,-114.0,-111.5,-109.0,-103.0,-14.0,1.9613200519781648,-25.0,-16.0,-15.0,-14.0,-13.0,-12.0,-11.0
40.467,-86.915,0,125290,250,sub6,5156,23,-117.0,6.035795725463685,-132.0,-128.8,-123.0,-117.0,-115.0,-114.2,-114.0,-19.0,4.822542586234717,-32.0,-28.8,-24.0,-19.0,-18.0,-18.0,-17.0
40.467,-86.915,0,125290,359,sub6,5156,351,-119.0,5.278279649680952,-137.0,-126.0,-122.0,-119.0,-117.0,-115.0,-110.0,-18.0,5.044113095785715,-37.0,-26.0,-20.0,-18.0,-16.0,-16.0,-12.0
40.467,-86.915,0,125290,372,sub6,5156,632,-115.5,4.611413906538491,-137.0,-121.0,-118.0,-115.5,-112.0,-110.0,-106.0,-15.0,3.5938060792491844,-37.0,-19.0,-17.0,-15.0,-13.0,-13.0,-11.0
40.467,-86.915,0,125290,403,sub6,5156,96,-123.0,6.045296852519959,-139.0,-131.5,-127.25,-123.0,-118.0,-117.0,-115.0,-22.0,5.796399366333818,-39.0,-33.0,-27.25,-22.0,-19.0,-18.0,-16.0
40.467,-86.915,0,125290,479,sub6,5156,244,-120.0,5.05481656228104,-138.0,-125.0,-122.0,-120.0,-118.0,-116.0,-111.0,-18.5,4.814754681797212,-37.0,-24.0,-20.0,-18.5,-17.0,-17.0,-14.0
40.467,-86.915,0,125290,588,sub6,5156,4,-113.5,11.343133018115703,-136.0,-129.4,-119.5,-113.5,-113.0,-113.0,-113.0,-17.5,9.345230512584124,-36.0,-30.6,-22.5,-17.5,-17.0,-17.0,-17.0
40.467,-86.915,0,520110,98,sub6,5156,22,-120.0,8.533737476901626,-137.0,-137.0,-132.5,-120.0,-117.0,-116.1,-115.0,-17.0,9.363279108891055,-37.0,-36.0,-31.5,-17.0,-15.0,-14.099999999999998,-13.0
40.467,-86.915,0,520110,147,sub6,5156,13,-123.0,6.808742494688308,-137.0,-137.0,-123.0,-123.0,-121.0,-121.0,-119.0,-18.0,8.429952702364501,-37.0,-36.0,-19.0,-18.0,-17.0,-16.0,-15.0
40.467,-86.915,0,520110,472,sub6,5156,126,-119.0,6.70848313940984,-138.0,-136.0,-122.0,-119.0,-117.0,-116.0,-114.0,-17.0,7.098258225879772,-38.0,-36.0,-19.0,-17.0,-15.0,-15.0,-14.0
40.467,-86.915,0,520110,515,sub6,5156,171,-111.0,3.3558578494544093,-119.0,-115.0,-113.5,-111.0,-109.0,-106.0,-104.0,-13.0,1.4728064390271933,-17.0,-15.0,-14.0,-13.0,-12.0,-12.0,-11.0
40.467,-86.915,0,520110,609,sub6,5156,114,-120.0,6.260733680114567,-138.0,-135.1,-122.0,-120.0,-118.0,-116.0,-114.0,-17.0,6.542879239836923,-38.0,-34.8,-18.75,-17.0,-16.0,-15.0,-14.0
40.467,-86.915,0,520110,685,sub6,5156,165,-114.0,3.4807781750093723,-120.0,-117.0,-116.0,-114.0,-111.0,-108.4,-103.0,-15.0,1.613114815035567,-19.0,-17.0,-16.0,-15.0,-14.0,-13.0,-11.0
40.467,-86.915,0,520110,704,sub6,5156,136,-119.0,7.477431549055202,-139.0,-136.0,-122.0,-119.0,-116.0,-114.5,-110.0,-15.5,7.935795602953232,-39.0,-36.0,-19.0,-15.5,-14.0,-13.0,-11.0
40.467,-86.915,0,520110,838,sub6,5156,65,-121.0,7.339042067023357,-138.0,-137.0,-123.0,-121.0,-118.0,-116.0,-115.0,-18.0,7.811788429133145,-37.0,-36.0,-19.0,-18.0,-16.0,-15.0,-14.0
40.467,-86.9145,0,125290,53,sub6,40,4,-125.5,3.593976442141304,-131.0,-129.8,-128.0,-125.5,-123.75,-123.3,-123.0,-22.5,4.041451884327381,-29.0,-27.5,-25.25,-22.5,-20.75,-20.3,-20.0
40.467,-86.9145,0,125290,121,sub6,40,13,-116.0,1.573009527739414,-118.0,-117.8,-117.0,-116.0,-115.0,-114.0,-113.0,-13.0,0.8006407690254357,-14.0,-14.0,-14.0,-13.0,-13.0,-12.0,-12.0
40.467,-86.9145,0,125290,250,sub6,40,5,-125.0,3.8078865529319543,-130.0,-130.0,-130.0,-125.0,-123.0,-122.4,-122.0,-23.0,5.291502622129181,-30.0,-29.6,-29.0,-23.0,-19.0,-19.0,-19.0
40.467,-86.9145,0,125290,359,sub6,40,5,-121.0,0.8366600265340756,-122.0,-122.0,-122.0,-121.0,-121.0,-120.4,-120.0,-18.0,0.8366600265340756,-19.0,-18.6,-18.0,-18.0,-17.0,-17.0,-17.0
40.467,-86.9145,0,125290,372,sub6,40,13,-117.0,1.0439078454267836,-120.0,-118.8,-118.0,-117.0,-117.0,-117.0,-116.0,-16.0,0.8770580193070292,-18.0,-17.8,-17.0,-16.0,-16.0,-16.0,-15.0
40.467,-86.914,0,125290,53,sub6,15,1,-120.0,nan,-120.0,-120.0,-120.0,-120.0,-120.0,-120.0,-120.0,-17.0,nan,-17.0,-17.0,-17.0,-17.0,-17.0,-17.0,-17.0
40.467,-86.914,0,125290,121,sub6,15,6,-114.0,1.0327955589886446,-116.0,-115.5,-114.75,-114.0,-114.0,-113.5,-113.0,-13.0,0.408248290463863,-14.0,-13.5,-13.0,-13.0,-13.0,-13.0,-13.0
40.467,-86.914,0,125290,359,sub6,15,2,-123.5,2.1213203435596424,-125.0,-124.7,-124.25,-123.5,-122.75,-122.3,-122.0,-21.0,7.0710678118654755,-26.0,-25.0,-23.5,-21.0,-18.5,-17.0,-16.0
40.467,-86.914,0,125290,372,sub6,15,6,-116.0,1.2649110640673518,-118.0,-117.0,-116.0,-116.0,-116.0,-115.0,-114.0,-16.0,0.408248290463863,-16.0,-16.0,-16.0,-16.0,-16.0,-15.5,-15.0
40.4675,-86.9475,0,125290,121,sub6,426,160,-111.0,3.612690551219123,-126.0,-116.1,-114.0,-111.0,-109.0,-108.0,-105.0,-15.0,2.7003086243366083,-29.0,-18.1,-17.0,-15.0,-14.0,-13.0,-12.0
40.4675,-86.9475,0,125290,300,sub6,426,100,-113.0,2.5853315829772003,-119.0,-117.0,-115.0,-113.0,-111.0,-110.0,-108.0,-17.0,2.099639218648015,-23.0,-20.0,-19.0,-17.0,-16.0,-15.0,-13.0
40.4675,-86.9475,0,125290,372,sub6,426,166,-108.0,2.1613367194284905,-113.0,-110.0,-108.0,-108.0,-106.25,-105.0,-99.0,-12.0,0.5938715863864815,-14.0,-13.0,-13.0,-12.0,-12.0,-12.0,-11.0
40.4675,-86.947,0,125290,17,sub6,291,10,-110.0,3.6347092196090616,-116.0,-116.0,-111.0,-110.0,-107.25,-106.0,-106.0,-19.0,2.8751811537130436,-25.0,-25.0,-22.75,-19.0,-18.25,-18.0,-18.0
40.4675,-86.947,0,125290,121,sub6,291,120,-109.0,3.91355290733924,-129.0,-111.1,-110.0,-109.0,-108.0,-108.0,-107.0,-14.0,3.2201658011839775,-32.0,-15.0,-14.0,-14.0,-13.0,-13.0,-13.0
40.4675,-86.947,0,125290,300,sub6,291,36,-114.0,2.0906063523855756,-119.0,-117.0,-115.0,-114.0,-113.0,-112.0,-109.0,-19.0,1.1656458118700377,-21.0,-20.0,-20.0,-19.0,-18.0,-17.0,-17.0
40.4675,-86.947,0,125290,372,sub6,291,125,-109.0,3.091883234451758,-112.0,-110.0,-109.0,-109.0,-108.0,-106.0,-96.0,-13.0,0.8715577452044168,-14.0,-13.0,-13.0,-13.0,-12.0,-11.399999999999991,-10.0
40.4675,-86.9465,0,125290,17,sub6,67,3,-124.0,7.211102550927978,-128.0,-127.2,-126.0,-124.0,-119.0,-116.0,-114.0,-30.0,4.58257569495584,-33.0,-32.4,-31.5,-30.0,-27.0,-25.2,-24.0
40.4675,-86.9465,0,125290,121,sub6,67,26,-108.5,1.55711765278523,-112.0,-109.5,-109.0,-108.5,-107.0,-106.0,-106.0,-13.0,1.2824255863851843,-17.0,-16.0,-14.0,-13.0,-13.0,-13.0,-12.0
40.4675,-86.9465,0,125290,300,sub6,67,7,-110.0,3.3022358947782493,-118.0,-115.0,-112.0,-110.0,-109.0,-109.0,-109.0,-19.0,1.8126539343499315,-23.0,-21.2,-20.0,-19.0,-18.0,-18.0,-18.0
40.4675,-86.9465,0,125290,372,sub6,67,31,-106.0,4.873011036221833,-112.0,-112.0,-111.0,-106.0,-102.0,-100.0,-98.0,-13.0,1.355197085218584,-14.0,-14.0,-13.0,-13.0,-11.0,-11.0,-10.0
40.4675,-86.946,0,125290,17,sub6,28,2,-114.0,0.0,-114.0,-114.0,-114.0,-114.0,-114.0,-114.0,-114.0,-25.0,1.4142135623730951,-26.0,-25.8,-25.5,-25.0,-24.5,-24.2,-24.0
40.4675,-86.946,0,125290,121,sub6,28,13,-106.0,4.81583925108674,-120.0,-115.8,-107.0,-106.0,-106.0,-106.0,-106.0,-13.0,4.543239553559292,-26.0,-22.4,-15.0,-13.0,-13.0,-12.0,-12.0
40.4675,-86.946,0,125290,372,sub6,28,13,-106.0,3.428762204704528,-108.0,-107.8,-106.0,-106.0,-102.0,-99.2,-98.0,-13.0,1.35400640077266,-15.0,-14.0,-14.0,-13.0,-12.0,-11.0,-11.0
40.4675,-86.943,0,125290,121,sub6,106,50,-105.5,2.3197466434496508,-108.0,-108.0,-107.0,-105.5,-103.0,-102.0,-101.0,-13.5,1.7669297711925436,-19.0,-16.0,-15.0,-13.5,-13.0,-12.0,-12.0
40.4675,-86.943,0,125290,300,sub6,106,6,-114.5,2.065591117977289,-117.0,-117.0,-116.5,-114.5,-113.25,-112.5,-112.0,-18.0,2.228601953392904,-22.0,-22.0,-21.0,-18.0,-18.0,-17.5,-17.0
40.4675,-86.943,0,125290,372,sub6,106,50,-103.0,2.64312739930931,-105.0,-105.0,-104.0,-103.0,-101.25,-98.0,-96.0,-12.0,1.0497813183356477,-15.0,-14.0,-13.0,-12.0,-11.0,-11.0,-11.0
40.4675,-86.9425,0,125290,121,sub6,38,19,-106.0,2.5887746881420393,-115.0,-108.4,-107.0,-106.0,-105.0,-104.0,-104.0,-18.0,1.902599022636055,-25.0,-20.4,-19.0,-18.0,-18.0,-17.0,-17.0
40.4675,-86.9425,0,125290,372,sub6,38,19,-95.0,2.0703984417503647,-98.0,-98.0,-97.0,-95.0,-94.0,-92.8,-91.0,-10.0,0.5129891760425771,-11.0,-11.0,-11.0,-10.0,-10.0,-10.0,-10.0
40.4675,-86.942,0,125290,17,sub6,33,3,-138.0,0.5773502691896258,-138.0,-138.0,-138.0,-138.0,-137.5,-137.2,-137.0,-38.0,0.5773502691896258,-39.0,-38.8,-38.5,-38.0,-38.0,-38.0,-38.0
40.4675,-86.942,0,125290,121,sub6,33,12,-106.5,5.384461369758747,-118.0,-112.8,-110.25,-106.5,-102.0,-102.0,-101.0,-23.0,4.252450274057691,-28.0,-27.8,-25.25,-23.0,-18.0,-17.1,-16.0
40.4675,-86.942,0,125290,372,sub6,33,18,-88.0,1.2432826042324119,-89.0,-89.0,-88.0,-88.0,-87.0,-85.7,-85.0,-10.0,0.0,-10.0,-10.0,-10.0,-10.0,-10.0,-10.0,-10.0
40.4675,-86.9415,0,125290,17,sub6,38,19,-115.0,12.797112247352722,-138.0,-137.2,-131.5,-115.0,-107.0,-105.0,-105.0,-27.0,7.475104881033854,-39.0,-38.2,-34.5,-27.0,-21.0,-19.8,-18.0
40.4675,-86.9415,0,125290,372,sub6,38,19,-83.0,1.4142135623730951,-88.0,-83.4,-83.0,-83.0,-82.0,-82.0,-82.0,-10.0,0.0,-10.0,-10.0,-10.0,-10.0,-10.0,-10.0,-10.0
40.4675,-86.941,0,125290,17,sub6,14,6,-127.5,11.805366011550285,-134.0,-133.0,-131.5,-127.5,-116.75,-109.0,-104.0,-34.5,4.833908011812664,-37.0,-37.0,-36.5,-34.5,-30.25,-27.0,-25.0
40.4675,-86.941,0,125290,121,sub6,14,2,-138.5,0.7071067811865476,-139.0,-138.9,-138.75,-138.5,-138.25,-138.1,-138.0,-39.0,0.0,-39.0,-39.0,-39.0,-39.0,-39.0,-39.0,-39.0
40.4675,-86.941,0,125290,372,sub6,14,6,-83.0,0.408248290463863,-83.0,-83.0,-83.0,-83.0,-83.0,-82.5,-82.0,-10.0,0.0,-10.0,-10.0,-10.0,-10.0,-10.0,-10.0,-10.0
40.4675,-86.9315,0,125290,121,sub6,88,39,-119.0,7.172823203770648,-133.0,-129.2,-126.0,-119.0,-113.5,-112.0,-107.0,-23.0,5.433067146969728,-34.0,-30.4,-28.0,-23.0,-19.0,-17.0,-16.0
40.4675,-86.9315,0,125290,359,sub6,88,6,-114.0,0.0,-114.0,-114.0,-114.0,-114.0,-114.0,-114.0,-114.0,-16.5,0.816496580927726,-17.0,-17.0,-17.0,-16.5,-16.0,-15.5,-15.0
40.4675,-86.9315,0,125290,372,sub6,88,43,-104.0,1.4513139882047592,-106.0,-105.0,-105.0,-104.0,-102.0,-102.0,-101.0,-10.0,0.4647008111181005,-11.0,-11.0,-11.0,-10.0,-10.0,-10.0,-10.0
40.4675,-86.931,0,125290,121,sub6,96,42,-114.0,5.3422363263261055,-134.0,-122.0,-115.75,-114.0,-112.25,-111.1,-110.0,-19.0,4.870208565865433,-36.0,-27.0,-22.75,-19.0,-17.0,-16.0,-16.0
40.4675,-86.931,0,125290,359,sub6,96,10,-114.0,0.4830458915396479,-115.0,-115.0,-114.75,-114.0,-114.0,-114.0,-114.0,-16.0,0.4714045207910317,-17.0,-16.1,-16.0,-16.0,-16.0,-15.9,-15.0
40.4675,-86.931,0,125290,372,sub6,96,44,-102.0,1.9420788321473568,-104.0,-103.0,-102.0,-102.0,-101.0,-99.0,-95.0,-10.5,0.5057805388588732,-11.0,-11.0,-11.0,-10.5,-10.0,-10.0,-10.0
40.4675,-86.9305,0,125290,17,sub6,74,8,-128.0,9.241791724861272,-137.0,-136.3,-133.75,-128.0,-121.5,-115.2,-111.0,-32.0,6.363961030678928,-38.0,-37.3,-35.5,-32.0,-27.0,-22.8,-20.0
40.4675,-86.9305,0,125290,121,sub6,74,22,-127.5,7.82492410374933,-138.0,-136.9,-131.5,-127.5,-118.0,-116.19999999999999,-115.0,-29.0,7.081009295340082,-39.0,-37.9,-32.0,-29.0,-21.25,-19.0,-17.0
40.4675,-86.9305,0,125290,372,sub6,74,44,-102.0,3.2948001829007967,-106.0,-106.0,-106.0,-102.0,-99.0,-98.0,-96.0,-10.0,0.492544843474156,-11.0,-11.0,-11.0,-10.0,-10.0,-10.0,-10.0
40.4675,-86.93,0,125290,121,sub6,48,6,-122.5,1.7511900715418263,-125.0,-124.0,-123.0,-122.5,-121.25,-120.5,-120.0,-24.5,1.3662601021279464,-26.0,-25.5,-25.0,-24.5,-24.0,-23.0,-22.0
40.4675,-86.93,0,125290,372,sub6,48,25,-109.0,1.563116545025781,-111.0,-111.0,-110.0,-109.0,-108.0,-107.0,-106.0,-11.0,0.33166247903553997,-12.0,-11.6,-11.0,-11.0,-11.0,-11.0,-11.0
40.4675,-86.93,0,125290,479,sub6,48,17,-119.0,2.1056646289026575,-126.0,-122.4,-120.0,-119.0,-119.0,-118.0,-118.0,-19.0,3.0929236121489065,-28.0,-23.4,-20.0,-19.0,-18.0,-17.2,-16.0
40.4675,-86.9295,0,125290,372,sub6,34,18,-102.0,2.5870466670542176,-110.0,-106.3,-103.0,-102.0,-101.25,-100.7,-100.0,-10.0,0.4608885989624769,-11.0,-11.0,-10.75,-10.0,-10.0,-10.0,-10.0
40.4675,-86.9295,0,125290,479,sub6,34,16,-128.5,4.440345331915826,-134.0,-133.0,-130.25,-128.5,-126.25,-122.0,-118.0,-30.0,4.949326553515471,-35.0,-33.5,-32.25,-30.0,-26.75,-23.0,-16.0
40.4675,-86.929,0,125290,17,sub6,60,10,-120.0,2.0138409955990952,-124.0,-123.1,-121.75,-120.0,-119.25,-118.0,-118.0,-22.0,1.8408935028645435,-24.0,-23.1,-22.0,-22.0,-21.0,-20.6,-17.0
40.4675,-86.929,0,125290,121,sub6,60,6,-127.0,5.269408568963567,-132.0,-131.0,-129.25,-127.0,-124.75,-120.5,-117.0,-26.5,5.600595206463923,-32.0,-31.0,-29.25,-26.5,-24.5,-20.0,-16.0
40.4675,-86.929,0,125290,372,sub6,60,19,-106.0,2.2255822551119073,-110.0,-109.0,-108.0,-106.0,-104.5,-103.0,-103.0,-11.0,0.49559462778335217,-11.0,-11.0,-11.0,-11.0,-10.0,-10.0,-10.0
40.4675,-86.929,0,125290,479,sub6,60,19,-126.0,4.274909800354809,-134.0,-133.0,-131.0,-126.0,-124.5,-122.0,-120.0,-27.0,4.086062460700832,-35.0,-34.0,-32.0,-27.0,-25.0,-24.0,-22.0
40.4675,-86.929,0,125290,798,sub6,60,6,-129.5,5.49241901776136,-134.0,-133.0,-131.75,-129.5,-125.75,-122.0,-119.0,-29.0,6.603029607687671,-34.0,-32.5,-31.0,-29.0,-24.0,-19.5,-16.0
40.4675,-86.9285,0,125290,17,sub6,49,10,-126.5,4.131182235954578,-129.0,-129.0,-128.5,-126.5,-122.25,-120.6,-117.0,-27.5,3.197221015541813,-29.0,-29.0,-28.0,-27.5,-23.75,-21.8,-20.0
40.4675,-86.9285,0,125290,372,sub6,49,19,-107.0,2.5512294937587567,-112.0,-110.4,-109.0,-107.0,-105.0,-104.0,-104.0,-11.0,0.3153017676423058,-12.0,-11.2,-11.0,-11.0,-11.0,-11.0,-11.0
40.4675,-86.9285,0,125290,403,sub6,49,6,-130.5,3.7771241264574114,-135.0,-134.0,-132.5,-130.5,-129.25,-126.5,-124.0,-31.5,3.7771241264574114,-36.0,-35.0,-33.5,-31.5,-30.25,-27.5,-25.0
40.4675,-86.9285,0,125290,479,sub6,49,14,-122.0,3.460927907082431,-127.0,-126.7,-124.75,-122.0,-120.0,-119.0,-115.0,-23.5,3.6584990617212663,-30.0,-29.4,-25.75,-23.5,-22.0,-19.599999999999998,-18.0
40.4675,-86.928,0,125290,121,sub6,36,8,-123.0,4.496029994816062,-131.0,-128.2,-125.5,-123.0,-119.75,-118.7,-118.0,-19.5,3.8913824205360674,-29.0,-24.8,-20.75,-19.5,-18.0,-17.7,-17.0
40.4675,-86.928,0,125290,359,sub6,36,4,-124.5,2.160246899469287,-126.0,-125.7,-125.25,-124.5,-123.25,-121.9,-121.0,-21.0,2.8722813232690143,-24.0,-23.1,-21.75,-21.0,-20.0,-18.2,-17.0
40.4675,-86.928,0,125290,372,sub6,36,12,-115.0,1.1146408580454255,-117.0,-116.0,-116.0,-115.0,-114.75,-114.0,-113.0,-13.0,0.0,-13.0,-13.0,-13.0,-13.0,-13.0,-13.0,-13.0
40.4675,-86.928,0,125290,479,sub6,36,12,-122.0,3.5280263174995867,-130.0,-129.5,-125.0,-122.0,-121.0,-120.1,-120.0,-19.5,3.964807305493795,-29.0,-27.6,-22.5,-19.5,-18.0,-18.0,-18.0
40.4675,-86.915,0,1001,50,lte,3628,272,-104.0,2.338276248663541,-109.0,-106.0,-105.0,-104.0,-102.0,-100.0,-95.0,-10.0,0.5814866839580906,-12.0,-11.0,-11.0,-10.0,-10.0,-10.0,-9.0
40.4675,-86.915,0,1001,63,lte,3628,8,-116.5,1.2817398889233114,-119.0,-118.3,-117.25,-116.5,-116.0,-115.7,-115.0,-21.0,0.7559289460184544,-22.0,-22.0,-21.25,-21.0,-20.75,-20.0,-20.0
40.4675,-86.915,0,1001,191,lte,3628,18,-116.0,1.757337558387018,-119.0,-118.0,-117.0,-116.0,-115.0,-113.0,-113.0,-19.5,1.2947859237091257,-22.0,-21.0,-20.0,-19.5,-19.0,-18.0,-17.0
40.4675,-86.915,0,1001,240,lte,3628,16,-115.0,1.2365947867699696,-117.0,-116.5,-116.0,-115.0,-114.0,-114.0,-113.0,-20.0,0.9979144919948469,-22.0,-21.0,-21.0,-20.0,-19.75,-19.0,-18.0
40.4675,-86.915,0,1001,245,lte,3628,8,-117.0,1.5979898086569353,-118.0,-118.0,-117.25,-117.0,-115.5,-114.0,-114.0,-20.5,1.1259916264596033,-21.0,-21.0,-21.0,-20.5,-19.75,-18.7,-18.0
40.4675,-86.915,0,1001,284,lte,3628,175,-115.0,3.2729372475806775,-121.0,-118.6,-117.0,-115.0,-112.0,-110.0,-107.0,-20.0,1.1544729887586787,-22.0,-21.0,-20.5,-20.0,-19.0,-18.0,-15.0
40.4675,-86.915,0,1001,392,lte,3628,3,-110.0,2.0,-112.0,-111.6,-111.0,-110.0,-109.0,-108.4,-108.0,-20.0,1.1547005383792515,-20.0,-20.0,-20.0,-20.0,-19.0,-18.4,-18.0
40.4675,-86.915,0,1001,397,lte,3628,269,-116.0,3.1651319492778094,-123.0,-119.0,-118.0,-116.0,-114.0,-111.0,-107.0,-21.0,0.9543918986101645,-23.0,-22.0,-21.0,-21.0,-20.0,-19.0,-17.0
40.4675,-86.915,0,1001,408,lte,3628,272,-111.0,3.2513876418490817,-118.0,-115.0,-113.0,-111.0,-109.0,-106.0,-100.0,-15.5,1.7115651249381985,-21.0,-18.0,-17.0,-15.5,-14.0,-13.099999999999994,-11.0
40.4675,-86.915,0,1001,414,lte,3628,29,-115.0,2.743106002667764,-119.0,-118.0,-117.0,-115.0,-113.0,-110.8,-109.0,-20.0,0.8274835732746657,-22.0,-21.2,-21.0,-20.0,-20.0,-19.8,-19.0
40.4675,-86.915,0,1001,434,lte,3628,30,-117.0,3.7936728935147426,-124.0,-121.0,-119.0,-117.0,-114.0,-111.0,-110.0,-20.0,1.01483252680985,-22.0,-21.0,-21.0,-20.0,-19.0,-19.0,-18.0
40.4675,-86.915,0,66736,47,lte,3628,67,-112.0,2.5703137726929324,-120.0,-116.0,-114.0,-112.0,-111.0,-110.0,-108.0,-22.0,2.862995556222978,-28.0,-23.4,-22.5,-22.0,-20.0,-15.0,-14.0
40.4675,-86.915,0,66736,334,lte,3628,40,-113.0,2.539937410898553,-122.0,-115.1,-114.25,-113.0,-111.0,-110.0,-108.0,-20.0,0.9818872461248106,-21.0,-21.0,-21.0,-20.0,-19.0,-19.0,-17.0
40.4675,-86.915,0,66736,393,lte,3628,66,-105.0,2.5351606708529606,-111.0,-108.0,-106.75,-105.0,-103.0,-102.0,-97.0,-12.0,1.7265241906459867,-15.0,-14.0,-13.0,-12.0,-11.0,-10.0,-8.0
40.4675,-86.915,0,66736,398,lte,3628,20,-114.0,2.5026301953618404,-118.0,-115.2,-115.0,-114.0,-112.75,-109.9,-108.0,-19.0,1.3484884325167863,-22.0,-21.0,-20.0,-19.0,-18.0,-17.9,-17.0
40.4675,-86.915,0,125290,53,sub6,3628,57,-121.0,6.447882440764938,-137.0,-136.0,-127.0,-121.0,-118.0,-117.0,-116.0,-21.0,6.411924980447544,-37.0,-37.0,-26.0,-21.0,-19.0,-18.0,-16.0
40.4675,-86.915,0,125290,121,sub6,3628,345,-115.0,4.506647900037305,-137.0,-119.0,-117.0,-115.0,-113.0,-110.0,-106.0,-15.0,3.4377981629159917,-37.0,-18.0,-17.0,-15.0,-14.0,-13.0,-11.0
40.4675,-86.915,0,125290,250,sub6,3628,12,-117.0,8.750324669301238,-136.0,-136.0,-124.0,-117.0,-116.5,-115.0,-115.0,-18.5,8.338937509531942,-37.0,-36.0,-23.25,-18.5,-18.0,-17.1,-16.0
40.4675,-86.915,0,125290,359,sub6,3628,256,-118.0,6.10951799830139,-137.0,-127.0,-121.0,-118.0,-115.0,-114.0,-111.0,-18.0,5.537725729033536,-37.0,-25.5,-20.0,-18.0,-16.0,-15.0,-14.0
40.4675,-86.915,0,125290,372,sub6,3628,338,-114.0,4.100376994435651,-137.0,-119.0,-116.0,-114.0,-112.0,-110.0,-104.0,-14.0,3.1793288563510216,-37.0,-18.0,-16.0,-14.0,-13.0,-12.0,-12.0
40.4675,-86.915,0,125290,403,sub6,3628,141,-120.0,6.309832150138222,-137.0,-131.0,-124.0,-120.0,-117.0,-115.0,-111.0,-20.0,5.895286871292426,-37.0,-31.0,-23.0,-20.0,-18.0,-17.0,-13.0
40.4675,-86.915,0,125290,479,sub6,3628,215,-117.0,5.306588196509019,-137.0,-123.0,-120.0,-117.0,-115.0,-113.0,-109.0,-17.0,4.703016646015788,-37.0,-22.0,-19.0,-17.0,-16.0,-15.0,-14.0
40.4675,-86.915,0,520110,98,sub6,3628,115,-119.0,7.445576758875779,-137.0,-136.0,-121.0,-119.0,-115.0,-113.0,-109.0,-16.0,7.254099055904237,-37.0,-36.0,-18.0,-16.0,-14.0,-13.0,-12.0
40.4675,-86.915,0,520110,147,sub6,3628,25,-121.0,6.747098141670487,-137.0,-137.0,-123.0,-121.0,-120.0,-120.0,-120.0,-17.0,8.078159856468965,-37.0,-36.0,-19.0,-17.0,-17.0,-16.0,-16.0
40.4675,-86.915,0,520110,201,sub6,3628,12,-121.0,6.478402347006318,-137.0,-134.5,-121.0,-121.0,-120.0,-118.2,-118.0,-18.0,7.525210155124431,-37.0,-34.3,-19.0,-18.0,-16.0,-16.0,-16.0
40.4675,-86.915,0,520110,320,sub6,3628,3,-122.0,8.660254037844387,-137.0,-134.0,-129.5,-122.0,-122.0,-122.0,-122.0,-16.0,11.547005383792515,-36.0,-32.0,-26.0,-16.0,-16.0,-16.0,-16.0
40.4675,-86.915,0,520110,472,sub6,3628,89,-120.0,6.927908356651481,-137.0,-137.0,-122.0,-120.0,-119.0,-118.0,-113.0,-17.0,7.674493791386811,-37.0,-36.0,-19.0,-17.0,-16.0,-16.0,-14.0
40.4675,-86.915,0,520110,515,sub6,3628,184,-112.0,4.082042770051103,-123.0,-116.0,-115.0,-112.0,-108.0,-106.0,-103.0,-14.0,1.8064619464032645,-20.0,-16.0,-15.0,-14.0,-12.0,-12.0,-10.0
40.4675,-86.915,0,520110,609,sub6,3628,140,-120.0,6.231142156912372,-138.0,-136.0,-123.25,-120.0,-118.0,-118.0,-116.0,-18.0,6.956124424508932,-37.0,-36.0,-20.0,-18.0,-16.0,-15.0,-14.0
40.4675,-86.915,0,520110,685,sub6,3628,174,-114.0,2.6806965161515146,-120.0,-117.0,-115.75,-114.0,-112.0,-110.0,-107.0,-15.0,1.6177409031698957,-21.0,-17.0,-16.0,-15.0,-14.0,-13.0,-12.0
40.4675,-86.915,0,520110,704,sub6,3628,145,-121.0,5.558656222850213,-138.0,-126.0,-122.0,-121.0,-118.0,-116.0,-111.0,-17.0,5.996271191268261,-37.0,-23.0,-18.0,-17.0,-15.0,-13.400000000000006,-12.0
40.4675,-86.915,0,520110,742,sub6,3628,3,-123.0,8.082903768654761,-137.0,-134.2,-130.0,-123.0,-123.0,-123.0,-123.0,-17.0,10.96965511460289,-36.0,-32.2,-26.5,-17.0,-17.0,-17.0,-17.0
40.4675,-86.915,0,520110,838,sub6,3628,81,-120.0,6.533767937169954,-137.0,-137.0,-121.0,-120.0,-118.0,-117.0,-115.0,-17.0,7.029259834944254,-37.0,-36.0,-18.0,-17.0,-16.0,-15.0,-15.0
40.4675,-86.9145,0,1001,50,lte,266,30,-101.0,1.0938700673013824,-102.0,-102.0,-102.0,-101.0,-100.0,-99.0,-99.0,-10.0,0.40257789993644866,-11.0,-11.0,-10.0,-10.0,-10.0,-10.0,-9.0
40.4675,-86.9145,0,1001,284,lte,266,30,-110.5,1.6131642354623146,-114.0,-113.0,-111.75,-110.5,-109.0,-108.9,-108.0,-19.0,1.0221680811915896,-21.0,-21.0,-20.0,-19.0,-18.25,-18.0,-18.0
40.4675,-86.9145,0,1001,392,lte,266,5,-110.0,1.6431676725154982,-113.0,-111.8,-110.0,-110.0,-109.0,-109.0,-109.0,-19.0,0.8366600265340756,-20.0,-20.0,-20.0,-19.0,-19.0,-18.4,-18.0
40.4675,-86.9145,0,1001,397,lte,266,30,-112.0,1.6417680405132071,-116.0,-114.0,-113.0,-112.0,-111.0,-110.0,-109.0,-21.0,0.691491807283521,-22.0,-22.0,-21.0,-21.0,-20.25,-20.0,-20.0
40.4675,-86.9145,0,1001,408,lte,266,30,-108.0,1.6897255439251384,-111.0,-110.0,-110.0,-108.0,-107.0,-106.0,-105.0,-17.0,1.6626388110747186,-20.0,-19.0,-18.0,-17.0,-16.0,-14.899999999999999,-13.0
40.4675,-86.9145,0,125290,121,sub6,266,38,-116.0,1.5276028320600161,-119.0,-117.3,-117.0,-116.0,-116.0,-114.0,-112.0,-15.0,1.2197987381503443,-18.0,-17.0,-16.0,-15.0,-14.0,-14.0,-13.0
40.4675,-86.9145,0,125290,359,sub6,266,18,-120.5,4.161761818978651,-131.0,-129.0,-124.75,-120.5,-119.25,-118.7,-118.0,-19.0,4.322384357729852,-30.0,-27.3,-22.75,-19.0,-18.0,-16.7,-16.0
40.4675,-86.9145,0,125290,372,sub6,266,38,-114.5,1.7473817031492325,-117.0,-116.0,-115.0,-114.5,-112.0,-112.0,-111.0,-13.5,1.1073272063681157,-16.0,-15.0,-15.0,-13.5,-13.0,-12.699999999999996,-12.0
40.4675,-86.9145,0,125290,403,sub6,266,14,-124.0,3.4680646659877215,-130.0,-128.7,-126.75,-124.0,-122.0,-120.0,-119.0,-24.0,3.4330328116279762,-30.0,-29.0,-26.75,-24.0,-21.25,-20.299999999999997,-20.0
40.4675,-86.9145,0,125290,479,sub6,266,33,-121.0,2.6664299137326823,-127.0,-126.0,-124.0,-121.0,-120.0,-119.0,-118.0,-19.0,3.231884242601483,-26.0,-24.0,-23.0,-19.0,-19.0,-16.0,-14.0
40.4675,-86.914,0,125290,121,sub6,42,12,-112.0,1.8090680674665818,-115.0,-114.0,-113.25,-112.0,-110.0,-110.0,-110.0,-12.0,1.1934162828797101,-14.0,-13.9,-13.0,-12.0,-11.0,-11.0,-11.0
40.4675,-86.914,0,125290,359,sub6,42,12,-122.5,2.28963408483195,-126.0,-124.0,-123.25,-122.5,-121.0,-120.1,-117.0,-23.0,2.598076211353316,-26.0,-24.9,-23.25,-23.0,-21.0,-20.1,-16.0
40.4675,-86.914,0,125290,372,sub6,42,12,-118.5,2.7455197664338145,-124.0,-123.0,-122.25,-118.5,-117.75,-117.0,-116.0,-18.5,3.511884584284246,-25.0,-23.0,-22.25,-18.5,-16.0,-15.1,-15.0
40.4675,-86.914,0,125290,403,sub6,42,6,-129.0,5.980523945831725,-134.0,-132.5,-131.0,-129.0,-121.75,-120.0,-120.0,-28.5,6.470445631227162,-34.0,-32.5,-31.0,-28.5,-20.75,-19.0,-19.0
40.468,-86.947,0,125290,121,sub6,26,13,-109.0,0.4385290096535146,-109.0,-109.0,-109.0,-109.0,-109.0,-108.0,-108.0,-14.0,0.3755338080994054,-14.0,-14.0,-14.0,-14.0,-14.0,-13.2,-13.0
40.468,-86.947,0,125290,372,sub6,26,13,-110.0,0.8623164985025762,-111.0,-111.0,-111.0,-110.0,-109.0,-109.0,-109.0,-13.0,0.49354811679282456,-14.0,-13.0,-13.0,-13.0,-13.0,-12.2,-12.0
40.468,-86.9465,0,125290,121,sub6,60,30,-108.0,0.6746646676632052,-109.0,-108.0,-108.0,-108.0,-107.0,-107.0,-106.0,-13.0,0.507416263404925,-14.0,-14.0,-13.0,-13.0,-13.0,-13.0,-12.0
40.468,-86.9465,0,125290,372,sub6,60,30,-110.0,0.889917986664224,-111.0,-111.0,-111.0,-110.0,-109.0,-109.0,-108.0,-13.0,0.43417248545530485,-14.0,-14.0,-13.0,-13.0,-13.0,-13.0,-12.0
40.468,-86.946,0,125290,121,sub6,100,50,-108.0,0.7159979477795236,-109.0,-109.0,-108.0,-108.0,-107.0,-107.0,-107.0,-13.0,0.48191793695522844,-14.0,-14.0,-13.0,-13.0,-13.0,-13.0,-12.0
40.468,-86.946,0,125290,372,sub6,100,50,-110.0,0.7461465632686056,-111.0,-111.0,-111.0,-110.0,-110.0,-109.9,-108.0,-13.0,0.3030457633656631,-13.0,-13.0,-13.0,-13.0,-13.0,-12.899999999999999,-12.0
40.468,-86.9455,0,125290,121,sub6,76,38,-107.0,0.7453029780973237,-109.0,-108.3,-108.0,-107.0,-107.0,-107.0,-106.0,-13.0,0.6954434098279425,-14.0,-14.0,-13.0,-13.0,-12.25,-12.0,-12.0
40.468,-86.9455,0,125290,372,sub6,76,38,-109.0,1.0035498869181483,-111.0,-111.0,-110.0,-109.0,-109.0,-108.0,-108.0,-13.0,0.5472028965176678,-14.0,-13.0,-13.0,-13.0,-12.0,-12.0,-12.0
40.468,-86.945,0,125290,121,sub6,100,50,-107.0,0.6764251772429547,-109.0,-108.1,-108.0,-107.0,-107.0,-107.0,-107.0,-13.0,0.48487322138506134,-14.0,-14.0,-14.0,-13.0,-13.0,-13.0,-13.0
40.468,-86.945,0,125290,372,sub6,100,50,-109.0,0.863074712399612,-111.0,-110.0,-110.0,-109.0,-108.0,-108.0,-108.0,-13.0,0.4712120714991611,-13.0,-13.0,-13.0,-13.0,-12.0,-12.0,-12.0
40.468,-86.943,0,125290,121,sub6,115,43,-110.0,5.283963075261873,-120.0,-115.6,-113.0,-110.0,-106.0,-101.0,-100.0,-16.0,3.262254348299823,-24.0,-20.8,-18.0,-16.0,-13.0,-12.0,-12.0
40.468,-86.943,0,125290,300,sub6,115,29,-113.0,3.3110503148082966,-122.0,-119.2,-116.0,-113.0,-111.0,-111.0,-111.0,-18.0,3.1112381708356924,-26.0,-24.0,-20.0,-18.0,-16.0,-15.0,-15.0
40.468,-86.943,0,125290,372,sub6,115,43,-104.0,1.9977839328374407,-108.0,-108.0,-107.0,-104.0,-103.0,-103.0,-101.0,-12.0,0.9650595721775964,-14.0,-13.8,-13.0,-12.0,-11.5,-11.0,-11.0
40.468,-86.928,0,125290,17,sub6,26,7,-126.0,7.54352450150206,-137.0,-135.8,-133.5,-126.0,-122.0,-119.4,-117.0,-30.0,5.446711546122731,-38.0,-37.4,-35.5,-30.0,-27.0,-25.2,-24.0
40.468,-86.928,0,125290,121,sub6,26,2,-135.0,1.4142135623730951,-136.0,-135.8,-135.5,-135.0,-134.5,-134.2,-134.0,-33.5,2.1213203435596424,-35.0,-34.7,-34.25,-33.5,-32.75,-32.3,-32.0
40.468,-86.928,0,125290,359,sub6,26,4,-132.5,2.753785273643051,-136.0,-135.4,-134.5,-132.5,-130.75,-130.3,-130.0,-32.0,3.304037933599835,-36.0,-35.4,-34.5,-32.0,-29.75,-29.3,-29.0
40.468,-86.928,0,125290,372,sub6,26,13,-103.0,3.5391582368751227,-111.0,-108.4,-104.0,-103.0,-100.0,-100.0,-100.0,-11.0,0.6304251719561152,-12.0,-11.0,-11.0,-11.0,-10.0,-10.0,-10.0
40.468,-86.9275,0,125290,17,sub6,48,14,-124.0,6.129105486605209,-136.0,-133.1,-128.75,-124.0,-122.0,-119.6,-113.0,-28.5,4.314554973040049,-37.0,-34.4,-32.25,-28.5,-27.0,-25.0,-21.0
40.468,-86.9275,0,125290,372,sub6,48,18,-100.0,1.3826657968874303,-104.0,-101.6,-100.0,-100.0,-99.0,-99.0,-99.0,-10.0,0.5113099925649135,-11.0,-11.0,-11.0,-10.0,-10.0,-10.0,-10.0
40.468,-86.9275,0,125290,403,sub6,48,8,-124.0,6.25642526870234,-132.0,-130.6,-128.5,-124.0,-121.25,-117.2,-113.0,-28.0,3.7416573867739413,-34.0,-33.3,-32.25,-28.0,-27.5,-25.1,-23.0
40.468,-86.9275,0,125290,798,sub6,48,8,-125.5,6.435115716575289,-131.0,-129.6,-128.25,-125.5,-116.75,-115.7,-115.0,-30.5,4.596194077712559,-34.0,-32.6,-32.0,-30.5,-23.75,-23.0,-23.0
40.468,-86.927,0,125290,17,sub6,51,17,-123.0,6.036043698434577,-132.0,-130.0,-129.0,-123.0,-118.0,-115.2,-114.0,-27.0,4.814958310246493,-33.0,-32.0,-31.0,-27.0,-21.0,-20.6,-20.0
40.468,-86.927,0,125290,372,sub6,51,19,-106.0,2.024701263070274,-108.0,-107.0,-106.5,-106.0,-103.5,-102.0,-101.0,-11.0,0.0,-11.0,-11.0,-11.0,-11.0,-11.0,-11.0,-11.0
40.468,-86.927,0,125290,403,sub6,51,9,-124.0,3.395258131243894,-125.0,-125.0,-125.0,-124.0,-121.0,-119.0,-115.0,-26.0,2.6977356760397746,-29.0,-28.2,-27.0,-26.0,-25.0,-22.4,-20.0
40.468,-86.927,0,125290,798,sub6,51,6,-124.0,7.259476565152615,-134.0,-132.5,-130.0,-124.0,-118.0,-117.0,-117.0,-26.0,7.042726744663604,-35.0,-33.5,-31.25,-26.0,-20.0,-18.5,-18.0
40.468,-86.9265,0,125290,17,sub6,65,3,-125.0,4.509249752822894,-130.0,-129.0,-127.5,-125.0,-123.0,-121.8,-121.0,-24.0,4.041451884327381,-29.0,-28.0,-26.5,-24.0,-22.5,-21.6,-21.0
40.468,-86.9265,0,125290,121,sub6,65,18,-129.0,3.633540199183844,-135.0,-133.3,-130.0,-129.0,-126.25,-124.7,-121.0,-27.5,4.06201920231798,-34.0,-32.3,-29.0,-27.5,-24.25,-22.0,-19.0
40.468,-86.9265,0,125290,359,sub6,65,14,-131.0,4.2691070173134245,-135.0,-133.7,-132.75,-131.0,-129.25,-123.3,-121.0,-31.0,4.726009398548085,-34.0,-33.4,-32.0,-31.0,-29.25,-21.599999999999998,-19.0
40.468,-86.9265,0,125290,372,sub6,65,19,-112.0,1.1342617456312012,-114.0,-113.2,-112.0,-112.0,-111.0,-110.8,-110.0,-12.0,0.47756693294091923,-12.0,-12.0,-12.0,-12.0,-11.0,-11.0,-11.0
40.468,-86.9265,0,125290,403,sub6,65,11,-127.0,4.1429019254185055,-136.0,-134.0,-132.5,-127.0,-125.5,-125.0,-125.0,-28.0,3.933538772241513,-36.0,-34.0,-32.5,-28.0,-27.0,-25.0,-24.0
40.468,-86.926,0,125290,250,sub6,48,9,-118.0,1.1666666666666665,-121.0,-118.6,-118.0,-118.0,-118.0,-117.0,-117.0,-19.0,1.3642254619787417,-22.0,-19.6,-19.0,-19.0,-18.0,-17.8,-17.0
40.468,-86.926,0,125290,359,sub6,48,10,-129.0,3.259175083088084,-135.0,-133.2,-132.75,-129.0,-127.25,-126.0,-126.0,-29.0,3.4140233677518315,-35.0,-34.1,-32.75,-29.0,-27.25,-26.8,-25.0
40.468,-86.926,0,125290,372,sub6,48,19,-111.0,0.696692268479466,-112.0,-111.0,-111.0,-111.0,-110.0,-110.0,-109.0,-12.0,0.4188539082916957,-12.0,-12.0,-12.0,-12.0,-12.0,-11.0,-11.0
40.468,-86.926,0,125290,403,sub6,48,4,-131.5,2.5,-134.0,-133.4,-132.5,-131.5,-130.25,-128.9,-128.0,-32.5,2.5,-35.0,-34.4,-33.5,-32.5,-31.25,-29.9,-29.0
40.468,-86.926,0,125290,479,sub6,48,6,-116.0,2.0,-121.0,-119.0,-116.75,-116.0,-116.0,-116.0,-116.0,-16.0,2.0,-21.0,-19.0,-16.75,-16.0,-16.0,-16.0,-16.0
40.468,-86.9255,0,125290,250,sub6,66,1,-120.0,nan,-120.0,-120.0,-120.0,-120.0,-120.0,-120.0,-120.0,-22.0,nan,-22.0,-22.0,-22.0,-22.0,-22.0,-22.0,-22.0
40.468,-86.9255,0,125290,359,sub6,66,6,-125.5,3.011090610836324,-127.0,-127.0,-126.75,-125.5,-124.25,-121.5,-119.0,-24.5,3.3115957885386114,-27.0,-27.0,-26.5,-24.5,-24.0,-21.0,-18.0
40.468,-86.9255,0,125290,372,sub6,66,25,-112.0,1.0770329614269007,-114.0,-113.0,-113.0,-112.0,-111.0,-110.4,-110.0,-12.0,0.2768874620972691,-13.0,-12.0,-12.0,-12.0,-12.0,-12.0,-12.0
40.468,-86.9255,0,125290,479,sub6,66,24,-123.0,2.723688356047653,-132.0,-126.4,-123.25,-123.0,-122.0,-121.0,-119.0,-22.0,2.955895607185699,-32.0,-26.4,-23.25,-22.0,-21.0,-20.3,-18.0
40.468,-86.9255,0,125290,798,sub6,66,10,-125.5,6.196773353931867,-135.0,-132.3,-127.75,-125.5,-124.0,-115.9,-115.0,-25.0,6.0332412515993425,-34.0,-32.2,-27.5,-25.0,-23.25,-15.9,-15.0
40.468,-86.925,0,125290,372,sub6,40,18,-111.0,0.9983646759294877,-113.0,-112.3,-111.75,-111.0,-110.0,-110.0,-110.0,-12.0,0.5113099925649135,-12.0,-12.0,-12.0,-12.0,-11.0,-11.0,-11.0
40.468,-86.925,0,125290,403,sub6,40,6,-119.0,0.5163977794943223,-119.0,-119.0,-119.0,-119.0,-118.25,-118.0,-118.0,-18.0,0.8944271909999159,-19.0,-19.0,-18.75,-18.0,-17.25,-17.0,-17.0
40.468,-86.925,0,125290,479,sub6,40,16,-119.5,2.463060426921489,-126.0,-124.0,-120.5,-119.5,-118.75,-118.0,-118.0,-20.0,1.96638416050035,-25.0,-23.5,-21.25,-20.0,-19.0,-19.0,-19.0
40.468,-86.9245,0,125290,372,sub6,44,19,-113.0,1.4489358870144544,-115.0,-114.0,-114.0,-113.0,-111.5,-111.0,-110.0,-12.0,0.45241392835886407,-13.0,-13.0,-12.5,-12.0,-12.0,-12.0,-12.0
40.468,-86.9245,0,125290,403,sub6,44,6,-127.0,4.535048695071165,-131.0,-130.0,-128.75,-127.0,-125.25,-121.5,-118.0,-27.0,4.135214625627067,-31.0,-30.0,-28.75,-27.0,-26.0,-22.5,-19.0
40.468,-86.9245,0,125290,479,sub6,44,19,-120.0,1.4224597754824204,-124.0,-122.2,-121.0,-120.0,-120.0,-119.0,-118.0,-19.0,1.346426937147361,-22.0,-21.2,-20.0,-19.0,-18.0,-18.0,-18.0
40.468,-86.924,0,125290,121,sub6,98,14,-123.0,4.492362260695221,-133.0,-130.7,-129.0,-123.0,-122.25,-120.0,-119.0,-20.0,4.91018228886567,-32.0,-29.0,-27.5,-20.0,-19.0,-19.0,-18.0
40.468,-86.924,0,125290,250,sub6,98,16,-121.0,3.3241540277189325,-128.0,-125.5,-123.0,-121.0,-118.0,-117.5,-117.0,-18.5,2.4074537032585557,-25.0,-22.5,-19.25,-18.5,-17.75,-17.0,-16.0
40.468,-86.924,0,125290,359,sub6,98,6,-126.0,2.16794833886788,-130.0,-129.0,-127.5,-126.0,-125.25,-124.5,-124.0,-23.0,3.5071355833500366,-29.0,-27.5,-25.25,-23.0,-20.75,-20.0,-20.0
40.468,-86.924,0,125290,372,sub6,98,25,-113.0,2.3508863576673935,-117.0,-116.0,-115.0,-113.0,-111.0,-110.0,-110.0,-12.0,0.6531972647421809,-14.0,-13.0,-13.0,-12.0,-12.0,-12.0,-12.0
40.468,-86.924,0,125290,403,sub6,98,12,-120.0,3.821787619172553,-127.0,-125.8,-123.25,-120.0,-119.0,-115.4,-115.0,-22.5,2.534608929251695,-27.0,-25.9,-24.25,-22.5,-20.0,-20.0,-20.0
40.468,-86.924,0,125290,479,sub6,98,25,-122.0,2.2383029285599387,-129.0,-125.6,-123.0,-122.0,-121.0,-120.0,-120.0,-20.0,3.25934553757857,-28.0,-25.6,-23.0,-20.0,-18.0,-18.0,-17.0
40.468,-86.9235,0,125290,121,sub6,73,18,-125.0,2.2088650858122283,-128.0,-127.3,-127.0,-125.0,-124.0,-122.4,-120.0,-23.0,2.9104275004359956,-27.0,-26.3,-25.0,-23.0,-21.0,-19.4,-17.0
40.468,-86.9235,0,125290,250,sub6,73,9,-121.0,1.8782379449307742,-125.0,-123.4,-123.0,-121.0,-120.0,-119.8,-119.0,-17.0,2.5495097567963922,-22.0,-21.2,-20.0,-17.0,-16.0,-15.8,-15.0
40.468,-86.9235,0,125290,359,sub6,73,8,-123.5,3.77728171346236,-131.0,-128.2,-127.0,-123.5,-121.75,-120.7,-120.0,-20.5,3.943801646707328,-30.0,-26.5,-24.25,-20.5,-19.0,-19.0,-19.0
40.468,-86.9235,0,125290,372,sub6,73,19,-115.0,1.0975784083941793,-117.0,-117.0,-116.0,-115.0,-114.0,-114.0,-114.0,-13.0,0.6710382982072027,-15.0,-14.2,-13.0,-13.0,-13.0,-13.0,-13.0
40.468,-86.9235,0,125290,479,sub6,73,19,-121.0,2.400048732448709,-128.0,-124.2,-122.0,-121.0,-120.0,-119.0,-118.0,-18.0,2.70585243997166,-27.0,-21.6,-19.5,-18.0,-17.0,-17.0,-17.0
40.468,-86.923,0,125290,121,sub6,82,19,-123.0,2.1493913187076177,-129.0,-126.2,-123.5,-123.0,-122.0,-121.0,-121.0,-20.0,3.0087591427276736,-27.0,-23.4,-21.0,-20.0,-17.0,-17.0,-17.0
40.468,-86.923,0,125290,250,sub6,82,14,-122.0,1.4392458342578487,-124.0,-123.7,-123.0,-122.0,-121.0,-120.3,-119.0,-18.0,2.224983022530611,-23.0,-20.7,-19.5,-18.0,-17.25,-15.299999999999999,-15.0
40.468,-86.923,0,125290,359,sub6,82,11,-127.0,2.696799449852968,-131.0,-130.0,-127.5,-127.0,-125.0,-123.0,-122.0,-24.0,3.7001228480834376,-29.0,-27.0,-26.5,-24.0,-23.5,-18.0,-17.0
40.468,-86.923,0,125290,372,sub6,82,19,-114.0,1.952656010944074,-117.0,-117.0,-116.5,-114.0,-113.0,-112.0,-112.0,-13.0,0.6069769786668838,-14.0,-13.0,-13.0,-13.0,-12.0,-12.0,-12.0
40.468,-86.923,0,125290,479,sub6,82,19,-122.0,3.074132787903089,-130.0,-127.6,-125.0,-122.0,-121.0,-120.8,-120.0,-20.0,3.9210035712618208,-27.0,-25.4,-23.5,-20.0,-17.0,-16.0,-16.0
40.468,-86.9225,0,125290,121,sub6,62,18,-126.0,3.2699863084600733,-133.0,-130.0,-128.75,-126.0,-124.0,-121.7,-121.0,-22.5,3.9539836782799918,-31.0,-28.0,-26.5,-22.5,-20.25,-18.0,-18.0
40.468,-86.9225,0,125290,250,sub6,62,10,-122.0,1.5491933384829668,-124.0,-123.1,-122.0,-122.0,-122.0,-120.7,-118.0,-20.0,1.632993161855452,-23.0,-22.1,-20.75,-20.0,-19.0,-18.0,-18.0
40.468,-86.9225,0,125290,372,sub6,62,18,-113.0,2.533436530405838,-116.0,-116.0,-114.75,-113.0,-111.25,-109.0,-108.0,-12.0,0.802365782965103,-13.0,-13.0,-12.75,-12.0,-11.0,-11.0,-11.0
40.468,-86.9225,0,125290,479,sub6,62,16,-121.5,4.177319714841085,-132.0,-129.5,-125.25,-121.5,-120.75,-120.0,-117.0,-18.0,4.145278438577237,-31.0,-26.5,-23.0,-18.0,-18.0,-18.0,-17.0
40.468,-86.922,0,125290,121,sub6,61,17,-122.0,1.8027756377319946,-126.0,-124.4,-122.0,-122.0,-121.0,-120.6,-119.0,-19.0,1.712840777600698,-24.0,-20.4,-20.0,-19.0,-18.0,-17.0,-17.0
40.468,-86.922,0,125290,250,sub6,61,6,-123.0,0.6324555320336759,-124.0,-123.5,-123.0,-123.0,-123.0,-122.5,-122.0,-20.0,0.8944271909999159,-21.0,-21.0,-20.75,-20.0,-19.25,-19.0,-19.0
40.468,-86.922,0,125290,372,sub6,61,19,-114.0,1.1672930649220894,-116.0,-115.0,-115.0,-114.0,-113.0,-112.8,-112.0,-12.0,0.4714045207910317,-13.0,-12.2,-12.0,-12.0,-12.0,-11.8,-11.0
40.468,-86.922,0,125290,479,sub6,61,19,-123.0,1.416279616889396,-125.0,-124.2,-124.0,-123.0,-122.0,-121.0,-120.0,-20.0,1.7150861400630166,-24.0,-22.0,-21.0,-20.0,-19.0,-18.0,-17.0
40.468,-86.9215,0,125290,121,sub6,64,22,-119.5,2.1965143579488218,-123.0,-122.0,-120.75,-119.5,-118.0,-116.1,-116.0,-18.0,3.3280260779864057,-23.0,-22.8,-19.75,-18.0,-16.25,-13.099999999999998,-11.0
40.468,-86.9215,0,125290,372,sub6,64,25,-112.0,2.357965224510318,-116.0,-115.0,-113.0,-112.0,-110.0,-109.0,-108.0,-12.0,0.8660254037844384,-14.0,-13.0,-12.0,-12.0,-11.0,-11.0,-11.0
40.468,-86.9215,0,125290,479,sub6,64,17,-124.0,4.176263457995464,-134.0,-131.4,-127.0,-124.0,-123.0,-120.6,-120.0,-22.0,4.999264651808656,-33.0,-30.8,-26.0,-22.0,-20.0,-17.6,-17.0
40.468,-86.921,0,125290,121,sub6,52,19,-116.0,1.2495613265350085,-119.0,-118.0,-117.0,-116.0,-115.5,-115.0,-114.0,-16.0,1.348596844980885,-20.0,-18.0,-17.0,-16.0,-15.5,-15.0,-15.0
40.468,-86.921,0,125290,359,sub6,52,14,-122.5,3.9557997482622462,-130.0,-128.7,-127.5,-122.5,-121.0,-119.3,-118.0,-22.5,4.013712758767138,-31.0,-28.7,-26.75,-22.5,-21.0,-19.299999999999997,-18.0
40.468,-86.921,0,125290,372,sub6,52,19,-113.0,2.545492518893483,-114.0,-114.0,-114.0,-113.0,-109.0,-108.0,-107.0,-12.0,0.5823927253578186,-13.0,-13.0,-13.0,-12.0,-12.0,-12.0,-11.0
40.468,-86.9205,0,125290,121,sub6,49,18,-116.0,1.664704727591461,-120.0,-119.3,-117.75,-116.0,-116.0,-115.0,-115.0,-17.0,1.262842524557225,-20.0,-19.0,-18.0,-17.0,-16.0,-16.0,-16.0
40.468,-86.9205,0,125290,359,sub6,49,13,-120.0,2.433737233777904,-125.0,-123.0,-123.0,-120.0,-119.0,-117.4,-117.0,-21.0,2.712742958515303,-27.0,-23.6,-22.0,-21.0,-18.0,-18.0,-18.0
40.468,-86.9205,0,125290,372,sub6,49,18,-110.0,1.0032626514091003,-112.0,-111.3,-111.0,-110.0,-109.25,-109.0,-109.0,-12.0,0.5940885257860047,-13.0,-12.0,-12.0,-12.0,-11.0,-11.0,-11.0
40.468,-86.92,0,125290,121,sub6,55,17,-117.0,2.667891875399663,-124.0,-120.4,-118.0,-117.0,-117.0,-116.0,-111.0,-18.0,2.4223226578685857,-25.0,-21.4,-18.0,-18.0,-18.0,-17.0,-14.0
40.468,-86.92,0,125290,359,sub6,55,19,-121.0,2.5785893056121876,-127.0,-124.2,-122.5,-121.0,-119.5,-118.0,-117.0,-23.0,2.3656904336937608,-28.0,-25.2,-23.5,-23.0,-21.0,-19.8,-18.0
40.468,-86.92,0,125290,372,sub6,55,19,-110.0,1.3870748387117167,-113.0,-112.0,-111.5,-110.0,-110.0,-108.8,-108.0,-12.0,0.6533762964749499,-13.0,-12.2,-12.0,-12.0,-11.0,-11.0,-11.0
40.468,-86.9195,0,125290,121,sub6,84,25,-121.0,3.343152205130162,-124.0,-123.0,-122.0,-121.0,-117.0,-114.6,-112.0,-20.0,2.5331140255951112,-25.0,-23.0,-22.0,-20.0,-19.0,-16.799999999999997,-15.0
40.468,-86.9195,0,125290,359,sub6,84,12,-121.0,5.98482930568465,-135.0,-133.8,-125.25,-121.0,-120.75,-120.0,-118.0,-21.5,6.082139774982506,-36.0,-33.9,-26.25,-21.5,-20.0,-20.0,-20.0
40.468,-86.9195,0,125290,372,sub6,84,25,-111.0,1.4236104336041753,-113.0,-112.0,-112.0,-111.0,-110.0,-109.0,-107.0,-12.0,0.5099019513592784,-12.0,-12.0,-12.0,-12.0,-11.0,-11.0,-11.0
40.468,-86.9195,0,125290,479,sub6,84,22,-120.0,2.7696562369715974,-125.0,-122.9,-121.0,-120.0,-119.0,-115.3,-114.0,-20.0,2.45875060659973,-25.0,-22.9,-22.0,-20.0,-19.0,-16.199999999999996,-15.0
40.468,-86.919,0,125290,121,sub6,60,5,-125.0,2.1213203435596424,-128.0,-127.2,-126.0,-125.0,-123.0,-123.0,-123.0,-26.0,1.6733200530681511,-28.0,-27.2,-26.0,-26.0,-24.0,-24.0,-24.0
40.468,-86.919,0,125290,359,sub6,60,17,-128.0,3.23923556704719,-134.0,-132.0,-131.0,-128.0,-127.0,-124.0,-123.0,-28.0,3.481041088356115,-34.0,-32.4,-31.0,-28.0,-26.0,-24.0,-22.0
40.468,-86.919,0,125290,372,sub6,60,19,-111.0,0.6839855680567696,-112.0,-112.0,-112.0,-111.0,-111.0,-110.8,-110.0,-11.0,0.0,-11.0,-11.0,-11.0,-11.0,-11.0,-11.0,-11.0
40.468,-86.919,0,125290,403,sub6,60,2,-114.0,1.4142135623730951,-115.0,-114.8,-114.5,-114.0,-113.5,-113.2,-113.0,-16.5,0.7071067811865476,-17.0,-16.9,-16.75,-16.5,-16.25,-16.1,-16.0
40.468,-86.919,0,125290,479,sub6,60,17,-121.0,1.6224527546823886,-124.0,-123.4,-122.0,-121.0,-121.0,-119.6,-118.0,-22.0,1.8530578861470475,-25.0,-24.0,-23.0,-22.0,-21.0,-20.0,-17.0
40.468,-86.9185,0,125290,359,sub6,60,2,-121.0,1.4142135623730951,-122.0,-121.8,-121.5,-121.0,-120.5,-120.2,-120.0,-20.5,2.1213203435596424,-22.0,-21.7,-21.25,-20.5,-19.75,-19.3,-19.0
40.468,-86.9185,0,125290,372,sub6,60,18,-110.0,1.487420014875958,-113.0,-112.3,-111.0,-110.0,-109.0,-108.7,-108.0,-11.0,0.5393048054696103,-12.0,-11.3,-11.0,-11.0,-11.0,-10.0,-10.0
40.468,-86.9185,0,125290,403,sub6,60,16,-122.5,4.759201613716317,-128.0,-127.5,-125.0,-122.5,-117.5,-115.0,-114.0,-24.0,4.281257603399574,-29.0,-28.0,-26.0,-24.0,-19.5,-17.0,-16.0
40.468,-86.9185,0,125290,479,sub6,60,18,-120.0,1.9402850002906635,-124.0,-122.6,-121.75,-120.0,-119.0,-118.0,-118.0,-21.5,1.8194662723831592,-25.0,-23.6,-23.0,-21.5,-20.0,-19.7,-19.0
40.468,-86.9185,0,125290,798,sub6,60,6,-128.0,3.8686776379877745,-132.0,-131.5,-130.25,-128.0,-127.25,-124.0,-121.0,-28.5,4.262237284181474,-32.0,-31.5,-30.5,-28.5,-27.25,-23.5,-20.0
40.468,-86.918,0,125290,121,sub6,56,5,-123.0,4.43846820423443,-128.0,-127.2,-126.0,-123.0,-120.0,-118.2,-117.0,-25.0,4.61519230368573,-30.0,-28.8,-27.0,-25.0,-22.0,-19.6,-18.0
40.468,-86.918,0,125290,359,sub6,56,6,-130.5,3.7815340802378077,-134.0,-133.0,-131.75,-130.5,-127.0,-125.0,-124.0,-32.0,3.6742346141747673,-34.0,-33.5,-33.0,-32.0,-28.0,-26.0,-25.0
40.468,-86.918,0,125290,372,sub6,56,19,-109.0,0.6924826089821247,-111.0,-110.0,-110.0,-109.0,-109.0,-109.0,-108.0,-11.0,0.0,-11.0,-11.0,-11.0,-11.0,-11.0,-11.0,-11.0
40.468,-86.918,0,125290,403,sub6,56,11,-119.0,4.105428778403719,-125.0,-124.0,-121.5,-119.0,-116.0,-115.0,-112.0,-21.0,3.529099807960304,-27.0,-26.0,-24.0,-21.0,-18.0,-18.0,-17.0
40.468,-86.918,0,125290,479,sub6,56,10,-124.5,3.858612300930075,-130.0,-128.2,-126.75,-124.5,-121.0,-119.0,-119.0,-26.0,3.802046232695699,-31.0,-29.2,-29.0,-26.0,-23.0,-20.9,-20.0
40.468,-86.918,0,125290,867,sub6,56,5,-119.0,1.6733200530681511,-122.0,-121.2,-120.0,-119.0,-118.0,-118.0,-118.0,-20.0,2.345207879911715,-24.0,-23.6,-23.0,-20.0,-19.0,-19.0,-19.0
40.468,-86.9175,0,125290,121,sub6,80,18,-120.0,4.815891449930774,-129.0,-126.3,-124.5,-120.0,-116.0,-115.0,-114.0,-22.5,4.235316811849147,-30.0,-27.9,-26.5,-22.5,-19.25,-18.0,-17.0
40.468,-86.9175,0,125290,372,sub6,80,25,-109.0,1.6041612554021285,-113.0,-111.6,-111.0,-109.0,-108.0,-108.0,-108.0,-12.0,0.7000000000000001,-13.0,-12.6,-12.0,-12.0,-11.0,-11.0,-11.0
40.468,-86.9175,0,125290,403,sub6,80,20,-114.0,5.0458424782973035,-131.0,-123.3,-120.25,-114.0,-114.0,-113.9,-113.0,-19.5,4.307582054690861,-32.0,-26.2,-24.0,-19.5,-18.75,-17.799999999999997,-15.0
40.468,-86.9175,0,125290,479,sub6,80,8,-121.5,3.854496446637726,-129.0,-126.2,-124.25,-121.5,-118.75,-118.0,-118.0,-22.0,5.02671434864337,-30.0,-27.2,-25.25,-22.0,-17.5,-16.0,-16.0
40.468,-86.9175,0,125290,798,sub6,80,8,-119.0,8.972179222463181,-135.0,-132.9,-129.0,-119.0,-114.0,-113.7,-113.0,-24.0,6.8452277432633934,-36.0,-34.6,-31.75,-24.0,-20.5,-19.0,-19.0
40.468,-86.9175,0,125290,867,sub6,80,1,-123.0,nan,-123.0,-123.0,-123.0,-123.0,-123.0,-123.0,-123.0,-26.0,nan,-26.0,-26.0,-26.0,-26.0,-26.0,-26.0,-26.0
40.468,-86.917,0,125290,121,sub6,66,16,-120.0,3.2190837205639746,-123.0,-122.5,-121.0,-120.0,-119.75,-114.0,-112.0,-18.0,1.8073922282301278,-20.0,-19.0,-18.25,-18.0,-16.0,-14.5,-14.0
40.468,-86.917,0,125290,250,sub6,66,3,-123.0,0.0,-123.0,-123.0,-123.0,-123.0,-123.0,-123.0,-123.0,-19.0,0.5773502691896258,-20.0,-19.8,-19.5,-19.0,-19.0,-19.0,-19.0
40.468,-86.917,0,125290,372,sub6,66,19,-115.0,2.8180703447281537,-117.0,-117.0,-116.0,-115.0,-112.5,-109.8,-109.0,-13.0,0.7647191129018727,-14.0,-14.0,-14.0,-13.0,-13.0,-12.0,-12.0
40.468,-86.917,0,125290,403,sub6,66,11,-124.0,5.127466147222142,-131.0,-129.0,-128.5,-124.0,-120.5,-117.0,-116.0,-25.0,4.433344725435352,-31.0,-27.0,-27.0,-25.0,-20.0,-18.0,-17.0
40.468,-86.917,0,125290,479,sub6,66,17,-121.0,1.3800042625680118,-124.0,-122.4,-121.0,-121.0,-120.0,-119.0,-119.0,-20.0,2.023755972268919,-24.0,-22.0,-21.0,-20.0,-18.0,-17.6,-16.0
40.468,-86.9165,0,125290,121,sub6,69,19,-117.0,3.819004493534595,-126.0,-124.2,-120.0,-117.0,-116.0,-114.6,-112.0,-16.0,3.5729654170373704,-26.0,-23.4,-19.0,-16.0,-15.0,-15.0,-15.0
40.468,-86.9165,0,125290,250,sub6,69,3,-119.0,1.1547005383792517,-121.0,-120.6,-120.0,-119.0,-119.0,-119.0,-119.0,-17.0,1.5275252316519465,-19.0,-18.6,-18.0,-17.0,-16.5,-16.2,-16.0
40.468,-86.9165,0,125290,372,sub6,69,19,-114.0,1.3572417850765923,-116.0,-115.2,-115.0,-114.0,-113.0,-112.0,-112.0,-14.0,1.4142135623730951,-16.0,-16.0,-15.0,-14.0,-13.0,-12.0,-12.0
40.468,-86.9165,0,125290,403,sub6,69,16,-120.0,2.0615528128088303,-125.0,-123.0,-120.0,-120.0,-119.0,-118.0,-117.0,-19.0,2.5876308340513594,-26.0,-23.0,-21.25,-19.0,-18.0,-17.5,-17.0
40.468,-86.9165,0,125290,479,sub6,69,12,-120.0,3.9800639556304986,-127.0,-123.9,-122.25,-120.0,-117.5,-114.2,-114.0,-20.0,3.570714214271425,-27.0,-23.8,-21.25,-20.0,-17.5,-15.1,-15.0
40.468,-86.916,0,125290,121,sub6,52,19,-109.0,2.365690433693761,-113.0,-111.2,-110.0,-109.0,-106.5,-105.8,-105.0,-12.0,0.837707816583391,-14.0,-14.0,-13.0,-12.0,-12.0,-12.0,-11.0
40.468,-86.916,0,125290,372,sub6,52,19,-110.0,2.667762932557442,-117.0,-115.2,-111.0,-110.0,-109.5,-108.0,-107.0,-15.0,2.0347852164769096,-21.0,-19.2,-16.0,-15.0,-14.5,-14.0,-14.0
40.468,-86.916,0,125290,403,sub6,52,3,-119.0,1.0,-120.0,-119.8,-119.5,-119.0,-118.5,-118.2,-118.0,-21.0,1.1547005383792515,-23.0,-22.6,-22.0,-21.0,-21.0,-21.0,-21.0
40.468,-86.916,0,125290,479,sub6,52,11,-117.0,1.5491933384829668,-118.0,-117.0,-117.0,-117.0,-115.0,-114.0,-113.0,-18.0,1.1037127426019047,-21.0,-20.0,-19.5,-18.0,-18.0,-18.0,-18.0
40.468,-86.9155,0,125290,121,sub6,76,25,-112.0,2.256841450641434,-114.0,-114.0,-113.0,-112.0,-111.0,-107.4,-107.0,-12.0,0.5715476066494084,-13.0,-12.6,-12.0,-12.0,-12.0,-11.0,-11.0
40.468,-86.9155,0,125290,359,sub6,76,11,-120.0,3.0361458822299396,-127.0,-125.0,-121.5,-120.0,-119.0,-118.0,-117.0,-19.0,3.5598774238346005,-28.0,-26.0,-21.5,-19.0,-18.5,-18.0,-17.0
40.468,-86.9155,0,125290,372,sub6,76,23,-119.0,3.190276729791355,-125.0,-122.8,-121.0,-119.0,-116.5,-114.2,-114.0,-20.0,3.4720794876240153,-26.0,-23.8,-22.0,-20.0,-17.0,-15.0,-14.0
40.468,-86.9155,0,125290,479,sub6,76,15,-118.0,1.709915063331955,-121.0,-120.6,-119.0,-118.0,-117.0,-116.0,-116.0,-18.0,1.6846647257229665,-21.0,-20.6,-19.5,-18.0,-17.0,-16.4,-16.0
40.468,-86.9155,0,125290,588,sub6,76,2,-117.5,3.5355339059327378,-120.0,-119.5,-118.75,-117.5,-116.25,-115.5,-115.0,-18.5,3.5355339059327378,-21.0,-20.5,-19.75,-18.5,-17.25,-16.5,-16.0
40.468,-86.915,0,1001,50,lte,2292,175,-103.0,2.647203189984486,-108.0,-106.0,-106.0,-103.0,-101.0,-100.0,-96.0,-11.0,0.569215748327907,-12.0,-11.0,-11.0,-11.0,-10.0,-10.0,-9.0
40.468,-86.915,0,1001,191,lte,2292,12,-111.0,3.3844564489065974,-120.0,-116.6,-112.25,-111.0,-110.0,-109.1,-108.0,-19.5,0.7784989441615231,-21.0,-20.9,-20.0,-19.5,-19.0,-19.0,-19.0
40.468,-86.915,0,1001,240,lte,2292,10,-107.5,1.873795909674026,-111.0,-110.1,-110.0,-107.5,-107.0,-106.0,-106.0,-20.0,0.5676462121975466,-21.0,-21.0,-20.0,-20.0,-20.0,-19.9,-19.0
40.468,-86.915,0,1001,284,lte,2292,72,-116.0,3.652742447332068,-121.0,-118.9,-117.0,-116.0,-111.0,-109.0,-106.0,-19.0,1.2176968434318582,-21.0,-21.0,-20.0,-19.0,-18.0,-18.0,-16.0
40.468,-86.915,0,1001,393,lte,2292,46,-110.0,2.7582988526239283,-120.0,-112.5,-111.0,-110.0,-108.0,-107.5,-106.0,-19.5,0.9032950951851267,-22.0,-21.0,-20.0,-19.5,-19.0,-19.0,-18.0
40.468,-86.915,0,1001,397,lte,2292,173,-114.0,3.5582170709908776,-122.0,-119.0,-118.0,-114.0,-112.0,-110.0,-106.0,-21.0,0.9157257062178038,-23.0,-22.0,-21.0,-21.0,-20.0,-20.0,-18.0
40.468,-86.915,0,1001,408,lte,2292,175,-110.0,3.5367365956664703,-117.0,-115.0,-113.0,-110.0,-107.0,-105.0,-102.0,-16.0,1.748694094026384,-21.0,-18.0,-17.0,-16.0,-14.0,-13.0,-12.0
40.468,-86.915,0,1001,414,lte,2292,54,-110.0,2.3856811382415053,-119.0,-113.0,-111.0,-110.0,-109.0,-108.0,-106.0,-20.0,0.855981543326562,-22.0,-21.0,-20.0,-20.0,-19.0,-19.0,-18.0
40.468,-86.915,0,1001,434,lte,2292,8,-118.5,1.1877349391654208,-120.0,-119.3,-119.0,-118.5,-118.0,-117.4,-116.0,-21.0,0.8345229603962802,-22.0,-22.0,-21.25,-21.0,-20.0,-20.0,-20.0
40.468,-86.915,0,1001,490,lte,2292,10,-112.0,2.514402955419481,-115.0,-115.0,-113.75,-112.0,-110.25,-109.7,-107.0,-21.0,0.9189365834726815,-22.0,-22.0,-22.0,-21.0,-21.0,-20.8,-19.0
40.468,-86.915,0,66736,47,lte,2292,18,-111.5,2.2294816068526155,-115.0,-113.3,-113.0,-111.5,-109.25,-108.0,-108.0,-22.0,2.640187159141207,-25.0,-24.3,-23.0,-22.0,-19.5,-17.7,-17.0
40.468,-86.915,0,66736,334,lte,2292,11,-111.0,3.40587727318528,-120.0,-116.0,-112.5,-111.0,-110.0,-109.0,-108.0,-21.0,1.6949121725703882,-23.0,-22.0,-21.5,-21.0,-19.0,-18.0,-18.0
40.468,-86.915,0,66736,393,lte,2292,18,-104.0,2.4043805338660484,-112.0,-106.3,-105.0,-104.0,-104.0,-102.7,-100.0,-13.0,0.9983646759294877,-15.0,-14.0,-13.75,-13.0,-12.0,-12.0,-11.0
40.468,-86.915,0,125290,53,sub6,2292,22,-114.0,6.814804358274597,-131.0,-126.0,-124.0,-114.0,-112.0,-111.0,-111.0,-18.5,4.7502563157091915,-32.0,-27.9,-25.5,-18.5,-17.0,-17.0,-17.0
40.468,-86.915,0,125290,121,sub6,2292,221,-113.0,5.041987424254753,-137.0,-118.0,-116.0,-113.0,-111.0,-110.0,-104.0,-15.0,4.1317524327110595,-37.0,-18.0,-17.0,-15.0,-14.0,-13.0,-12.0
40.468,-86.915,0,125290,250,sub6,2292,46,-113.0,6.804090841097955,-136.0,-123.0,-118.0,-113.0,-111.0,-110.0,-109.0,-17.0,5.075516679631482,-37.0,-19.0,-19.0,-17.0,-16.0,-15.0,-14.0
40.468,-86.915,0,125290,359,sub6,2292,128,-116.0,6.16241285415375,-137.0,-124.0,-121.0,-116.0,-114.0,-112.0,-109.0,-18.0,4.815946843151718,-37.0,-24.299999999999997,-19.0,-18.0,-16.0,-16.0,-15.0
40.468,-86.915,0,125290,372,sub6,2292,222,-113.0,3.876683892099828,-128.0,-118.0,-117.0,-113.0,-110.0,-109.0,-103.0,-15.0,2.595550797570007,-28.0,-19.0,-17.0,-15.0,-14.0,-13.0,-12.0
40.468,-86.915,0,125290,403,sub6,2292,60,-117.5,8.06604097120468,-138.0,-136.0,-120.0,-117.5,-116.0,-114.0,-108.0,-19.5,7.28614116712987,-37.0,-36.1,-21.25,-19.5,-18.0,-16.0,-15.0
40.468,-86.915,0,125290,479,sub6,2292,166,-117.0,5.871422613381599,-137.0,-122.5,-119.0,-117.0,-115.0,-111.0,-106.0,-18.0,4.736477620689602,-37.0,-24.0,-19.0,-18.0,-17.0,-16.0,-14.0
40.468,-86.915,0,125290,588,sub6,2292,4,-124.0,1.632993161855452,-126.0,-125.4,-124.5,-124.0,-123.5,-122.6,-122.0,-24.0,1.2583057392117916,-26.0,-25.4,-24.5,-24.0,-23.75,-23.3,-23.0
40.468,-86.915,0,520110,98,sub6,2292,62,-121.0,7.858882278772364,-138.0,-137.0,-127.75,-121.0,-118.0,-117.0,-113.0,-18.0,8.588667160623991,-38.0,-36.0,-25.25,-18.0,-16.0,-14.0,-12.0
40.468,-86.915,0,520110,147,sub6,2292,37,-122.0,7.376714439092511,-137.0,-137.0,-133.0,-122.0,-120.0,-118.6,-117.0,-19.0,8.503134910331797,-37.0,-36.0,-31.0,-19.0,-16.0,-15.600000000000001,-15.0
40.468,-86.915,0,520110,201,sub6,2292,6,-125.0,7.814516406449389,-137.0,-137.0,-134.0,-125.0,-121.25,-120.0,-120.0,-23.0,9.32559202767667,-37.0,-36.5,-32.75,-23.0,-17.75,-16.0,-16.0
40.468,-86.915,0,520110,472,sub6,2292,71,-120.0,7.050807280006935,-137.0,-136.0,-124.0,-120.0,-118.0,-117.0,-114.0,-17.0,7.788217898092542,-37.0,-36.0,-20.0,-17.0,-16.0,-16.0,-13.0
40.468,-86.915,0,520110,515,sub6,2292,118,-112.0,4.281498896103383,-119.0,-117.0,-115.0,-112.0,-108.0,-105.0,-103.0,-13.0,1.8761525843993911,-18.0,-16.0,-15.0,-13.0,-12.0,-11.0,-11.0
40.468,-86.915,0,520110,609,sub6,2292,93,-120.0,5.462631779284982,-137.0,-131.39999999999998,-122.0,-120.0,-118.0,-117.0,-113.0,-16.0,5.869211112550302,-36.0,-29.599999999999994,-18.0,-16.0,-16.0,-15.0,-13.0
40.468,-86.915,0,520110,685,sub6,2292,114,-114.0,2.905981603406241,-121.0,-118.0,-116.0,-114.0,-112.25,-110.3,-108.0,-16.0,1.4135024090849866,-19.0,-17.0,-17.0,-16.0,-14.75,-14.0,-12.0
40.468,-86.915,0,520110,704,sub6,2292,85,-122.0,5.687398227611619,-138.0,-137.0,-126.0,-122.0,-121.0,-120.0,-116.0,-18.0,6.761896871420024,-37.0,-36.0,-21.0,-18.0,-17.0,-16.0,-14.0
40.468,-86.915,0,520110,838,sub6,2292,55,-120.0,7.3180741151076605,-137.0,-137.0,-123.0,-120.0,-119.0,-117.0,-116.0,-17.0,8.110059430920588,-37.0,-36.0,-19.0,-17.0,-16.0,-15.0,-15.0
40.468,-86.9145,0,1001,50,lte,2369,281,-101.0,3.3772994388632136,-110.0,-107.0,-104.0,-101.0,-100.0,-98.0,-94.0,-10.0,0.666677258007714,-13.0,-11.0,-11.0,-10.0,-10.0,-10.0,-9.0
40.468,-86.9145,0,1001,63,lte,2369,9,-113.0,4.876246279442597,-123.0,-121.4,-119.0,-113.0,-111.0,-111.0,-111.0,-20.0,0.927960727138337,-21.0,-21.0,-21.0,-20.0,-20.0,-19.6,-18.0
40.468,-86.9145,0,1001,191,lte,2369,1,-120.0,nan,-120.0,-120.0,-120.0,-120.0,-120.0,-120.0,-120.0,-20.0,nan,-20.0,-20.0,-20.0,-20.0,-20.0,-20.0,-20.0
40.468,-86.9145,0,1001,240,lte,2369,9,-114.0,3.905124837953327,-120.0,-119.2,-119.0,-114.0,-114.0,-109.8,-109.0,-20.0,0.8333333333333334,-21.0,-21.0,-21.0,-20.0,-20.0,-19.0,-19.0
40.468,-86.9145,0,1001,249,lte,2369,9,-115.0,4.1466184348749096,-121.0,-120.2,-120.0,-115.0,-114.0,-110.6,-109.0,-21.0,0.4409585518440985,-22.0,-22.0,-21.0,-21.0,-21.0,-21.0,-21.0
40.468,-86.9145,0,1001,284,lte,2369,163,-112.0,3.325200257466195,-121.0,-118.0,-115.0,-112.0,-110.0,-109.0,-105.0,-20.0,1.0531220828261367,-22.0,-21.0,-20.0,-20.0,-19.0,-18.0,-17.0
40.468,-86.9145,0,1001,294,lte,2369,18,-109.0,2.0259751142101163,-112.0,-111.3,-110.0,-109.0,-107.25,-106.7,-105.0,-20.0,1.1274936053323583,-22.0,-21.3,-21.0,-20.0,-20.0,-18.7,-18.0
40.468,-86.9145,0,1001,392,lte,2369,8,-110.5,1.3093073414159542,-113.0,-111.6,-111.0,-110.5,-109.75,-109.0,-109.0,-21.0,0.8864052604279183,-22.0,-21.3,-21.0,-21.0,-20.75,-19.7,-19.0
40.468,-86.9145,0,1001,393,lte,2369,20,-119.0,2.1908902300206647,-122.0,-121.0,-121.0,-119.0,-117.0,-116.8,-114.0,-20.0,1.218281792655455,-23.0,-22.0,-21.0,-20.0,-20.0,-19.0,-18.0
40.468,-86.9145,0,1001,397,lte,2369,281,-112.0,4.015203693659391,-123.0,-119.0,-116.0,-112.0,-111.0,-109.0,-104.0,-21.0,0.8949386007630591,-23.0,-22.0,-21.0,-21.0,-20.0,-20.0,-18.0
40.468,-86.9145,0,1001,408,lte,2369,281,-108.0,3.985296437782326,-119.0,-115.0,-112.0,-108.0,-106.0,-104.0,-98.0,-16.0,1.811875473106739,-21.0,-18.0,-17.0,-16.0,-15.0,-13.0,-11.0
40.468,-86.9145,0,1001,414,lte,2369,48,-117.0,3.6611216937897044,-123.0,-120.0,-119.0,-117.0,-114.0,-110.69999999999999,-107.0,-20.0,0.92804033600282,-22.0,-21.3,-21.0,-20.0,-20.0,-19.0,-18.0
40.468,-86.9145,0,1001,502,lte,2369,8,-111.0,1.8468119248354136,-115.0,-113.6,-111.5,-111.0,-110.75,-109.7,-109.0,-19.5,0.7440238091428449,-21.0,-20.3,-20.0,-19.5,-19.0,-19.0,-19.0
40.468,-86.9145,0,66736,47,lte,2369,5,-117.0,3.3166247903554,-120.0,-120.0,-120.0,-117.0,-116.0,-113.6,-112.0,-25.0,2.3021728866442674,-28.0,-28.0,-28.0,-25.0,-24.0,-23.4,-23.0
40.468,-86.9145,0,66736,334,lte,2369,6,-112.0,3.204163957519444,-115.0,-114.5,-113.5,-112.0,-109.0,-107.5,-107.0,-19.5,0.816496580927726,-21.0,-20.5,-20.0,-19.5,-19.0,-19.0,-19.0
40.468,-86.9145,0,66736,393,lte,2369,6,-106.0,3.204163957519444,-109.0,-108.5,-107.5,-106.0,-103.0,-101.5,-101.0,-13.0,0.408248290463863,-14.0,-13.5,-13.0,-13.0,-13.0,-13.0,-13.0
40.468,-86.9145,0,66736,398,lte,2369,1,-112.0,nan,-112.0,-112.0,-112.0,-112.0,-112.0,-112.0,-112.0,-19.0,nan,-19.0,-19.0,-19.0,-19.0,-19.0,-19.0,-19.0
40.468,-86.9145,0,125290,53,sub6,2369,17,-121.0,4.458963213705229,-133.0,-127.0,-125.0,-121.0,-119.0,-118.2,-117.0,-21.0,4.534183887913211,-34.0,-28.6,-22.0,-21.0,-20.0,-18.6,-17.0
40.468,-86.9145,0,125290,121,sub6,2369,329,-113.0,3.2331928823832192,-121.0,-118.0,-116.0,-113.0,-111.0,-109.80000000000001,-107.0,-14.0,2.3328890934502358,-23.0,-18.299999999999997,-16.0,-14.0,-13.0,-12.0,-12.0
40.468,-86.9145,0,125290,250,sub6,2369,36,-119.0,7.230886134196434,-134.0,-128.5,-122.25,-119.0,-111.0,-110.0,-110.0,-19.5,5.634009539578674,-34.0,-29.5,-23.25,-19.5,-16.0,-15.0,-15.0
40.468,-86.9145,0,125290,359,sub6,2369,188,-119.0,4.978126577914297,-135.0,-126.0,-122.0,-119.0,-114.75,-113.0,-112.0,-19.0,4.1005780099796905,-35.0,-26.0,-22.0,-19.0,-17.0,-16.0,-14.0
40.468,-86.9145,0,125290,372,sub6,2369,317,-113.0,3.6020249466110648,-125.0,-117.0,-115.0,-113.0,-111.0,-109.0,-104.0,-14.0,2.435532236347577,-25.0,-18.0,-16.0,-14.0,-13.0,-12.0,-11.0
40.468,-86.9145,0,125290,403,sub6,2369,96,-120.0,4.522446454058308,-133.0,-127.0,-123.0,-120.0,-116.0,-115.0,-112.0,-21.0,3.594449302671229,-33.0,-26.5,-23.0,-21.0,-19.0,-18.0,-17.0
40.468,-86.9145,0,125290,479,sub6,2369,199,-119.0,3.0835859168332003,-127.0,-122.2,-120.0,-119.0,-117.0,-115.0,-111.0,-19.0,2.40730914148453,-27.0,-23.0,-20.0,-19.0,-18.0,-16.0,-14.0
40.468,-86.9145,0,125290,793,sub6,2369,6,-128.0,3.265986323710904,-131.0,-131.0,-130.5,-128.0,-125.5,-124.0,-123.0,-28.5,3.5023801430836525,-32.0,-32.0,-31.25,-28.5,-26.5,-24.5,-23.0
40.468,-86.9145,0,520110,98,sub6,2369,4,-121.0,8.386497083606082,-137.0,-132.2,-125.0,-121.0,-120.5,-119.6,-119.0,-17.0,9.678154093971983,-36.0,-30.299999999999997,-21.75,-17.0,-16.75,-16.3,-16.0
40.468,-86.9145,0,520110,472,sub6,2369,2,-120.0,0.0,-120.0,-120.0,-120.0,-120.0,-120.0,-120.0,-120.0,-19.0,0.0,-19.0,-19.0,-19.0,-19.0,-19.0,-19.0,-19.0
40.468,-86.9145,0,520110,515,sub6,2369,6,-109.0,3.2093613071762426,-112.0,-111.5,-111.0,-109.0,-105.5,-105.0,-105.0,-13.0,1.0,-14.0,-14.0,-14.0,-13.0,-12.0,-12.0,-12.0
40.468,-86.9145,0,520110,609,sub6,2369,5,-118.0,0.7071067811865476,-119.0,-118.6,-118.0,-118.0,-118.0,-117.4,-117.0,-17.0,0.4472135954999579,-17.0,-17.0,-17.0,-17.0,-17.0,-16.4,-16.0
40.468,-86.9145,0,520110,685,sub6,2369,6,-110.5,1.6431676725154984,-112.0,-112.0,-112.0,-110.5,-109.0,-109.0,-109.0,-15.0,0.0,-15.0,-15.0,-15.0,-15.0,-15.0,-15.0,-15.0
40.468,-86.9145,0,520110,838,sub6,2369,4,-115.5,0.9574271077563381,-117.0,-116.7,-116.25,-115.5,-115.0,-115.0,-115.0,-15.0,0.5,-15.0,-15.0,-15.0,-15.0,-14.75,-14.3,-14.0
40.468,-86.914,0,1001,50,lte,524,66,-101.0,1.432880613710316,-105.0,-103.0,-102.0,-101.0,-100.0,-99.5,-98.0,-11.0,0.6399664909642607,-12.0,-11.0,-11.0,-11.0,-10.0,-10.0,-9.0
40.468,-86.914,0,1001,284,lte,524,39,-111.0,1.6838520198732756,-114.0,-113.0,-111.0,-111.0,-109.5,-109.0,-106.0,-19.0,1.3351876444470043,-21.0,-21.0,-20.0,-19.0,-18.5,-17.0,-16.0
40.468,-86.914,0,1001,397,lte,524,66,-112.0,1.7813459723460434,-115.0,-113.5,-113.0,-112.0,-110.25,-109.0,-107.0,-21.0,0.8272740080422468,-23.0,-22.0,-21.0,-21.0,-20.0,-20.0,-19.0
40.468,-86.914,0,1001,408,lte,524,66,-107.0,1.9979009964481178,-112.0,-109.0,-108.0,-107.0,-106.0,-104.5,-101.0,-16.0,1.9415707480534854,-20.0,-19.0,-17.0,-16.0,-15.0,-13.0,-13.0
40.468,-86.914,0,125290,53,sub6,524,18,-126.0,4.702940256778043,-134.0,-131.3,-129.0,-126.0,-122.5,-118.7,-118.0,-26.0,4.561848037401056,-34.0,-32.0,-29.0,-26.0,-22.25,-19.7,-19.0
40.468,-86.914,0,125290,121,sub6,524,88,-112.0,2.097885435858063,-115.0,-113.3,-113.0,-112.0,-110.0,-108.0,-106.0,-12.0,0.7804260283902137,-14.0,-13.0,-13.0,-12.0,-12.0,-11.0,-11.0
40.468,-86.914,0,125290,250,sub6,524,6,-130.0,5.913261931173577,-134.0,-133.5,-132.75,-130.0,-122.75,-121.0,-121.0,-28.5,6.554896388705672,-34.0,-33.5,-32.5,-28.5,-21.5,-19.5,-19.0
40.468,-86.914,0,125290,359,sub6,524,30,-119.0,6.310090441452511,-134.0,-129.3,-124.5,-119.0,-116.0,-114.9,-113.0,-20.0,5.4540926318482725,-35.0,-29.299999999999997,-24.75,-20.0,-19.0,-17.799999999999997,-14.0
40.468,-86.914,0,125290,372,sub6,524,88,-117.0,2.984613100638267,-125.0,-121.0,-119.0,-117.0,-115.0,-113.0,-111.0,-17.0,2.5325209746294997,-25.0,-21.299999999999997,-19.0,-17.0,-16.0,-15.0,-13.0
40.468,-86.914,0,125290,403,sub6,524,5,-118.0,3.8340579025361627,-124.0,-122.8,-121.0,-118.0,-117.0,-115.2,-114.0,-22.0,3.361547262794322,-27.0,-25.8,-24.0,-22.0,-21.0,-19.2,-18.0
40.468,-86.914,0,125290,479,sub6,524,52,-118.0,1.488518147188607,-122.0,-119.0,-118.0,-118.0,-117.0,-116.0,-114.0,-17.0,0.9497161598676341,-19.0,-18.0,-18.0,-17.0,-16.0,-16.0,-14.0
40.4685,-86.9435,0,125290,121,sub6,42,18,-113.0,2.959972619551866,-120.0,-117.3,-114.0,-113.0,-111.0,-110.0,-109.0,-19.0,2.3008949665421112,-25.0,-22.6,-19.75,-19.0,-18.0,-17.0,-17.0
40.4685,-86.9435,0,125290,300,sub6,42,6,-117.0,1.8618986725025255,-120.0,-119.5,-118.5,-117.0,-116.25,-115.5,-115.0,-23.5,1.2110601416389968,-25.0,-24.5,-24.0,-23.5,-22.25,-22.0,-22.0
40.4685,-86.9435,0,125290,372,sub6,42,18,-103.0,0.5745131499601417,-104.0,-104.0,-104.0,-103.0,-103.0,-103.0,-102.0,-11.0,0.0,-11.0,-11.0,-11.0,-11.0,-11.0,-11.0,-11.0
40.4685,-86.943,0,125290,121,sub6,86,32,-113.5,3.8932323414504983,-120.0,-118.9,-117.0,-113.5,-111.0,-108.1,-106.0,-20.0,3.3394936355584637,-25.0,-23.0,-22.0,-20.0,-18.0,-14.099999999999998,-13.0
40.4685,-86.943,0,125290,300,sub6,86,22,-117.0,2.4915441412489985,-122.0,-119.9,-118.0,-117.0,-115.0,-114.0,-112.0,-21.0,2.0385887657505024,-25.0,-23.0,-22.0,-21.0,-19.0,-18.0,-18.0
40.4685,-86.943,0,125290,372,sub6,86,32,-104.0,1.3966405545843488,-107.0,-107.0,-106.0,-104.0,-104.0,-103.0,-103.0,-11.0,0.5350610456580119,-13.0,-12.0,-12.0,-11.0,-11.0,-11.0,-11.0
40.4685,-86.915,0,1001,50,lte,1797,164,-106.0,3.307221658433238,-113.0,-110.0,-108.0,-106.0,-103.0,-102.0,-98.0,-11.0,0.8326172792720142,-13.0,-11.0,-11.0,-11.0,-10.0,-10.0,-8.0
40.4685,-86.915,0,1001,128,lte,1797,8,-119.0,2.434865792722759,-124.0,-122.6,-121.25,-119.0,-118.5,-117.0,-117.0,-20.0,0.6408699444616557,-21.0,-20.3,-20.0,-20.0,-19.75,-19.0,-19.0
40.4685,-86.915,0,1001,240,lte,1797,19,-113.0,4.344789175835363,-123.0,-120.4,-118.5,-113.0,-111.5,-110.0,-110.0,-20.0,0.7453559924999299,-21.0,-21.0,-20.5,-20.0,-19.5,-19.0,-19.0
40.4685,-86.915,0,1001,284,lte,1797,99,-117.0,3.213620261402713,-121.0,-119.0,-118.0,-117.0,-113.5,-111.0,-107.0,-19.0,1.5416301036965294,-22.0,-21.0,-20.0,-19.0,-18.0,-17.0,-14.0
40.4685,-86.915,0,1001,393,lte,1797,44,-115.0,3.9104673322853674,-123.0,-120.7,-118.25,-115.0,-112.0,-111.0,-109.0,-19.5,0.9344250134217542,-22.0,-21.0,-20.0,-19.5,-19.0,-19.0,-18.0
40.4685,-86.915,0,1001,397,lte,1797,162,-118.0,3.5854719678754687,-125.0,-122.0,-120.0,-118.0,-115.0,-112.1,-107.0,-21.0,0.8848250790956258,-23.0,-22.0,-21.0,-21.0,-20.0,-20.0,-18.0
40.4685,-86.915,0,1001,408,lte,1797,159,-114.0,3.6264009945446753,-121.0,-118.0,-116.0,-114.0,-111.0,-108.0,-104.0,-16.0,1.7154472695037535,-20.0,-18.0,-17.0,-16.0,-15.0,-14.0,-10.0
40.4685,-86.915,0,1001,414,lte,1797,47,-117.0,3.718095859140984,-123.0,-121.0,-119.0,-117.0,-113.5,-111.0,-108.0,-20.0,0.9869640608220251,-22.0,-21.0,-21.0,-20.0,-20.0,-19.0,-17.0
40.4685,-86.915,0,1001,434,lte,1797,8,-121.0,1.807721533549109,-123.0,-123.0,-122.25,-121.0,-119.75,-118.7,-118.0,-21.0,0.9258200997725514,-22.0,-22.0,-21.25,-21.0,-21.0,-20.4,-19.0
40.4685,-86.915,0,66736,47,lte,1797,33,-115.0,3.501082083810053,-123.0,-121.8,-118.0,-115.0,-113.0,-112.2,-110.0,-22.0,2.569857324184879,-30.0,-25.8,-24.0,-22.0,-21.0,-20.0,-19.0
40.4685,-86.915,0,66736,334,lte,1797,20,-115.0,3.4089665049071614,-120.0,-119.1,-119.0,-115.0,-113.0,-111.9,-108.0,-20.0,0.9880869341680845,-22.0,-21.1,-20.0,-20.0,-19.0,-19.0,-19.0
40.4685,-86.915,0,66736,393,lte,1797,32,-107.0,3.2372578997783634,-112.0,-111.9,-110.25,-107.0,-105.0,-103.0,-102.0,-12.0,1.7401798201483698,-15.0,-13.9,-13.0,-12.0,-11.0,-9.199999999999996,-8.0
40.4685,-86.915,0,66736,398,lte,1797,6,-117.0,1.4142135623730951,-119.0,-118.5,-117.75,-117.0,-116.25,-115.5,-115.0,-19.0,1.329160135825126,-21.0,-20.0,-19.0,-19.0,-18.25,-17.5,-17.0
40.4685,-86.915,0,125290,53,sub6,1797,27,-121.0,7.006305666206627,-133.0,-129.4,-125.0,-121.0,-114.0,-111.0,-111.0,-21.0,4.835764198615911,-34.0,-29.2,-25.5,-21.0,-18.5,-18.0,-16.0
40.4685,-86.915,0,125290,121,sub6,1797,201,-112.0,3.3273254315385485,-135.0,-117.0,-115.0,-112.0,-110.0,-109.0,-105.0,-13.0,2.758424608740341,-36.0,-17.0,-15.0,-13.0,-12.0,-12.0,-11.0
40.4685,-86.915,0,125290,250,sub6,1797,61,-120.0,6.777131266009336,-135.0,-127.0,-122.0,-120.0,-114.0,-108.0,-106.0,-20.0,5.1503405889658875,-35.0,-26.4,-22.0,-20.0,-15.0,-14.0,-13.0
40.4685,-86.915,0,125290,359,sub6,1797,97,-121.0,4.994090149978956,-137.0,-127.0,-124.0,-121.0,-119.0,-116.0,-110.0,-21.0,4.590021674139694,-37.0,-27.0,-23.0,-21.0,-18.0,-17.0,-15.0
40.4685,-86.915,0,125290,372,sub6,1797,198,-117.0,4.803691281793603,-132.0,-121.0,-119.0,-117.0,-114.0,-110.0,-103.0,-17.0,3.446137796873623,-32.0,-21.0,-19.0,-17.0,-15.0,-14.0,-12.0
40.4685,-86.915,0,125290,403,sub6,1797,29,-117.0,5.347067701546906,-136.0,-121.2,-120.0,-117.0,-114.0,-111.6,-109.0,-19.0,4.042597258272532,-36.0,-23.0,-21.0,-19.0,-17.0,-17.0,-15.0
40.4685,-86.915,0,125290,479,sub6,1797,145,-118.0,3.239335582979493,-136.0,-121.0,-119.0,-118.0,-117.0,-115.4,-111.0,-18.0,2.979736803414777,-37.0,-21.0,-19.0,-18.0,-17.0,-16.0,-14.0
40.4685,-86.915,0,520110,98,sub6,1797,26,-121.0,7.952261410344955,-137.0,-137.0,-122.0,-121.0,-115.0,-112.5,-111.0,-17.0,7.943260326552606,-37.0,-36.0,-18.0,-17.0,-14.0,-12.0,-12.0
40.4685,-86.915,0,520110,147,sub6,1797,1,-122.0,nan,-122.0,-122.0,-122.0,-122.0,-122.0,-122.0,-122.0,-17.0,nan,-17.0,-17.0,-17.0,-17.0,-17.0,-17.0,-17.0
40.4685,-86.915,0,520110,201,sub6,1797,3,-123.0,8.082903768654761,-137.0,-134.2,-130.0,-123.0,-123.0,-123.0,-123.0,-20.0,9.237604307034012,-36.0,-32.8,-28.0,-20.0,-20.0,-20.0,-20.0
40.4685,-86.915,0,520110,472,sub6,1797,33,-120.0,5.617039822151554,-137.0,-126.4,-122.0,-120.0,-118.0,-117.0,-115.0,-17.0,5.733837627574916,-36.0,-24.8,-19.0,-17.0,-17.0,-16.0,-15.0
40.4685,-86.915,0,520110,515,sub6,1797,48,-110.5,2.934796741666042,-117.0,-115.0,-113.0,-110.5,-109.0,-107.0,-105.0,-13.5,1.369791408359484,-17.0,-15.0,-14.0,-13.5,-12.0,-12.0,-11.0
40.4685,-86.915,0,520110,609,sub6,1797,37,-118.0,5.6193039227805235,-137.0,-127.4,-120.0,-118.0,-116.0,-114.0,-113.0,-16.0,5.630381976491577,-37.0,-25.599999999999998,-17.0,-16.0,-15.0,-14.0,-12.0
40.4685,-86.915,0,520110,685,sub6,1797,46,-114.0,3.2162029402164594,-125.0,-116.0,-115.0,-114.0,-111.25,-110.0,-107.0,-15.0,1.4600972768863776,-20.0,-16.5,-16.0,-15.0,-14.0,-13.0,-12.0
40.4685,-86.915,0,520110,704,sub6,1797,22,-122.5,6.596765572408649,-137.0,-136.9,-123.0,-122.5,-120.0,-117.3,-116.0,-18.0,7.718533382434618,-36.0,-36.0,-19.0,-18.0,-16.0,-14.199999999999996,-14.0
40.4685,-86.915,0,520110,838,sub6,1797,22,-121.0,7.92620182210088,-137.0,-137.0,-132.75,-121.0,-119.0,-118.0,-117.0,-18.0,8.726731584954596,-36.0,-36.0,-31.75,-18.0,-17.0,-15.099999999999998,-15.0
40.4685,-86.9145,0,1001,50,lte,467,50,-101.0,0.8873257230439737,-103.0,-102.0,-102.0,-101.0,-101.0,-100.0,-99.0,-11.0,0.6353530273696313,-12.0,-11.0,-11.0,-11.0,-10.0,-10.0,-10.0
40.4685,-86.9145,0,1001,284,lte,467,20,-111.0,1.3869694338832113,-113.0,-113.0,-112.0,-111.0,-110.0,-109.0,-109.0,-19.5,0.8870412083230168,-21.0,-20.1,-20.0,-19.5,-19.0,-18.0,-18.0
40.4685,-86.9145,0,1001,397,lte,467,50,-112.0,1.3223355960464152,-116.0,-113.1,-113.0,-112.0,-111.0,-111.0,-109.0,-21.0,0.8091315576289315,-22.0,-22.0,-21.0,-21.0,-20.0,-20.0,-19.0
40.4685,-86.9145,0,1001,408,lte,467,50,-107.0,1.6831699927487414,-110.0,-109.0,-108.0,-107.0,-106.0,-104.9,-103.0,-16.0,1.5551100755055172,-19.0,-17.1,-16.0,-16.0,-14.25,-13.899999999999999,-12.0
40.4685,-86.9145,0,125290,53,sub6,467,6,-127.0,2.1369760566432805,-130.0,-129.5,-128.75,-127.0,-125.25,-125.0,-125.0,-25.5,2.0655911179772892,-28.0,-28.0,-27.5,-25.5,-24.25,-23.5,-23.0
40.4685,-86.9145,0,125290,121,sub6,467,83,-114.0,2.7856101416563748,-117.0,-116.0,-115.0,-114.0,-111.0,-109.0,-108.0,-14.0,1.804343862304302,-17.0,-16.0,-16.0,-14.0,-12.0,-12.0,-11.0
40.4685,-86.9145,0,125290,250,sub6,467,5,-120.0,0.5477225575051661,-121.0,-121.0,-121.0,-120.0,-120.0,-120.0,-120.0,-19.0,0.8944271909999159,-19.0,-19.0,-19.0,-19.0,-18.0,-17.4,-17.0
40.4685,-86.9145,0,125290,359,sub6,467,41,-120.0,3.3873869344824543,-128.0,-126.0,-123.0,-120.0,-119.0,-116.0,-116.0,-20.0,3.7535349192786125,-29.0,-27.0,-22.0,-20.0,-18.0,-17.0,-15.0
40.4685,-86.9145,0,125290,372,sub6,467,83,-113.0,2.377964765651993,-118.0,-117.0,-115.0,-113.0,-112.0,-110.0,-108.0,-14.0,1.2872712587347317,-18.0,-16.0,-15.0,-14.0,-14.0,-13.0,-12.0
40.4685,-86.9145,0,125290,403,sub6,467,32,-122.0,5.15945342816653,-132.0,-128.0,-127.25,-122.0,-117.75,-117.0,-114.0,-21.5,4.601783490161459,-32.0,-29.9,-27.25,-21.5,-19.0,-19.0,-18.0
40.4685,-86.9145,0,125290,479,sub6,467,47,-117.0,3.6182291067095456,-131.0,-121.8,-119.0,-117.0,-116.0,-115.0,-115.0,-19.0,3.423405318947544,-32.0,-22.4,-20.0,-19.0,-17.0,-16.0,-14.0
40.4685,-86.914,0,125290,121,sub6,75,25,-110.0,2.340227909129079,-116.0,-114.6,-113.0,-110.0,-110.0,-109.0,-108.0,-13.0,1.7795130420052185,-18.0,-16.6,-16.0,-13.0,-13.0,-13.0,-12.0
40.4685,-86.914,0,125290,250,sub6,75,2,-118.5,0.7071067811865476,-119.0,-118.9,-118.75,-118.5,-118.25,-118.1,-118.0,-20.0,0.0,-20.0,-20.0,-20.0,-20.0,-20.0,-20.0,-20.0
40.4685,-86.914,0,125290,359,sub6,75,16,-116.0,1.4832396974191326,-120.0,-117.5,-117.0,-116.0,-116.0,-115.0,-113.0,-18.0,1.5,-23.0,-20.5,-19.25,-18.0,-18.0,-18.0,-17.0
40.4685,-86.914,0,125290,372,sub6,75,25,-113.0,1.5307950004273376,-116.0,-116.0,-114.0,-113.0,-112.0,-112.0,-111.0,-15.0,1.2000000000000002,-18.0,-17.0,-16.0,-15.0,-15.0,-14.0,-13.0
40.4685,-86.914,0,125290,403,sub6,75,2,-127.0,4.242640687119285,-130.0,-129.4,-128.5,-127.0,-125.5,-124.6,-124.0,-28.0,4.242640687119285,-31.0,-30.4,-29.5,-28.0,-26.5,-25.6,-25.0
40.4685,-86.914,0,125290,479,sub6,75,5,-117.0,0.7071067811865476,-118.0,-117.6,-117.0,-117.0,-117.0,-116.4,-116.0,-19.0,0.4472135954999579,-19.0,-19.0,-19.0,-19.0,-19.0,-18.4,-18.0
40.469,-86.9455,0,125290,300,sub6,31,13,-116.0,1.325296290046213,-119.0,-116.0,-116.0,-116.0,-115.0,-115.0,-113.0,-18.0,1.7614096918559583,-23.0,-20.0,-19.0,-18.0,-17.0,-17.0,-17.0
40.469,-86.9455,0,125290,372,sub6,31,18,-106.5,1.409584372989131,-108.0,-107.3,-107.0,-106.5,-105.25,-104.0,-103.0,-11.0,0.3834824944236853,-12.0,-12.0,-11.0,-11.0,-11.0,-11.0,-11.0
40.469,-86.945,0,125290,121,sub6,78,11,-123.0,5.832510764514868,-133.0,-132.0,-127.5,-123.0,-120.0,-118.0,-115.0,-25.0,5.279462782587568,-34.0,-33.0,-29.0,-25.0,-21.5,-20.0,-19.0
40.469,-86.945,0,125290,300,sub6,78,30,-114.0,2.049950938577485,-118.0,-118.0,-115.0,-114.0,-113.0,-112.0,-111.0,-17.0,0.9643054793328016,-20.0,-18.0,-17.75,-17.0,-16.0,-16.0,-16.0
40.469,-86.945,0,125290,372,sub6,78,37,-110.0,1.2296389762902007,-112.0,-111.0,-111.0,-110.0,-109.0,-108.0,-107.0,-12.0,0.22924343513512574,-13.0,-12.0,-12.0,-12.0,-12.0,-12.0,-12.0
40.469,-86.9445,0,125290,121,sub6,37,5,-122.0,3.1144823004794873,-127.0,-126.6,-126.0,-122.0,-121.0,-120.4,-120.0,-24.0,2.5495097567963922,-27.0,-26.6,-26.0,-24.0,-22.0,-21.4,-21.0
40.469,-86.9445,0,125290,372,sub6,37,32,-107.0,1.4642927391086973,-111.0,-109.0,-109.0,-107.0,-107.0,-106.0,-105.0,-11.0,0.47092907485988494,-12.0,-12.0,-12.0,-11.0,-11.0,-11.0,-11.0
40.469,-86.944,0,125290,17,sub6,49,1,-133.0,nan,-133.0,-133.0,-133.0,-133.0,-133.0,-133.0,-133.0,-34.0,nan,-34.0,-34.0,-34.0,-34.0,-34.0,-34.0,-34.0
40.469,-86.944,0,125290,121,sub6,49,17,-116.0,4.498365716307097,-128.0,-123.4,-120.0,-116.0,-113.0,-113.0,-113.0,-19.0,3.579968780672289,-29.0,-25.2,-21.0,-19.0,-18.0,-17.6,-16.0
40.469,-86.944,0,125290,372,sub6,49,31,-106.0,1.1283254315887294,-108.0,-107.0,-107.0,-106.0,-105.0,-105.0,-103.0,-11.0,0.24973103811470737,-12.0,-11.0,-11.0,-11.0,-11.0,-11.0,-11.0
40.469,-86.9435,0,125290,17,sub6,43,5,-123.0,5.412947441089743,-130.0,-128.0,-125.0,-123.0,-119.0,-117.2,-116.0,-27.0,4.494441010848846,-32.0,-30.4,-28.0,-27.0,-24.0,-21.6,-20.0
40.469,-86.9435,0,125290,121,sub6,43,19,-113.0,1.5931138364556483,-117.0,-116.2,-114.5,-113.0,-113.0,-112.0,-112.0,-19.0,1.6525719808972867,-23.0,-21.0,-19.0,-19.0,-18.0,-17.0,-16.0
40.469,-86.9435,0,125290,372,sub6,43,19,-104.0,1.020262550775348,-107.0,-105.2,-105.0,-104.0,-104.0,-103.0,-103.0,-11.0,0.4188539082916955,-12.0,-12.0,-11.0,-11.0,-11.0,-11.0,-11.0
40.469,-86.915,0,1001,50,lte,2475,227,-107.0,3.2830726671477106,-112.0,-111.0,-109.0,-107.0,-104.5,-102.0,-98.0,-11.0,0.6066760472307894,-12.0,-11.0,-11.0,-11.0,-10.0,-10.0,-9.0
40.469,-86.915,0,1001,141,lte,2475,8,-112.5,1.1952286093343936,-114.0,-114.0,-113.25,-112.5,-111.75,-111.0,-111.0,-20.0,1.246423454758225,-22.0,-21.3,-21.0,-20.0,-19.75,-18.7,-18.0
40.469,-86.915,0,1001,156,lte,2475,8,-120.5,1.0606601717798212,-122.0,-121.3,-121.0,-120.5,-119.75,-119.0,-119.0,-19.5,1.164964745021435,-21.0,-21.0,-21.0,-19.5,-19.0,-18.7,-18.0
40.469,-86.915,0,1001,187,lte,2475,8,-113.0,1.3887301496588271,-115.0,-115.0,-114.25,-113.0,-112.75,-111.7,-111.0,-20.5,0.7440238091428449,-22.0,-21.3,-21.0,-20.5,-20.0,-20.0,-20.0
40.469,-86.915,0,1001,240,lte,2475,50,-117.0,3.704657851397125,-124.0,-121.0,-119.0,-117.0,-114.0,-111.9,-110.0,-20.0,0.8919137873593121,-22.0,-21.0,-20.75,-20.0,-19.0,-19.0,-18.0
40.469,-86.915,0,1001,284,lte,2475,115,-117.0,4.021528639841803,-124.0,-121.0,-119.0,-117.0,-113.0,-110.39999999999999,-105.0,-20.0,1.07711794449891,-22.0,-21.0,-20.0,-20.0,-19.0,-18.0,-16.0
40.469,-86.915,0,1001,294,lte,2475,8,-119.5,3.0237157840738176,-124.0,-122.6,-121.25,-119.5,-118.0,-116.8,-114.0,-20.0,1.0690449676496976,-21.0,-21.0,-21.0,-20.0,-19.75,-18.7,-18.0
40.469,-86.915,0,1001,393,lte,2475,132,-118.0,4.0323122380010235,-125.0,-121.0,-120.0,-118.0,-114.0,-111.0,-106.0,-20.0,1.1683177900202961,-21.0,-21.0,-20.0,-20.0,-19.0,-18.0,-16.0
40.469,-86.915,0,1001,397,lte,2475,226,-118.5,3.8030702289301797,-125.0,-123.0,-121.0,-118.5,-115.0,-112.5,-108.0,-21.0,0.9719062557219731,-24.0,-22.0,-21.0,-21.0,-20.0,-20.0,-18.0
40.469,-86.915,0,1001,408,lte,2475,226,-114.5,4.00507298762268,-121.0,-118.0,-117.0,-114.5,-111.0,-107.0,-104.0,-16.0,1.8258280270242997,-21.0,-19.0,-17.75,-16.0,-15.0,-14.0,-11.0
40.469,-86.915,0,1001,414,lte,2475,73,-118.0,3.5240530319065138,-123.0,-122.0,-120.0,-118.0,-115.0,-112.2,-108.0,-20.0,0.9452275381803849,-22.0,-21.0,-21.0,-20.0,-19.0,-19.0,-18.0
40.469,-86.915,0,1001,434,lte,2475,8,-118.5,2.38671920665766,-121.0,-121.0,-120.25,-118.5,-117.25,-115.0,-115.0,-20.5,0.7440238091428449,-21.0,-21.0,-21.0,-20.5,-20.0,-19.7,-19.0
40.469,-86.915,0,66736,47,lte,2475,26,-113.0,2.6870057685088806,-121.0,-116.5,-114.75,-113.0,-112.0,-111.0,-109.0,-21.5,1.474396877996611,-24.0,-23.0,-22.75,-21.5,-21.0,-19.5,-18.0
40.469,-86.915,0,66736,334,lte,2475,23,-112.0,2.6946000751906376,-118.0,-116.6,-114.0,-112.0,-111.0,-109.2,-109.0,-20.0,0.982052380207062,-21.0,-20.0,-20.0,-20.0,-18.5,-18.0,-18.0
40.469,-86.915,0,66736,393,lte,2475,26,-105.0,3.0604172666735896,-112.0,-109.0,-107.75,-105.0,-103.0,-102.0,-101.0,-13.0,1.5733355063001075,-15.0,-14.0,-14.0,-13.0,-12.0,-12.0,-8.0
40.469,-86.915,0,125290,53,sub6,2475,4,-125.0,1.8257418583505538,-127.0,-126.7,-126.25,-125.0,-123.75,-123.3,-123.0,-24.5,2.0816659994661326,-27.0,-26.4,-25.5,-24.5,-23.5,-22.6,-22.0
40.469,-86.915,0,125290,121,sub6,2475,274,-113.0,2.9141802837201705,-118.0,-116.0,-115.0,-113.0,-111.0,-109.0,-106.0,-14.0,1.7190154475642814,-21.0,-16.0,-15.0,-14.0,-12.75,-12.0,-11.0
40.469,-86.915,0,125290,250,sub6,2475,96,-122.5,6.231463740637284,-136.0,-132.0,-129.0,-122.5,-119.0,-115.0,-113.0,-22.0,5.457883000038135,-37.0,-31.0,-28.0,-22.0,-19.0,-18.0,-15.0
40.469,-86.915,0,125290,359,sub6,2475,160,-118.5,4.398327297833567,-137.0,-123.0,-120.0,-118.5,-116.0,-115.0,-112.0,-18.0,4.025684050626889,-37.0,-24.0,-20.0,-18.0,-17.0,-16.0,-15.0
40.469,-86.915,0,125290,372,sub6,2475,239,-117.0,5.040624668633181,-137.0,-123.0,-120.0,-117.0,-115.0,-112.0,-108.0,-17.0,4.471868634639795,-37.0,-23.0,-20.0,-17.0,-15.0,-14.0,-12.0
40.469,-86.915,0,125290,403,sub6,2475,21,-120.0,7.749039879083025,-137.0,-136.0,-126.0,-120.0,-116.0,-114.0,-113.0,-22.0,6.5795498471001945,-37.0,-36.0,-27.0,-22.0,-18.0,-18.0,-18.0
40.469,-86.915,0,125290,479,sub6,2475,211,-117.0,3.9875681331281805,-136.0,-122.0,-119.0,-117.0,-116.0,-114.0,-111.0,-18.0,3.5467220348523685,-37.0,-22.0,-19.0,-18.0,-16.0,-15.0,-13.0
40.469,-86.915,0,125290,588,sub6,2475,8,-119.0,6.4572771793867245,-136.0,-124.1,-119.0,-119.0,-118.25,-116.0,-116.0,-17.5,7.0710678118654755,-37.0,-25.099999999999998,-20.0,-17.5,-16.0,-16.0,-16.0
40.469,-86.915,0,520110,98,sub6,2475,6,-121.0,8.262364471909157,-137.0,-137.0,-133.0,-121.0,-121.0,-121.0,-121.0,-18.0,9.852241707685955,-36.0,-36.0,-31.5,-18.0,-16.5,-16.0,-16.0
40.469,-86.915,0,520110,147,sub6,2475,23,-121.0,6.440668710524954,-137.0,-135.4,-122.5,-121.0,-119.0,-117.2,-117.0,-18.0,7.212472727563675,-36.0,-35.2,-18.0,-18.0,-16.0,-15.0,-15.0
40.469,-86.915,0,520110,201,sub6,2475,1,-121.0,nan,-121.0,-121.0,-121.0,-121.0,-121.0,-121.0,-121.0,-18.0,nan,-18.0,-18.0,-18.0,-18.0,-18.0,-18.0,-18.0
40.469,-86.915,0,520110,472,sub6,2475,37,-119.0,6.699020590868256,-137.0,-136.0,-123.0,-119.0,-118.0,-117.0,-114.0,-17.0,7.07838990192004,-37.0,-36.0,-19.0,-17.0,-17.0,-16.0,-15.0
40.469,-86.915,0,520110,515,sub6,2475,65,-109.0,2.584160330820172,-117.0,-113.0,-111.0,-109.0,-108.0,-106.4,-104.0,-13.0,1.4013216473553247,-17.0,-14.3,-14.0,-13.0,-12.0,-11.0,-11.0
40.469,-86.915,0,520110,609,sub6,2475,51,-120.0,7.039384999875384,-137.0,-136.0,-123.0,-120.0,-118.0,-116.0,-109.0,-17.0,7.319487820932849,-37.0,-36.0,-22.0,-17.0,-15.5,-15.0,-12.0
40.469,-86.915,0,520110,685,sub6,2475,64,-111.0,2.7294960724507025,-118.0,-114.0,-112.0,-111.0,-109.0,-108.0,-104.0,-14.5,1.865809802470704,-21.0,-16.0,-16.0,-14.5,-13.0,-12.0,-11.0
40.469,-86.915,0,520110,704,sub6,2475,18,-123.0,6.294774261761572,-137.0,-137.0,-124.0,-123.0,-121.5,-121.0,-121.0,-19.0,7.900525340355207,-37.0,-36.3,-19.0,-19.0,-17.25,-17.0,-17.0
40.469,-86.915,0,520110,742,sub6,2475,3,-124.0,7.505553499465135,-137.0,-134.4,-130.5,-124.0,-124.0,-124.0,-124.0,-18.0,10.392304845413264,-36.0,-32.4,-27.0,-18.0,-18.0,-18.0,-18.0
40.469,-86.915,0,520110,838,sub6,2475,30,-120.0,7.127815031721627,-137.0,-137.0,-123.75,-120.0,-119.25,-117.9,-115.0,-18.0,7.7821635144423205,-37.0,-36.0,-22.25,-18.0,-17.0,-15.899999999999999,-15.0
40.4695,-86.9455,0,125290,121,sub6,765,278,-107.0,6.332284228161051,-129.0,-118.0,-113.0,-107.0,-104.0,-102.0,-99.0,-16.0,3.8720829688184915,-31.0,-24.0,-19.0,-16.0,-15.0,-14.0,-13.0
40.4695,-86.9455,0,125290,300,sub6,765,174,-108.0,4.084939629739875,-124.0,-115.0,-110.0,-108.0,-106.0,-105.0,-102.0,-19.0,2.4587217418434526,-28.0,-23.0,-21.0,-19.0,-18.0,-18.0,-16.0
40.4695,-86.9455,0,125290,372,sub6,765,313,-101.0,3.2144801713776046,-109.0,-107.0,-104.0,-101.0,-100.0,-98.0,-96.0,-12.0,0.8447404730337932,-15.0,-13.0,-12.0,-12.0,-11.0,-11.0,-10.0
40.47,-86.9455,0,1001,50,lte,566,27,-114.0,2.346725912228036,-118.0,-117.4,-116.0,-114.0,-113.0,-112.0,-109.0,-18.0,2.2367049431807056,-22.0,-20.0,-19.0,-18.0,-16.5,-14.0,-13.0
40.47,-86.9455,0,1001,141,lte,566,9,-118.0,1.9436506316151,-120.0,-119.2,-119.0,-118.0,-116.0,-115.0,-115.0,-21.0,1.855921454276674,-24.0,-23.2,-23.0,-21.0,-20.0,-19.0,-19.0
40.47,-86.9455,0,1001,393,lte,566,33,-106.0,2.277608394786075,-110.0,-108.8,-108.0,-106.0,-103.0,-103.0,-103.0,-14.0,0.939455032226534,-15.0,-14.0,-14.0,-14.0,-13.0,-12.2,-11.0
40.47,-86.9455,0,1001,397,lte,566,11,-115.0,2.1658506621900533,-120.0,-119.0,-117.0,-115.0,-115.0,-114.0,-113.0,-20.0,0.9244162777371753,-22.0,-21.0,-21.0,-20.0,-20.0,-19.0,-19.0
40.47,-86.9455,0,125290,17,sub6,566,43,-111.0,13.082200295155598,-138.0,-138.0,-122.0,-111.0,-104.0,-103.0,-100.0,-22.0,7.480798602408006,-39.0,-39.0,-29.0,-22.0,-20.0,-19.0,-17.0
40.47,-86.9455,0,125290,121,sub6,566,7,-116.0,4.775931721614517,-121.0,-120.4,-119.0,-116.0,-110.5,-110.0,-110.0,-23.0,3.6514837167011076,-27.0,-25.8,-24.5,-23.0,-18.5,-18.0,-18.0
40.47,-86.9455,0,125290,300,sub6,566,42,-109.0,6.557704195872021,-123.0,-122.6,-115.75,-109.0,-106.0,-103.2,-102.0,-20.0,3.94974234299838,-30.0,-27.9,-24.0,-20.0,-18.0,-17.0,-16.0
40.47,-86.9455,0,125290,372,sub6,566,129,-96.0,3.76167433444864,-104.0,-100.0,-99.0,-96.0,-92.0,-90.0,-87.0,-10.0,0.5577154396535086,-12.0,-11.0,-11.0,-10.0,-10.0,-10.0,-10.0
40.47,-86.9455,0,512190,147,sub6,566,3,-111.0,4.0,-115.0,-114.2,-113.0,-111.0,-109.0,-107.8,-107.0,-11.0,0.5773502691896257,-12.0,-11.8,-11.5,-11.0,-11.0,-11.0,-11.0
40.47,-86.9455,0,512190,201,sub6,566,3,-125.0,0.5773502691896257,-125.0,-125.0,-125.0,-125.0,-124.5,-124.2,-124.0,-20.0,1.1547005383792515,-20.0,-20.0,-20.0,-20.0,-19.0,-18.4,-18.0
40.47,-86.9455,0,512190,609,sub6,566,4,-105.0,3.8297084310253524,-111.0,-109.8,-108.0,-105.0,-103.0,-103.0,-103.0,-11.0,0.5773502691896257,-11.0,-11.0,-11.0,-11.0,-10.5,-10.2,-10.0
40.47,-86.9455,0,512190,685,sub6,566,2,-122.0,0.0,-122.0,-122.0,-122.0,-122.0,-122.0,-122.0,-122.0,-17.0,0.0,-17.0,-17.0,-17.0,-17.0,-17.0,-17.0,-17.0
40.47,-86.9455,0,520110,147,sub6,566,70,-108.0,1.8860389330930745,-111.0,-110.1,-109.0,-108.0,-106.25,-105.0,-104.0,-10.0,0.5846866532797245,-12.0,-11.0,-11.0,-10.0,-10.0,-10.0,-10.0
40.47,-86.9455,0,520110,201,sub6,566,50,-123.0,2.8999648132981446,-129.0,-126.1,-124.75,-123.0,-121.0,-119.0,-115.0,-18.0,2.5717460121521336,-24.0,-22.0,-20.0,-18.0,-16.0,-15.899999999999999,-14.0
40.47,-86.9455,0,520110,515,sub6,566,15,-121.0,6.363586889108853,-138.0,-133.6,-126.5,-121.0,-120.5,-118.4,-118.0,-19.0,7.3859583638401975,-38.0,-33.199999999999996,-24.0,-19.0,-17.0,-16.4,-14.0
40.47,-86.9455,0,520110,609,sub6,566,71,-104.0,4.065163381700607,-113.0,-109.0,-108.0,-104.0,-100.0,-99.0,-97.0,-10.0,0.48813719369004993,-11.0,-11.0,-11.0,-10.0,-10.0,-10.0,-10.0
40.47,-86.9455,0,520110,685,sub6,566,47,-120.0,2.628914859690299,-125.0,-123.0,-122.0,-120.0,-118.0,-117.0,-114.0,-15.0,1.8881783261398664,-19.0,-17.4,-16.0,-15.0,-13.5,-13.0,-12.0
40.4705,-86.9455,0,125290,17,sub6,381,35,-119.0,11.570245815681451,-139.0,-139.0,-130.0,-119.0,-111.0,-106.4,-105.0,-25.0,6.926383610223042,-39.0,-39.0,-33.0,-25.0,-22.0,-20.4,-19.0
40.4705,-86.9455,0,125290,121,sub6,381,90,-119.5,11.6515203982361,-139.0,-136.0,-130.0,-119.5,-111.25,-103.89999999999999,-98.0,-26.5,7.789433926728977,-39.0,-36.1,-32.0,-26.5,-20.0,-15.899999999999991,-12.0
40.4705,-86.9455,0,125290,300,sub6,381,62,-105.0,3.9953701391630676,-118.0,-111.9,-107.0,-105.0,-103.0,-102.1,-102.0,-18.5,3.461849186269054,-28.0,-24.0,-21.0,-18.5,-17.0,-16.0,-13.0
40.4705,-86.9455,0,125290,372,sub6,381,194,-94.0,3.7971085347565356,-102.0,-99.0,-97.0,-94.0,-91.25,-89.0,-86.0,-10.0,0.5243140153464774,-12.0,-11.0,-11.0,-10.0,-10.0,-10.0,-10.0
40.4705,-86.945,0,125290,17,sub6,529,7,-112.0,3.1847852585154217,-115.0,-114.4,-113.0,-112.0,-108.0,-107.6,-107.0,-21.0,3.7352886036263584,-24.0,-22.8,-22.0,-21.0,-16.5,-15.2,-14.0
40.4705,-86.945,0,125290,121,sub6,529,260,-107.0,6.203090667428118,-135.0,-118.0,-111.0,-107.0,-106.0,-104.0,-98.0,-17.0,4.820525550960846,-37.0,-25.0,-21.0,-17.0,-15.0,-14.0,-13.0
40.4705,-86.945,0,125290,372,sub6,529,262,-100.5,3.5089664412265473,-106.0,-103.9,-102.0,-100.5,-97.0,-94.0,-90.0,-11.0,0.714277775644557,-13.0,-12.0,-12.0,-11.0,-11.0,-10.0,-10.0
40.4705,-86.9445,0,125290,121,sub6,72,34,-111.0,5.235709691291096,-126.0,-120.0,-116.75,-111.0,-110.0,-107.3,-106.0,-17.5,4.2388576808501925,-29.0,-25.0,-20.75,-17.5,-15.25,-15.0,-14.0
40.4705,-86.9445,0,125290,372,sub6,72,38,-104.0,1.7192740536903202,-108.0,-106.0,-104.0,-104.0,-103.0,-102.0,-100.0,-11.0,0.4462583499902142,-12.0,-12.0,-11.75,-11.0,-11.0,-11.0,-11.0
40.471,-86.9445,0,125290,17,sub6,625,19,-117.0,6.431374122177561,-133.0,-131.0,-124.0,-117.0,-115.5,-114.0,-113.0,-20.0,6.3549952724042775,-35.0,-32.2,-26.5,-20.0,-17.0,-16.0,-16.0
40.471,-86.9445,0,125290,121,sub6,625,263,-113.0,5.816745498802121,-136.0,-123.0,-118.0,-113.0,-111.0,-109.0,-106.0,-19.0,4.637083101665743,-37.0,-27.0,-23.0,-19.0,-17.0,-15.0,-13.0
40.471,-86.9445,0,125290,300,sub6,625,16,-114.0,3.810074364978546,-124.0,-118.5,-116.0,-114.0,-111.75,-111.0,-110.0,-21.0,3.141125063837266,-28.0,-24.5,-21.5,-21.0,-20.0,-18.0,-15.0
40.471,-86.9445,0,125290,372,sub6,625,327,-103.0,2.0380427206003096,-110.0,-105.0,-104.0,-103.0,-101.0,-100.0,-97.0,-11.0,0.6323309295437802,-13.0,-12.0,-11.0,-11.0,-10.5,-10.0,-10.0
