grid_lat,grid_lon,grid_height,pcell_cid,pcell_freq,nrcell_cid,nrcell_freq,scell1_cid,scell1_freq,scell2_cid,scell2_freq,scell3_cid,scell3_freq,nrscell1_cid,nrscell1_freq,nrscell2_cid,nrscell2_freq,nrscell3_cid,nrscell3_freq,cell_set_type,total_avail_sample,avail_sample,avail_sample_ratio,total_thput_sample,thput_sample,thput_sample_ratio,thput_avg_dl,thput_std_dl,thput_0_dl,thput_10_dl,thput_25_dl,thput_50_dl,thput_75_dl,thput_90_dl,thput_100_dl,thput_avg_ul,thput_std_ul,thput_0_ul,thput_10_ul,thput_20_ul,thput_25_ul,thput_30_ul,thput_40_ul,thput_50_ul,thput_60_ul,thput_70_ul,thput_75_ul,thput_80_ul,thput_90_ul,thput_100_ul,rbs_avg,rbs_std,rbs_0,rbs_10,rbs_25,rbs_50,rbs_75,rbs_90,rbs_100
-86.9165,40.4625,0,47,1200,372,125290,50,1001,None,None,None,None,None,None,None,None,None,None,LTE+Sub6,214,116,0.5420560747663551,178,106,0.5955056179775281,0.24840341419586698,0.10708695081458035,0.093,0.1725,0.20310714285714287,0.23464285714285713,0.2662857142857143,0.2995,1.032,51.3100539083558,13.169352336761085,27.37,36.054857142857145,40.893,42.080714285714286,42.8775,44.987,49.52571428571429,53.483,58.427,60.11207142857143,61.31542857142857,69.479,83.21828571428571,3.8746226415094336,1.551698506098071,3.0,3.0,3.0,3.065,4.135,5.75,13.06,
-86.9165,40.4625,0,393,1200,372,125290,None,None,None,None,None,None,None,None,None,None,None,None,LTE+Sub6,214,8,0.037383177570093455,178,8,0.0449438202247191,0.21548214285714284,0.04136935037573352,0.139,0.1754,0.19925,0.20907142857142857,0.23978571428571427,0.2592,0.29,32.84260714285714,8.27066667190161,25.945,26.104599999999998,26.337799999999998,26.482,26.76147142857143,27.996771428571428,28.472357142857142,30.457028571428573,36.974128571428565,38.03660714285714,38.22065714285714,42.1288,50.757,4.9312499999999995,2.195332762362007,3.0,3.0,3.0,3.65,7.5425,7.718,8.04,
-86.9165,40.4625,0,47,1200,372,125290,None,None,None,None,None,None,None,None,None,None,None,None,LTE+Sub6,214,10,0.04672897196261682,178,10,0.056179775280898875,0.26174285714285717,0.0705391134804815,0.198,0.2034,0.226,0.2435,0.26867857142857143,0.2961428571428571,0.45942857142857146,42.72855714285715,18.089557362106426,4.766857142857143,10.190514285714286,36.09862857142857,43.29125,44.8505,47.2232,50.6695,53.439,54.00612857142857,54.37982142857143,54.97674285714286,56.599914285714284,57.19314285714285,11.676,8.877836673424444,3.0,3.342,3.3875,9.415,17.0075,25.251,25.89,
-86.9165,40.4625,0,47,66736,None,None,None,None,None,None,None,None,None,None,None,None,None,None,LTE,214,2,0.009345794392523364,178,0,0.0,0,0,0,0,0,0,0,0,0,0,0,0,0,0,0,0,0,0,0,0,0,0,0,0,0,0,0,0,0,0,0,0,0,
-86.9165,40.4625,0,47,1200,None,None,None,None,None,None,None,None,None,None,None,None,None,None,LTE,214,10,0.04672897196261682,178,8,0.0449438202247191,0.19508928571428574,0.08428301864636113,0.101,0.1031,0.14375,0.177,0.21675,0.32721428571428574,0.34171428571428575,18.846125,8.617002675488445,6.784,11.1247,13.4066,13.7755,14.151,14.935,17.3565,19.8068,20.6916,21.60275,22.701400000000003,28.011799999999997,37.473,0.4375,1.1575161985907585,0.0,0.0,0.0,0.0,0.0,1.0499999999999994,3.5,
-86.9165,40.4625,0,393,1200,372,125290,408,1001,None,None,None,None,None,None,None,None,None,None,LTE+Sub6,214,1,0.004672897196261682,178,1,0.0056179775280898875,0.138,0.0,0.138,0.138,0.138,0.138,0.138,0.138,0.138,21.216,0.0,21.216,21.216,21.216,21.216,21.216,21.216,21.216,21.216,21.216,21.216,21.216,21.216,21.216,7.11,0.0,7.11,7.11,7.11,7.11,7.11,7.11,7.11,
-86.9165,40.4625,0,47,1200,403,125290,None,None,None,None,None,None,None,None,None,None,None,None,LTE+Sub6,214,1,0.004672897196261682,178,0,0.0,0,0,0,0,0,0,0,0,0,0,0,0,0,0,0,0,0,0,0,0,0,0,0,0,0,0,0,0,0,0,0,0,0,
-86.9165,40.4625,0,50,1001,515,520110,47,66736,None,None,None,None,None,None,None,None,None,None,LTE+Sub6,214,9,0.04205607476635514,178,0,0.0,0,0,0,0,0,0,0,0,0,0,0,0,0,0,0,0,0,0,0,0,0,0,0,0,0,0,0,0,0,0,0,0,0,
-86.9165,40.4625,0,50,1001,10,520110,47,66736,None,None,None,None,None,None,None,None,None,None,LTE+Sub6,214,13,0.06074766355140187,178,4,0.02247191011235955,0.09235714285714286,0.07365816662260935,0.018,0.018428571428571426,0.01907142857142857,0.09171428571428572,0.165,0.1668,0.168,3.5077142857142856,2.5388493215531756,0.3942857142857143,0.9565714285714286,1.5188571428571427,1.7999999999999998,2.0811428571428565,2.632857142857143,3.1792857142857143,3.725714285714285,4.4087999999999985,4.887,5.365200000000001,6.3216,7.278,0.0,0.0,0.0,0.0,0.0,0.0,0.0,0.0,0.0,
-86.9165,40.4625,0,50,1001,None,None,47,66736,None,None,None,None,None,None,None,None,None,None,LTE,214,2,0.009345794392523364,178,1,0.0056179775280898875,0.106,0.0,0.106,0.106,0.106,0.106,0.106,0.106,0.106,7.99,0.0,7.99,7.99,7.99,7.99,7.99,7.99,7.99,7.99,7.99,7.99,7.99,7.99,7.99,46.0,0.0,46.0,46.0,46.0,46.0,46.0,46.0,46.0,
-86.9165,40.4625,0,50,1001,403,125290,47,66736,None,None,None,None,None,None,None,None,None,None,LTE+Sub6,214,1,0.004672897196261682,178,1,0.0056179775280898875,0.197,0.0,0.197,0.197,0.197,0.197,0.197,0.197,0.197,18.39,0.0,18.39,18.39,18.39,18.39,18.39,18.39,18.39,18.39,18.39,18.39,18.39,18.39,18.39,16.96,0.0,16.96,16.96,16.96,16.96,16.96,16.96,16.96,
-86.9165,40.4625,0,50,1001,372,125290,47,66736,None,None,None,None,None,None,None,None,None,None,LTE+Sub6,214,41,0.19158878504672897,178,39,0.21910112359550563,0.19428571428571428,0.060859240879414765,0.096,0.1164,0.148,0.19085714285714286,0.2382142857142857,0.2796571428571429,0.316,28.80216117216117,16.035755426664455,7.004,12.747,13.7446,15.199428571428571,16.003085714285714,19.063314285714288,23.385,28.92571428571429,41.06779999999999,43.46192857142857,46.228371428571435,50.9254,67.8697142857143,8.326923076923078,4.706299190553647,3.66,4.728000000000001,5.67,6.74,9.385000000000002,10.87800000000001,26.59,
-86.918,40.461,0,47,1200,372,125290,50,1001,None,None,None,None,None,None,None,None,None,None,LTE+Sub6,14,12,0.8571428571428571,12,10,0.8333333333333334,0.24743333333333334,0.08283750300897477,0.165,0.17798571428571427,0.19575,0.22292857142857142,0.2540357142857143,0.3436333333333333,0.4573333333333333,45.07959523809524,33.706705353718284,7.846666666666667,21.847366666666666,24.583,25.977249999999998,27.9559,33.08508571428571,35.814571428571426,36.036,36.345085714285716,36.736714285714285,51.32480000000001,109.11807142857143,111.919,5.007,2.6228726617966034,3.0,3.0,3.0,3.335,7.654999999999999,8.984,9.2,
-86.918,40.461,0,47,1200,372,125290,None,None,None,None,None,None,None,None,None,None,None,None,LTE+Sub6,14,2,0.14285714285714285,12,2,0.16666666666666666,0.24414285714285713,0.04985714285714285,0.19428571428571428,0.20425714285714286,0.2192142857142857,0.24414285714285713,0.2690714285714286,0.2840285714285714,0.294,53.54121428571429,10.809785714285713,42.73142857142857,44.893385714285714,47.05534285714286,48.13632142857143,49.2173,51.37925714285714,53.54121428571429,55.70317142857143,57.86512857142857,58.946107142857144,60.02708571428572,62.18904285714286,64.351,28.22,4.359999999999999,23.86,24.732,26.04,28.22,30.4,31.708,32.58,
-86.918,40.4615,0,47,1200,372,125290,50,1001,None,None,None,None,None,None,None,None,None,None,LTE+Sub6,1,1,1.0,1,1,1.0,0.41714285714285715,0.0,0.41714285714285715,0.41714285714285715,0.41714285714285715,0.41714285714285715,0.41714285714285715,0.41714285714285715,0.41714285714285715,9.59657142857143,0.0,9.59657142857143,9.59657142857143,9.59657142857143,9.59657142857143,9.59657142857143,9.59657142857143,9.59657142857143,9.59657142857143,9.59657142857143,9.59657142857143,9.59657142857143,9.59657142857143,9.59657142857143,4.84,0.0,4.84,4.84,4.84,4.84,4.84,4.84,4.84,
-86.9175,40.4615,0,47,1200,372,125290,50,1001,None,None,None,None,None,None,None,None,None,None,LTE+Sub6,24,10,0.4166666666666667,18,9,0.5,0.2184814814814815,0.02563555893297863,0.177,0.18366666666666667,0.197,0.224,0.23314285714285715,0.2398,0.263,29.32574074074074,8.549249719566255,17.722,18.87,20.643800000000002,21.635,22.231285714285715,24.366171428571427,29.328,35.484,37.318,37.51466666666666,38.0288,38.96525714285714,39.626285714285714,4.151111111111111,1.3074185289632938,3.0,3.0,3.0,4.0,4.5,6.072,6.84,
-86.9175,40.4615,0,47,1200,10,520110,50,1001,None,None,None,None,None,None,None,None,None,None,LTE+Sub6,24,7,0.2916666666666667,18,4,0.2222222222222222,0.11314285714285714,0.09258200997725514,0.014857142857142857,0.022742857142857145,0.03457142857142857,0.09485714285714286,0.17342857142857143,0.2181714285714286,0.248,5.854,2.701053989290333,1.2422857142857142,2.959314285714286,4.676342857142857,5.534857142857143,6.393371428571427,6.9881142857142855,7.021714285714285,7.055314285714285,7.1829714285714275,7.340857142857143,7.498742857142857,7.814514285714285,8.130285714285714,0.0,0.0,0.0,0.0,0.0,0.0,0.0,0.0,0.0,
-86.9175,40.4615,0,47,1200,147,520110,50,1001,None,None,None,None,None,None,None,None,None,None,LTE+Sub6,24,1,0.041666666666666664,18,0,0.0,0,0,0,0,0,0,0,0,0,0,0,0,0,0,0,0,0,0,0,0,0,0,0,0,0,0,0,0,0,0,0,0,0,
-86.9175,40.4615,0,47,1200,372,125290,None,None,None,None,None,None,None,None,None,None,None,None,LTE+Sub6,24,6,0.25,18,5,0.2777777777777778,0.24457142857142858,0.054908160800094,0.175,0.1782,0.183,0.267,0.295,0.2997142857142857,0.3028571428571428,51.29162857142857,15.319834720587636,24.932,32.2108,39.489599999999996,43.129,46.4456,53.0788,59.712,61.37005714285714,63.02811428571428,63.857142857142854,64.05131428571428,64.43965714285714,64.828,24.698,2.8190523230333975,21.1,22.068,23.52,24.3,24.85,27.772,29.72,
-86.9175,40.462,0,47,1200,372,125290,50,1001,None,None,None,None,None,None,None,None,None,None,LTE+Sub6,2,1,0.5,1,1,1.0,0.146,0.0,0.146,0.146,0.146,0.146,0.146,0.146,0.146,17.75,0.0,17.75,17.75,17.75,17.75,17.75,17.75,17.75,17.75,17.75,17.75,17.75,17.75,17.75,4.67,0.0,4.67,4.67,4.67,4.67,4.67,4.67,4.67,
-86.9175,40.462,0,47,1200,10,520110,50,1001,None,None,None,None,None,None,None,None,None,None,LTE+Sub6,2,1,0.5,1,0,0.0,0,0,0,0,0,0,0,0,0,0,0,0,0,0,0,0,0,0,0,0,0,0,0,0,0,0,0,0,0,0,0,0,0,
-86.917,40.462,0,47,1200,372,125290,50,1001,None,None,None,None,None,None,None,None,None,None,LTE+Sub6,24,8,0.3333333333333333,15,8,0.5333333333333333,0.2358214285714286,0.04204533207122512,0.183,0.1942,0.21475,0.22514285714285714,0.24514285714285713,0.28765714285714283,0.32685714285714285,46.43230357142858,29.8266433838632,21.943,22.4722,23.451800000000002,24.110500000000002,24.6541,25.1658,34.063428571428574,43.80708571428572,47.27988571428571,54.62542857142857,64.21462857142859,85.96925714285713,111.15885714285714,3.9725,0.9545908809537205,3.0,3.0,3.1725,3.745,4.3925,5.486,5.57,
-86.917,40.462,0,47,1200,10,520110,50,1001,None,None,None,None,None,None,None,None,None,None,LTE+Sub6,24,7,0.2916666666666667,15,0,0.0,0,0,0,0,0,0,0,0,0,0,0,0,0,0,0,0,0,0,0,0,0,0,0,0,0,0,0,0,0,0,0,0,0,
-86.917,40.462,0,47,1200,None,None,50,1001,None,None,None,None,None,None,None,None,None,None,LTE,24,3,0.125,15,1,0.06666666666666667,0.2914285714285714,0.0,0.2914285714285714,0.2914285714285714,0.2914285714285714,0.2914285714285714,0.2914285714285714,0.2914285714285714,0.2914285714285714,4.08,0.0,4.08,4.08,4.08,4.08,4.08,4.08,4.08,4.08,4.08,4.08,4.08,4.08,4.08,0.0,0.0,0.0,0.0,0.0,0.0,0.0,0.0,0.0,
-86.917,40.462,0,47,1200,147,520110,50,1001,None,None,None,None,None,None,None,None,None,None,LTE+Sub6,24,1,0.041666666666666664,15,1,0.06666666666666667,0.04,0.0,0.04,0.04,0.04,0.04,0.04,0.04,0.04,1.1874285714285713,0.0,1.1874285714285713,1.1874285714285713,1.1874285714285713,1.1874285714285713,1.1874285714285713,1.1874285714285713,1.1874285714285713,1.1874285714285713,1.1874285714285713,1.1874285714285713,1.1874285714285713,1.1874285714285713,1.1874285714285713,0.0,0.0,0.0,0.0,0.0,0.0,0.0,0.0,0.0,
-86.917,40.462,0,47,1200,403,125290,50,1001,None,None,None,None,None,None,None,None,None,None,LTE+Sub6,24,1,0.041666666666666664,15,1,0.06666666666666667,0.42628571428571427,0.0,0.42628571428571427,0.42628571428571427,0.42628571428571427,0.42628571428571427,0.42628571428571427,0.42628571428571427,0.42628571428571427,7.232,0.0,7.232,7.232,7.232,7.232,7.232,7.232,7.232,7.232,7.232,7.232,7.232,7.232,7.232,10.01,0.0,10.01,10.01,10.01,10.01,10.01,10.01,10.01,
-86.917,40.462,0,47,1200,372,125290,None,None,None,None,None,None,None,None,None,None,None,None,LTE+Sub6,24,4,0.16666666666666666,15,4,0.26666666666666666,0.18539285714285714,0.03485602676784628,0.163,0.16390000000000002,0.16525,0.16642857142857143,0.18657142857142858,0.22205714285714287,0.24571428571428572,34.303607142857146,7.812877083389517,27.59,27.7649,27.939799999999998,28.02725,28.1147,29.4264,31.3065,33.1866,35.69714285714285,37.582857142857144,39.46857142857143,43.24,47.011428571428574,28.130000000000003,3.712795442789705,21.81,24.051,27.4125,29.745,30.4625,30.916999999999998,31.22,
-86.917,40.4625,0,47,1200,372,125290,50,1001,None,None,None,None,None,None,None,None,None,None,LTE+Sub6,1,1,1.0,1,1,1.0,0.264,0.0,0.264,0.264,0.264,0.264,0.264,0.264,0.264,40.87657142857143,0.0,40.87657142857143,40.87657142857143,40.87657142857143,40.87657142857143,40.87657142857143,40.87657142857143,40.87657142857143,40.87657142857143,40.87657142857143,40.87657142857143,40.87657142857143,40.87657142857143,40.87657142857143,4.48,0.0,4.48,4.48,4.48,4.48,4.48,4.48,4.48,
-86.9165,40.463,0,47,1200,372,125290,50,1001,None,None,None,None,None,None,None,None,None,None,LTE+Sub6,73,44,0.6027397260273972,69,42,0.6086956521739131,0.21902040816326532,0.04309900654131114,0.135,0.16982857142857144,0.196,0.216,0.2414285714285714,0.28092857142857147,0.316,44.80277891156462,9.537135323666458,27.782,31.10531428571429,38.1352,38.86275,40.257400000000004,41.96548571428572,45.48057142857143,46.84382857142857,47.87314285714285,49.58371428571429,52.195542857142854,57.5181,66.953,3.0371428571428574,0.1485370839424366,3.0,3.0,3.0,3.0,3.0,3.05,3.95,
-86.9165,40.463,0,393,1200,372,125290,None,None,None,None,None,None,None,None,None,None,None,None,LTE+Sub6,73,21,0.2876712328767123,69,20,0.2898550724637681,0.17204285714285714,0.04291748371192403,0.074,0.1096,0.1525,0.176,0.20675,0.21520000000000003,0.238,21.354750000000003,7.708100618217255,9.248,10.6487,11.818771428571429,15.086857142857143,17.204071428571428,20.4578,23.17735714285714,24.6188,25.8114,26.511,26.558400000000002,27.866800000000005,38.825,5.426,1.9513492767826057,3.0,3.858,4.0,4.6,6.385,7.682000000000002,10.35,
-86.9165,40.463,0,393,1200,None,None,None,None,None,None,None,None,None,None,None,None,None,None,LTE,73,1,0.0136986301369863,69,1,0.014492753623188406,0.112,0.0,0.112,0.112,0.112,0.112,0.112,0.112,0.112,8.257,0.0,8.257,8.257,8.257,8.257,8.257,8.257,8.257,8.257,8.257,8.257,8.257,8.257,8.257,0.0,0.0,0.0,0.0,0.0,0.0,0.0,0.0,0.0,
-86.9165,40.463,0,393,1200,403,125290,None,None,None,None,None,None,None,None,None,None,None,None,LTE+Sub6,73,1,0.0136986301369863,69,1,0.014492753623188406,0.6011428571428571,0.0,0.6011428571428571,0.6011428571428571,0.6011428571428571,0.6011428571428571,0.6011428571428571,0.6011428571428571,0.6011428571428571,9.725714285714286,0.0,9.725714285714286,9.725714285714286,9.725714285714286,9.725714285714286,9.725714285714286,9.725714285714286,9.725714285714286,9.725714285714286,9.725714285714286,9.725714285714286,9.725714285714286,9.725714285714286,9.725714285714286,25.83,0.0,25.83,25.83,25.83,25.83,25.83,25.83,25.83,
-86.9165,40.463,0,393,1200,372,125290,408,1001,None,None,None,None,None,None,None,None,None,None,LTE+Sub6,73,6,0.0821917808219178,69,5,0.07246376811594203,0.24645714285714285,0.1361930622465096,0.154,0.156,0.159,0.18628571428571428,0.218,0.3962,0.515,16.28045714285714,6.758939750449332,8.111,8.9014,9.6918,10.087,11.125,13.201,15.277,18.168714285714284,21.06042857142857,22.506285714285713,23.08922857142857,24.255114285714285,25.421,5.324,1.544183926868817,4.0,4.0,4.0,4.53,6.08,7.238,8.01,
-86.916,40.463,0,47,1200,372,125290,50,1001,None,None,None,None,None,None,None,None,None,None,LTE+Sub6,82,18,0.21951219512195122,76,17,0.2236842105263158,0.22536974789915967,0.05058360625405367,0.078,0.181,0.201,0.241,0.2651428571428572,0.27,0.291,44.162,8.277309502068725,27.674,33.7486,38.59348571428572,38.715428571428575,38.71668571428572,41.2368,46.552,48.0064,48.965599999999995,49.444,49.8872,54.733399999999996,57.33257142857143,4.176470588235294,1.5132121704058423,3.0,3.0,3.1,3.76,4.34,6.148000000000001,8.49,
-86.916,40.463,0,393,1200,372,125290,None,None,None,None,None,None,None,None,None,None,None,None,LTE+Sub6,82,64,0.7804878048780488,76,59,0.7763157894736842,0.15674818401937046,0.06359913338672749,0.041,0.07154285714285714,0.103,0.16228571428571428,0.20421428571428568,0.2392,0.29028571428571426,17.919774818401937,10.900965901979891,3.356,5.722971428571428,6.8904,8.165,8.884742857142857,13.568800000000003,16.722,18.337799999999998,24.45885714285714,27.460285714285714,28.306285714285714,34.86902857142857,41.00342857142857,5.517966101694914,2.1027002652852276,3.0,3.0,3.645,5.21,6.755,8.328000000000001,11.15,
-86.9165,40.462,0,47,1200,372,125290,50,1001,None,None,None,None,None,None,None,None,None,None,LTE+Sub6,43,20,0.46511627906976744,31,19,0.6129032258064516,0.19518796992481202,0.04567667749620744,0.08685714285714285,0.14342857142857143,0.1692857142857143,0.193,0.2232142857142857,0.25405714285714287,0.269,53.113879699248116,17.330606780483123,30.332571428571427,35.49165714285714,40.2156,43.40614285714286,44.65097142857143,46.1784,47.175,53.17805714285714,55.836,57.987,63.21737142857143,76.94619999999999,94.53714285714285,3.7810526315789477,1.0365575350870335,3.0,3.0,3.0,3.27,4.2,5.2299999999999995,6.61,
-86.9165,40.462,0,47,1200,372,125290,None,None,None,None,None,None,None,None,None,None,None,None,LTE+Sub6,43,10,0.23255813953488372,31,9,0.2903225806451613,0.27282539682539686,0.07725984010089736,0.16685714285714287,0.1952,0.223,0.2514285714285714,0.296,0.402,0.402,38.86595238095238,20.306996264873526,8.038,9.1412,14.497542857142857,17.884571428571427,26.47754285714285,41.333371428571425,49.19885714285714,50.52697142857143,51.63411428571428,52.15085714285714,55.112228571428574,60.30822857142857,63.324,8.868888888888888,10.196074892323836,3.07,3.126,3.28,3.93,4.0,24.792,32.04,
-86.9165,40.462,0,393,1200,372,125290,408,1001,None,None,None,None,None,None,None,None,None,None,LTE+Sub6,43,4,0.09302325581395349,31,3,0.0967741935483871,0.11295238095238096,0.04003575499481102,0.065,0.07417142857142857,0.08792857142857144,0.11085714285714286,0.13692857142857143,0.15257142857142858,0.163,9.037333333333333,1.7752388258735468,6.578,7.228400000000001,7.8788,8.204,8.5292,9.1796,9.83,10.0048,10.1796,10.267,10.3544,10.529200000000001,10.704,7.8500000000000005,5.444722215136417,4.0,4.0,4.0,4.0,9.775,13.240000000000002,15.55,
-86.9165,40.462,0,50,1001,515,520110,47,66736,None,None,None,None,None,None,None,None,None,None,LTE+Sub6,43,5,0.11627906976744186,31,0,0.0,0,0,0,0,0,0,0,0,0,0,0,0,0,0,0,0,0,0,0,0,0,0,0,0,0,0,0,0,0,0,0,0,0,
-86.9165,40.462,0,50,1001,10,520110,47,66736,None,None,None,None,None,None,None,None,None,None,LTE+Sub6,43,4,0.09302325581395349,31,0,0.0,0,0,0,0,0,0,0,0,0,0,0,0,0,0,0,0,0,0,0,0,0,0,0,0,0,0,0,0,0,0,0,0,0,
-86.9165,40.4615,0,47,1200,372,125290,50,1001,None,None,None,None,None,None,None,None,None,None,LTE+Sub6,25,8,0.32,15,8,0.5333333333333333,0.2173392857142857,0.036971992812817385,0.159,0.1681,0.19214285714285714,0.217,0.2531428571428571,0.2620571428571429,0.26285714285714284,50.77683928571429,12.230384625553151,36.80914285714285,37.179342857142856,37.88668571428571,38.36678571428571,39.397642857142856,44.213142857142856,50.67107142857142,56.47271428571428,58.991214285714285,59.658,60.0878,64.03101428571429,72.08571428571429,3.01375,0.03637908052713808,3.0,3.0,3.0,3.0,3.0,3.033,3.11,
-86.9165,40.4615,0,47,1200,372,125290,None,None,None,None,None,None,None,None,None,None,None,None,LTE+Sub6,25,8,0.32,15,7,0.4666666666666667,0.1826734693877551,0.04858473492917581,0.07771428571428571,0.1306857142857143,0.1735,0.189,0.2115,0.2246,0.242,30.358714285714285,12.627464644454118,7.944,15.7716,22.1456,23.878999999999998,25.6124,28.678800000000003,31.545,32.5476,35.273399999999995,38.3595,41.445600000000006,45.519800000000004,48.545,7.26,8.576164643941953,3.0,3.342,3.785,4.0,4.0,13.700000000000008,28.25,
-86.9165,40.4615,0,50,1001,10,520110,47,66736,None,None,None,None,None,None,None,None,None,None,LTE+Sub6,25,5,0.2,15,0,0.0,0,0,0,0,0,0,0,0,0,0,0,0,0,0,0,0,0,0,0,0,0,0,0,0,0,0,0,0,0,0,0,0,0,
-86.9165,40.4615,0,50,1001,515,520110,47,66736,None,None,None,None,None,None,None,None,None,None,LTE+Sub6,25,4,0.16,15,0,0.0,0,0,0,0,0,0,0,0,0,0,0,0,0,0,0,0,0,0,0,0,0,0,0,0,0,0,0,0,0,0,0,0,0,
-86.917,40.4615,0,47,1200,372,125290,50,1001,None,None,None,None,None,None,None,None,None,None,LTE+Sub6,20,14,0.7,20,14,0.7,0.18161224489795919,0.0665409939314562,0.108,0.11180000000000001,0.1265,0.155,0.2302857142857143,0.27794285714285716,0.30742857142857144,57.25580612244898,25.36747979846215,34.197,36.6141,40.053714285714285,41.38714285714286,41.75188571428571,43.77668571428571,44.51085714285715,45.301257142857146,52.42927142857142,68.79803571428572,83.94948571428571,101.45074285714286,106.54857142857144,3.3878571428571433,0.8225324880377377,3.0,3.0,3.0,3.065,3.3675,3.7910000000000004,6.2,
-86.917,40.4615,0,47,1200,372,125290,None,None,None,None,None,None,None,None,None,None,None,None,LTE+Sub6,20,6,0.3,20,6,0.3,0.2173571428571429,0.032717690610915146,0.157,0.178,0.20400000000000001,0.223,0.2405,0.2510714285714286,0.2571428571428572,48.75749999999999,8.23244570282732,33.589,39.3925,45.196,45.726749999999996,46.2575,47.319,49.9935,52.668,53.438,53.823,54.208,56.8865,59.565,27.25,3.396812231097465,22.33,23.09,24.7375,27.46,29.5,31.200000000000003,32.24,
-86.917,40.461,0,47,1200,372,125290,50,1001,None,None,None,None,None,None,None,None,None,None,LTE+Sub6,14,14,1.0,12,12,1.0,0.31744523809523806,0.12487550941427195,0.16319999999999998,0.1901,0.22625,0.2729285714285714,0.4185714285714286,0.46777142857142856,0.578,47.66030714285714,7.599303042354661,38.5184,39.3299,41.0792,42.62525,43.6937,44.8178,45.483428571428576,45.77474285714286,49.2267,52.33732142857143,55.94602857142858,58.04514285714286,62.964571428571425,3.3541666666666665,0.569670348144921,3.0,3.0,3.0,3.12,3.34,3.886,5.0,
-86.917,40.4605,0,47,1200,372,125290,50,1001,None,None,None,None,None,None,None,None,None,None,LTE+Sub6,15,13,0.8666666666666667,15,13,0.8666666666666667,0.28511648351648355,0.05823417400339138,0.21280000000000002,0.22134285714285715,0.25942857142857145,0.288,0.294,0.30788571428571426,0.456,62.770452747252754,12.981852321677103,38.481142857142856,42.1972,56.87982857142857,57.068571428571424,59.06562857142857,61.0738,61.634,65.84022857142857,72.21371428571429,72.41257142857144,72.64622857142858,74.68748571428571,85.1456,5.424615384615385,2.0686213000064164,3.05,3.18,4.11,4.76,5.76,8.888000000000002,9.83,
-86.917,40.4605,0,50,1001,372,125290,47,66736,None,None,None,None,None,None,None,None,None,None,LTE+Sub6,15,2,0.13333333333333333,15,2,0.13333333333333333,0.269,0.028999999999999998,0.24,0.2458,0.2545,0.269,0.2835,0.2922,0.298,48.861000000000004,5.5809999999999995,43.28,44.3962,45.5124,46.0705,46.6286,47.7448,48.861000000000004,49.9772,51.0934,51.6515,52.2096,53.3258,54.442,7.14,0.0,7.14,7.14,7.14,7.14,7.14,7.14,7.14,
-86.9175,40.4605,0,47,1200,372,125290,50,1001,None,None,None,None,None,None,None,None,None,None,LTE+Sub6,37,37,1.0,36,36,1.0,0.2693690476190477,0.054431283261610404,0.154,0.2037857142857143,0.22675,0.265,0.3157142857142857,0.34371428571428575,0.391,76.35350661375662,21.10663578290495,28.941714285714287,38.72021428571429,65.503,68.97399999999999,70.43957142857143,78.42171428571429,81.2525,87.742,89.95342857142857,92.306,92.90057142857144,96.50761904761904,109.597,6.511666666666667,2.4154761435377496,3.0,3.0,4.0,7.085,8.32,9.605,10.43,
-86.9175,40.46,0,47,1200,372,125290,50,1001,None,None,None,None,None,None,None,None,None,None,LTE+Sub6,99,96,0.9696969696969697,93,90,0.967741935483871,0.2678312169312169,0.08693820249879738,0.025142857142857144,0.20677142857142858,0.2354285714285714,0.265,0.29907142857142854,0.3154857142857143,0.9268571428571429,72.3920851851852,18.347475471988993,27.176,45.8081,59.55511428571429,62.169607142857146,66.5984,70.01691428571428,75.16633333333334,79.4672,83.9977,85.65832142857143,86.85714285714286,91.44640000000001,104.55657142857143,6.643555555555556,2.015003342214549,3.0,3.5420000000000003,5.1975,6.875,8.254999999999999,9.161,10.22,
-86.9175,40.46,0,None,None,372,125290,None,None,None,None,None,None,None,None,None,None,None,None,LTE+Sub6,99,3,0.030303030303030304,93,3,0.03225806451612903,0.09066666666666667,0.027029628614638188,0.07111111111111111,0.07128888888888889,0.07155555555555555,0.072,0.10044444444444445,0.11751111111111111,0.1288888888888889,6.640888888888888,2.5856817776253966,4.143111111111112,4.429866666666667,4.716622222222223,4.86,5.003377777777778,5.290133333333333,5.576888888888889,6.5020444444444445,7.427199999999999,7.889777777777777,8.352355555555555,9.27751111111111,10.202666666666666,12.066666666666668,2.804868782829045,8.1,9.288,11.07,14.04,14.05,14.056000000000001,14.06,
-86.9175,40.4595,0,47,1200,372,125290,50,1001,None,None,None,None,None,None,None,None,None,None,LTE+Sub6,4,4,1.0,3,3,1.0,0.17614285714285716,0.049677463100847384,0.125,0.132,0.14250000000000002,0.16,0.2017142857142857,0.22674285714285713,0.2434285714285714,20.397761904761904,9.48446045954206,12.899,13.222399999999999,13.5458,13.7075,13.8692,14.1926,14.516,18.368457142857142,22.220914285714287,24.147142857142857,26.07337142857143,29.925828571428575,33.778285714285715,4.6066666666666665,1.1337352228609445,3.12,3.462,3.975,4.83,5.35,5.662,5.87,
-86.918,40.4605,0,47,1200,372,125290,50,1001,None,None,None,None,None,None,None,None,None,None,LTE+Sub6,5,3,0.6,5,3,0.6,0.2899047619047619,0.02613344439793142,0.2582857142857143,0.26445714285714284,0.2737142857142857,0.28914285714285715,0.3057142857142857,0.31565714285714286,0.3222857142857143,73.77980952380953,24.01662974575474,40.64114285714285,49.29325714285714,57.945371428571434,62.27142857142857,66.59748571428571,75.2496,83.90171428571429,86.48068571428573,89.05965714285715,90.34914285714287,91.63862857142858,94.2176,96.79657142857144,5.27,1.478535311268103,3.18,3.7960000000000003,4.72,6.26,6.3149999999999995,6.348,6.37,
-86.918,40.4605,0,None,None,372,125290,None,None,None,None,None,None,None,None,None,None,None,None,LTE+Sub6,5,2,0.4,5,2,0.4,0.13777777777777778,0.024888888888888884,0.11288888888888889,0.11786666666666666,0.12533333333333332,0.13777777777777778,0.1502222222222222,0.15768888888888888,0.16266666666666665,10.276,1.517777777777777,8.758222222222223,9.061777777777777,9.365333333333334,9.517111111111111,9.668888888888889,9.972444444444445,10.276,10.579555555555554,10.883111111111111,11.034888888888888,11.186666666666666,11.490222222222222,11.793777777777777,11.285,2.535,8.75,9.257,10.0175,11.285,12.5525,13.313,13.82,
-86.917,40.46,0,47,1200,372,125290,50,1001,None,None,None,None,None,None,None,None,None,None,LTE+Sub6,77,24,0.3116883116883117,70,21,0.3,0.27040816326530615,0.040480982966721105,0.15085714285714286,0.221,0.2582857142857143,0.267,0.299,0.312,0.347,70.83652380952383,14.883546490169625,33.177142857142854,55.87657142857143,57.96,60.732,62.361,64.584,71.54971428571429,75.131,79.352,81.896,84.79,90.218,94.37142857142857,5.984761904761904,2.4404832055648304,3.0,3.0,4.12,5.68,8.06,9.5,10.12,
-86.917,40.46,0,None,None,372,125290,None,None,None,None,None,None,None,None,None,None,None,None,LTE+Sub6,77,3,0.03896103896103896,70,3,0.04285714285714286,0.1114074074074074,0.027961957303476215,0.08088888888888889,0.08568888888888888,0.09288888888888888,0.10488888888888889,0.12666666666666668,0.13973333333333335,0.14844444444444446,8.05688888888889,2.9814224682450456,4.271111111111112,5.085333333333334,5.8995555555555566,6.306666666666667,6.7137777777777785,7.5280000000000005,8.342222222222222,8.985244444444444,9.628266666666667,9.94977777777778,10.27128888888889,10.914311111111111,11.557333333333334,9.746666666666668,1.9206306834532825,7.11,7.788,8.805,10.5,11.065000000000001,11.404,11.63,
-86.917,40.46,0,50,1001,372,125290,47,66736,None,None,None,None,None,None,None,None,None,None,LTE+Sub6,77,50,0.6493506493506493,70,46,0.6571428571428571,0.24469254658385095,0.051768853261870425,0.11542857142857144,0.18121428571428572,0.21110714285714285,0.252,0.28075000000000006,0.2985714285714286,0.382,51.477878881987564,15.378293257155574,18.34857142857143,26.90714285714286,45.592,46.82742857142857,47.582,51.498,53.25371428571429,55.256,58.147999999999996,60.0955,62.2,69.74528571428573,81.473,4.933695652173912,2.1320916028690173,3.0,3.0,3.0,4.66,6.3675,7.6899999999999995,10.72,
-86.9165,40.46,0,47,1200,372,125290,50,1001,None,None,None,None,None,None,None,None,None,None,LTE+Sub6,292,164,0.5616438356164384,274,155,0.5656934306569343,0.23522826420890933,0.07332580301209206,0.056,0.14,0.17971428571428572,0.242,0.288,0.31839999999999996,0.427,61.929923502304156,19.046241493587857,15.42,38.87377142857143,46.079885714285716,49.289142857142856,51.473371428571426,56.333,61.468,68.3194,72.8134857142857,76.58364285714285,80.6538,84.3124,100.748,6.439612903225807,2.551241793493076,3.0,4.0,4.0,5.75,8.594999999999999,10.0,15.47,
-86.9165,40.46,0,47,1200,403,125290,50,1001,None,None,None,None,None,None,None,None,None,None,LTE+Sub6,292,1,0.003424657534246575,274,1,0.0036496350364963502,0.27771428571428575,0.0,0.27771428571428575,0.27771428571428575,0.27771428571428575,0.27771428571428575,0.27771428571428575,0.27771428571428575,0.27771428571428575,66.76228571428571,0.0,66.76228571428571,66.76228571428571,66.76228571428571,66.76228571428571,66.76228571428571,66.76228571428571,66.76228571428571,66.76228571428571,66.76228571428571,66.76228571428571,66.76228571428571,66.76228571428571,66.76228571428571,13.57,0.0,13.57,13.57,13.57,13.57,13.57,13.57,13.57,
-86.9165,40.46,0,None,None,372,125290,None,None,None,None,None,None,None,None,None,None,None,None,LTE+Sub6,292,3,0.010273972602739725,274,3,0.010948905109489052,0.09422222222222222,0.017463895737234225,0.072,0.0768,0.08399999999999999,0.096,0.10533333333333333,0.11093333333333333,0.11466666666666667,5.666074074074074,1.0668168618536424,4.280888888888889,4.592888888888889,4.904888888888888,5.060888888888888,5.216888888888889,5.528888888888888,5.840888888888888,6.047999999999999,6.255111111111111,6.358666666666666,6.462222222222222,6.669333333333333,6.876444444444444,9.463333333333333,0.6364659369431238,8.64,8.824,9.100000000000001,9.56,9.875,10.064,10.19,
-86.9165,40.46,0,47,1200,372,125290,None,None,None,None,None,None,None,None,None,None,None,None,LTE+Sub6,292,4,0.0136986301369863,274,3,0.010948905109489052,0.20676190476190479,0.013299446734609376,0.189,0.19325714285714285,0.19964285714285712,0.21028571428571427,0.21564285714285714,0.21885714285714286,0.221,40.74252380952381,5.217134569874673,36.82857142857143,36.91945714285714,37.01034285714286,37.05578571428572,37.10122857142857,37.19211428571429,37.283,39.449600000000004,41.6162,42.6995,43.7828,45.9494,48.116,3.5500000000000003,0.22375581929117863,3.24,3.322,3.4450000000000003,3.65,3.705,3.738,3.76,
-86.9165,40.46,0,47,1200,None,None,50,1001,None,None,None,None,None,None,None,None,None,None,LTE,292,6,0.02054794520547945,274,5,0.01824817518248175,0.1815142857142857,0.02355395022981435,0.16114285714285714,0.1616,0.16228571428571428,0.165,0.20114285714285715,0.21125714285714287,0.218,22.740028571428574,5.713772200069383,14.554285714285713,15.570971428571427,16.587657142857143,17.096,19.020114285714286,22.868342857142856,26.716571428571427,27.05805714285714,27.399542857142855,27.570285714285713,27.60882857142857,27.685914285714286,27.763,0.0,0.0,0.0,0.0,0.0,0.0,0.0,0.0,0.0,
-86.9165,40.46,0,50,1001,10,520110,47,66736,None,None,None,None,None,None,None,None,None,None,LTE+Sub6,292,2,0.00684931506849315,274,1,0.0036496350364963502,0.11542857142857144,0.0,0.11542857142857144,0.11542857142857144,0.11542857142857144,0.11542857142857144,0.11542857142857144,0.11542857142857144,0.11542857142857144,12.214857142857143,0.0,12.214857142857143,12.214857142857143,12.214857142857143,12.214857142857143,12.214857142857143,12.214857142857143,12.214857142857143,12.214857142857143,12.214857142857143,12.214857142857143,12.214857142857143,12.214857142857143,12.214857142857143,0.0,0.0,0.0,0.0,0.0,0.0,0.0,0.0,0.0,
-86.9165,40.46,0,50,1001,372,125290,47,66736,None,None,None,None,None,None,None,None,None,None,LTE+Sub6,292,95,0.3253424657534247,274,90,0.3284671532846715,0.1999232804232804,0.06978417677031397,0.035,0.09602857142857144,0.15303571428571427,0.1982857142857143,0.258,0.2872142857142857,0.339,31.11625291005291,15.124088273512422,5.761,11.9528,17.021714285714285,19.644,21.6237,24.919400000000003,29.92285714285714,35.0358,38.9948,41.48757142857143,43.505942857142855,48.49430000000001,70.856,9.560555555555554,7.311176886735527,3.0,3.278,5.43,7.734999999999999,11.2425,16.368000000000002,50.1,
-86.9165,40.46,0,50,1001,10,520110,None,None,None,None,None,None,None,None,None,None,None,None,LTE+Sub6,292,5,0.017123287671232876,274,5,0.01824817518248175,0.16391428571428573,0.11468941555704401,0.009142857142857142,0.021085714285714284,0.039,0.248,0.25942857142857145,0.2621714285714286,0.264,4.652028571428572,2.051188482568193,0.5497142857142857,2.5946285714285717,4.639542857142858,5.662,5.6634,5.6662,5.669,5.675685714285714,5.682371428571428,5.685714285714285,5.687314285714285,5.690514285714285,5.693714285714285,0.0,0.0,0.0,0.0,0.0,0.0,0.0,0.0,0.0,
-86.9165,40.46,0,50,1001,None,None,47,66736,None,None,None,None,None,None,None,None,None,None,LTE,292,1,0.003424657534246575,274,1,0.0036496350364963502,0.41028571428571425,0.0,0.41028571428571425,0.41028571428571425,0.41028571428571425,0.41028571428571425,0.41028571428571425,0.41028571428571425,0.41028571428571425,18.704,0.0,18.704,18.704,18.704,18.704,18.704,18.704,18.704,18.704,18.704,18.704,18.704,18.704,18.704,3.81,0.0,3.81,3.81,3.81,3.81,3.81,3.81,3.81,
-86.9165,40.46,0,50,1001,403,125290,47,66736,None,None,None,None,None,None,None,None,None,None,LTE+Sub6,292,11,0.03767123287671233,274,10,0.0364963503649635,0.2439142857142857,0.024018207379283864,0.199,0.20607142857142857,0.2325,0.2505,0.2575,0.27222857142857143,0.2742857142857143,46.4347,5.7167912497898214,35.57371428571428,39.93177142857142,41.2408,42.26925,43.7493,45.1296,46.724500000000006,48.8682,50.544642857142854,51.23410714285714,51.86931428571428,53.004714285714286,54.14514285714286,4.688,0.819045786265945,3.3,3.93,4.199999999999999,4.550000000000001,5.0225,6.001,6.01,
-86.9165,40.4605,0,47,1200,372,125290,50,1001,None,None,None,None,None,None,None,None,None,None,LTE+Sub6,62,17,0.27419354838709675,54,15,0.2777777777777778,0.2535714285714286,0.06865592016825396,0.1417142857142857,0.1648,0.20057142857142857,0.259,0.3074285714285714,0.33580000000000004,0.375,73.3432761904762,18.278382418231658,33.653,46.12668571428571,59.43134285714286,66.28571428571429,71.4422,73.5148,74.74742857142857,81.9358,83.32171428571428,84.20357142857142,86.42800000000001,93.375,99.449,5.6433333333333335,2.2564239160425705,3.16,3.394,3.9850000000000003,4.63,6.79,8.812,10.83,
-86.9165,40.4605,0,47,1200,372,125290,None,None,None,None,None,None,None,None,None,None,None,None,LTE+Sub6,62,6,0.0967741935483871,54,6,0.1111111111111111,0.14016666666666663,0.06573537015099928,0.076,0.0775,0.0845,0.114,0.19075,0.22899999999999998,0.246,20.91266666666667,13.853961908261319,7.602,8.379000000000001,9.156,9.50275,9.849499999999999,10.543,14.447,18.351,28.9905,34.31025,39.63,39.912000000000006,40.194,4.1433333333333335,0.5850830900156168,3.52,3.6100000000000003,3.73,3.91,4.465,4.91,5.2,
-86.9165,40.4605,0,47,1200,None,None,50,1001,None,None,None,None,None,None,None,None,None,None,LTE,62,1,0.016129032258064516,54,1,0.018518518518518517,0.192,0.0,0.192,0.192,0.192,0.192,0.192,0.192,0.192,20.973714285714287,0.0,20.973714285714287,20.973714285714287,20.973714285714287,20.973714285714287,20.973714285714287,20.973714285714287,20.973714285714287,20.973714285714287,20.973714285714287,20.973714285714287,20.973714285714287,20.973714285714287,20.973714285714287,0.0,0.0,0.0,0.0,0.0,0.0,0.0,0.0,0.0,
-86.9165,40.4605,0,50,1001,10,520110,47,66736,None,None,None,None,None,None,None,None,None,None,LTE+Sub6,62,3,0.04838709677419355,54,1,0.018518518518518517,0.010285714285714287,0.0,0.010285714285714287,0.010285714285714287,0.010285714285714287,0.010285714285714287,0.010285714285714287,0.010285714285714287,0.010285714285714287,5.757714285714285,0.0,5.757714285714285,5.757714285714285,5.757714285714285,5.757714285714285,5.757714285714285,5.757714285714285,5.757714285714285,5.757714285714285,5.757714285714285,5.757714285714285,5.757714285714285,5.757714285714285,5.757714285714285,0.0,0.0,0.0,0.0,0.0,0.0,0.0,0.0,0.0,
-86.9165,40.4605,0,50,1001,None,None,47,66736,None,None,None,None,None,None,None,None,None,None,LTE,62,6,0.0967741935483871,54,4,0.07407407407407407,0.19471428571428573,0.007069624589519211,0.186,0.18814285714285714,0.19135714285714286,0.19357142857142856,0.19692857142857143,0.2022,0.2057142857142857,24.504714285714286,3.4774810185957707,18.607,20.63187142857143,22.656742857142856,23.66917857142857,24.681614285714286,25.639314285714285,26.06342857142857,26.487542857142856,26.82175714285714,26.898964285714285,26.976171428571426,27.130585714285715,27.285,0.0,0.0,0.0,0.0,0.0,0.0,0.0,0.0,0.0,
-86.9165,40.4605,0,50,1001,372,125290,47,66736,None,None,None,None,None,None,None,None,None,None,LTE+Sub6,62,29,0.46774193548387094,54,27,0.5,0.22557142857142856,0.06379785489134975,0.103,0.14285714285714285,0.186,0.21714285714285714,0.271,0.3124571428571429,0.363,36.694846560846564,13.423517803658388,9.958,17.446428571428573,25.4302,31.059214285714283,33.13028571428571,35.1472,38.498285714285714,40.837428571428575,43.1012,45.43071428571429,46.339657142857135,52.554200000000016,65.01714285714286,4.528148148148148,2.0563974919063663,3.0,3.0,3.0,3.38,5.66,7.444000000000003,10.91,
-86.9165,40.461,0,47,1200,372,125290,50,1001,None,None,None,None,None,None,None,None,None,None,LTE+Sub6,24,4,0.16666666666666666,17,4,0.23529411764705882,0.2741428571428572,0.04341858437797986,0.229,0.232,0.2365,0.26521428571428574,0.3028571428571429,0.32342857142857145,0.3371428571428572,70.92532142857144,9.300984622759362,54.868,61.040285714285716,67.21257142857144,70.29871428571428,73.38485714285714,75.53782857142858,75.68114285714286,75.82445714285714,76.0751,76.30775,76.5404,77.0057,77.471,5.3075,3.618089101998457,3.0,3.015,3.0374999999999996,3.335,5.605,9.178,11.56,
-86.9165,40.461,0,47,1200,372,125290,None,None,None,None,None,None,None,None,None,None,None,None,LTE+Sub6,24,8,0.3333333333333333,17,8,0.47058823529411764,0.19678571428571429,0.04145824060769721,0.1142857142857143,0.15958571428571428,0.18125,0.1945,0.216,0.2496,0.258,31.668107142857146,11.20412484669629,13.017,17.400299999999998,22.108114285714286,24.583714285714287,26.4896,27.452800000000003,32.325500000000005,37.6394,40.1468,41.0105,41.7182,43.8731,47.014,3.69875,0.5317762099793484,3.0,3.1189999999999998,3.305,3.6550000000000002,4.0,4.228,4.76,
-86.9165,40.461,0,50,1001,10,520110,47,66736,None,None,None,None,None,None,None,None,None,None,LTE+Sub6,24,5,0.20833333333333334,17,1,0.058823529411764705,0.183,0.0,0.183,0.183,0.183,0.183,0.183,0.183,0.183,27.332,0.0,27.332,27.332,27.332,27.332,27.332,27.332,27.332,27.332,27.332,27.332,27.332,27.332,27.332,0.0,0.0,0.0,0.0,0.0,0.0,0.0,0.0,0.0,
-86.9165,40.461,0,50,1001,515,520110,47,66736,None,None,None,None,None,None,None,None,None,None,LTE+Sub6,24,4,0.16666666666666666,17,1,0.058823529411764705,0.009,0.0,0.009,0.009,0.009,0.009,0.009,0.009,0.009,0.311,0.0,0.311,0.311,0.311,0.311,0.311,0.311,0.311,0.311,0.311,0.311,0.311,0.311,0.311,0.0,0.0,0.0,0.0,0.0,0.0,0.0,0.0,0.0,
-86.9165,40.461,0,50,1001,372,125290,47,66736,None,None,None,None,None,None,None,None,None,None,LTE+Sub6,24,3,0.125,17,3,0.17647058823529413,0.2703333333333333,0.037932688922470134,0.217,0.23199999999999998,0.2545,0.292,0.297,0.3,0.302,60.47266666666667,6.648059482953571,52.611,54.0764,55.5418,56.2745,57.0072,58.4726,59.938,61.7242,63.510400000000004,64.40350000000001,65.2966,67.0828,68.869,9.073333333333332,1.4688166060547596,7.0,7.6,8.5,10.0,10.11,10.176,10.22,
-86.9175,40.461,0,47,1200,372,125290,50,1001,None,None,None,None,None,None,None,None,None,None,LTE+Sub6,8,4,0.5,8,4,0.5,0.227,0.07819526839905341,0.142,0.1495,0.16075,0.21350000000000002,0.27975,0.3153,0.339,80.56183333333333,18.477129031589296,54.046,59.658699999999996,65.2714,68.07775,70.88409999999999,77.24746666666667,83.98616666666666,90.72486666666666,95.71849999999999,96.47025,97.222,98.7255,100.229,7.545,2.4945189917096244,3.29,4.781000000000001,7.0175,8.754999999999999,9.2825,9.341000000000001,9.38,
-86.9175,40.461,0,47,1200,372,125290,None,None,None,None,None,None,None,None,None,None,None,None,LTE+Sub6,8,4,0.5,8,4,0.5,0.23692857142857143,0.04949793852644116,0.173,0.18247142857142856,0.19667857142857142,0.24285714285714288,0.2831071428571429,0.28664285714285714,0.289,57.57953571428571,9.892211890960649,44.31,46.58065714285714,48.85131428571429,49.986642857142854,51.12197142857143,54.67474285714286,58.86857142857143,63.0624,66.09955714285714,66.46146428571429,66.82337142857143,67.54718571428572,68.271,27.385,2.5639081496808727,23.19,24.627000000000002,26.7825,28.1,28.7025,29.570999999999998,30.15,
-86.9185,40.461,0,47,1200,372,125290,50,1001,None,None,None,None,None,None,None,None,None,None,LTE+Sub6,1,1,1.0,1,1,1.0,0.34857142857142853,0.0,0.34857142857142853,0.34857142857142853,0.34857142857142853,0.34857142857142853,0.34857142857142853,0.34857142857142853,0.34857142857142853,120.02857142857144,0.0,120.02857142857144,120.02857142857144,120.02857142857144,120.02857142857144,120.02857142857144,120.02857142857144,120.02857142857144,120.02857142857144,120.02857142857144,120.02857142857144,120.02857142857144,120.02857142857144,120.02857142857144,6.41,0.0,6.41,6.41,6.41,6.41,6.41,6.41,6.41,
-86.9185,40.4615,0,47,1200,372,125290,50,1001,None,None,None,None,None,None,None,None,None,None,LTE+Sub6,3,3,1.0,3,3,1.0,0.237,0.01564182427553342,0.215,0.2212,0.23049999999999998,0.246,0.248,0.2492,0.25,94.79466666666667,7.884330888259042,84.145,86.7678,89.39059999999999,90.702,92.0134,94.6362,97.259,98.4032,99.5474,100.1195,100.69160000000001,101.8358,102.98,3.216666666666667,0.17556258776351596,3.0,3.044,3.1100000000000003,3.22,3.325,3.3880000000000003,3.43,
-86.919,40.4615,0,47,1200,372,125290,50,1001,None,None,None,None,None,None,None,None,None,None,LTE+Sub6,1,1,1.0,1,1,1.0,0.31657142857142856,0.0,0.31657142857142856,0.31657142857142856,0.31657142857142856,0.31657142857142856,0.31657142857142856,0.31657142857142856,0.31657142857142856,87.67085714285714,0.0,87.67085714285714,87.67085714285714,87.67085714285714,87.67085714285714,87.67085714285714,87.67085714285714,87.67085714285714,87.67085714285714,87.67085714285714,87.67085714285714,87.67085714285714,87.67085714285714,87.67085714285714,4.42,0.0,4.42,4.42,4.42,4.42,4.42,4.42,4.42,
-86.919,40.462,0,47,1200,372,125290,50,1001,None,None,None,None,None,None,None,None,None,None,LTE+Sub6,3,3,1.0,2,2,1.0,0.265,0.027999999999999997,0.237,0.24259999999999998,0.251,0.265,0.27899999999999997,0.2874,0.293,74.57400000000001,3.4029999999999987,71.171,71.8516,72.5322,72.8725,73.2128,73.8934,74.57400000000001,75.25460000000001,75.93520000000001,76.27550000000001,76.61580000000001,77.2964,77.977,3.11,0.020000000000000018,3.09,3.094,3.0999999999999996,3.11,3.12,3.126,3.13,
-86.9195,40.462,0,47,1200,372,125290,50,1001,None,None,None,None,None,None,None,None,None,None,LTE+Sub6,1,1,1.0,1,1,1.0,0.3,0.0,0.3,0.3,0.3,0.3,0.3,0.3,0.3,88.444,0.0,88.444,88.444,88.444,88.444,88.444,88.444,88.444,88.444,88.444,88.444,88.444,88.444,88.444,5.3,0.0,5.3,5.3,5.3,5.3,5.3,5.3,5.3,
-86.9195,40.4625,0,47,1200,372,125290,50,1001,None,None,None,None,None,None,None,None,None,None,LTE+Sub6,3,3,1.0,3,3,1.0,0.29085714285714287,0.008437041748704778,0.28,0.28240000000000004,0.28600000000000003,0.292,0.29628571428571426,0.2988571428571428,0.30057142857142854,93.36042857142859,8.313282406327058,82.404,84.95245714285714,87.50091428571429,88.77514285714285,90.04937142857142,92.59782857142856,95.14628571428571,96.62322857142857,98.10017142857143,98.83864285714286,99.57711428571429,101.05405714285715,102.531,5.1433333333333335,1.1768979942581637,3.74,4.006,4.405,5.07,5.845000000000001,6.3100000000000005,6.62,
-86.92,40.463,0,47,1200,372,125290,50,1001,None,None,None,None,None,None,None,None,None,None,LTE+Sub6,80,80,1.0,75,75,1.0,0.2801533968253968,0.04383644413950186,0.13,0.22805714285714285,0.25435714285714284,0.2834285714285714,0.3177857142857143,0.32965714285714287,0.348,84.1411514920635,18.95814858080947,41.505,60.538399999999996,65.75614285714285,68.91778571428571,70.90605714285715,78.71405714285714,83.93142857142857,91.96480000000001,97.0066,99.15142857142857,101.352,109.52034285714288,120.168,5.5068,2.2408594541678273,3.0,3.128,3.52,4.84,7.0649999999999995,9.046000000000001,11.33,
-86.9205,40.463,0,47,1200,372,125290,50,1001,None,None,None,None,None,None,None,None,None,None,LTE+Sub6,30,30,1.0,29,29,1.0,0.2326551724137931,0.06486315934466062,0.095,0.151,0.201,0.23,0.278,0.32068571428571424,0.35657142857142854,62.91558128078819,10.161347509781393,46.596,50.43054285714286,52.8136,54.37714285714286,56.85745714285714,60.64148571428572,62.541,65.25248571428571,66.92691428571429,68.688,70.78514285714287,76.00788571428572,89.37,6.688275862068966,2.56778056448529,3.0,3.124,3.75,6.73,8.53,10.06,11.18,
-86.9205,40.4625,0,47,1200,372,125290,50,1001,None,None,None,None,None,None,None,None,None,None,LTE+Sub6,13,13,1.0,12,12,1.0,0.2097976190476191,0.09052025477727794,0.06,0.1051,0.13375,0.2195,0.29914285714285715,0.3222857142857143,0.327,55.6310238095238,20.843286377139115,25.803,30.4495,35.4202,40.1425,42.40732857142857,45.646857142857144,53.11571428571429,63.101485714285715,68.46605714285714,70.60475,74.628,79.7068142857143,94.056,7.154166666666666,1.931918124271546,4.29,5.404,5.74,6.505000000000001,8.4075,9.209999999999999,11.4,
-86.921,40.4625,0,47,1200,372,125290,50,1001,None,None,None,None,None,None,None,None,None,None,LTE+Sub6,21,21,1.0,20,20,1.0,0.2825428571428571,0.0419833932183006,0.18057142857142858,0.23140000000000002,0.26567857142857143,0.285,0.31074999999999997,0.3204,0.37714285714285717,86.63972142857142,9.43032008497331,66.378,73.65785714285714,79.58500000000001,81.4705,82.0954,84.80091428571428,87.1925,92.80211428571428,93.8376,94.32425,95.3132,96.5215,99.51771428571429,7.144999999999999,2.0466472583227424,3.0,4.269,6.2575,7.35,8.45,9.478000000000002,10.67,
-86.921,40.462,0,47,1200,372,125290,50,1001,None,None,None,None,None,None,None,None,None,None,LTE+Sub6,16,16,1.0,15,15,1.0,0.29444761904761907,0.05395707204419794,0.202,0.21154285714285714,0.2585,0.3142857142857143,0.3293571428571429,0.3497142857142857,0.39,88.39746666666665,18.490491479983376,42.732,64.1422,75.6884,80.16,84.60068571428572,90.49157142857143,94.10857142857144,95.81805714285714,100.84182857142856,102.1805,102.28697142857142,104.25874285714285,113.801,3.751333333333333,1.1726714041973658,3.0,3.024,3.125,3.27,3.6,5.064,7.43,
-86.9205,40.462,0,47,1200,372,125290,50,1001,None,None,None,None,None,None,None,None,None,None,LTE+Sub6,3,3,1.0,3,3,1.0,0.17752380952380953,0.023278653131355728,0.14514285714285713,0.15382857142857143,0.16685714285714287,0.18857142857142858,0.19371428571428573,0.1968,0.19885714285714287,47.27161904761905,4.209343189402333,41.752,43.02171428571429,44.291428571428575,44.92628571428571,45.561142857142855,46.83085714285714,48.10057142857143,48.87291428571429,49.64525714285715,50.03142857142858,50.4176,51.18994285714286,51.96228571428572,6.536666666666666,2.550716674888757,3.0,3.938,5.345000000000001,7.69,8.305,8.674,8.92,
-86.921,40.4615,0,47,1200,372,125290,50,1001,None,None,None,None,None,None,None,None,None,None,LTE+Sub6,36,36,1.0,33,33,1.0,0.19206060606060604,0.06024740817734697,0.07,0.1072,0.151,0.19,0.2354285714285714,0.26980000000000004,0.305,51.40145887445887,17.079999642221967,12.984,28.9154,35.27337142857143,42.648,44.083,48.29497142857143,50.802285714285716,59.49645714285714,62.786742857142855,65.662,68.11280000000001,71.11348571428572,76.894,6.543030303030303,1.9646427462248315,3.0,4.042,5.0,6.77,8.0,8.906,11.33,
-86.921,40.461,0,47,1200,372,125290,50,1001,None,None,None,None,None,None,None,None,None,None,LTE+Sub6,82,82,1.0,77,77,1.0,0.22574025974025977,0.05509731251754783,0.016,0.15059999999999998,0.18742857142857142,0.236,0.268,0.2843428571428571,0.309,65.86708101422388,15.350681336116551,24.97866666666667,47.6882,50.9232,54.013,57.866371428571426,61.60954285714286,65.401,70.03354285714288,74.39862857142856,75.719,78.527,87.97325714285714,107.092,4.985064935064934,2.290112356670093,3.0,3.0,3.03,3.68,6.58,8.588000000000001,11.11,
-86.9205,40.461,0,47,1200,372,125290,50,1001,None,None,None,None,None,None,None,None,None,None,LTE+Sub6,4,4,1.0,4,4,1.0,0.27003571428571427,0.026820715227341016,0.225,0.24012857142857144,0.2628214285714286,0.2805714285714286,0.28778571428571426,0.2915142857142857,0.294,82.29253571428572,13.224074312873393,61.677,68.3955,75.114,78.47325000000001,81.8325,84.22902857142857,84.46457142857143,84.70011428571429,86.22782857142857,88.28385714285714,90.33988571428571,94.45194285714285,98.564,4.375,0.5924736281050829,3.48,3.696,4.0200000000000005,4.555,4.91,4.91,4.91,
-86.9205,40.4605,0,47,1200,372,125290,50,1001,None,None,None,None,None,None,None,None,None,None,LTE+Sub6,15,10,0.6666666666666666,14,9,0.6428571428571429,0.22774603174603175,0.03655163016783834,0.164,0.18274285714285712,0.202,0.22285714285714286,0.26057142857142856,0.26434285714285716,0.27771428571428575,53.061142857142855,13.155740526580825,34.23542857142857,35.805485714285716,39.7992,42.2,45.57417142857143,51.94274285714285,57.172,57.272,57.5268,57.68,60.34377142857143,67.03014285714286,77.793,4.863333333333333,1.8271897061395193,3.0,3.04,3.05,4.46,6.39,7.228000000000001,8.14,
-86.9205,40.4605,0,None,None,372,125290,None,None,None,None,None,None,None,None,None,None,None,None,LTE+Sub6,15,5,0.3333333333333333,14,5,0.35714285714285715,0.1790222222222222,0.01866751320831771,0.14755555555555555,0.16,0.17866666666666667,0.18044444444444446,0.18222222222222223,0.19662222222222223,0.20622222222222222,17.436799999999998,2.3179135854534425,14.024,15.033422222222221,16.042844444444444,16.547555555555554,16.648888888888887,16.851555555555557,17.054222222222222,17.629866666666665,18.20551111111111,18.493333333333332,19.007644444444445,20.036266666666666,21.06488888888889,7.536,1.3463075428742128,5.51,6.2059999999999995,7.25,7.51,7.67,8.912,9.74,
-86.9205,40.46,0,47,1200,372,125290,50,1001,None,None,None,None,None,None,None,None,None,None,LTE+Sub6,45,45,1.0,43,43,1.0,0.2377098560354375,0.04401396495193088,0.1325714285714286,0.18628571428571428,0.20833333333333331,0.243,0.2656428571428572,0.282,0.34514285714285714,69.46001993355482,18.096590047019284,34.959,46.07386666666667,54.037400000000005,56.526357142857144,57.57722857142857,64.31099999999999,67.322,72.08797142857142,79.90902857142858,82.05321428571429,85.822,91.2064,109.05485714285714,4.952093023255815,2.294786364013642,3.0,3.0,3.1,3.59,6.875,8.200000000000001,11.0,
-86.9205,40.4595,0,47,1200,372,125290,50,1001,None,None,None,None,None,None,None,None,None,None,LTE+Sub6,5,5,1.0,5,5,1.0,0.27857714285714286,0.028977572749438144,0.24159999999999998,0.24553142857142854,0.2514285714285714,0.284,0.2948571428571428,0.3105428571428571,0.321,78.8353657142857,10.062921172805131,69.52228571428572,70.03577142857142,70.54925714285714,70.806,71.09568,71.67504,72.25439999999999,78.23943999999999,84.22448,87.217,88.64902857142857,91.51308571428571,94.37714285714286,3.0,0.0,3.0,3.0,3.0,3.0,3.0,3.0,3.0,
-86.92,40.4595,0,47,1200,372,125290,50,1001,None,None,None,None,None,None,None,None,None,None,LTE+Sub6,27,27,1.0,25,25,1.0,0.22637714285714286,0.06045557491890645,0.072,0.1762857142857143,0.196,0.20685714285714285,0.271,0.3033714285714286,0.321,77.55121142857142,15.383906541212713,42.91657142857143,55.97722857142857,63.42742857142857,66.61142857142856,67.79862857142857,77.70045714285713,80.756,85.4588,86.9784,89.56914285714285,90.77977142857144,94.41760000000001,102.273,7.3216,2.52340354283654,3.0,3.228,5.81,8.16,9.16,9.735999999999999,11.71,
-86.9195,40.4595,0,47,1200,372,125290,50,1001,None,None,None,None,None,None,None,None,None,None,LTE+Sub6,14,14,1.0,13,13,1.0,0.25818681318681314,0.04555216391923564,0.151,0.2212,0.235,0.25,0.3017142857142857,0.3104,0.316,80.58996703296704,9.578903329820845,64.592,66.21085714285715,73.73017142857142,75.602,75.6644,77.97080000000001,78.738,83.57805714285715,88.49805714285714,90.45371428571428,91.28848571428571,92.4298,92.62628571428571,6.513076923076923,2.1528920963899294,3.57,3.724,4.74,6.33,7.78,9.484000000000002,10.33,
-86.92,40.46,0,47,1200,372,125290,50,1001,None,None,None,None,None,None,None,None,None,None,LTE+Sub6,4,4,1.0,4,4,1.0,0.24764285714285714,0.009892019046500394,0.232,0.23714285714285716,0.24485714285714286,0.24957142857142856,0.25235714285714284,0.2566,0.25942857142857145,64.68928571428572,11.44551164769627,46.276,51.5932,56.9104,59.569,62.227599999999995,65.84708571428571,68.61771428571429,71.38834285714286,73.43645714285714,73.738,74.03954285714286,74.64262857142857,75.24571428571429,8.762500000000001,1.2326470500512303,7.33,7.471,7.6825,8.709999999999999,9.79,10.096,10.3,
-86.9195,40.46,0,47,1200,372,125290,50,1001,None,None,None,None,None,None,None,None,None,None,LTE+Sub6,3,3,1.0,2,2,1.0,0.22899999999999998,0.05499999999999999,0.174,0.185,0.20149999999999998,0.22899999999999998,0.25649999999999995,0.27299999999999996,0.284,75.2555,4.7805000000000035,70.475,71.4311,72.38719999999999,72.86525,73.3433,74.29939999999999,75.2555,76.2116,77.1677,77.64574999999999,78.1238,79.0799,80.036,7.58,1.75,5.83,6.18,6.705,7.58,8.455,8.98,9.33,
-86.919,40.46,0,47,1200,372,125290,50,1001,None,None,None,None,None,None,None,None,None,None,LTE+Sub6,4,4,1.0,4,4,1.0,0.2695714285714286,0.036608658505209134,0.23428571428571426,0.2408,0.25057142857142856,0.2565,0.2755,0.3088,0.331,77.42039285714287,12.025540434788137,61.313,65.62310000000001,69.9332,72.08825,74.2433,76.04251428571429,76.58628571428572,77.13005714285715,79.26291428571429,81.91842857142858,84.57394285714287,89.88497142857143,95.196,5.7700000000000005,0.6122499489587565,4.95,5.103,5.3325,5.79,6.2275,6.421,6.55,
-86.9185,40.46,0,47,1200,372,125290,50,1001,None,None,None,None,None,None,None,None,None,None,LTE+Sub6,3,3,1.0,3,3,1.0,0.3064761904761905,0.019798417216106937,0.283,0.2874,0.294,0.305,0.3182142857142857,0.3261428571428572,0.33142857142857146,79.774,8.657784628105892,70.618,71.9568,73.2956,73.965,74.6344,75.97319999999999,77.312,80.128,82.94399999999999,84.352,85.75999999999999,88.576,91.392,4.773333333333333,1.0936584882351936,4.0,4.0,4.0,4.0,5.16,5.856,6.32,
-86.918,40.46,0,47,1200,372,125290,50,1001,None,None,None,None,None,None,None,None,None,None,LTE+Sub6,4,3,0.75,3,3,1.0,0.25480952380952376,0.041098907301848016,0.2114285714285714,0.21774285714285713,0.2272142857142857,0.243,0.27649999999999997,0.2966,0.31,78.74371428571429,9.972224161875522,64.645,68.81542857142857,72.98585714285714,75.07107142857143,77.15628571428572,81.32671428571429,85.49714285714286,85.61551428571428,85.73388571428572,85.79307142857144,85.85225714285714,85.97062857142858,86.089,7.376666666666668,2.170427505252261,5.23,5.494000000000001,5.890000000000001,6.55,8.45,9.59,10.35,
-86.918,40.46,0,None,None,372,125290,None,None,None,None,None,None,None,None,None,None,None,None,LTE+Sub6,4,1,0.25,3,0,0.0,0,0,0,0,0,0,0,0,0,0,0,0,0,0,0,0,0,0,0,0,0,0,0,0,0,0,0,0,0,0,0,0,0,
-86.916,40.46,0,47,1200,372,125290,50,1001,None,None,None,None,None,None,None,None,None,None,LTE+Sub6,108,89,0.8240740740740741,95,83,0.8736842105263158,0.21564371772805513,0.08792742769849433,0.056,0.09371428571428571,0.137,0.232,0.28678571428571425,0.3162,0.419,49.57504991394148,28.572650096783125,7.953142857142857,9.8758,13.822000000000003,17.406,31.70651428571428,43.71560000000001,53.30057142857143,59.43394285714285,70.02571428571429,74.5825,79.86137142857142,84.25094285714285,105.557,6.702168674698795,2.428835830108971,3.0,4.0,4.0600000000000005,6.53,8.925,9.962,11.64,
-86.916,40.46,0,47,1200,10,520110,50,1001,None,None,None,None,None,None,None,None,None,None,LTE+Sub6,108,2,0.018518518518518517,95,0,0.0,0,0,0,0,0,0,0,0,0,0,0,0,0,0,0,0,0,0,0,0,0,0,0,0,0,0,0,0,0,0,0,0,0,
-86.916,40.46,0,47,1200,None,None,50,1001,None,None,None,None,None,None,None,None,None,None,LTE,108,4,0.037037037037037035,95,3,0.031578947368421054,0.16633333333333333,0.0509531375110721,0.097,0.1144,0.1405,0.184,0.201,0.2112,0.218,18.090666666666667,7.005373239322958,8.19,11.0984,14.0068,15.460999999999999,16.9152,19.8236,22.732,22.8556,22.9792,23.041,23.102800000000002,23.2264,23.35,0.0,0.0,0.0,0.0,0.0,0.0,0.0,0.0,0.0,
-86.916,40.46,0,47,1200,403,125290,50,1001,None,None,None,None,None,None,None,None,None,None,LTE+Sub6,108,3,0.027777777777777776,95,1,0.010526315789473684,0.045,0.0,0.045,0.045,0.045,0.045,0.045,0.045,0.045,0.772,0.0,0.772,0.772,0.772,0.772,0.772,0.772,0.772,0.772,0.772,0.772,0.772,0.772,0.772,10.23,0.0,10.23,10.23,10.23,10.23,10.23,10.23,10.23,
-86.916,40.46,0,None,None,372,125290,None,None,None,None,None,None,None,None,None,None,None,None,LTE+Sub6,108,4,0.037037037037037035,95,3,0.031578947368421054,0.0788148148148148,0.05781802966362493,0.016,0.025777777777777778,0.04044444444444444,0.06488888888888888,0.11022222222222221,0.1374222222222222,0.15555555555555553,3.919703703703704,3.613378731131756,0.21777777777777776,0.7182222222222223,1.218666666666667,1.468888888888889,1.719111111111111,2.219555555555556,2.72,3.9402666666666666,5.160533333333333,5.770666666666667,6.380800000000001,7.601066666666667,8.821333333333333,9.896666666666667,2.9956004777376806,6.78,7.218,7.875,8.97,11.455,12.946,13.94,
-86.916,40.46,0,47,1200,372,125290,None,None,None,None,None,None,None,None,None,None,None,None,LTE+Sub6,108,1,0.009259259259259259,95,1,0.010526315789473684,0.205,0.0,0.205,0.205,0.205,0.205,0.205,0.205,0.205,49.268,0.0,49.268,49.268,49.268,49.268,49.268,49.268,49.268,49.268,49.268,49.268,49.268,49.268,49.268,5.53,0.0,5.53,5.53,5.53,5.53,5.53,5.53,5.53,
-86.916,40.46,0,50,1001,372,125290,47,66736,None,None,None,None,None,None,None,None,None,None,LTE+Sub6,108,5,0.046296296296296294,95,4,0.042105263157894736,0.22349999999999998,0.04978704650810289,0.148,0.1678,0.1975,0.23199999999999998,0.258,0.2724,0.282,37.085,5.555717640413343,27.843,30.7938,33.744600000000005,35.22,36.6954,38.3472,39.349500000000006,40.351800000000004,41.0978,41.2145,41.3312,41.564600000000006,41.798,6.2125,1.9944720479364957,3.25,4.15,5.5,6.365,7.077500000000001,8.153,8.87,
-86.9155,40.46,0,47,1200,372,125290,50,1001,None,None,None,None,None,None,None,None,None,None,LTE+Sub6,223,172,0.7713004484304933,199,163,0.8190954773869347,0.24587554776511833,0.09949273233462232,0.009142857142857142,0.1422,0.19464285714285715,0.2514285714285714,0.29278571428571426,0.3249142857142857,1.147,61.17937510955302,20.296186618191452,2.0685714285714285,34.089,51.01622857142857,55.16342857142857,58.09251428571429,61.8368,65.7,68.42880000000001,71.4136,73.608,75.7822,81.67725714285714,94.543,6.29717791411043,2.9868982843385554,0.0,4.0,4.0,5.33,8.120000000000001,10.428,17.15,
-86.9155,40.46,0,47,1200,None,None,50,1001,None,None,None,None,None,None,None,None,None,None,LTE,223,10,0.04484304932735426,199,9,0.04522613065326633,0.2335873015873016,0.015604587447539623,0.203,0.2188857142857143,0.224,0.232,0.2434285714285714,0.2482,0.261,53.222031746031746,7.673018481686809,40.668,41.623200000000004,46.01657142857143,48.78628571428572,50.409600000000005,53.44025714285714,55.823,56.18494285714286,57.373171428571425,58.105,58.5886,60.5152,65.32,0.0,0.0,0.0,0.0,0.0,0.0,0.0,0.0,0.0,
-86.9155,40.46,0,47,1200,10,520110,50,1001,None,None,None,None,None,None,None,None,None,None,LTE+Sub6,223,3,0.013452914798206279,199,2,0.010050251256281407,0.06657142857142857,0.0014285714285714318,0.06514285714285714,0.06542857142857143,0.06585714285714286,0.06657142857142857,0.06728571428571428,0.06771428571428571,0.068,16.815357142857142,7.558357142857143,9.257,10.768671428571428,12.280342857142857,13.036178571428572,13.792014285714284,15.303685714285715,16.815357142857142,18.32702857142857,19.8387,20.594535714285715,21.350371428571428,22.862042857142857,24.373714285714286,0.0,0.0,0.0,0.0,0.0,0.0,0.0,0.0,0.0,
-86.9155,40.46,0,None,None,403,125290,None,None,None,None,None,None,None,None,None,None,None,None,LTE+Sub6,223,7,0.03139013452914798,199,4,0.020100502512562814,0.14311111111111113,0.07003350168329935,0.024,0.06826666666666667,0.13466666666666666,0.172,0.18044444444444446,0.19484444444444446,0.20444444444444446,7.839333333333334,5.923648604544623,1.2382222222222221,2.378488888888889,3.5187555555555563,4.0888888888888895,4.659022222222222,5.593244444444445,6.424444444444445,7.255644444444444,8.75582222222222,10.174888888888889,11.59395555555556,14.432088888888892,17.270222222222223,10.6,5.230195981031685,4.0,4.885,6.2125,11.31,15.6975,15.747,15.78,
-86.9155,40.46,0,None,None,372,125290,None,None,None,None,None,None,None,None,None,None,None,None,LTE+Sub6,223,7,0.03139013452914798,199,0,0.0,0,0,0,0,0,0,0,0,0,0,0,0,0,0,0,0,0,0,0,0,0,0,0,0,0,0,0,0,0,0,0,0,0,
-86.9155,40.46,0,47,66736,None,None,None,None,None,None,None,None,None,None,None,None,None,None,LTE,223,1,0.004484304932735426,199,0,0.0,0,0,0,0,0,0,0,0,0,0,0,0,0,0,0,0,0,0,0,0,0,0,0,0,0,0,0,0,0,0,0,0,0,
-86.9155,40.46,0,47,1200,None,None,None,None,None,None,None,None,None,None,None,None,None,None,LTE,223,2,0.008968609865470852,199,1,0.005025125628140704,0.16228571428571428,0.0,0.16228571428571428,0.16228571428571428,0.16228571428571428,0.16228571428571428,0.16228571428571428,0.16228571428571428,0.16228571428571428,3.2331428571428575,0.0,3.2331428571428575,3.2331428571428575,3.2331428571428575,3.2331428571428575,3.2331428571428575,3.2331428571428575,3.2331428571428575,3.2331428571428575,3.2331428571428575,3.2331428571428575,3.2331428571428575,3.2331428571428575,3.2331428571428575,0.0,0.0,0.0,0.0,0.0,0.0,0.0,0.0,0.0,
-86.9155,40.46,0,47,1200,121,125290,50,1001,None,None,None,None,None,None,None,None,None,None,LTE+Sub6,223,1,0.004484304932735426,199,1,0.005025125628140704,0.069,0.0,0.069,0.069,0.069,0.069,0.069,0.069,0.069,38.25,0.0,38.25,38.25,38.25,38.25,38.25,38.25,38.25,38.25,38.25,38.25,38.25,38.25,38.25,6.43,0.0,6.43,6.43,6.43,6.43,6.43,6.43,6.43,
-86.9155,40.46,0,50,1001,372,125290,47,66736,None,None,None,None,None,None,None,None,None,None,LTE+Sub6,223,18,0.08071748878923767,199,17,0.08542713567839195,0.23184873949579832,0.019979249174350695,0.19428571428571428,0.19682857142857144,0.22514285714285714,0.2377142857142857,0.244,0.2554,0.257,48.70636134453781,7.198247179450349,37.21828571428572,39.501000000000005,41.82297142857143,44.42285714285715,45.07017142857143,46.26762857142857,47.445,50.651428571428575,52.99165714285714,53.162285714285716,53.22845714285714,59.12582857142857,61.556,0.4035294117647059,1.6141176470588237,0.0,0.0,0.0,0.0,0.0,0.0,6.86,
-86.9155,40.46,0,47,1200,372,125290,None,None,None,None,None,None,None,None,None,None,None,None,LTE+Sub6,223,2,0.008968609865470852,199,2,0.010050251256281407,0.22699999999999998,0.007999999999999993,0.219,0.2206,0.223,0.22699999999999998,0.23099999999999998,0.2334,0.235,42.596000000000004,4.062000000000001,38.534,39.3464,40.1588,40.565,40.971199999999996,41.7836,42.596000000000004,43.4084,44.2208,44.627,45.0332,45.845600000000005,46.658,0.0,0.0,0.0,0.0,0.0,0.0,0.0,0.0,0.0,
-86.947,40.467,0,None,None,372,125290,None,None,None,None,None,None,None,None,None,None,None,None,LTE+Sub6,22,22,1.0,19,19,1.0,0.21465413533834588,0.1035539712099968,0.0,0.0128,0.213,0.237,0.264,0.27714285714285714,0.44,20.895812030075188,7.433647717859566,0.464,14.3904,16.4816,17.143,17.53,21.01922857142857,21.345142857142857,23.496599999999997,24.967,25.97,26.7554,28.714114285714285,32.10285714285714,5.003684210526315,1.559916362556578,3.0,3.044,4.255,4.75,5.640000000000001,7.316,8.69,
-86.9475,40.467,0,None,None,372,125290,None,None,None,None,None,None,None,None,None,None,None,None,LTE+Sub6,5,5,1.0,0,0,0,0,0,0,0,0,0,0,0,0,0,0,0,0,0,0,0,0,0,0,0,0,0,0,0,0,0,0,0,0,0,0,0,0,
-86.9475,40.4675,0,None,None,372,125290,None,None,None,None,None,None,None,None,None,None,None,None,LTE+Sub6,27,27,1.0,23,23,1.0,0.26915527950310564,0.12116957335375905,0.145,0.19794285714285714,0.217,0.238,0.2692857142857143,0.3494,0.75,22.72295031055901,11.708316539578387,9.759,14.053028571428573,15.4254,16.717,17.6006,18.539485714285714,20.518,22.015914285714288,22.938285714285715,24.134857142857143,25.7768,32.340228571428575,70.059,5.943913043478261,2.2581461021212776,3.35,3.552,4.215,5.21,7.3,9.422000000000002,11.97,
-86.947,40.4675,0,None,None,372,125290,None,None,None,None,None,None,None,None,None,None,None,None,LTE+Sub6,19,19,1.0,17,17,1.0,0.26342016806722685,0.04523423022054451,0.1405714285714286,0.22774285714285716,0.239,0.271,0.293,0.31017142857142854,0.3497142857142857,27.951201680672266,9.566685887959984,15.288,19.416371428571427,22.0746,22.477,24.389799999999997,25.537399999999998,27.378285714285713,28.6508,29.398742857142857,29.54,31.073600000000003,32.64085714285714,60.921142857142854,5.488823529411765,0.8923787269918212,4.11,4.818,5.09,5.25,5.74,6.594000000000001,7.72,
-86.9465,40.4675,0,None,None,372,125290,None,None,None,None,None,None,None,None,None,None,None,None,LTE+Sub6,6,6,1.0,5,5,1.0,0.25514285714285717,0.03437417160411853,0.232,0.2342857142857143,0.2377142857142857,0.238,0.24457142857142858,0.2918857142857143,0.32342857142857145,24.17822857142857,6.071558130785723,19.884,20.08994285714286,20.295885714285713,20.398857142857143,20.525085714285716,20.77754285714286,21.03,22.024171428571428,23.01834285714286,23.515428571428572,26.02491428571429,31.043885714285718,36.06285714285715,6.5120000000000005,1.862883785961969,4.9,4.968,5.07,5.65,7.01,8.762,9.93,
-86.9465,40.468,0,None,None,372,125290,None,None,None,None,None,None,None,None,None,None,None,None,LTE+Sub6,5,5,1.0,5,5,1.0,0.2469428571428572,0.030502137763823458,0.213,0.2142,0.216,0.25257142857142856,0.2571428571428572,0.28045714285714285,0.296,23.22362857142857,4.483518133550656,16.901,17.9694,19.0378,19.572,20.460571428571427,22.237714285714286,24.014857142857142,24.94102857142857,25.8672,26.330285714285715,26.92422857142857,28.112114285714288,29.3,5.936,0.8387037617657381,5.17,5.25,5.37,5.79,5.81,6.848,7.54,
-86.946,40.468,0,None,None,372,125290,None,None,None,None,None,None,None,None,None,None,None,None,LTE+Sub6,7,7,1.0,7,7,1.0,0.2539387755102041,0.041340572066580906,0.203,0.20874285714285715,0.2142857142857143,0.264,0.2845,0.3076,0.313,23.354816326530614,5.688452782572649,15.647,17.53262857142857,18.911771428571427,19.094857142857144,19.277942857142857,20.8368,22.992,23.4852,25.277799999999996,27.4735,29.669200000000004,31.363,31.708,5.638571428571429,0.41107623802573134,5.22,5.262,5.37,5.49,5.755000000000001,6.144,6.51,
-86.9455,40.468,0,None,None,372,125290,None,None,None,None,None,None,None,None,None,None,None,None,LTE+Sub6,8,8,1.0,7,7,1.0,0.2183469387755102,0.03486633009930812,0.171,0.174,0.187,0.22,0.2497142857142857,0.25645714285714283,0.264,17.31320408163265,4.290780720180348,10.443,12.009,13.5972,14.413499999999999,15.2298,16.6552,17.977,18.664857142857144,19.450342857142857,19.940714285714286,20.431085714285715,22.0804,24.064,5.3185714285714285,0.41525993826340923,4.96,5.026,5.07,5.08,5.455,5.912,6.14,
-86.945,40.468,0,None,None,372,125290,None,None,None,None,None,None,None,None,None,None,None,None,LTE+Sub6,7,7,1.0,7,7,1.0,0.21722448979591835,0.01844776047985769,0.203,0.20325714285714286,0.20421428571428568,0.2057142857142857,0.2272142857142857,0.2454,0.249,17.77042857142857,1.6810180467411373,15.322,15.672571428571429,16.078857142857142,16.337714285714288,16.59657142857143,17.225485714285718,17.91,18.648342857142854,19.18765714285714,19.258285714285712,19.328914285714287,19.613200000000003,19.969,5.694285714285714,0.9518231699947082,4.33,4.6899999999999995,5.15,5.66,6.025,6.83,7.52,
-86.947,40.468,0,None,None,372,125290,None,None,None,None,None,None,None,None,None,None,None,None,LTE+Sub6,2,2,1.0,1,1,1.0,0.263,0.0,0.263,0.263,0.263,0.263,0.263,0.263,0.263,24.86,0.0,24.86,24.86,24.86,24.86,24.86,24.86,24.86,24.86,24.86,24.86,24.86,24.86,24.86,6.08,0.0,6.08,6.08,6.08,6.08,6.08,6.08,6.08,
-86.946,40.4675,0,None,None,372,125290,None,None,None,None,None,None,None,None,None,None,None,None,LTE+Sub6,2,2,1.0,2,2,1.0,0.2869285714285714,0.008071428571428563,0.27885714285714286,0.2804714285714286,0.28289285714285717,0.2869285714285714,0.2909642857142857,0.29338571428571425,0.295,40.020714285714284,10.150714285714285,29.87,31.900142857142857,33.930285714285716,34.94535714285714,35.96042857142857,37.99057142857143,40.020714285714284,42.05085714285714,44.080999999999996,45.09607142857143,46.11114285714286,48.141285714285715,50.17142857142857,6.92,1.7599999999999998,5.16,5.5120000000000005,6.04,6.92,7.8,8.328,8.68,
-86.946,40.467,0,None,None,372,125290,None,None,None,None,None,None,None,None,None,None,None,None,LTE+Sub6,1,1,1.0,1,1,1.0,0.307,0.0,0.307,0.307,0.307,0.307,0.307,0.307,0.307,37.852,0.0,37.852,37.852,37.852,37.852,37.852,37.852,37.852,37.852,37.852,37.852,37.852,37.852,37.852,12.29,0.0,12.29,12.29,12.29,12.29,12.29,12.29,12.29,
-86.9455,40.467,0,None,None,372,125290,None,None,None,None,None,None,None,None,None,None,None,None,LTE+Sub6,2,2,1.0,2,2,1.0,0.277,0.004999999999999977,0.272,0.273,0.2745,0.277,0.27949999999999997,0.28099999999999997,0.282,30.725,0.14100000000000001,30.584,30.6122,30.6404,30.6545,30.668599999999998,30.6968,30.725,30.7532,30.781399999999998,30.7955,30.8096,30.8378,30.866,9.535,0.7949999999999999,8.74,8.899000000000001,9.1375,9.535,9.932500000000001,10.171,10.33,
-86.945,40.467,0,None,None,372,125290,None,None,None,None,None,None,None,None,None,None,None,None,LTE+Sub6,3,3,1.0,3,3,1.0,0.21904761904761905,0.023869638396678917,0.18857142857142858,0.1952,0.20514285714285715,0.22171428571428572,0.2342857142857143,0.24182857142857142,0.24685714285714286,19.41142857142857,1.8019203059834952,17.12685714285714,17.616685714285712,18.106514285714283,18.35142857142857,18.596342857142858,19.08617142857143,19.576,19.967085714285716,20.35817142857143,20.553714285714285,20.749257142857143,21.14034285714286,21.531428571428574,13.729999999999999,0.7502444046220319,12.67,12.98,13.445,14.22,14.260000000000002,14.284,14.3,
-86.9445,40.467,0,None,None,372,125290,None,None,None,None,None,None,None,None,None,None,None,None,LTE+Sub6,3,3,1.0,3,3,1.0,0.20947619047619048,0.02601055079836771,0.18742857142857142,0.18894285714285713,0.19121428571428573,0.195,0.2205,0.2358,0.246,15.164047619047617,3.5574739840780687,12.089142857142857,12.321914285714286,12.554685714285714,12.671071428571429,12.787457142857143,13.020228571428571,13.253,14.632399999999999,16.011799999999997,16.7015,17.3912,18.770599999999998,20.15,10.496666666666668,1.5128192959577902,9.29,9.346,9.43,9.57,11.100000000000001,12.018,12.63,
-86.944,40.467,0,None,None,372,125290,None,None,None,None,None,None,None,None,None,None,None,None,LTE+Sub6,2,2,1.0,2,2,1.0,0.27585714285714286,0.03385714285714286,0.242,0.24877142857142856,0.2589285714285714,0.27585714285714286,0.2927857142857143,0.3029428571428571,0.3097142857142857,26.709285714285713,3.7672857142857143,22.942,23.695457142857144,24.448914285714284,24.825642857142856,25.20237142857143,25.955828571428572,26.709285714285713,27.462742857142857,28.2162,28.592928571428573,28.969657142857145,29.723114285714285,30.47657142857143,5.455,0.3049999999999997,5.15,5.211,5.3025,5.455,5.6075,5.699,5.76,
-86.9435,40.467,0,None,None,372,125290,None,None,None,None,None,None,None,None,None,None,None,None,LTE+Sub6,1,1,1.0,0,0,0,0,0,0,0,0,0,0,0,0,0,0,0,0,0,0,0,0,0,0,0,0,0,0,0,0,0,0,0,0,0,0,0,0,
-86.9435,40.4665,0,None,None,372,125290,None,None,None,None,None,None,None,None,None,None,None,None,LTE+Sub6,2,2,1.0,2,2,1.0,0.3153571428571429,0.002357142857142863,0.313,0.31347142857142857,0.3141785714285714,0.3153571428571429,0.3165357142857143,0.31724285714285716,0.3177142857142857,37.2645,5.871500000000001,31.393,32.5673,33.7416,34.32875,34.9159,36.0902,37.2645,38.4388,39.6131,40.200250000000004,40.787400000000005,41.9617,43.136,3.9749999999999996,0.15500000000000003,3.82,3.851,3.8975,3.9749999999999996,4.0525,4.099,4.13,
-86.943,40.4665,0,None,None,372,125290,None,None,None,None,None,None,None,None,None,None,None,None,LTE+Sub6,3,3,1.0,3,3,1.0,0.34476190476190477,0.027780807091054526,0.32342857142857145,0.32411428571428574,0.3251428571428572,0.32685714285714285,0.3554285714285714,0.37257142857142855,0.384,53.07804761904762,16.374529416443618,40.20571428571428,40.73325714285714,41.260799999999996,41.52457142857143,41.78834285714286,42.31588571428571,42.843428571428575,49.511742857142856,56.180057142857144,59.51421428571429,62.84837142857143,69.51668571428571,76.185,3.486666666666667,0.3437376260399137,3.2,3.218,3.245,3.29,3.63,3.834,3.97,
-86.9425,40.4665,0,None,None,372,125290,None,None,None,None,None,None,None,None,None,None,None,None,LTE+Sub6,2,2,1.0,2,2,1.0,0.3425,0.024499999999999994,0.318,0.3229,0.33025,0.3425,0.35475,0.3621,0.367,75.0085,6.603499999999997,68.405,69.7257,71.0464,71.70675,72.3671,73.6878,75.0085,76.3292,77.6499,78.31025,78.97059999999999,80.29129999999999,81.612,3.2350000000000003,0.014999999999999902,3.22,3.2230000000000003,3.2275,3.2350000000000003,3.2425,3.247,3.25,
-86.942,40.4665,0,None,None,372,125290,None,None,None,None,None,None,None,None,None,None,None,None,LTE+Sub6,3,3,1.0,3,3,1.0,0.3484285714285715,0.02670091338344447,0.322,0.32525714285714286,0.3301428571428572,0.3382857142857143,0.36164285714285715,0.37565714285714286,0.385,78.38133333333333,29.76202652523663,38.923,48.223200000000006,57.52340000000001,62.173500000000004,66.8236,76.1238,85.424,90.49860000000001,95.5732,98.1105,100.6478,105.7224,110.797,3.2966666666666664,0.11085526098877262,3.17,3.1919999999999997,3.2249999999999996,3.28,3.36,3.408,3.44,
-86.9415,40.4665,0,None,None,372,125290,None,None,None,None,None,None,None,None,None,None,None,None,LTE+Sub6,2,2,1.0,2,2,1.0,0.329,0.067,0.262,0.27540000000000003,0.2955,0.329,0.36250000000000004,0.3826,0.396,42.4565,7.9985,34.458,36.0577,37.657399999999996,38.45725,39.2571,40.8568,42.4565,44.0562,45.655899999999995,46.455749999999995,47.2556,48.8553,50.455,3.49,0.019999999999999796,3.47,3.474,3.48,3.49,3.5,3.506,3.51,
-86.941,40.466,0,None,None,372,125290,None,None,None,None,None,None,None,None,None,None,None,None,LTE+Sub6,3,3,1.0,2,2,1.0,0.351,0.0040000000000000036,0.347,0.3478,0.349,0.351,0.353,0.35419999999999996,0.355,62.44800000000001,6.336000000000002,56.112,57.379200000000004,58.6464,59.28,59.9136,61.180800000000005,62.44800000000001,63.7152,64.9824,65.616,66.2496,67.5168,68.784,3.785,0.22499999999999987,3.56,3.605,3.6725,3.785,3.8975,3.965,4.01,
-86.9405,40.466,0,None,None,372,125290,None,None,None,None,None,None,None,None,None,None,None,None,LTE+Sub6,3,3,1.0,3,3,1.0,0.3174761904761905,0.042719195980442076,0.25942857142857145,0.27394285714285715,0.2957142857142857,0.332,0.34650000000000003,0.3552,0.361,42.55757142857143,12.605464355010575,25.837714285714288,29.78257142857143,33.727428571428575,35.69985714285714,37.672285714285714,41.61714285714286,45.562,47.7042,49.8464,50.917500000000004,51.988600000000005,54.1308,56.273,3.9433333333333334,0.2390722810272148,3.63,3.702,3.81,3.99,4.1,4.166,4.21,
-86.94,40.466,0,None,None,372,125290,None,None,None,None,None,None,None,None,None,None,None,None,LTE+Sub6,2,2,1.0,2,2,1.0,0.248,0.029000000000000012,0.219,0.2248,0.2335,0.248,0.2625,0.2712,0.277,24.494999999999997,3.4459999999999997,21.049,21.7382,22.4274,22.772,23.1166,23.805799999999998,24.494999999999997,25.184199999999997,25.8734,26.218,26.5626,27.2518,27.941,5.33,0.15000000000000036,5.18,5.21,5.255,5.33,5.405,5.45,5.48,
-86.9395,40.466,0,None,None,372,125290,None,None,None,None,None,None,None,None,None,None,None,None,LTE+Sub6,3,3,1.0,3,3,1.0,0.277,0.037094473981982824,0.245,0.2474,0.251,0.257,0.29300000000000004,0.3146,0.329,35.30733333333333,7.384403850157588,28.377,29.102999999999998,29.828999999999997,30.192,30.555,31.281,32.007,34.7132,37.419399999999996,38.772499999999994,40.1256,42.8318,45.538,4.010000000000001,0.4242640687119287,3.71,3.71,3.71,3.71,4.16,4.430000000000001,4.61,
-86.939,40.466,0,None,None,372,125290,None,None,None,None,None,None,None,None,None,None,None,None,LTE+Sub6,1,1,1.0,1,1,1.0,0.275,0.0,0.275,0.275,0.275,0.275,0.275,0.275,0.275,28.985,0.0,28.985,28.985,28.985,28.985,28.985,28.985,28.985,28.985,28.985,28.985,28.985,28.985,28.985,3.69,0.0,3.69,3.69,3.69,3.69,3.69,3.69,3.69,
-86.939,40.4655,0,None,None,372,125290,None,None,None,None,None,None,None,None,None,None,None,None,LTE+Sub6,2,2,1.0,2,2,1.0,0.1777142857142857,0.0051428571428571435,0.17257142857142857,0.1736,0.17514285714285716,0.1777142857142857,0.18028571428571427,0.18182857142857142,0.18285714285714286,16.437714285714286,1.1645714285714286,15.273142857142856,15.506057142857141,15.738971428571428,15.85542857142857,15.971885714285714,16.2048,16.437714285714286,16.67062857142857,16.903542857142856,17.02,17.136457142857143,17.369371428571426,17.602285714285713,4.07,0.06999999999999984,4.0,4.014,4.035,4.07,4.1049999999999995,4.1259999999999994,4.14,
-86.9385,40.4655,0,None,None,372,125290,None,None,None,None,None,None,None,None,None,None,None,None,LTE+Sub6,2,2,1.0,1,1,1.0,0.183,0.0,0.183,0.183,0.183,0.183,0.183,0.183,0.183,13.524,0.0,13.524,13.524,13.524,13.524,13.524,13.524,13.524,13.524,13.524,13.524,13.524,13.524,13.524,4.25,0.0,4.25,4.25,4.25,4.25,4.25,4.25,4.25,
-86.938,40.4655,0,None,None,372,125290,None,None,None,None,None,None,None,None,None,None,None,None,LTE+Sub6,3,3,1.0,3,3,1.0,0.32166666666666666,0.058459862774005514,0.239,0.2636,0.3005,0.362,0.363,0.3636,0.364,41.34866666666667,14.874051596283001,20.393,26.3634,32.3338,35.319,38.304199999999994,44.2746,50.245,50.8776,51.5102,51.826499999999996,52.1428,52.7754,53.408,3.4166666666666665,0.0659966329107445,3.33,3.35,3.38,3.43,3.46,3.478,3.49,
-86.9375,40.4655,0,None,None,372,125290,None,None,None,None,None,None,None,None,None,None,None,None,LTE+Sub6,6,6,1.0,6,6,1.0,0.3304444444444445,0.04916052483086496,0.28,0.2804444444444445,0.2831111111111111,0.3208888888888889,0.3715,0.39,0.402,50.66371693121693,5.709962341358683,43.222857142857144,44.73853968253968,46.25422222222222,46.38466666666666,46.51511111111111,46.776,50.355000000000004,53.934,53.94611111111111,53.95216666666666,53.95822222222222,56.89761111111111,59.837,4.111666666666667,0.8924762679695684,3.19,3.205,3.2325,4.025,4.9825,5.105,5.16,
-86.937,40.4655,0,None,None,372,125290,None,None,None,None,None,None,None,None,None,None,None,None,LTE+Sub6,4,4,1.0,4,4,1.0,0.30954365079365076,0.01264849999621279,0.291,0.2955857142857143,0.3024642857142857,0.31092063492063493,0.31799999999999995,0.32239999999999996,0.3253333333333333,55.96978571428572,6.059909306034794,49.289142857142856,49.9818,50.67445714285714,51.020785714285715,51.36711428571429,52.913244444444445,54.886111111111106,56.858977777777774,58.83857777777777,59.83511111111111,60.83164444444444,62.824711111111114,64.81777777777778,3.65,0.5292919799127886,3.18,3.201,3.2325,3.455,3.8725,4.255,4.51,
-86.9365,40.465,0,None,None,372,125290,None,None,None,None,None,None,None,None,None,None,None,None,LTE+Sub6,6,6,1.0,5,5,1.0,0.28666984126984124,0.040006984021182496,0.2071111111111111,0.24386666666666668,0.299,0.3066666666666667,0.30857142857142855,0.3106285714285714,0.312,50.377736507936504,9.036988658110221,39.295,41.46677777777778,43.638555555555556,44.724444444444444,44.964755555555556,45.44537777777778,45.926,51.08306666666667,56.24013333333333,58.818666666666665,59.67984761904762,61.402209523809525,63.12457142857143,3.7659999999999996,0.5698631414646854,3.23,3.266,3.32,3.37,4.33,4.48,4.58,
-86.936,40.465,0,None,None,372,125290,None,None,None,None,None,None,None,None,None,None,None,None,LTE+Sub6,6,6,1.0,5,5,1.0,0.34622857142857144,0.053442595562043615,0.296,0.29828571428571427,0.3017142857142857,0.3177142857142857,0.38171428571428573,0.4130857142857143,0.434,53.44171428571428,11.889464364447598,45.930285714285716,46.178514285714286,46.42674285714286,46.55085714285715,46.90354285714286,47.60891428571429,48.31428571428572,48.71497142857143,49.115657142857145,49.316,54.87222857142858,65.98468571428572,77.09714285714286,4.164,1.0329491759036356,3.22,3.2640000000000002,3.33,3.42,5.34,5.442,5.51,
-86.9355,40.465,0,None,None,372,125290,None,None,None,None,None,None,None,None,None,None,None,None,LTE+Sub6,6,6,1.0,6,6,1.0,0.40671428571428575,0.057227199660234825,0.33,0.346,0.36775,0.39821428571428574,0.438,0.4759285714285714,0.505,63.25364285714286,12.707784401415424,42.936,48.745000000000005,54.554,55.1355,55.717,56.88,64.81428571428572,72.74857142857144,73.13542857142858,73.32885714285715,73.52228571428572,76.20164285714286,78.881,3.6533333333333338,0.3483612429010374,3.33,3.39,3.4675000000000002,3.545,3.63,4.025,4.4,
-86.9355,40.4645,0,None,None,372,125290,None,None,None,None,None,None,None,None,None,None,None,None,LTE+Sub6,1,1,1.0,1,1,1.0,0.43885714285714283,0.0,0.43885714285714283,0.43885714285714283,0.43885714285714283,0.43885714285714283,0.43885714285714283,0.43885714285714283,0.43885714285714283,117.71314285714286,0.0,117.71314285714286,117.71314285714286,117.71314285714286,117.71314285714286,117.71314285714286,117.71314285714286,117.71314285714286,117.71314285714286,117.71314285714286,117.71314285714286,117.71314285714286,117.71314285714286,117.71314285714286,3.35,0.0,3.35,3.35,3.35,3.35,3.35,3.35,3.35,
-86.935,40.4645,0,None,None,372,125290,None,None,None,None,None,None,None,None,None,None,None,None,LTE+Sub6,6,6,1.0,6,6,1.0,0.3563095238095238,0.040023497916693,0.298,0.311,0.32957142857142857,0.35485714285714287,0.3797142857142857,0.4030714285714286,0.421,75.28809523809524,24.105014988793876,39.874,46.93414285714286,53.994285714285716,58.563428571428574,63.132571428571424,72.27085714285714,78.15314285714285,84.03542857142857,85.39071428571428,86.06835714285714,86.746,100.777,114.808,3.3483333333333327,0.10761298971571953,3.17,3.2249999999999996,3.295,3.3499999999999996,3.4125,3.4699999999999998,3.51,
-86.9345,40.4645,0,None,None,372,125290,None,None,None,None,None,None,None,None,None,None,None,None,LTE+Sub6,5,5,1.0,4,4,1.0,0.37409523809523815,0.05487499709450971,0.2906666666666667,0.3131809523809524,0.34695238095238096,0.3828571428571429,0.41000000000000003,0.428,0.44,73.23434523809524,16.995963832900703,47.422666666666665,54.78592380952381,62.14918095238096,65.83080952380953,69.5124380952381,73.37288571428572,75.48192857142857,77.59097142857144,80.5523857142857,82.88546428571428,85.21854285714286,89.8847,94.55085714285714,3.9425,0.11098986440211564,3.82,3.8409999999999997,3.8725,3.915,3.985,4.066,4.12,
-86.934,40.4645,0,None,None,372,125290,None,None,None,None,None,None,None,None,None,None,None,None,LTE+Sub6,1,1,1.0,1,1,1.0,0.327,0.0,0.327,0.327,0.327,0.327,0.327,0.327,0.327,45.489,0.0,45.489,45.489,45.489,45.489,45.489,45.489,45.489,45.489,45.489,45.489,45.489,45.489,45.489,5.25,0.0,5.25,5.25,5.25,5.25,5.25,5.25,5.25,
-86.934,40.464,0,None,None,372,125290,None,None,None,None,None,None,None,None,None,None,None,None,LTE+Sub6,4,4,1.0,4,4,1.0,0.354,0.01573115977145683,0.3382857142857143,0.33931428571428573,0.34085714285714286,0.34985714285714287,0.363,0.372,0.378,52.81542857142857,6.763955249885155,43.264,45.471314285714286,47.678628571428575,48.78228571428571,49.88594285714286,51.635171428571425,53.15535714285714,54.67554285714286,56.288799999999995,57.1885,58.0882,59.8876,61.687,3.9725,0.5435703726289725,3.28,3.448,3.6999999999999997,3.9050000000000002,4.1775,4.551,4.8,
-86.9335,40.464,0,None,None,372,125290,None,None,None,None,None,None,None,None,None,None,None,None,LTE+Sub6,5,5,1.0,5,5,1.0,0.3755428571428572,0.027529338709745985,0.3302857142857143,0.34262857142857145,0.36114285714285715,0.38057142857142856,0.4,0.40342857142857147,0.40571428571428575,61.06780000000001,10.364873421399448,46.004571428571424,49.55611428571429,53.10765714285714,54.883428571428574,56.58094285714286,59.975971428571434,63.371,63.59654285714286,63.82208571428572,63.93485714285715,66.5769142857143,71.86102857142858,77.14514285714286,3.6480000000000006,0.3542541460590123,3.23,3.29,3.38,3.5,3.99,4.08,4.14,
-86.933,40.4635,0,None,None,372,125290,None,None,None,None,None,None,None,None,None,None,None,None,LTE+Sub6,6,6,1.0,5,5,1.0,0.3549142857142857,0.015854851829349016,0.3291428571428572,0.3364571428571429,0.3474285714285714,0.356,0.368,0.3716,0.374,53.050428571428576,5.888120137278146,44.19885714285714,47.12182857142857,50.0448,51.50628571428572,51.72242857142857,52.15471428571429,52.587,53.3086,54.0302,54.391,56.0266,59.2978,62.569,4.004,0.19126944345608374,3.87,3.874,3.88,3.88,4.02,4.2299999999999995,4.37,
-86.9325,40.4635,0,None,None,372,125290,None,None,None,None,None,None,None,None,None,None,None,None,LTE+Sub6,2,2,1.0,2,2,1.0,0.3651428571428571,0.006285714285714311,0.3588571428571428,0.36011428571428566,0.362,0.3651428571428571,0.36828571428571427,0.3701714285714286,0.37142857142857144,65.48685714285715,6.864000000000004,58.62285714285714,59.99565714285714,61.368457142857146,62.054857142857145,62.741257142857144,64.11405714285715,65.48685714285715,66.85965714285715,68.23245714285714,68.91885714285715,69.60525714285716,70.97805714285715,72.35085714285715,3.395,0.04499999999999993,3.35,3.359,3.3725,3.395,3.4175,3.431,3.44,
-86.9325,40.464,0,None,None,372,125290,None,None,None,None,None,None,None,None,None,None,None,None,LTE+Sub6,5,5,1.0,5,5,1.0,0.36562857142857147,0.026795308757851088,0.329,0.33271428571428574,0.3382857142857143,0.378,0.38857142857142857,0.392,0.3942857142857143,72.04711428571427,8.075053898550138,61.20571428571428,63.63542857142857,66.06514285714286,67.28,68.4068,70.6604,72.914,73.04394285714285,73.17388571428572,73.23885714285714,75.71048571428571,80.65374285714286,85.597,3.6659999999999995,0.2644692798795353,3.33,3.398,3.5,3.59,3.82,3.9819999999999998,4.09,
-86.9325,40.4645,0,None,None,372,125290,None,None,None,None,None,None,None,None,None,None,None,None,LTE+Sub6,5,5,1.0,5,5,1.0,0.3342666666666666,0.042014494853297696,0.2733333333333333,0.286,0.305,0.344,0.353,0.3788,0.396,54.91433333333333,14.340945865287654,37.114666666666665,37.8804,38.64613333333334,39.029,43.081,51.185,59.289,62.4866,65.6842,67.283,68.1976,70.0268,71.856,4.203999999999999,0.3042761903271434,3.81,3.878,3.98,4.22,4.31,4.544,4.7,
-86.9325,40.465,0,None,None,372,125290,None,None,None,None,None,None,None,None,None,None,None,None,LTE+Sub6,4,4,1.0,4,4,1.0,0.34235714285714286,0.03623175121241544,0.2914285714285714,0.3015,0.31660714285714286,0.349,0.37475,0.3779,0.38,63.83253571428571,19.33682830406707,41.88914285714286,46.7995,51.709857142857146,54.165035714285715,56.62021428571428,58.6472,59.2325,59.8178,63.68479999999999,68.9,74.11520000000002,84.54560000000001,94.976,3.7049999999999996,0.3696281915655244,3.42,3.447,3.4875,3.53,3.7474999999999996,4.103,4.34,
-86.932,40.465,0,None,None,372,125290,None,None,None,None,None,None,None,None,None,None,None,None,LTE+Sub6,1,1,1.0,1,1,1.0,0.244,0.0,0.244,0.244,0.244,0.244,0.244,0.244,0.244,24.857,0.0,24.857,24.857,24.857,24.857,24.857,24.857,24.857,24.857,24.857,24.857,24.857,24.857,24.857,3.77,0.0,3.77,3.77,3.77,3.77,3.77,3.77,3.77,
-86.932,40.4655,0,None,None,372,125290,None,None,None,None,None,None,None,None,None,None,None,None,LTE+Sub6,5,5,1.0,4,4,1.0,0.313,0.02418677324489565,0.274,0.28540000000000004,0.3025,0.321,0.3315,0.3342,0.336,40.74275,1.8939417064682837,38.219,38.9177,39.6164,39.96575,40.3151,40.5674,40.596500000000006,40.625600000000006,40.9364,41.3735,41.8106,42.6848,43.559,4.2725,0.18793283374652758,4.07,4.112,4.175,4.220000000000001,4.317500000000001,4.4750000000000005,4.58,
-86.932,40.466,0,None,None,372,125290,None,None,None,None,None,None,None,None,None,None,None,None,LTE+Sub6,5,5,1.0,5,5,1.0,0.27662857142857145,0.05922799944593221,0.201,0.2047142857142857,0.21028571428571427,0.3097142857142857,0.317,0.3338857142857143,0.34514285714285714,35.31731428571429,9.320503697696573,21.376,23.865142857142857,26.354285714285716,27.598857142857142,29.787485714285715,34.164742857142855,38.542,40.85,43.157999999999994,44.312,44.40114285714286,44.57942857142857,44.757714285714286,4.554,0.6485553176098396,3.98,4.028,4.1,4.17,4.8,5.352,5.72,
-86.932,40.4665,0,None,None,372,125290,None,None,None,None,None,None,None,None,None,None,None,None,LTE+Sub6,5,5,1.0,5,5,1.0,0.2112285714285714,0.02901788329669152,0.184,0.188,0.194,0.196,0.217,0.24588571428571432,0.2651428571428572,23.03017142857143,3.244274852343898,19.887,20.3582,20.8294,21.065,21.0978,21.1634,21.229,22.361,23.493,24.059,25.02937142857143,26.97011428571429,28.910857142857143,3.7700000000000005,0.26115129714401186,3.37,3.482,3.65,3.74,3.96,4.062,4.13,
-86.932,40.467,0,None,None,372,125290,None,None,None,None,None,None,None,None,None,None,None,None,LTE+Sub6,1,1,1.0,1,1,1.0,0.256,0.0,0.256,0.256,0.256,0.256,0.256,0.256,0.256,35.693,0.0,35.693,35.693,35.693,35.693,35.693,35.693,35.693,35.693,35.693,35.693,35.693,35.693,35.693,3.31,0.0,3.31,3.31,3.31,3.31,3.31,3.31,3.31,
-86.9315,40.467,0,None,None,372,125290,None,None,None,None,None,None,None,None,None,None,None,None,LTE+Sub6,5,5,1.0,4,4,1.0,0.23049999999999998,0.030712375355872432,0.178,0.1966,0.22449999999999998,0.2455,0.2515,0.2524,0.253,29.661749999999998,3.3271606795434447,24.821,25.994300000000003,27.1676,27.75425,28.340899999999998,29.2368,29.994,30.7512,31.5142,31.9015,32.2888,33.0634,33.838,3.5825000000000005,0.3559055352196702,3.14,3.2150000000000003,3.3275,3.55,3.8049999999999997,3.976,4.09,
-86.9315,40.4675,0,None,None,372,125290,None,None,None,None,None,None,None,None,None,None,None,None,LTE+Sub6,6,6,1.0,6,6,1.0,0.23016666666666663,0.02402371513502624,0.19,0.20350000000000001,0.21725,0.23149999999999998,0.25025,0.2555,0.259,25.290166666666668,4.464735058084509,20.608,20.883000000000003,21.158,21.40875,21.6595,22.161,24.226,26.291,27.4115,27.97175,28.532,30.761499999999998,32.991,3.115,0.06396613687465173,3.04,3.0549999999999997,3.0749999999999997,3.0999999999999996,3.1325000000000003,3.1900000000000004,3.24,
-86.931,40.4675,0,None,None,372,125290,None,None,None,None,None,None,None,None,None,None,None,None,LTE+Sub6,8,8,1.0,7,7,1.0,0.2558979591836735,0.06313591772218283,0.181,0.1846,0.20450000000000002,0.246,0.29114285714285715,0.32817142857142856,0.373,36.04161224489796,19.29316165529191,19.396,19.4902,21.019000000000002,23.218,25.416999999999998,29.107,32.443,32.754400000000004,34.59885714285714,37.054142857142864,39.50942857142858,56.650971428571445,79.908,4.1085714285714285,1.0288194145500473,3.27,3.27,3.375,3.55,4.55,5.586,6.09,
-86.9305,40.4675,0,None,None,372,125290,None,None,None,None,None,None,None,None,None,None,None,None,LTE+Sub6,7,7,1.0,7,7,1.0,0.2535510204081633,0.033661878029700956,0.21257142857142858,0.21462857142857142,0.23349999999999999,0.254,0.2595,0.28731428571428574,0.3222857142857143,31.6215306122449,9.22091060298213,19.048,22.432685714285714,25.27191428571429,26.14607142857143,27.02022857142857,28.82694285714286,30.662857142857142,32.258942857142856,33.7806,34.467,35.1534,41.532085714285714,50.413714285714285,5.714285714285714,0.7019942438277871,4.78,4.804,5.17,5.63,6.24,6.56,6.77,
-86.93,40.4675,0,None,None,372,125290,None,None,None,None,None,None,None,None,None,None,None,None,LTE+Sub6,3,3,1.0,3,3,1.0,0.2038095238095238,0.05640925930330401,0.12457142857142857,0.14674285714285715,0.18,0.2354285714285714,0.24342857142857138,0.24822857142857138,0.2514285714285714,19.870857142857144,6.582284961905545,10.562285714285714,13.344685714285713,16.127085714285712,17.518285714285714,18.909485714285715,21.691885714285714,24.474285714285713,24.49462857142857,24.514971428571428,24.525142857142857,24.535314285714286,24.555657142857143,24.576,6.456666666666667,0.3408160142299001,6.11,6.156000000000001,6.225,6.34,6.63,6.804,6.92,
-86.9295,40.4675,0,None,None,372,125290,None,None,None,None,None,None,None,None,None,None,None,None,LTE+Sub6,4,4,1.0,3,3,1.0,0.2613809523809524,0.02056360080347154,0.24,0.243,0.2475,0.255,0.2720714285714286,0.28231428571428574,0.28914285714285715,31.570999999999998,3.076131444959181,28.815,29.0588,29.3026,29.424500000000002,29.5464,29.7902,30.034,31.2,32.366,32.949,33.532,34.698,35.864,7.45,2.062425756239482,5.03,5.474,6.140000000000001,7.25,8.66,9.506,10.07,
-86.929,40.4675,0,None,None,372,125290,None,None,None,None,None,None,None,None,None,None,None,None,LTE+Sub6,3,3,1.0,3,3,1.0,0.2485238095238095,0.02710732845995389,0.229,0.22914285714285715,0.22935714285714287,0.22971428571428573,0.2582857142857143,0.2754285714285714,0.2868571428571428,29.013904761904758,6.464404956893713,22.604,23.397942857142855,24.191885714285714,24.588857142857144,24.98582857142857,25.77977142857143,26.573714285714285,28.83177142857143,31.08982857142857,32.21885714285714,33.34788571428571,35.60594285714286,37.864,7.616666666666667,1.4786104588054592,5.84,6.1819999999999995,6.695,7.55,8.505,9.078000000000001,9.46,
-86.9285,40.4675,0,None,None,372,125290,None,None,None,None,None,None,None,None,None,None,None,None,LTE+Sub6,3,3,1.0,3,3,1.0,0.23638095238095236,0.028587931741730476,0.196,0.20777142857142858,0.22542857142857142,0.25485714285714284,0.25657142857142856,0.2576,0.2582857142857143,24.358238095238097,5.106412594255037,17.653,19.200114285714285,20.747228571428572,21.520785714285715,22.294342857142855,23.84145714285714,25.388571428571428,26.317485714285713,27.2464,27.710857142857144,28.175314285714286,29.104228571428575,30.03314285714286,10.883333333333333,1.560370326414712,8.83,9.306000000000001,10.02,11.21,11.91,12.33,12.61,
-86.928,40.4675,0,None,None,372,125290,None,None,None,None,None,None,None,None,None,None,None,None,LTE+Sub6,2,2,1.0,2,2,1.0,0.2702857142857143,0.05314285714285716,0.21714285714285714,0.22777142857142857,0.24371428571428572,0.2702857142857143,0.2968571428571429,0.3128,0.32342857142857145,50.03542857142857,29.766857142857145,20.268571428571427,26.221942857142857,32.175314285714286,35.152,38.12868571428571,44.082057142857145,50.03542857142857,55.9888,61.94217142857143,64.91885714285715,67.89554285714286,73.84891428571429,79.80228571428572,5.3,1.25,4.05,4.3,4.675,5.3,5.925,6.3,6.55,
-86.928,40.468,0,None,None,372,125290,None,None,None,None,None,None,None,None,None,None,None,None,LTE+Sub6,1,1,1.0,1,1,1.0,0.3657142857142857,0.0,0.3657142857142857,0.3657142857142857,0.3657142857142857,0.3657142857142857,0.3657142857142857,0.3657142857142857,0.3657142857142857,105.36914285714286,0.0,105.36914285714286,105.36914285714286,105.36914285714286,105.36914285714286,105.36914285714286,105.36914285714286,105.36914285714286,105.36914285714286,105.36914285714286,105.36914285714286,105.36914285714286,105.36914285714286,105.36914285714286,3.52,0.0,3.52,3.52,3.52,3.52,3.52,3.52,3.52,
-86.9275,40.468,0,None,None,372,125290,None,None,None,None,None,None,None,None,None,None,None,None,LTE+Sub6,4,4,1.0,4,4,1.0,0.34010714285714283,0.019070325008199704,0.31542857142857145,0.3219,0.3316071428571429,0.338,0.34650000000000003,0.36,0.369,73.135,24.762754097636236,40.32,46.8582,53.3964,56.665499999999994,59.934599999999996,66.2782,72.5245,78.7708,85.3586,88.994,92.62940000000002,99.90020000000001,107.171,4.035,0.48561816275753134,3.44,3.536,3.6799999999999997,3.985,4.34,4.574000000000001,4.73,
-86.927,40.468,0,None,None,372,125290,None,None,None,None,None,None,None,None,None,None,None,None,LTE+Sub6,3,3,1.0,3,3,1.0,0.3129047619047619,0.016006942938057312,0.29028571428571426,0.2969142857142857,0.30685714285714283,0.32342857142857145,0.32421428571428573,0.3246857142857143,0.325,50.18985714285714,14.9592664972603,29.376,34.964200000000005,40.552400000000006,43.3465,46.1406,51.7288,57.317,58.62891428571429,59.94082857142857,60.596785714285716,61.25274285714286,62.56465714285714,63.87657142857143,8.209999999999999,3.1510950477572077,4.01,5.012,6.515,9.02,10.309999999999999,11.084,11.6,
-86.9265,40.468,0,None,None,372,125290,None,None,None,None,None,None,None,None,None,None,None,None,LTE+Sub6,3,3,1.0,2,2,1.0,0.28600000000000003,0.05100000000000002,0.235,0.2452,0.2605,0.28600000000000003,0.3115,0.32680000000000003,0.337,31.915,7.631999999999998,24.283,25.8094,27.3358,28.099,28.8622,30.3886,31.915,33.4414,34.9678,35.730999999999995,36.4942,38.020599999999995,39.547,6.91,1.4900000000000002,5.42,5.718,6.165,6.91,7.655,8.102,8.4,
-86.926,40.468,0,None,None,372,125290,None,None,None,None,None,None,None,None,None,None,None,None,LTE+Sub6,3,3,1.0,3,3,1.0,0.31985714285714284,0.01269795634100605,0.307,0.3086857142857143,0.3112142857142857,0.31542857142857145,0.3262857142857143,0.33280000000000004,0.3371428571428572,43.33128571428571,4.0676621291939785,38.96228571428572,39.62482857142857,40.28737142857143,40.61864285714286,40.949914285714286,41.612457142857146,42.275,43.57131428571429,44.86762857142857,45.51578571428571,46.16394285714286,47.46025714285714,48.75657142857143,7.873333333333332,1.5277288881066413,6.04,6.392,6.92,7.8,8.79,9.384,9.78,
-86.9255,40.468,0,None,None,372,125290,None,None,None,None,None,None,None,None,None,None,None,None,LTE+Sub6,4,4,1.0,4,4,1.0,0.3118928571428572,0.052383142540792446,0.2582857142857143,0.2597,0.2618214285714286,0.3055,0.35557142857142854,0.3692,0.3782857142857143,40.98903571428571,11.569832172673316,27.158,28.980542857142858,30.80308571428571,31.71435714285714,32.625628571428564,35.93311428571428,39.98307142857142,44.03302857142857,47.74289999999999,49.25775,50.772600000000004,53.8023,56.832,10.659999999999998,2.900198269084374,6.01,7.333,9.317499999999999,11.73,13.0725,13.131,13.17,
-86.925,40.468,0,None,None,372,125290,None,None,None,None,None,None,None,None,None,None,None,None,LTE+Sub6,3,3,1.0,3,3,1.0,0.29361904761904767,0.020073786790234003,0.27885714285714286,0.27908571428571427,0.27942857142857147,0.28,0.30100000000000005,0.3136,0.322,43.56785714285714,3.371149364952008,41.132,41.15291428571428,41.17382857142857,41.184285714285714,41.194742857142856,41.21565714285715,41.23657142857143,42.65625714285714,44.075942857142856,44.785785714285716,45.495628571428576,46.91531428571429,48.335,6.849999999999999,0.47581509013481266,6.21,6.366,6.6,6.99,7.17,7.278,7.35,
-86.9245,40.468,0,None,None,372,125290,None,None,None,None,None,None,None,None,None,None,None,None,LTE+Sub6,3,3,1.0,3,3,1.0,0.27166666666666667,0.020138409955990946,0.255,0.256,0.2575,0.26,0.28,0.292,0.3,32.49033333333333,2.213818169789219,29.534,30.2424,30.9508,31.305,31.6592,32.3676,33.076,33.433,33.79,33.9685,34.147,34.504,34.861,9.08,2.1601851772475436,6.54,7.008,7.710000000000001,8.88,10.350000000000001,11.232000000000001,11.82,
-86.924,40.468,0,None,None,372,125290,None,None,None,None,None,None,None,None,None,None,None,None,LTE+Sub6,3,3,1.0,2,2,1.0,0.22049999999999997,0.06949999999999999,0.151,0.1649,0.18575,0.22049999999999997,0.25525,0.2761,0.29,21.7915,9.627500000000001,12.164,14.089500000000001,16.015,16.97775,17.9405,19.866,21.7915,23.717,25.6425,26.605249999999998,27.568,29.4935,31.419,12.11,0.05999999999999961,12.05,12.062000000000001,12.08,12.11,12.14,12.158,12.17,
-86.9235,40.468,0,None,None,372,125290,None,None,None,None,None,None,None,None,None,None,None,None,LTE+Sub6,4,4,1.0,4,4,1.0,0.243,0.017291616465790586,0.21485714285714286,0.22342857142857142,0.23628571428571427,0.24857142857142855,0.2552857142857143,0.25811428571428574,0.26,23.83517857142857,1.982230989996898,21.497142857142858,21.804000000000002,22.110857142857142,22.264285714285712,22.417714285714286,22.956114285714285,23.610285714285716,24.264457142857143,24.892814285714287,25.18117857142857,25.46954285714286,26.04627142857143,26.623,13.4475,1.497253736011368,11.75,12.131,12.7025,13.09,13.835,15.05,15.86,
-86.923,40.468,0,None,None,372,125290,None,None,None,None,None,None,None,None,None,None,None,None,LTE+Sub6,3,3,1.0,3,3,1.0,0.24095238095238095,0.015584019956498236,0.223,0.22617142857142858,0.23092857142857143,0.23885714285714285,0.24992857142857144,0.25657142857142856,0.261,25.96747619047619,2.3359098922996386,23.723428571428574,23.97674285714286,24.230057142857145,24.356714285714286,24.483371428571427,24.736685714285713,24.99,25.8298,26.6696,27.0895,27.5094,28.3492,29.189,12.683333333333335,2.248293179774876,10.58,10.798,11.125,11.67,13.735,14.974,15.8,
-86.9225,40.468,0,None,None,372,125290,None,None,None,None,None,None,None,None,None,None,None,None,LTE+Sub6,3,3,1.0,3,3,1.0,0.2064285714285714,0.010564347692918415,0.192,0.19565714285714286,0.20114285714285712,0.21028571428571427,0.21364285714285713,0.21565714285714285,0.217,21.458571428571428,2.145540757677921,19.42742857142857,19.646342857142855,19.865257142857143,19.974714285714285,20.084171428571427,20.303085714285714,20.522,21.302857142857142,22.083714285714287,22.47414285714286,22.86457142857143,23.64542857142857,24.426285714285715,11.58,0.7144695001654492,10.59,10.852,11.245000000000001,11.9,12.075,12.18,12.25,
-86.922,40.468,0,None,None,372,125290,None,None,None,None,None,None,None,None,None,None,None,None,LTE+Sub6,3,3,1.0,3,3,1.0,0.19666666666666666,0.02049932248202907,0.173,0.1772,0.1835,0.194,0.20850000000000002,0.2172,0.223,17.18766666666667,1.5162201540526876,15.203,15.6578,16.1126,16.34,16.5674,17.0222,17.477,17.7582,18.0394,18.18,18.3206,18.6018,18.883,13.573333333333332,2.072556124424352,11.69,11.866,12.129999999999999,12.57,14.515,15.682,16.46,
-86.9215,40.468,0,None,None,372,125290,None,None,None,None,None,None,None,None,None,None,None,None,LTE+Sub6,4,4,1.0,3,3,1.0,0.25885714285714284,0.07397195644388524,0.15657142857142858,0.18345714285714287,0.22378571428571428,0.291,0.31,0.3214,0.329,29.542238095238094,13.338170414945996,13.845714285714287,16.74277142857143,19.639828571428573,21.08835714285714,22.536885714285713,25.433942857142856,28.331,31.9548,35.5786,37.3905,39.202400000000004,42.8262,46.45,12.593333333333334,0.08993825042154648,12.48,12.504,12.54,12.6,12.649999999999999,12.68,12.7,
-86.921,40.468,0,None,None,372,125290,None,None,None,None,None,None,None,None,None,None,None,None,LTE+Sub6,3,3,1.0,3,3,1.0,0.23785714285714285,0.04569300099726493,0.199,0.20171428571428573,0.2057857142857143,0.21257142857142858,0.2572857142857143,0.2841142857142857,0.302,21.29342857142857,4.662220142063353,16.182,16.99405714285714,17.806114285714283,18.212142857142858,18.61817142857143,19.43022857142857,20.242285714285714,21.68502857142857,23.127771428571428,23.84914285714286,24.570514285714285,26.013257142857142,27.456,11.449999999999998,4.2708313008125245,7.85,8.09,8.45,9.05,13.25,15.77,17.45,
-86.9205,40.468,0,None,None,372,125290,None,None,None,None,None,None,None,None,None,None,None,None,LTE+Sub6,3,3,1.0,3,3,1.0,0.17157142857142857,0.011177601509724886,0.156,0.1602,0.16649999999999998,0.177,0.17935714285714285,0.18077142857142858,0.18171428571428572,14.427952380952382,1.4219848652204774,12.755,13.063600000000001,13.372200000000001,13.5265,13.6808,13.9894,14.298,14.684571428571429,15.071142857142856,15.26442857142857,15.457714285714285,15.844285714285714,16.230857142857143,12.646666666666667,2.314192923869764,10.8,10.886000000000001,11.015,11.23,13.57,14.974,15.91,
-86.92,40.468,0,None,None,372,125290,None,None,None,None,None,None,None,None,None,None,None,None,LTE+Sub6,3,3,1.0,3,3,1.0,0.22523809523809524,0.03298656360830585,0.179,0.1918,0.211,0.243,0.24835714285714286,0.25157142857142856,0.2537142857142857,19.33028571428571,3.870133905820261,13.885,15.422971428571428,16.960942857142857,17.72992857142857,18.498914285714285,20.036885714285713,21.57485714285714,21.766085714285712,21.957314285714283,22.05292857142857,22.148542857142857,22.339771428571428,22.531,15.333333333333334,5.640285650764704,10.53,10.868,11.375,12.22,17.735,21.044,23.25,
-86.9195,40.468,0,None,None,372,125290,None,None,None,None,None,None,None,None,None,None,None,None,LTE+Sub6,4,4,1.0,4,4,1.0,0.2712857142857143,0.13355141179275018,0.132,0.15857142857142859,0.19842857142857145,0.23085714285714287,0.3037142857142857,0.4163428571428572,0.49142857142857144,14.961142857142857,3.3683576328616205,9.384,11.17817142857143,12.972342857142857,13.869428571428571,14.766514285714285,15.680228571428572,16.153714285714287,16.6272,17.063885714285714,17.245428571428572,17.42697142857143,17.790057142857144,18.153142857142857,12.465,1.6044391543464651,10.32,10.761,11.4225,12.434999999999999,13.4775,14.193,14.67,
-86.919,40.468,0,None,None,372,125290,None,None,None,None,None,None,None,None,None,None,None,None,LTE+Sub6,3,3,1.0,2,2,1.0,0.1885,0.006500000000000006,0.182,0.1833,0.18525,0.1885,0.19175,0.1937,0.195,16.384500000000003,1.0815000000000001,15.303,15.519300000000001,15.735600000000002,15.84375,15.9519,16.168200000000002,16.384500000000003,16.6008,16.8171,16.925250000000002,17.0334,17.2497,17.466,11.94,1.42,10.52,10.804,11.23,11.94,12.649999999999999,13.075999999999999,13.36,
-86.9185,40.468,0,None,None,372,125290,None,None,None,None,None,None,None,None,None,None,None,None,LTE+Sub6,3,3,1.0,3,3,1.0,0.27552380952380956,0.08717457138232232,0.1965714285714286,0.20385714285714288,0.2147857142857143,0.233,0.315,0.3642,0.397,17.20909523809524,0.7841883392871398,16.530285714285714,16.582028571428573,16.63377142857143,16.659642857142856,16.685514285714287,16.737257142857143,16.789,17.0928,17.3966,17.5485,17.700400000000002,18.0042,18.308,9.096666666666668,1.105782779552818,7.55,7.974,8.61,9.67,9.870000000000001,9.99,10.07,
-86.918,40.468,0,None,None,372,125290,None,None,None,None,None,None,None,None,None,None,None,None,LTE+Sub6,3,3,1.0,3,3,1.0,0.2042857142857143,0.016817548334189178,0.19085714285714286,0.1914857142857143,0.19242857142857145,0.194,0.21100000000000002,0.2212,0.228,18.738380952380954,2.2683492644404497,15.977,16.522628571428573,17.068257142857146,17.341071428571432,17.613885714285715,18.159514285714287,18.70514285714286,19.270714285714288,19.836285714285715,20.11907142857143,20.401857142857146,20.967428571428574,21.533,10.603333333333333,1.3117249034085694,9.23,9.426,9.72,10.21,11.29,11.937999999999999,12.37,
-86.9175,40.468,0,None,None,372,125290,None,None,None,None,None,None,None,None,None,None,None,None,LTE+Sub6,4,4,1.0,4,4,1.0,0.18585714285714286,0.005790562342717504,0.17714285714285713,0.17954285714285714,0.18314285714285714,0.18657142857142855,0.18928571428571428,0.1916,0.19314285714285714,16.589928571428572,2.4264997834287128,12.733714285714287,14.024914285714287,15.316114285714287,15.961714285714287,16.60731428571429,17.057828571428573,17.088,17.11817142857143,17.369457142857144,17.716214285714287,18.06297142857143,18.756485714285713,19.45,10.575000000000001,2.214774254862107,7.1,8.171,9.7775,10.99,11.787500000000001,12.647,13.22,
-86.917,40.468,0,None,None,372,125290,None,None,None,None,None,None,None,None,None,None,None,None,LTE+Sub6,3,3,1.0,3,3,1.0,0.1416666666666667,0.03167894498804459,0.097,0.10980000000000001,0.129,0.161,0.164,0.1658,0.167,11.232999999999999,3.5724933403250265,6.362,7.591,8.82,9.4345,10.049,11.278,12.507,12.9716,13.4362,13.6685,13.9008,14.3654,14.83,10.926666666666668,1.7713334587881027,8.65,9.152000000000001,9.905000000000001,11.16,12.065000000000001,12.608,12.97,
-86.9165,40.468,0,None,None,372,125290,None,None,None,None,None,None,None,None,None,None,None,None,LTE+Sub6,3,3,1.0,3,3,1.0,0.15252380952380953,0.021295566059319676,0.129,0.1328,0.1385,0.148,0.16428571428571428,0.17405714285714285,0.18057142857142858,12.214857142857143,1.7282066242363567,10.549,10.738999999999999,10.929,11.024000000000001,11.119,11.309000000000001,11.499,12.118514285714287,12.738028571428572,13.047785714285716,13.357542857142858,13.977057142857145,14.59657142857143,7.79,0.25311394008759475,7.48,7.542000000000001,7.635,7.79,7.945,8.038,8.1,
-86.916,40.468,0,None,None,372,125290,None,None,None,None,None,None,None,None,None,None,None,None,LTE+Sub6,3,1,0.3333333333333333,2,1,0.5,0.16,0.0,0.16,0.16,0.16,0.16,0.16,0.16,0.16,14.90057142857143,0.0,14.90057142857143,14.90057142857143,14.90057142857143,14.90057142857143,14.90057142857143,14.90057142857143,14.90057142857143,14.90057142857143,14.90057142857143,14.90057142857143,14.90057142857143,14.90057142857143,14.90057142857143,10.6,0.0,10.6,10.6,10.6,10.6,10.6,10.6,10.6,
-86.916,40.468,0,None,None,121,125290,None,None,None,None,None,None,None,None,None,None,None,None,LTE+Sub6,3,2,0.6666666666666666,2,1,0.5,0.281,0.0,0.281,0.281,0.281,0.281,0.281,0.281,0.281,27.301,0.0,27.301,27.301,27.301,27.301,27.301,27.301,27.301,27.301,27.301,27.301,27.301,27.301,27.301,14.48,0.0,14.48,14.48,14.48,14.48,14.48,14.48,14.48,
-86.9155,40.468,0,None,None,121,125290,None,None,None,None,None,None,None,None,None,None,None,None,LTE+Sub6,3,3,1.0,3,3,1.0,0.18395238095238095,0.03670517458438036,0.145,0.15074285714285712,0.15935714285714286,0.1737142857142857,0.20342857142857143,0.22125714285714287,0.23314285714285715,16.953714285714284,5.010697736795127,11.86,12.534857142857142,13.209714285714284,13.547142857142855,13.884571428571427,14.55942857142857,15.234285714285713,16.9408,18.647314285714284,19.500571428571426,20.353828571428572,22.060342857142857,23.76685714285714,11.979999999999999,1.307236270406642,10.61,10.806,11.1,11.59,12.665,13.31,13.74,
-86.915,40.468,0,None,None,121,125290,None,None,None,None,None,None,None,None,None,None,None,None,LTE+Sub6,36,3,0.08333333333333333,32,3,0.09375,0.19385714285714284,0.035803507599990604,0.15428571428571428,0.16068571428571427,0.17028571428571426,0.18628571428571428,0.21364285714285713,0.23005714285714285,0.241,15.174619047619046,4.793946330477755,10.186285714285713,10.887542857142856,11.588799999999999,11.939428571428572,12.290057142857144,12.991314285714287,13.69257142857143,15.283057142857144,16.87354285714286,17.668785714285715,18.46402857142857,20.054514285714287,21.645,10.056666666666667,3.5249334115066,6.97,7.218,7.59,8.21,11.600000000000001,13.634,14.99,
-86.915,40.468,0,50,1001,None,None,47,66736,None,None,None,None,None,None,None,None,None,None,LTE,36,10,0.2777777777777778,32,9,0.28125,0.12093650793650795,0.029837436430578335,0.082,0.08360000000000001,0.103,0.116,0.1382857142857143,0.16274285714285713,0.1737142857142857,6.5950476190476195,1.6679495402841895,5.107,5.392600000000001,5.668,5.804,5.8056,5.91,6.318,6.3668,6.526,6.624,6.6815999999999995,7.631085714285715,11.08342857142857,0.3333333333333333,0.9428090415820634,0.0,0.0,0.0,0.0,0.0,0.6000000000000005,3.0,
-86.915,40.468,0,50,1001,250,125290,None,None,None,None,None,None,None,None,None,None,None,None,LTE+Sub6,36,1,0.027777777777777776,32,1,0.03125,0.09028571428571429,0.0,0.09028571428571429,0.09028571428571429,0.09028571428571429,0.09028571428571429,0.09028571428571429,0.09028571428571429,0.09028571428571429,5.500571428571428,0.0,5.500571428571428,5.500571428571428,5.500571428571428,5.500571428571428,5.500571428571428,5.500571428571428,5.500571428571428,5.500571428571428,5.500571428571428,5.500571428571428,5.500571428571428,5.500571428571428,5.500571428571428,3.59,0.0,3.59,3.59,3.59,3.59,3.59,3.59,3.59,
-86.915,40.468,0,50,1001,None,None,None,None,None,None,None,None,None,None,None,None,None,None,LTE,36,6,0.16666666666666666,32,5,0.15625,0.12117142857142857,0.02723838827681196,0.077,0.08917142857142857,0.10742857142857143,0.126,0.13942857142857143,0.14937142857142857,0.156,7.405057142857143,2.3376258610227705,4.145,4.8065999999999995,5.4682,5.799,6.0742,6.6246,7.175,7.992771428571428,8.810542857142856,9.21942857142857,9.512914285714286,10.099885714285714,10.686857142857143,3.5700000000000003,7.140000000000001,0.0,0.0,0.0,0.0,0.0,10.710000000000003,17.85,
-86.915,40.468,0,50,1001,479,125290,None,None,None,None,None,None,None,None,None,None,None,None,LTE+Sub6,36,1,0.027777777777777776,32,1,0.03125,0.113,0.0,0.113,0.113,0.113,0.113,0.113,0.113,0.113,8.502,0.0,8.502,8.502,8.502,8.502,8.502,8.502,8.502,8.502,8.502,8.502,8.502,8.502,8.502,6.85,0.0,6.85,6.85,6.85,6.85,6.85,6.85,6.85,
-86.915,40.468,0,50,1001,372,125290,None,None,None,None,None,None,None,None,None,None,None,None,LTE+Sub6,36,2,0.05555555555555555,32,1,0.03125,0.015,0.0,0.015,0.015,0.015,0.015,0.015,0.015,0.015,2.056,0.0,2.056,2.056,2.056,2.056,2.056,2.056,2.056,2.056,2.056,2.056,2.056,2.056,2.056,14.64,0.0,14.64,14.64,14.64,14.64,14.64,14.64,14.64,
-86.915,40.468,0,50,1001,121,125290,None,None,None,None,None,None,None,None,None,None,None,None,LTE+Sub6,36,13,0.3611111111111111,32,12,0.375,0.1343452380952381,0.027141319400885097,0.086,0.1046,0.119,0.13014285714285714,0.15,0.1743,0.18285714285714286,12.491809523809522,3.7659362922912503,5.302,7.2675,10.8324,10.89675,11.1207,11.6074,12.0005,13.169314285714286,14.641557142857142,15.124,15.3154,17.842,18.15885714285714,7.533333333333332,2.833382352517139,3.22,3.537,5.685,7.705,9.08,10.781,12.88,
-86.915,40.4685,0,None,None,121,125290,None,None,None,None,None,None,None,None,None,None,None,None,LTE+Sub6,32,1,0.03125,32,1,0.03125,0.136,0.0,0.136,0.136,0.136,0.136,0.136,0.136,0.136,8.62857142857143,0.0,8.62857142857143,8.62857142857143,8.62857142857143,8.62857142857143,8.62857142857143,8.62857142857143,8.62857142857143,8.62857142857143,8.62857142857143,8.62857142857143,8.62857142857143,8.62857142857143,8.62857142857143,6.7,0.0,6.7,6.7,6.7,6.7,6.7,6.7,6.7,
-86.915,40.4685,0,50,1001,250,125290,None,None,None,None,None,None,None,None,None,None,None,None,LTE+Sub6,32,3,0.09375,32,3,0.09375,0.09138095238095238,0.017766563923583913,0.0662857142857143,0.07360000000000001,0.08457142857142858,0.10285714285714286,0.10392857142857143,0.10457142857142857,0.105,5.632095238095239,2.5918958189919477,2.3005714285714283,3.0352571428571427,3.769942857142857,4.1372857142857145,4.504628571428571,5.239314285714286,5.974,6.5035428571428575,7.033085714285715,7.2978571428571435,7.562628571428572,8.09217142857143,8.621714285714287,3.563333333333334,2.7109203029393707,0.0,0.8240000000000001,2.06,4.12,5.345000000000001,6.08,6.57,
-86.915,40.4685,0,50,1001,None,None,None,None,None,None,None,None,None,None,None,None,None,None,LTE,32,8,0.25,32,8,0.25,0.10542857142857143,0.03598079136065208,0.04228571428571429,0.06148571428571429,0.08428571428571428,0.10914285714285715,0.12825,0.1479,0.157,8.137589285714286,2.8110170824714724,3.794285714285714,4.8582857142857145,5.768228571428572,6.1654285714285715,6.458514285714286,6.524114285714286,8.076,9.689114285714286,9.969014285714286,10.38475,10.910800000000002,11.6194,11.87,2.92,5.060118575685752,0.0,0.0,0.0,0.0,2.84,11.552,12.0,
-86.915,40.4685,0,50,1001,372,125290,47,66736,None,None,None,None,None,None,None,None,None,None,LTE+Sub6,32,2,0.0625,32,2,0.0625,0.08971428571428572,0.0051428571428571435,0.08457142857142858,0.08560000000000001,0.08714285714285715,0.08971428571428572,0.09228571428571429,0.09382857142857143,0.09485714285714286,8.288,1.0948571428571428,7.193142857142857,7.412114285714286,7.631085714285714,7.740571428571428,7.850057142857143,8.069028571428571,8.288,8.506971428571429,8.725942857142856,8.83542857142857,8.944914285714285,9.163885714285714,9.382857142857143,6.58,0.8499999999999996,5.73,5.9,6.155,6.58,7.005,7.26,7.43,
-86.915,40.4685,0,50,1001,121,125290,None,None,None,None,None,None,None,None,None,None,None,None,LTE+Sub6,32,18,0.5625,32,18,0.5625,0.17154761904761906,0.032692210268577715,0.12,0.1263,0.1505,0.17157142857142857,0.19564285714285715,0.20500000000000002,0.24228571428571427,17.191738095238094,4.846103497127903,10.637714285714287,11.2885,13.495600000000001,13.7885,13.8948,14.649000000000001,15.1,18.3312,20.220999999999997,21.676000000000002,22.11782857142857,23.91144285714286,26.357714285714287,6.763333333333333,1.9093367085631245,3.08,4.166,5.26,6.92,8.247499999999999,9.169,9.85,
-86.9145,40.4685,0,None,None,372,125290,None,None,None,None,None,None,None,None,None,None,None,None,LTE+Sub6,13,3,0.23076923076923078,12,3,0.25,0.1292857142857143,0.027439234038614313,0.0982857142857143,0.10354285714285714,0.11142857142857143,0.12457142857142857,0.1447857142857143,0.15691428571428573,0.165,10.885333333333334,4.151961079689481,5.606857142857143,6.744914285714286,7.8829714285714285,8.452,9.021028571428571,10.159085714285714,11.297142857142857,12.188114285714285,13.079085714285714,13.524571428571429,13.970057142857144,14.861028571428573,15.752,9.336666666666668,1.2231743765937688,8.15,8.288,8.495000000000001,8.84,9.93,10.584,11.02,
-86.9145,40.4685,0,50,1001,121,125290,None,None,None,None,None,None,None,None,None,None,None,None,LTE+Sub6,13,8,0.6153846153846154,12,8,0.6666666666666666,0.177125,0.03543803427052895,0.10857142857142857,0.12497142857142858,0.15975,0.19328571428571428,0.2039642857142857,0.20809999999999998,0.211,18.11730357142857,4.412286829236811,11.72,12.3032,13.005885714285714,13.402035714285715,14.328800000000001,18.835400000000003,20.1475,20.3304,20.8848,21.138749999999998,21.3834,22.381585714285713,24.058285714285713,7.36125,1.500211964190394,4.2,5.488,6.52,8.084999999999999,8.4525,8.679,8.77,
-86.9145,40.4685,0,50,1001,372,125290,None,None,None,None,None,None,None,None,None,None,None,None,LTE+Sub6,13,2,0.15384615384615385,12,1,0.08333333333333333,0.194,0.0,0.194,0.194,0.194,0.194,0.194,0.194,0.194,14.828,0.0,14.828,14.828,14.828,14.828,14.828,14.828,14.828,14.828,14.828,14.828,14.828,14.828,14.828,13.54,0.0,13.54,13.54,13.54,13.54,13.54,13.54,13.54,
-86.914,40.4685,0,None,None,372,125290,None,None,None,None,None,None,None,None,None,None,None,None,LTE+Sub6,4,2,0.5,4,2,0.5,0.13335714285714284,0.03964285714285714,0.09371428571428571,0.10164285714285713,0.11353571428571428,0.13335714285714284,0.15317857142857141,0.16507142857142856,0.173,11.634357142857143,4.036642857142857,7.597714285714285,8.405042857142856,9.212371428571428,9.616035714285713,10.019699999999998,10.82702857142857,11.634357142857143,12.441685714285715,13.249014285714285,13.65267857142857,14.056342857142857,14.863671428571429,15.671,8.105,1.8249999999999997,6.28,6.6450000000000005,7.1925,8.105,9.0175,9.565,9.93,
-86.914,40.4685,0,None,None,121,125290,None,None,None,None,None,None,None,None,None,None,None,None,LTE+Sub6,4,2,0.5,4,2,0.5,0.1617142857142857,0.04514285714285714,0.11657142857142858,0.1256,0.13914285714285715,0.1617142857142857,0.18428571428571427,0.19782857142857144,0.20685714285714285,12.592571428571429,4.195999999999999,8.396571428571429,9.235771428571429,10.074971428571429,10.494571428571428,10.914171428571429,11.753371428571429,12.592571428571429,13.431771428571427,14.270971428571427,14.690571428571428,15.110171428571427,15.949371428571427,16.788571428571426,13.895,0.8849999999999998,13.01,13.187,13.4525,13.895,14.337499999999999,14.603,14.78,
-86.914,40.468,0,None,None,121,125290,None,None,None,None,None,None,None,None,None,None,None,None,LTE+Sub6,13,2,0.15384615384615385,12,2,0.16666666666666666,0.17435714285714285,0.03135714285714286,0.143,0.14927142857142855,0.15867857142857142,0.17435714285714285,0.19003571428571428,0.19944285714285714,0.2057142857142857,13.326,3.026,10.3,10.9052,11.5104,11.813,12.1156,12.7208,13.326,13.9312,14.5364,14.839,15.1416,15.7468,16.352,12.385,1.5150000000000006,10.87,11.173,11.6275,12.385,13.1425,13.597,13.9,
-86.914,40.468,0,50,1001,121,125290,None,None,None,None,None,None,None,None,None,None,None,None,LTE+Sub6,13,11,0.8461538461538461,12,10,0.8333333333333334,0.1807,0.028744507904882928,0.133,0.15421428571428572,0.16810714285714287,0.1735,0.19325,0.20989999999999998,0.245,19.3027,3.4353736311368235,14.715,15.4737,16.614685714285713,17.046642857142857,17.348657142857142,17.6958,18.5385,19.493199999999998,20.333242857142857,21.12260714285714,21.999914285714286,23.991999999999997,26.125,7.518000000000001,1.2586008104240203,5.04,5.9670000000000005,6.7725,7.8100000000000005,8.3,8.786,9.38,
-86.914,40.4675,0,None,None,121,125290,None,None,None,None,None,None,None,None,None,None,None,None,LTE+Sub6,3,3,1.0,2,2,1.0,0.17535714285714288,0.025642857142857148,0.14971428571428572,0.15484285714285714,0.16253571428571428,0.17535714285714288,0.18817857142857145,0.19587142857142859,0.201,13.449,2.680999999999999,10.768,11.3042,11.8404,12.1085,12.3766,12.9128,13.449,13.985199999999999,14.5214,14.7895,15.057599999999999,15.5938,16.13,13.085,0.28499999999999925,12.8,12.857000000000001,12.9425,13.085,13.2275,13.312999999999999,13.37,
-86.9145,40.467,0,None,None,121,125290,None,None,None,None,None,None,None,None,None,None,None,None,LTE+Sub6,3,3,1.0,3,3,1.0,0.16180952380952382,0.03690110580968169,0.123,0.1286,0.137,0.151,0.18121428571428572,0.19934285714285713,0.2114285714285714,12.13047619047619,4.498914871937822,7.315,8.0394,8.7638,9.126,9.488199999999999,10.2126,10.937,12.377485714285713,13.817971428571427,14.538214285714286,15.258457142857143,16.698942857142857,18.13942857142857,10.020000000000001,2.742419856015243,7.21,7.59,8.16,9.11,11.425,12.814,13.74,
-86.9145,40.4665,0,None,None,121,125290,None,None,None,None,None,None,None,None,None,None,None,None,LTE+Sub6,2,2,1.0,2,2,1.0,0.1245,0.0315,0.093,0.0993,0.10875,0.1245,0.14024999999999999,0.1497,0.156,8.3885,3.2075,5.181,5.8225,6.464,6.78475,7.1055,7.747,8.3885,9.03,9.6715,9.99225,10.313,10.9545,11.596,7.0,0.28000000000000025,6.72,6.776,6.859999999999999,7.0,7.140000000000001,7.224,7.28,
-86.9145,40.466,0,None,None,121,125290,None,None,None,None,None,None,None,None,None,None,None,None,LTE+Sub6,2,2,1.0,2,2,1.0,0.1245,0.0295,0.095,0.1009,0.10975,0.1245,0.13924999999999998,0.1481,0.154,5.589,0.1030000000000002,5.486,5.5066,5.5272,5.5375,5.5478,5.5684,5.589,5.6096,5.6302,5.6405,5.6508,5.6714,5.692,12.88,3.3100000000000005,9.57,10.232000000000001,11.225000000000001,12.88,14.535,15.528000000000002,16.19,
-86.915,40.466,0,None,None,121,125290,None,None,None,None,None,None,None,None,None,None,None,None,LTE+Sub6,172,1,0.005813953488372093,166,1,0.006024096385542169,0.224,0.0,0.224,0.224,0.224,0.224,0.224,0.224,0.224,18.819,0.0,18.819,18.819,18.819,18.819,18.819,18.819,18.819,18.819,18.819,18.819,18.819,18.819,18.819,6.98,0.0,6.98,6.98,6.98,6.98,6.98,6.98,6.98,
-86.915,40.466,0,393,1200,None,None,None,None,None,None,None,None,None,None,None,None,None,None,LTE,172,6,0.03488372093023256,166,6,0.03614457831325301,0.11523809523809524,0.041590951614934556,0.05942857142857143,0.06821428571428571,0.081,0.1135,0.149,0.16399999999999998,0.174,8.751904761904763,7.021027688825635,3.217,3.2382142857142857,3.2594285714285713,3.3070714285714287,3.3547142857142855,3.45,4.4355,5.421,11.442499999999999,14.453249999999999,17.464,18.582,19.7,1.5116666666666667,2.1600186470388527,0.0,0.0,0.0,0.0,3.0,4.535,5.07,
-86.915,40.466,0,408,1001,121,125290,None,None,None,None,None,None,None,None,None,None,None,None,LTE+Sub6,172,1,0.005813953488372093,166,1,0.006024096385542169,0.191,0.0,0.191,0.191,0.191,0.191,0.191,0.191,0.191,23.652,0.0,23.652,23.652,23.652,23.652,23.652,23.652,23.652,23.652,23.652,23.652,23.652,23.652,23.652,0.0,0.0,0.0,0.0,0.0,0.0,0.0,0.0,0.0,
-86.915,40.466,0,50,1001,121,125290,None,None,None,None,None,None,None,None,None,None,None,None,LTE+Sub6,172,7,0.040697674418604654,166,6,0.03614457831325301,0.17242857142857146,0.0516412928696765,0.088,0.12228571428571429,0.15842857142857145,0.17099999999999999,0.1825,0.224,0.264,24.072261904761906,9.400863655293564,7.681,14.32907142857143,20.97714285714286,21.600857142857144,22.22457142857143,23.472,24.8315,26.191,26.35,26.4295,26.509,33.05621428571429,39.60342857142857,2.6016666666666666,4.10041630677775,0.0,0.0,0.0,0.0,3.5025,7.805,10.94,
-86.915,40.466,0,50,1001,372,125290,47,66736,None,None,None,None,None,None,None,None,None,None,LTE+Sub6,172,3,0.01744186046511628,166,3,0.018072289156626505,0.12352380952380952,0.037366603251416275,0.07657142857142857,0.08645714285714286,0.10128571428571428,0.126,0.14700000000000002,0.15960000000000002,0.168,18.305047619047617,3.776954366980019,15.41,15.501028571428572,15.592057142857144,15.637571428571428,15.683085714285713,15.774114285714285,15.865142857142857,17.420114285714284,18.975085714285715,19.75257142857143,20.530057142857142,22.085028571428573,23.64,4.819999999999999,0.8153526844255804,4.1,4.16,4.25,4.4,5.18,5.648,5.96,
-86.915,40.466,0,50,1001,None,None,47,66736,None,None,None,None,None,None,None,None,None,None,LTE,172,41,0.23837209302325582,166,39,0.23493975903614459,0.16108424908424906,0.02657295907106477,0.114,0.12548571428571428,0.14914285714285713,0.161,0.1732142857142857,0.19240000000000002,0.246,16.231934065934066,4.809710804711312,7.859428571428571,9.469,11.303542857142858,12.286785714285713,14.6758,15.3498,15.978,17.174742857142856,19.387657142857144,19.98292857142857,20.1872,21.823314285714286,29.68914285714286,0.3269230769230769,1.4529318791205907,0.0,0.0,0.0,0.0,0.0,0.0,7.99,
-86.915,40.466,0,50,1001,121,125290,47,66736,None,None,None,None,None,None,None,None,None,None,LTE+Sub6,172,14,0.08139534883720931,166,13,0.0783132530120482,0.1820769230769231,0.01235371106314857,0.16571428571428573,0.166,0.17142857142857143,0.184,0.191,0.19440000000000002,0.208,17.652890109890112,1.9393041058394467,15.134857142857143,15.521142857142857,15.834742857142857,16.226285714285712,16.301114285714284,16.7102,17.544,17.819,18.2742,18.555,19.4982,20.266771428571428,21.527,0.0,0.0,0.0,0.0,0.0,0.0,0.0,0.0,0.0,
-86.915,40.466,0,47,1200,121,125290,None,None,None,None,None,None,None,None,None,None,None,None,LTE+Sub6,172,1,0.005813953488372093,166,1,0.006024096385542169,0.1737142857142857,0.0,0.1737142857142857,0.1737142857142857,0.1737142857142857,0.1737142857142857,0.1737142857142857,0.1737142857142857,0.1737142857142857,18.164571428571428,0.0,18.164571428571428,18.164571428571428,18.164571428571428,18.164571428571428,18.164571428571428,18.164571428571428,18.164571428571428,18.164571428571428,18.164571428571428,18.164571428571428,18.164571428571428,18.164571428571428,18.164571428571428,0.0,0.0,0.0,0.0,0.0,0.0,0.0,0.0,0.0,
-86.915,40.466,0,393,1200,121,125290,None,None,None,None,None,None,None,None,None,None,None,None,LTE+Sub6,172,25,0.14534883720930233,166,25,0.15060240963855423,0.17666285714285712,0.04426775451495048,0.098,0.12222857142857144,0.146,0.168,0.207,0.22525714285714285,0.264,19.746119999999998,6.803996148684557,7.289142857142857,10.891085714285715,15.5278,15.917,16.285,17.345142857142857,19.345,20.57731428571428,22.090914285714288,22.115,26.142400000000006,28.69394285714286,35.233,6.8236,3.3758339769603602,0.0,3.4720000000000004,4.11,7.76,9.12,10.916,11.98,
-86.915,40.466,0,393,1200,372,125290,None,None,None,None,None,None,None,None,None,None,None,None,LTE+Sub6,172,19,0.11046511627906977,166,18,0.10843373493975904,0.13494444444444442,0.052708115500910716,0.05028571428571429,0.0801,0.09235714285714285,0.12514285714285714,0.16949999999999998,0.2167,0.227,16.89545238095238,9.113929637052193,4.195428571428572,7.465300000000001,8.8214,9.69207142857143,9.970285714285714,11.504457142857143,15.46257142857143,18.522085714285712,19.8941,24.544249999999998,26.6404,28.40644285714286,36.456,6.530555555555556,2.7266472538474025,4.0,4.0,4.03,5.355,9.355,10.395,11.86,
-86.915,40.466,0,393,1200,121,125290,408,1001,None,None,None,None,None,None,None,None,None,None,LTE+Sub6,172,1,0.005813953488372093,166,1,0.006024096385542169,0.109,0.0,0.109,0.109,0.109,0.109,0.109,0.109,0.109,8.876,0.0,8.876,8.876,8.876,8.876,8.876,8.876,8.876,8.876,8.876,8.876,8.876,8.876,8.876,15.68,0.0,15.68,15.68,15.68,15.68,15.68,15.68,15.68,
-86.915,40.466,0,393,1200,None,None,408,1001,None,None,None,None,None,None,None,None,None,None,LTE,172,6,0.03488372093023256,166,6,0.03614457831325301,0.1986904761904762,0.11885346310314218,0.054,0.095,0.13925,0.151,0.2491071428571429,0.3500714285714286,0.419,12.985023809523808,4.3687106298609795,5.053,8.001357142857144,10.949714285714286,11.156285714285715,11.362857142857143,11.776,13.7345,15.693,15.864214285714286,15.949821428571429,16.03542857142857,17.219214285714287,18.403,6.828333333333333,6.044544142355889,0.0,2.265,4.6675,5.195,6.2025,13.025,19.55,
-86.915,40.466,0,393,1200,479,125290,None,None,None,None,None,None,None,None,None,None,None,None,LTE+Sub6,172,20,0.11627906976744186,166,20,0.12048192771084337,0.1285714285714286,0.05172756340991262,0.036,0.0547,0.10189285714285715,0.135,0.15628571428571428,0.16850000000000007,0.257,10.564528571428571,5.201318444728162,3.648,4.4685,7.053000000000001,8.036678571428572,8.472871428571429,9.8396,10.439071428571427,10.6084,10.96777142857143,11.307928571428572,11.852342857142858,17.867371428571428,26.075,7.804500000000002,4.274659606331246,3.33,3.993,5.11,6.65,9.4175,11.184000000000006,21.28,
-86.915,40.466,0,393,1200,372,125290,408,1001,None,None,None,None,None,None,None,None,None,None,LTE+Sub6,172,4,0.023255813953488372,166,4,0.024096385542168676,0.06207142857142857,0.003912955978514957,0.059,0.059,0.059,0.06035714285714286,0.06342857142857143,0.06651428571428572,0.06857142857142857,4.407535714285714,1.0052719977900588,3.409,3.4615,3.514,3.54025,3.5665,3.8120000000000003,4.154,4.4959999999999996,4.8429142857142855,5.021285714285714,5.199657142857143,5.5564,5.913142857142857,4.2875,0.6460021284794657,3.59,3.707,3.8825,4.115,4.52,5.006,5.33,
-86.915,40.466,0,393,1200,359,125290,None,None,None,None,None,None,None,None,None,None,None,None,LTE+Sub6,172,23,0.13372093023255813,166,22,0.13253012048192772,0.15465584415584416,0.0760159471977363,0.0662857142857143,0.08460000000000001,0.09425,0.1437857142857143,0.186,0.23828571428571432,0.386,13.04787012987013,7.490447583287401,1.889,4.8231,6.6244000000000005,7.2646428571428565,8.768799999999999,10.6826,11.515714285714285,12.085114285714285,15.8218,16.787499999999998,19.582400000000003,21.967771428571428,30.35,5.237272727272726,2.84829483569984,0.0,0.0,4.1075,6.01,7.1825,7.817,9.45,
-86.915,40.4655,0,None,None,372,125290,None,None,None,None,None,None,None,None,None,None,None,None,LTE+Sub6,299,3,0.010033444816053512,277,3,0.010830324909747292,0.12090476190476192,0.03760849761650313,0.06971428571428571,0.08257142857142857,0.10185714285714287,0.134,0.14650000000000002,0.154,0.159,8.76795238095238,3.1632452601661667,5.254857142857143,5.829085714285714,6.403314285714286,6.690428571428571,6.977542857142857,7.551771428571429,8.126,9.0854,10.044799999999999,10.5245,11.0042,11.9636,12.923,10.569999999999999,1.9682140804970043,8.53,8.814,9.239999999999998,9.95,11.59,12.574,13.23,
-86.915,40.4655,0,393,1200,372,125290,None,None,None,None,None,None,None,None,None,None,None,None,LTE+Sub6,299,45,0.1505016722408027,277,42,0.15162454873646208,0.1605680272108843,0.1031346101066069,0.021714285714285714,0.048342857142857146,0.07225,0.161,0.238,0.2611428571428572,0.5497142857142857,20.452285714285715,14.723252681946445,2.0971428571428574,4.424228571428572,5.4112,6.103,6.756271428571428,9.977485714285718,17.044428571428572,26.904828571428567,32.43631428571428,34.08825,35.269999999999996,40.24828571428571,52.066,6.07,2.790715900641848,0.0,4.0,4.0,5.18,7.4375,9.93,13.52,
-86.915,40.4655,0,393,1200,121,125290,None,None,None,None,None,None,None,None,None,None,None,None,LTE+Sub6,299,40,0.13377926421404682,277,36,0.1299638989169675,0.10888227513227512,0.04663603422621386,0.04114285714285715,0.05764285714285715,0.07185714285714286,0.1005,0.13725,0.18878571428571428,0.2,9.64267724867725,3.6241177280673846,4.214857142857143,4.859214285714286,5.626,6.138999999999999,7.3469999999999995,9.271,9.791428571428572,10.244,11.492,12.09675,12.533,14.769714285714285,16.18,4.900833333333334,1.7194255742996134,3.0,3.9299999999999997,4.0,4.0,5.26,7.845000000000001,9.93,
-86.915,40.4655,0,393,1200,None,None,408,1001,None,None,None,None,None,None,None,None,None,None,LTE,299,24,0.0802675585284281,277,21,0.07581227436823104,0.15921768707482994,0.032312451124342306,0.07,0.12,0.13942857142857143,0.165,0.182,0.19,0.208,16.835074829931973,4.368713190622881,8.126,10.45,13.824,15.104,15.13942857142857,16.021,16.973714285714287,19.185,19.403,19.419,20.531,21.726,25.317714285714285,2.5742857142857143,5.103700404914973,0.0,0.0,0.0,0.0,0.0,9.65,17.71,
-86.915,40.4655,0,393,1200,None,None,None,None,None,None,None,None,None,None,None,None,None,None,LTE,299,81,0.2709030100334448,277,79,0.2851985559566787,0.17378842676311032,0.056044018297755745,0.009142857142857142,0.10137142857142856,0.1375,0.181,0.21028571428571427,0.227,0.394,16.248582278481013,7.37574331961213,2.3154285714285714,6.2238,9.2118,10.349714285714285,11.197,13.706057142857144,15.833142857142857,18.5164,21.7364,22.325499999999998,23.344800000000003,25.9282,34.896,2.8735443037974684,4.517912321162071,0.0,0.0,0.0,0.0,5.53,9.382000000000001,19.01,
-86.915,40.4655,0,393,1200,121,125290,408,1001,None,None,None,None,None,None,None,None,None,None,LTE+Sub6,299,5,0.016722408026755852,277,4,0.01444043321299639,0.14060714285714285,0.04597829734266606,0.092,0.09937142857142857,0.11042857142857143,0.12778571428571428,0.15796428571428572,0.19210000000000002,0.21485714285714286,15.924428571428571,3.9417864048200904,11.730285714285714,11.9096,12.088914285714285,12.178571428571427,12.26822857142857,13.666400000000001,15.674,17.6816,19.179942857142855,19.419857142857143,19.65977142857143,20.1396,20.61942857142857,0.0,0.0,0.0,0.0,0.0,0.0,0.0,0.0,0.0,
-86.915,40.4655,0,393,1200,372,125290,408,1001,None,None,None,None,None,None,None,None,None,None,LTE+Sub6,299,6,0.020066889632107024,277,6,0.021660649819494584,0.15295238095238092,0.03760867849862181,0.074,0.11185714285714285,0.152,0.16285714285714287,0.17542857142857143,0.18414285714285714,0.19,17.811833333333333,4.755730605771441,11.322,13.117571428571427,14.913142857142857,15.321142857142858,15.729142857142858,16.54514285714286,17.13771428571429,17.730285714285714,18.654857142857143,19.11714285714286,19.579428571428572,23.180214285714285,26.781,6.683333333333333,1.999547170958687,3.83,4.54,5.4625,6.359999999999999,7.9174999999999995,9.149999999999999,9.95,
-86.915,40.4655,0,47,1200,479,125290,50,1001,None,None,None,None,None,None,None,None,None,None,LTE+Sub6,299,4,0.013377926421404682,277,3,0.010830324909747292,0.07966666666666668,0.03231442746239243,0.034,0.047400000000000005,0.0675,0.101,0.10250000000000001,0.10339999999999999,0.104,8.030333333333333,3.7872595486563747,2.797,4.1696,5.5422,6.2285,6.9148,8.2874,9.66,10.0548,10.4496,10.647,10.8444,11.2392,11.634,4.0,0.0,4.0,4.0,4.0,4.0,4.0,4.0,4.0,
-86.915,40.4655,0,47,1200,None,None,50,1001,None,None,None,None,None,None,None,None,None,None,LTE,299,2,0.006688963210702341,277,2,0.007220216606498195,0.11828571428571427,0.02685714285714285,0.09142857142857143,0.0968,0.10485714285714286,0.11828571428571427,0.1317142857142857,0.13977142857142855,0.14514285714285713,16.957714285714285,9.354285714285716,7.603428571428571,9.474285714285715,11.345142857142857,12.28057142857143,13.216000000000001,15.086857142857145,16.957714285714285,18.82857142857143,20.69942857142857,21.634857142857143,22.570285714285717,24.441142857142857,26.312,2.0,2.0,0.0,0.4,1.0,2.0,3.0,3.6,4.0,
-86.915,40.4655,0,393,1200,479,125290,None,None,None,None,None,None,None,None,None,None,None,None,LTE+Sub6,299,37,0.12374581939799331,277,33,0.11913357400722022,0.12373160173160172,0.0500410314953421,0.024,0.0688,0.093,0.109,0.16914285714285715,0.20697142857142858,0.225,11.288242424242425,5.565511931249159,1.005,5.986400000000001,7.0366,7.988,8.5406,9.3288,9.705,10.317400000000001,12.240771428571424,13.82,15.071714285714288,20.566600000000005,25.44685714285714,6.2645454545454555,2.1405282425197742,3.9,4.0,4.18,6.22,7.52,8.592,12.56,
-86.915,40.4655,0,393,1200,359,125290,None,None,None,None,None,None,None,None,None,None,None,None,LTE+Sub6,299,52,0.17391304347826086,277,48,0.17328519855595667,0.11110416666666667,0.05873898608284152,0.039,0.0471,0.0745,0.095,0.136,0.1905142857142858,0.31657142857142856,8.794714285714287,5.312260205072278,2.178,4.0141,4.8104571428571425,5.28425,5.669485714285714,6.3192,7.309785714285715,7.971399999999999,9.9806,10.45825,11.542200000000001,15.483257142857147,26.27,4.710208333333333,1.1140288924726724,3.33,3.96,4.0,4.17,5.29,6.051000000000001,9.44,
-86.915,40.465,0,None,None,372,125290,None,None,None,None,None,None,None,None,None,None,None,None,LTE+Sub6,213,3,0.014084507042253521,202,3,0.01485148514851485,0.14661904761904762,0.0323905447976759,0.105,0.11417142857142856,0.12792857142857142,0.15085714285714286,0.16742857142857143,0.17737142857142857,0.184,13.71442857142857,1.520039969936344,12.482285714285714,12.546828571428572,12.61137142857143,12.643642857142858,12.675914285714285,12.740457142857142,12.805,13.415199999999999,14.0254,14.3305,14.6356,15.2458,15.856,12.313333333333333,0.482378366937085,11.66,11.822000000000001,12.065000000000001,12.47,12.64,12.742,12.81,
-86.915,40.465,0,393,1200,372,125290,None,None,None,None,None,None,None,None,None,None,None,None,LTE+Sub6,213,77,0.3615023474178404,202,72,0.3564356435643564,0.22808928571428566,0.05067010951816432,0.05142857142857143,0.18061428571428573,0.20535714285714285,0.23578571428571427,0.2617857142857143,0.28205714285714284,0.31314285714285717,36.54502777777778,10.886082920075788,3.072,24.590842857142857,29.498600000000003,32.056,34.0266,35.15748571428571,37.52642857142857,39.36342857142857,42.272,44.5245,45.4848,47.60135714285715,56.46,6.339027777777777,2.718387062478524,3.0,3.684,4.6425,5.79,7.7,8.969000000000001,20.87,
-86.915,40.465,0,393,1200,None,None,None,None,None,None,None,None,None,None,None,None,None,None,LTE,213,26,0.12206572769953052,202,25,0.12376237623762376,0.2741257142857143,0.16265381452518055,0.07314285714285713,0.16045714285714285,0.18,0.225,0.29714285714285715,0.5120571428571433,0.785,17.555531428571427,5.848098525722977,7.361142857142857,10.32437142857143,14.40537142857143,15.309,15.3904,15.5852,16.043,17.82462857142857,19.31405714285714,20.584,21.147400000000005,25.3838,32.46171428571429,4.1572000000000005,5.327079890521635,0.0,0.0,0.0,3.89,5.33,8.050000000000002,25.5,
-86.915,40.465,0,408,1001,372,125290,None,None,None,None,None,None,None,None,None,None,None,None,LTE+Sub6,213,1,0.004694835680751174,202,1,0.0049504950495049506,0.163,0.0,0.163,0.163,0.163,0.163,0.163,0.163,0.163,15.361,0.0,15.361,15.361,15.361,15.361,15.361,15.361,15.361,15.361,15.361,15.361,15.361,15.361,15.361,0.0,0.0,0.0,0.0,0.0,0.0,0.0,0.0,0.0,
-86.915,40.465,0,393,1200,121,125290,None,None,None,None,None,None,None,None,None,None,None,None,LTE+Sub6,213,17,0.07981220657276995,202,17,0.08415841584158416,0.1168235294117647,0.041856283279433956,0.028571428571428574,0.06485714285714286,0.091,0.136,0.143,0.1616,0.183,8.69972268907563,3.447511278870105,3.3108571428571425,4.534,5.8702000000000005,6.399,6.519571428571428,6.7858,8.652,9.099599999999999,11.5392,11.568,11.8848,12.795085714285715,15.801,4.991176470588236,1.1041519628626422,4.0,4.0,4.0,4.52,5.7,6.988,7.14,
-86.915,40.465,0,393,1200,403,125290,408,1001,None,None,None,None,None,None,None,None,None,None,LTE+Sub6,213,1,0.004694835680751174,202,1,0.0049504950495049506,0.916,0.0,0.916,0.916,0.916,0.916,0.916,0.916,0.916,18.79,0.0,18.79,18.79,18.79,18.79,18.79,18.79,18.79,18.79,18.79,18.79,18.79,18.79,18.79,18.15,0.0,18.15,18.15,18.15,18.15,18.15,18.15,18.15,
-86.915,40.465,0,47,1200,None,None,50,1001,None,None,None,None,None,None,None,None,None,None,LTE,213,5,0.023474178403755867,202,5,0.024752475247524754,0.12517142857142854,0.041968540209863604,0.07,0.0776,0.089,0.12342857142857143,0.164,0.17325714285714286,0.1794285714285714,9.806714285714285,5.249195193512223,6.279,6.481914285714286,6.684828571428572,6.7862857142857145,6.870028571428572,7.037514285714286,7.205,7.7506,8.2962,8.569,10.894057142857145,15.544171428571428,20.194285714285712,3.128,1.5663894790249326,0.0,1.508,3.77,3.87,4.0,4.0,4.0,
-86.915,40.465,0,47,1200,121,125290,50,1001,None,None,None,None,None,None,None,None,None,None,LTE+Sub6,213,5,0.023474178403755867,202,5,0.024752475247524754,0.0498,0.021683173199511182,0.008,0.0264,0.054,0.057,0.059,0.0662,0.071,3.5360285714285715,0.7607851229258535,2.6891428571428575,2.7654857142857145,2.8418285714285716,2.88,2.965,3.1350000000000002,3.305,3.621,3.937,4.095,4.2182,4.4646,4.711,4.9159999999999995,0.598183918205764,4.0,4.208,4.52,5.04,5.32,5.548,5.7,
-86.915,40.465,0,47,1200,359,125290,50,1001,None,None,None,None,None,None,None,None,None,None,LTE+Sub6,213,23,0.107981220657277,202,22,0.10891089108910891,0.17056493506493506,0.025075969073911845,0.121,0.14259999999999998,0.15557142857142855,0.16585714285714287,0.1939642857142857,0.20160000000000003,0.219,15.012389610389612,2.066507346814308,10.043,12.631499999999999,13.6278,13.73625,13.799142857142858,14.115942857142858,14.925,15.533657142857141,16.33902857142857,16.80525,17.0614,17.366899999999998,19.084,8.125909090909088,1.10202565178406,6.49,7.0040000000000004,7.31,7.915,8.6175,9.367,11.12,
-86.915,40.465,0,47,1200,479,125290,50,1001,None,None,None,None,None,None,None,None,None,None,LTE+Sub6,213,1,0.004694835680751174,202,1,0.0049504950495049506,0.163,0.0,0.163,0.163,0.163,0.163,0.163,0.163,0.163,18.038,0.0,18.038,18.038,18.038,18.038,18.038,18.038,18.038,18.038,18.038,18.038,18.038,18.038,18.038,10.31,0.0,10.31,10.31,10.31,10.31,10.31,10.31,10.31,
-86.915,40.465,0,393,66736,479,125290,None,None,None,None,None,None,None,None,None,None,None,None,LTE+Sub6,213,1,0.004694835680751174,202,0,0.0,0,0,0,0,0,0,0,0,0,0,0,0,0,0,0,0,0,0,0,0,0,0,0,0,0,0,0,0,0,0,0,0,0,
-86.915,40.465,0,393,1200,479,125290,None,None,None,None,None,None,None,None,None,None,None,None,LTE+Sub6,213,6,0.028169014084507043,202,6,0.0297029702970297,0.16833333333333333,0.049079462617205284,0.104,0.11771428571428572,0.13228571428571428,0.16092857142857142,0.20199999999999999,0.22635714285714287,0.24571428571428572,17.66342857142857,5.805025751845709,10.175,11.069785714285715,11.96457142857143,12.504285714285714,13.044,14.12342857142857,17.730214285714286,21.337,22.214785714285714,22.65367857142857,23.09257142857143,24.190285714285714,25.288,8.118333333333334,3.243246401712676,3.92,4.475,5.46,7.67,10.9825,12.21,12.64,
-86.915,40.465,0,393,1200,359,125290,None,None,None,None,None,None,None,None,None,None,None,None,LTE+Sub6,213,47,0.22065727699530516,202,44,0.21782178217821782,0.0998831168831169,0.04694624756281785,0.032,0.04172857142857143,0.06874999999999999,0.09485714285714286,0.1304642857142857,0.1533,0.255,7.624818181818182,3.0994762877335096,2.009,3.2316,4.6852,4.9595,5.352228571428571,6.8392,8.836,9.0554,9.656185714285714,9.95475,10.2244,11.351700000000003,12.753,6.511136363636362,2.0090015791535163,3.92,4.039,4.404999999999999,6.38,8.33,9.407,10.04,
-86.915,40.4645,0,None,None,372,125290,None,None,None,None,None,None,None,None,None,None,None,None,LTE+Sub6,94,3,0.031914893617021274,87,2,0.022988505747126436,0.20514285714285713,0.00514285714285713,0.2,0.20102857142857145,0.20257142857142857,0.20514285714285713,0.2077142857142857,0.20925714285714284,0.21028571428571427,19.145142857142858,0.6594285714285704,18.485714285714288,18.617600000000003,18.749485714285715,18.815428571428573,18.88137142857143,19.013257142857142,19.145142857142858,19.277028571428573,19.408914285714285,19.474857142857143,19.5408,19.672685714285713,19.80457142857143,10.99,1.2599999999999998,9.73,9.982000000000001,10.36,10.99,11.620000000000001,11.998,12.25,
-86.915,40.4645,0,393,1200,372,125290,None,None,None,None,None,None,None,None,None,None,None,None,LTE+Sub6,94,54,0.574468085106383,87,51,0.5862068965517241,0.22077030812324927,0.07857978605121957,0.046,0.085,0.1895,0.248,0.265,0.289,0.38857142857142857,34.89355182072829,15.226840169221955,5.713,8.391,14.021714285714285,27.412857142857142,34.449,38.511,41.538,42.697,44.275,45.775999999999996,47.014,49.303,54.435428571428574,5.217254901960783,1.8963908739470607,3.0,3.28,4.0,4.62,6.06,7.56,10.81,
-86.915,40.4645,0,47,1200,None,None,50,1001,None,None,None,None,None,None,None,None,None,None,LTE,94,9,0.09574468085106383,87,8,0.09195402298850575,0.12133928571428572,0.02687973380235962,0.08571428571428572,0.08661428571428571,0.09375,0.125,0.1465,0.151,0.158,6.545446428571428,0.6912487607011808,5.786,5.8328999999999995,5.9002,5.9415,5.9828,6.0654,6.375,6.709371428571428,6.878671428571429,7.018892857142857,7.181342857142857,7.477014285714286,7.733714285714285,3.77125,0.30767017648774475,3.0,3.525,3.7725,3.8200000000000003,4.0,4.0,4.0,
-86.915,40.4645,0,393,1200,121,125290,None,None,None,None,None,None,None,None,None,None,None,None,LTE+Sub6,94,3,0.031914893617021274,87,3,0.034482758620689655,0.08642857142857142,0.020175083980133568,0.0662857142857143,0.06882857142857143,0.07264285714285715,0.079,0.0965,0.10700000000000001,0.114,6.05352380952381,0.5263744604009186,5.316571428571429,5.519457142857143,5.722342857142857,5.823785714285714,5.925228571428572,6.128114285714286,6.331,6.3674,6.4038,6.422000000000001,6.4402,6.4766,6.513,3.783333333333333,0.2854625875467553,3.38,3.4979999999999998,3.675,3.97,3.9850000000000003,3.994,4.0,
-86.915,40.4645,0,393,1200,359,125290,None,None,None,None,None,None,None,None,None,None,None,None,LTE+Sub6,94,15,0.1595744680851064,87,14,0.16091954022988506,0.12250000000000001,0.03467604133354322,0.05942857142857143,0.0747,0.10475,0.1215,0.15096428571428572,0.1616,0.185,9.737428571428572,3.177550134022657,3.8605714285714283,6.2090000000000005,6.6432,7.2735,8.5722,9.0368,9.400500000000001,9.8034,12.253357142857144,12.385678571428572,12.629485714285716,13.362057142857143,15.572,5.777142857142857,1.8302163360473795,4.0,4.0,4.282500000000001,5.515000000000001,6.145,8.442000000000002,10.15,
-86.915,40.4645,0,393,1200,479,125290,None,None,None,None,None,None,None,None,None,None,None,None,LTE+Sub6,94,10,0.10638297872340426,87,9,0.10344827586206896,0.18736507936507935,0.06386046691078914,0.083,0.09888571428571429,0.15428571428571428,0.195,0.2057142857142857,0.2772,0.282,19.749142857142857,7.227258156944457,8.777,9.434485714285715,14.178057142857142,17.23085714285714,17.467314285714284,17.855314285714286,17.988571428571426,21.289142857142856,23.911542857142855,25.109714285714286,26.134228571428572,28.4228,31.43,6.392222222222222,3.516910821785941,3.95,3.966,4.0,5.29,7.7,9.368,15.44,
-86.915,40.464,0,None,None,372,125290,None,None,None,None,None,None,None,None,None,None,None,None,LTE+Sub6,195,3,0.015384615384615385,185,3,0.016216216216216217,0.1793809523809524,0.04578214209872004,0.12114285714285714,0.1337142857142857,0.15257142857142858,0.184,0.20850000000000002,0.2232,0.233,18.298619047619045,3.6067294517150135,14.590857142857143,15.096485714285715,15.602114285714286,15.854928571428571,16.107742857142856,16.61337142857143,17.119,18.3324,19.5458,20.1525,20.7592,21.9726,23.186,9.74,2.471854904048105,7.2,7.546,8.065,8.93,11.01,12.258,13.09,
-86.915,40.464,0,393,1200,372,125290,None,None,None,None,None,None,None,None,None,None,None,None,LTE+Sub6,195,178,0.9128205128205128,185,168,0.9081081081081082,0.23791156462585034,0.06131930360008514,0.09142857142857143,0.1732,0.21353571428571427,0.2355,0.26085714285714284,0.2851000000000001,0.7268571428571429,38.97858333333333,10.088318579573992,14.181714285714285,25.7162,29.961428571428574,31.881500000000003,32.487899999999996,36.98342857142857,40.04221428571429,42.14297142857143,45.2572,46.27525,47.377199999999995,50.99880000000001,66.34742857142857,3.892857142857143,1.4040770324042662,3.0,3.0,3.0,3.085,4.2175,6.223,9.35,
-86.915,40.464,0,47,1200,372,125290,50,1001,None,None,None,None,None,None,None,None,None,None,LTE+Sub6,195,2,0.010256410256410256,185,2,0.010810810810810811,0.2069285714285714,7.142857142856951e-05,0.20685714285714285,0.20687142857142857,0.20689285714285713,0.2069285714285714,0.2069642857142857,0.20698571428571427,0.207,34.8495,5.105499999999999,29.744,30.7651,31.7862,32.29675,32.8073,33.8284,34.8495,35.870599999999996,36.8917,37.402249999999995,37.9128,38.9339,39.955,5.855,0.14500000000000002,5.71,5.739,5.7825,5.855,5.9275,5.971,6.0,
-86.915,40.464,0,47,1200,None,None,50,1001,None,None,None,None,None,None,None,None,None,None,LTE,195,10,0.05128205128205128,185,10,0.05405405405405406,0.17781428571428567,0.08473688087009006,0.071,0.09889999999999999,0.11425,0.16257142857142856,0.19475,0.30879999999999996,0.352,16.11852857142857,6.416236099926498,8.771,10.2389,10.466,10.81492857142857,11.414200000000001,12.036485714285716,14.322785714285715,17.526342857142854,19.5738,20.247,20.6532,21.758099999999995,30.543,3.469,2.3787788884215364,0.0,0.0,0.9375,4.25,5.375,5.512,6.34,
-86.915,40.464,0,393,1200,479,125290,None,None,None,None,None,None,None,None,None,None,None,None,LTE+Sub6,195,2,0.010256410256410256,185,2,0.010810810810810811,0.21257142857142858,0.049142857142857155,0.16342857142857142,0.17325714285714286,0.188,0.21257142857142858,0.23714285714285716,0.2518857142857143,0.26171428571428573,22.810285714285712,7.740571428571427,15.069714285714285,16.61782857142857,18.165942857142856,18.939999999999998,19.714057142857143,21.262171428571428,22.810285714285712,24.358399999999996,25.906514285714284,26.680571428571426,27.45462857142857,29.002742857142856,30.55085714285714,5.455,0.8849999999999998,4.57,4.747,5.0125,5.455,5.8975,6.163,6.34,
-86.915,40.4635,0,None,None,372,125290,None,None,None,None,None,None,None,None,None,None,None,None,LTE+Sub6,68,3,0.04411764705882353,65,3,0.046153846153846156,0.20733333333333334,0.010656244908763853,0.195,0.19720000000000001,0.2005,0.206,0.2135,0.218,0.221,17.003333333333334,2.049269517549011,15.13,15.309000000000001,15.488,15.5775,15.667,15.845999999999998,16.025,16.791,17.557,17.939999999999998,18.323,19.089,19.855,12.136666666666665,1.60044438273319,10.19,10.574,11.149999999999999,12.11,13.11,13.709999999999999,14.11,
-86.915,40.4635,0,47,1200,372,125290,None,None,None,None,None,None,None,None,None,None,None,None,LTE+Sub6,68,15,0.22058823529411764,65,14,0.2153846153846154,0.24446938775510207,0.02240902752877747,0.195,0.2118,0.23667857142857143,0.2501428571428571,0.2610357142857143,0.2645,0.278,50.78612244897959,8.21576916646689,34.274,37.908114285714284,43.81688571428571,45.6825,49.238,51.449714285714286,52.684,54.705485714285714,55.401399999999995,56.8795,57.80045714285714,59.10954285714286,61.75085714285714,3.6550000000000002,1.7022915227925648,3.0,3.0,3.0,3.05,3.4400000000000004,3.7660000000000005,9.72,
-86.915,40.4635,0,393,1200,372,125290,None,None,None,None,None,None,None,None,None,None,None,None,LTE+Sub6,68,40,0.5882352941176471,65,38,0.5846153846153846,0.20771052631578946,0.05375905475992952,0.05142857142857143,0.1376,0.176,0.21757142857142858,0.246,0.2667428571428572,0.305,33.826492481203,11.750987579983994,17.462857142857143,20.490485714285715,25.740000000000002,26.4645,27.607085714285716,29.206514285714285,30.479,36.35008571428571,38.035399999999996,38.36,38.98108571428572,46.43268571428575,71.28114285714285,5.423684210526316,2.9205140328487516,3.0,3.0,3.0,4.335,7.095000000000001,9.868,14.67,
-86.915,40.4635,0,47,1200,372,125290,50,1001,None,None,None,None,None,None,None,None,None,None,LTE+Sub6,68,10,0.14705882352941177,65,10,0.15384615384615385,0.1802,0.023111901695879546,0.142,0.15922857142857144,0.166,0.1735,0.19849999999999998,0.2127,0.219,34.1832,6.399593380322643,24.026285714285713,28.54672857142857,29.0746,29.530749999999998,30.3403,30.883599999999998,31.24585714285714,34.80382857142857,40.1149,40.88575,41.492,42.3021,43.185,4.178,1.5520231957029509,3.0,3.0,3.1375,3.5949999999999998,4.5649999999999995,5.519999999999999,8.31,
-86.915,40.463,0,None,None,372,125290,None,None,None,None,None,None,None,None,None,None,None,None,LTE+Sub6,44,3,0.06818181818181818,41,3,0.07317073170731707,0.21233333333333335,0.009741092797468313,0.204,0.20459999999999998,0.2055,0.207,0.2165,0.2222,0.226,19.371666666666666,1.054732298842803,18.502,18.553,18.604,18.6295,18.655,18.706,18.757,19.1768,19.596600000000002,19.8065,20.0164,20.436200000000003,20.856,9.86,1.4033531273346707,8.61,8.718,8.879999999999999,9.15,10.485,11.286,11.82,
-86.915,40.463,0,47,1200,372,125290,None,None,None,None,None,None,None,None,None,None,None,None,LTE+Sub6,44,41,0.9318181818181818,41,38,0.926829268292683,0.22353383458646622,0.039665528086471426,0.11085714285714286,0.17812857142857141,0.19521428571428573,0.232,0.2515357142857143,0.26607142857142857,0.296,42.581526315789475,11.661902430048691,19.887,28.040114285714285,32.25228571428571,34.19171428571429,35.3695,38.67082857142857,44.1635,46.3458,49.82917142857143,50.46753571428572,51.5392,56.859800000000014,67.484,4.637631578947369,2.1629298285458307,3.0,3.0,3.1375,3.65,5.1125,8.058,10.31,
-86.915,40.4625,0,None,None,372,125290,None,None,None,None,None,None,None,None,None,None,None,None,LTE+Sub6,454,98,0.21585903083700442,390,92,0.2358974358974359,0.14622360248447205,0.040476916775319303,0.045,0.09318571428571429,0.11735714285714285,0.151,0.17825,0.19594285714285714,0.232,11.046110248447205,4.578129515844162,2.041,5.9517999999999995,6.933657142857142,7.3652500000000005,8.187171428571428,9.3608,10.532571428571428,11.992257142857143,13.1824,13.642,14.32,17.047271428571428,27.192,9.084456521739131,3.4141334644865644,3.38,4.732,6.1075,9.295,11.7025,13.927,16.08,
-86.915,40.4625,0,None,None,403,125290,None,None,None,None,None,None,None,None,None,None,None,None,LTE+Sub6,454,27,0.05947136563876652,390,25,0.0641025641025641,0.23150857142857142,0.035724091910881973,0.141,0.1854,0.21485714285714286,0.235,0.24685714285714286,0.26697142857142864,0.323,23.88226285714286,3.981486891300786,15.264,19.161,20.377257142857143,22.156,22.42617142857143,23.0044,24.254,24.465600000000002,24.841257142857142,26.47657142857143,26.784228571428574,28.197142857142858,35.01,6.34,1.5553829110543806,4.04,4.9239999999999995,5.28,5.94,7.13,7.776000000000002,11.35,
-86.915,40.4625,0,393,1200,372,125290,None,None,None,None,None,None,None,None,None,None,None,None,LTE+Sub6,454,101,0.22246696035242292,390,95,0.24358974358974358,0.18511445279866331,0.06296505685134154,0.05714285714285715,0.1274,0.1502857142857143,0.187,0.214,0.22834285714285715,0.64,24.55097226399332,7.53354644954792,8.827,14.3372,17.866857142857143,18.768,20.387685714285713,23.064742857142857,24.833,26.4066,28.057057142857143,29.247500000000002,30.992,33.44554285714286,48.251,5.849263157894735,2.351273447620409,3.0,3.0,3.46,5.72,7.52,9.282,11.5,
-86.915,40.4625,0,47,1200,372,125290,None,None,None,None,None,None,None,None,None,None,None,None,LTE+Sub6,454,58,0.1277533039647577,390,55,0.14102564102564102,0.21843636363636362,0.04489497468422778,0.12457142857142857,0.1734,0.19192857142857145,0.21485714285714286,0.24792857142857144,0.26280000000000003,0.348,38.147668975468974,13.402824196139074,13.347428571428571,18.7798,26.13417142857143,30.67157142857143,32.0284,35.245000000000005,37.279,41.1946,45.86102857142857,47.763999999999996,48.7352,54.11382857142857,76.015,5.328727272727273,2.565862643914911,3.0,3.0,3.09,4.56,6.84,9.362,13.54,
-86.915,40.4625,0,47,1200,372,125290,50,1001,None,None,None,None,None,None,None,None,None,None,LTE+Sub6,454,87,0.19162995594713655,390,62,0.15897435897435896,0.2380084485407066,0.06635486031700162,0.056,0.176,0.21225,0.239,0.26060714285714287,0.29,0.5885714285714285,45.45002764976958,14.500098761980942,6.222,28.894514285714287,38.114628571428575,39.37932142857143,40.6134,44.3624,46.83521428571429,49.68697142857143,53.1585,54.08571428571429,54.73851428571429,61.56691428571428,77.803,4.429354838709678,2.214893772278162,0.0,3.0,3.065,3.635,5.279999999999999,7.435,10.57,
-86.915,40.4625,0,47,1200,None,None,50,1001,None,None,None,None,None,None,None,None,None,None,LTE,454,9,0.019823788546255508,390,3,0.007692307692307693,0.1552857142857143,0.09891293498568826,0.03428571428571429,0.058428571428571434,0.09464285714285714,0.155,0.2157857142857143,0.25225714285714285,0.2765714285714286,3.709571428571428,2.3904815869793,0.7211428571428571,1.3439142857142858,1.9666857142857144,2.2780714285714287,2.5894571428571425,3.2122285714285717,3.835,4.382514285714286,4.930028571428571,5.203785714285714,5.477542857142857,6.0250571428571424,6.572571428571428,0.0,0.0,0.0,0.0,0.0,0.0,0.0,0.0,0.0,
-86.915,40.4625,0,47,1200,147,520110,50,1001,None,None,None,None,None,None,None,None,None,None,LTE+Sub6,454,2,0.004405286343612335,390,1,0.002564102564102564,0.194,0.0,0.194,0.194,0.194,0.194,0.194,0.194,0.194,2.812,0.0,2.812,2.812,2.812,2.812,2.812,2.812,2.812,2.812,2.812,2.812,2.812,2.812,2.812,0.0,0.0,0.0,0.0,0.0,0.0,0.0,0.0,0.0,
-86.915,40.4625,0,47,1200,10,520110,50,1001,None,None,None,None,None,None,None,None,None,None,LTE+Sub6,454,10,0.022026431718061675,390,0,0.0,0,0,0,0,0,0,0,0,0,0,0,0,0,0,0,0,0,0,0,0,0,0,0,0,0,0,0,0,0,0,0,0,0,
-86.915,40.4625,0,47,1200,403,125290,50,1001,None,None,None,None,None,None,None,None,None,None,LTE+Sub6,454,1,0.0022026431718061676,390,1,0.002564102564102564,0.106,0.0,0.106,0.106,0.106,0.106,0.106,0.106,0.106,3.647,0.0,3.647,3.647,3.647,3.647,3.647,3.647,3.647,3.647,3.647,3.647,3.647,3.647,3.647,3.6,0.0,3.6,3.6,3.6,3.6,3.6,3.6,3.6,
-86.915,40.4625,0,304,1200,403,125290,None,None,None,None,None,None,None,None,None,None,None,None,LTE+Sub6,454,5,0.011013215859030838,390,4,0.010256410256410256,0.19739285714285712,0.01811960686828565,0.18057142857142858,0.1819,0.18389285714285714,0.191,0.20450000000000002,0.21800000000000003,0.227,34.99542857142857,10.067023739894122,18.053714285714285,23.776600000000002,29.49948571428572,32.36092857142857,35.22237142857143,37.894800000000004,39.042,40.1892,41.243,41.676500000000004,42.11,42.977000000000004,43.844,4.220000000000001,0.5548423199432431,3.26,3.635,4.1975,4.52,4.5425,4.565,4.58,
-86.915,40.4625,0,304,1200,372,125290,412,67011,448,1001,None,None,None,None,None,None,None,None,LTE+Sub6,454,1,0.0022026431718061676,390,1,0.002564102564102564,0.212,0.0,0.212,0.212,0.212,0.212,0.212,0.212,0.212,20.498,0.0,20.498,20.498,20.498,20.498,20.498,20.498,20.498,20.498,20.498,20.498,20.498,20.498,20.498,13.83,0.0,13.83,13.83,13.83,13.83,13.83,13.83,13.83,
-86.915,40.4625,0,50,1001,372,125290,47,66736,None,None,None,None,None,None,None,None,None,None,LTE+Sub6,454,55,0.1211453744493392,390,51,0.13076923076923078,0.2528319327731092,0.049178271275555664,0.16228571428571428,0.194,0.21057142857142858,0.25485714285714284,0.2885,0.301,0.415,48.642044817927165,10.484848684781733,30.021,36.776,39.766,40.094857142857144,40.534,44.97,47.99771428571428,52.203,54.325,55.685,56.65,60.581714285714284,74.856,6.136666666666666,2.141996198040113,3.0,3.39,4.5,5.91,7.25,8.8,12.0,
-86.9145,40.4625,0,None,None,372,125290,None,None,None,None,None,None,None,None,None,None,None,None,LTE+Sub6,46,17,0.3695652173913043,43,16,0.37209302325581395,0.1016875,0.03682065673120656,0.052,0.06057142857142857,0.06874999999999999,0.09407142857142857,0.12710714285714286,0.1587857142857143,0.166,6.050437499999999,2.29679964313076,2.555,3.339,3.9154285714285715,3.9676071428571427,4.535,5.130285714285715,5.772285714285714,6.566,7.1305,7.61175,8.091,9.489857142857144,10.016,10.311250000000001,2.5464629267868792,5.63,7.535,8.620000000000001,10.17,12.1375,13.184999999999999,15.84,
-86.9145,40.4625,0,50,1001,372,125290,47,66736,None,None,None,None,None,None,None,None,None,None,LTE+Sub6,46,1,0.021739130434782608,43,1,0.023255813953488372,0.125,0.0,0.125,0.125,0.125,0.125,0.125,0.125,0.125,11.687,0.0,11.687,11.687,11.687,11.687,11.687,11.687,11.687,11.687,11.687,11.687,11.687,11.687,11.687,4.38,0.0,4.38,4.38,4.38,4.38,4.38,4.38,4.38,
-86.9145,40.4625,0,47,1200,372,125290,None,None,None,None,None,None,None,None,None,None,None,None,LTE+Sub6,46,18,0.391304347826087,43,16,0.37209302325581395,0.1851607142857143,0.052010175490877136,0.113,0.1205,0.1505,0.174,0.21396428571428572,0.2571428571428571,0.292,19.85844642857143,6.498593848663356,10.809,13.750857142857143,14.89,15.64525,16.156,16.572,17.9315,19.662857142857142,21.894,23.250464285714287,23.42285714285714,28.135357142857146,36.643,7.029375,3.3537655492557916,0.0,3.755,5.7700000000000005,6.98,8.427499999999998,9.35,16.26,
-86.9145,40.4625,0,393,1200,372,125290,None,None,None,None,None,None,None,None,None,None,None,None,LTE+Sub6,46,10,0.21739130434782608,43,10,0.23255813953488372,0.19188571428571427,0.055547508623571176,0.102,0.1353,0.1665,0.174,0.2262857142857143,0.24587142857142855,0.309,22.786814285714286,10.375441461579022,11.132,12.1031,12.783,13.651,14.956,18.433,22.2915,24.83462857142857,26.47245714285714,27.978285714285715,29.07382857142857,31.778442857142853,46.797,7.398999999999999,2.560271274689461,3.66,4.893000000000001,5.44,6.91,9.235,10.592,12.32,
-86.914,40.4625,0,None,None,372,125290,None,None,None,None,None,None,None,None,None,None,None,None,LTE+Sub6,67,42,0.6268656716417911,63,39,0.6190476190476191,0.12693772893772892,0.04502196446191849,0.039,0.08182857142857143,0.091,0.124,0.1575,0.18177142857142858,0.274,9.621084249084248,5.265275800524773,1.482,4.606,5.654800000000001,5.986000000000001,6.3748,7.2138,8.594,9.331,11.376514285714284,11.947,13.20694285714286,17.080571428571428,27.975,10.315384615384616,3.2908410943832065,4.24,5.414,7.75,10.9,12.12,14.783999999999999,17.06,
-86.914,40.4625,0,50,1001,None,None,47,66736,None,None,None,None,None,None,None,None,None,None,LTE,67,16,0.23880597014925373,63,15,0.23809523809523808,0.14719047619047615,0.037666010469270594,0.064,0.09165714285714287,0.13264285714285715,0.157,0.17064285714285715,0.18137142857142857,0.21028571428571427,20.55704761904762,5.391465801387257,10.644,13.66537142857143,16.2064,17.296999999999997,18.0752,19.085485714285717,20.11,22.193428571428573,22.675314285714286,24.1425,25.803428571428576,27.38145714285714,30.084571428571426,1.1353333333333333,1.894408849453805,0.0,0.0,0.0,0.0,2.0,4.042,4.96,
-86.914,40.4625,0,50,1001,403,125290,47,66736,None,None,None,None,None,None,None,None,None,None,LTE+Sub6,67,1,0.014925373134328358,63,1,0.015873015873015872,0.15,0.0,0.15,0.15,0.15,0.15,0.15,0.15,0.15,19.772,0.0,19.772,19.772,19.772,19.772,19.772,19.772,19.772,19.772,19.772,19.772,19.772,19.772,19.772,10.4,0.0,10.4,10.4,10.4,10.4,10.4,10.4,10.4,
-86.914,40.4625,0,50,1001,372,125290,47,66736,None,None,None,None,None,None,None,None,None,None,LTE+Sub6,67,8,0.11940298507462686,63,8,0.12698412698412698,0.18937500000000002,0.03195468231634882,0.143,0.14859999999999998,0.16032142857142856,0.19428571428571428,0.219,0.2256,0.227,31.06944642857143,8.766164988715133,15.156,20.622,23.631542857142858,24.215142857142858,25.257600000000004,29.636800000000004,33.2995,36.279399999999995,38.2688,38.58275,38.624399999999994,39.6641,41.979,7.143750000000001,1.7970874874362683,3.96,5.122,6.1075,7.155,8.3725,9.118,10.0,
-86.914,40.462,0,None,None,372,125290,None,None,None,None,None,None,None,None,None,None,None,None,LTE+Sub6,76,35,0.4605263157894737,67,29,0.43283582089552236,0.09978325123152709,0.038096854617194476,0.03428571428571429,0.0576,0.07428571428571429,0.09142857142857143,0.11885714285714286,0.15139999999999998,0.184,5.993241379310344,2.735528211424803,0.59,2.6468,4.249428571428572,4.372,4.8134,5.423542857142857,5.72,6.0934,6.6774,7.132,7.4754,9.506599999999999,13.08457142857143,5.831724137931034,2.108240104374552,4.01,4.104,4.23,5.0,6.1,9.956,11.25,
-86.914,40.462,0,47,1200,372,125290,None,None,None,None,None,None,None,None,None,None,None,None,LTE+Sub6,76,27,0.35526315789473684,67,25,0.373134328358209,0.19046857142857143,0.029782381314036897,0.126,0.15660000000000002,0.1737142857142857,0.19,0.20914285714285713,0.22640000000000002,0.261,24.766931428571432,5.994257009208132,14.524,17.97622857142857,19.15102857142857,21.344,21.52388571428571,23.738285714285716,25.062,26.094628571428572,26.365199999999998,26.73257142857143,27.39505714285715,31.78165714285715,40.982,0.0,0.0,0.0,0.0,0.0,0.0,0.0,0.0,0.0,
-86.914,40.462,0,50,1001,372,125290,47,66736,None,None,None,None,None,None,None,None,None,None,LTE+Sub6,76,12,0.15789473684210525,67,11,0.16417910447761194,0.15835064935064935,0.022873805909717174,0.123,0.127,0.1355,0.165,0.17885714285714285,0.184,0.18514285714285714,22.139000000000003,3.4171483896493458,15.238,16.157,20.689,20.90564285714286,21.122285714285713,23.192,23.413,23.57257142857143,23.953142857142858,24.20357142857143,24.454,25.304,26.434,2.101818181818182,2.392301357505773,0.0,0.0,0.0,0.0,3.94,5.57,6.0,
-86.914,40.462,0,50,1001,None,None,47,66736,None,None,None,None,None,None,None,None,None,None,LTE,76,2,0.02631578947368421,67,2,0.029850746268656716,0.10457142857142858,0.009714285714285717,0.09485714285714286,0.09680000000000001,0.09971428571428573,0.10457142857142858,0.10942857142857143,0.11234285714285715,0.1142857142857143,22.1,1.7754285714285718,20.324571428571428,20.679657142857142,21.034742857142856,21.212285714285713,21.38982857142857,21.744914285714284,22.1,22.455085714285715,22.81017142857143,22.987714285714286,23.165257142857143,23.520342857142857,23.87542857142857,2.835,2.835,0.0,0.5670000000000001,1.4175,2.835,4.2524999999999995,5.103,5.67,
-86.914,40.4615,0,None,None,372,125290,None,None,None,None,None,None,None,None,None,None,None,None,LTE+Sub6,863,67,0.0776361529548088,719,63,0.08762169680111266,0.12427664399092972,0.049920077834976664,0.014857142857142857,0.06945714285714286,0.089,0.12,0.16,0.1892,0.272,7.436498866213152,3.686480184258382,0.721,2.9410285714285713,4.894142857142858,5.186642857142857,5.5418,6.046628571428571,6.724,7.6598,8.788514285714285,9.436071428571427,10.0552,12.02057142857143,20.372,6.282857142857143,2.4202987016045485,3.83,4.0,4.185,5.0,7.9350000000000005,9.954,13.23,
-86.914,40.4615,0,47,1200,None,None,None,None,None,None,None,None,None,None,None,None,None,None,LTE,863,7,0.008111239860950173,719,3,0.004172461752433936,0.1724285714285714,0.11156627632759572,0.026285714285714284,0.059828571428571425,0.11014285714285714,0.194,0.2455,0.2764,0.297,20.189095238095238,14.05890527876151,0.5942857142857143,5.889228571428571,11.184171428571428,13.831642857142857,16.479114285714285,21.774057142857142,27.069,28.236,29.403,29.9865,30.57,31.737000000000002,32.904,1.2433333333333334,1.758338862550548,0.0,0.0,0.0,0.0,1.865,2.984,3.73,
-86.914,40.4615,0,None,None,None,None,None,None,None,None,None,None,None,None,None,None,None,None,LTE,863,6,0.006952491309385863,719,1,0.0013908205841446453,0.22742857142857142,0.0,0.22742857142857142,0.22742857142857142,0.22742857142857142,0.22742857142857142,0.22742857142857142,0.22742857142857142,0.22742857142857142,0.39771428571428574,0.0,0.39771428571428574,0.39771428571428574,0.39771428571428574,0.39771428571428574,0.39771428571428574,0.39771428571428574,0.39771428571428574,0.39771428571428574,0.39771428571428574,0.39771428571428574,0.39771428571428574,0.39771428571428574,0.39771428571428574,0.0,0.0,0.0,0.0,0.0,0.0,0.0,0.0,0.0,
-86.914,40.4615,0,50,1001,None,None,None,None,None,None,None,None,None,None,None,None,None,None,LTE,863,17,0.019698725376593278,719,11,0.015299026425591099,0.12438383838383836,0.06911473834445743,0.028,0.05422222222222222,0.08249999999999999,0.109,0.144,0.248,0.256,23.736343434343436,15.772130808808889,0.335,0.792,11.769,12.18138888888889,12.593777777777778,23.657,25.392,26.133,29.341,32.209,35.077,43.082,52.928,0.0,0.0,0.0,0.0,0.0,0.0,0.0,0.0,0.0,
-86.914,40.4615,0,47,1200,372,125290,50,1001,None,None,None,None,None,None,None,None,None,None,LTE+Sub6,863,15,0.01738122827346466,719,15,0.02086230876216968,0.20279047619047616,0.09710096949384177,0.07428571428571429,0.10014285714285714,0.12,0.15771428571428572,0.29400000000000004,0.34091428571428567,0.352,23.47520952380953,14.053392266867096,10.369142857142856,12.136542857142857,12.187771428571429,12.314,12.487,13.066114285714285,13.944,21.55988571428572,32.957942857142854,33.33828571428572,35.18085714285715,45.1842,50.316,6.370666666666666,1.1948638230173159,4.38,4.7540000000000004,5.555,6.38,7.085,7.89,8.55,
-86.914,40.4615,0,47,1200,None,None,50,1001,None,None,None,None,None,None,None,None,None,None,LTE,863,13,0.015063731170336037,719,12,0.016689847009735744,0.2251904761904762,0.07281806452757413,0.16228571428571428,0.1696,0.17575,0.2,0.23099999999999998,0.2985,0.421,28.52447619047619,4.949209727108207,20.11,22.8419,22.9806,23.240750000000002,24.3364,27.7686,30.375999999999998,31.521800000000002,31.7333,31.954428571428572,32.408571428571435,33.48477142857143,36.126,0.625,2.072890493972125,0.0,0.0,0.0,0.0,0.0,0.0,7.5,
-86.914,40.4615,0,50,1001,372,125290,47,66736,None,None,None,None,None,None,None,None,None,None,LTE+Sub6,863,1,0.0011587485515643105,719,0,0.0,0,0,0,0,0,0,0,0,0,0,0,0,0,0,0,0,0,0,0,0,0,0,0,0,0,0,0,0,0,0,0,0,0,
-86.914,40.4615,0,47,1200,372,125290,None,None,None,None,None,None,None,None,None,None,None,None,LTE+Sub6,863,8,0.009269988412514484,719,8,0.011126564673157162,0.18260714285714286,0.018804682167709492,0.15085714285714286,0.16355714285714287,0.172,0.18,0.1935,0.207,0.214,22.836964285714288,5.2392613485410635,16.966,17.0082,17.874742857142856,18.61714285714286,19.260185714285715,20.049485714285712,21.646,23.6482,25.8574,26.431749999999997,26.794,28.9105,32.883,0.0,0.0,0.0,0.0,0.0,0.0,0.0,0.0,0.0,
-86.914,40.4615,0,248,1001,None,None,None,None,None,None,None,None,None,None,None,None,None,None,LTE,863,2,0.002317497103128621,719,0,0.0,0,0,0,0,0,0,0,0,0,0,0,0,0,0,0,0,0,0,0,0,0,0,0,0,0,0,0,0,0,0,0,0,0,
-86.914,40.4615,0,248,1001,700,125290,68,66736,None,None,None,None,None,None,None,None,None,None,LTE+Sub6,863,143,0.1657010428736964,719,135,0.18776077885952713,0.29133051146384487,0.11580332422764879,0.08457142857142858,0.2318,0.262,0.2857142857142857,0.3104285714285714,0.32680000000000003,1.499,55.75392698412698,13.714273880714325,9.690285714285714,37.9884,46.889199999999995,50.13,51.5092,54.7704,58.82628571428572,61.1018,62.792,64.03857142857143,65.365,70.67940000000002,79.786,3.032,0.20272513776412013,3.0,3.0,3.0,3.0,3.0,3.0,4.86,
-86.914,40.4615,0,248,1001,523,520110,68,66736,None,None,None,None,None,None,None,None,None,None,LTE+Sub6,863,33,0.038238702201622246,719,4,0.005563282336578581,0.10102380952380953,0.07768481365176108,0.034666666666666665,0.0348952380952381,0.035238095238095235,0.07221428571428572,0.138,0.19020000000000004,0.225,20.940214285714283,19.669979551751613,4.058,5.962657142857143,7.867314285714286,8.819642857142858,9.771971428571428,11.315885714285715,12.679428571428572,14.042971428571429,18.891199999999987,24.8,30.708800000000014,42.52640000000001,54.344,0.75,1.299038105676658,0.0,0.0,0.0,0.0,0.75,2.1000000000000005,3.0,
-86.914,40.4615,0,248,1001,None,None,68,66736,None,None,None,None,None,None,None,None,None,None,LTE,863,11,0.012746234067207415,719,2,0.0027816411682892906,0.986,0.75,0.236,0.386,0.611,0.986,1.361,1.586,1.736,30.115499999999997,1.3134999999999994,28.802,29.0647,29.3274,29.45875,29.5901,29.8528,30.115499999999997,30.3782,30.6409,30.77225,30.903599999999997,31.1663,31.429,0.0,0.0,0.0,0.0,0.0,0.0,0.0,0.0,0.0,
-86.914,40.4615,0,248,1001,743,520110,68,66736,None,None,None,None,None,None,None,None,None,None,LTE+Sub6,863,14,0.016222479721900347,719,0,0.0,0,0,0,0,0,0,0,0,0,0,0,0,0,0,0,0,0,0,0,0,0,0,0,0,0,0,0,0,0,0,0,0,0,
-86.914,40.4615,0,248,1001,721,520110,68,66736,None,None,None,None,None,None,None,None,None,None,LTE+Sub6,863,9,0.010428736964078795,719,0,0.0,0,0,0,0,0,0,0,0,0,0,0,0,0,0,0,0,0,0,0,0,0,0,0,0,0,0,0,0,0,0,0,0,0,
-86.914,40.4615,0,248,1001,314,520110,68,66736,None,None,None,None,None,None,None,None,None,None,LTE+Sub6,863,2,0.002317497103128621,719,0,0.0,0,0,0,0,0,0,0,0,0,0,0,0,0,0,0,0,0,0,0,0,0,0,0,0,0,0,0,0,0,0,0,0,0,
-86.914,40.4615,0,248,1001,556,520110,68,66736,None,None,None,None,None,None,None,None,None,None,LTE+Sub6,863,3,0.0034762456546929316,719,0,0.0,0,0,0,0,0,0,0,0,0,0,0,0,0,0,0,0,0,0,0,0,0,0,0,0,0,0,0,0,0,0,0,0,0,
-86.914,40.4615,0,None,None,700,125290,None,None,None,None,None,None,None,None,None,None,None,None,LTE+Sub6,863,479,0.5550405561993047,719,438,0.6091794158553546,0.23412796260056534,0.06764328278263083,0.079,0.17565714285714285,0.207,0.229,0.251,0.2740857142857143,0.863,18.24280387040661,6.059222880510785,3.37,10.4861,13.407200000000001,14.476321428571428,15.294385714285713,16.61034285714286,18.188000000000002,19.333142857142857,21.263185714285715,22.233,22.928228571428576,25.6131,47.951,5.8121689497716895,2.861666037515342,3.19,3.71,4.1325,4.725,6.3375,9.455000000000004,26.96,
-86.914,40.4615,0,None,None,9,129870,None,None,None,None,None,None,None,None,None,None,None,None,LTE+Sub6,863,33,0.038238702201622246,719,27,0.037552155771905425,0.24885714285714286,0.016508821710088214,0.211,0.2266,0.244,0.24914285714285714,0.2585,0.26154285714285713,0.292,21.300338624338625,3.2130226645175055,14.710857142857144,18.4834,18.82,19.0265,19.38077142857143,19.7356,20.483428571428572,21.381457142857144,22.851599999999998,23.433500000000002,24.1034,25.928800000000003,28.333,7.542222222222222,3.8836078427852634,4.16,4.686,5.0,5.64,8.995000000000001,12.922000000000004,18.23,
-86.913,40.4305,0,298,1001,400,512190,None,None,None,None,None,None,None,None,None,None,None,None,LTE+Sub6,3423,453,0.13234005258545137,1897,188,0.09910384818133895,0.07510916919959473,0.06872108486878817,0.0,0.006857142857142857,0.014857142857142857,0.0595,0.11,0.1723,0.324,10.403763171225938,11.767287771844025,0.102,0.5109714285714285,1.5401142857142858,2.096857142857143,2.5168,3.9982,5.627428571428571,7.728876190476191,12.392285714285714,14.057,16.796799999999998,28.540985714285718,54.916,0.10441489361702129,1.108116178999819,0.0,0.0,0.0,0.0,0.0,0.0,14.3,
-86.913,40.4305,0,298,1001,None,None,None,None,None,None,None,None,None,None,None,None,None,None,LTE,3423,313,0.09144025708442886,1897,222,0.11702688455455983,0.15741205491205493,0.10394692251520456,0.0,0.053842857142857144,0.096,0.153,0.20385714285714285,0.23170000000000002,0.9897142857142857,23.25132067782068,15.209387279209965,0.276,3.712428571428572,8.146600000000001,10.048,11.41302857142857,16.8642,21.42642857142857,26.153542857142856,32.31077142857143,34.619,39.96100000000001,46.0647,54.91,1.010810810810811,5.437627767600705,0.0,0.0,0.0,0.0,0.0,0.0,62.5,
-86.913,40.4305,0,298,1001,400,520110,None,None,None,None,None,None,None,None,None,None,None,None,LTE+Sub6,3423,938,0.2740286298568507,1897,155,0.08170795993674222,0.0760036866359447,0.07290182410229726,0.0,0.006342857142857143,0.01707142857142857,0.05942857142857143,0.12092857142857143,0.17479999999999998,0.409,10.930487557603685,12.677094692671051,0.1,0.4464,1.1715714285714285,1.6165714285714285,2.088685714285714,3.3276000000000003,5.554,8.406171428571428,13.311771428571427,14.682,19.946085714285715,31.842399999999994,54.227,0.0,0.0,0.0,0.0,0.0,0.0,0.0,0.0,0.0,
-86.913,40.4305,0,298,1001,None,None,None,None,None,None,460,5035,None,None,None,None,None,None,LTE,3423,22,0.006427110721589249,1897,12,0.0063257775434897206,0.14070238095238097,0.053901726473092174,0.0,0.07817142857142857,0.12278571428571429,0.164,0.17725,0.1828,0.198,25.014678571428572,12.813907400999023,0.6971428571428571,5.211414285714286,15.899800000000003,20.5715,22.960328571428573,23.678457142857145,23.9015,28.921799999999998,34.6333,36.204,37.3832,39.539100000000005,41.558,1.6916666666666667,5.610623603684551,0.0,0.0,0.0,0.0,0.0,0.0,20.3,
-86.913,40.4305,0,298,1001,385,125290,448,66736,1,67011,None,None,None,None,None,None,None,None,LTE+Sub6,3423,268,0.07829389424481449,1897,240,0.1265155508697944,0.32463650793650795,0.14154660264140842,0.066,0.16371428571428573,0.24332142857142855,0.312,0.3474285714285714,0.4952,0.8422857142857143,63.66778888888889,26.726664814654303,6.330285714285715,24.248400000000004,33.37394285714285,36.18207142857143,43.8738,65.21462857142858,74.23064285714285,78.7094,82.11749999999999,85.08775,87.4163142857143,93.47039999999998,102.702,8.435291666666666,4.043460759662514,0.0,4.0,5.635,8.254999999999999,10.445,12.764999999999999,31.75,
-86.913,40.4305,0,298,1001,None,None,448,66736,1,67011,None,None,None,None,None,None,None,None,LTE,3423,66,0.019281332164767746,1897,55,0.028993147074327884,0.18513766233766238,0.08878587346742682,0.07,0.10611428571428572,0.11657142857142858,0.1737142857142857,0.22885714285714287,0.2881428571428571,0.614,29.397903896103898,17.675358245325526,4.081,11.5928,13.7344,14.645,15.290171428571428,19.8296,25.324571428571428,31.770999999999997,35.21065714285714,41.87428571428571,46.13760000000001,55.841257142857145,74.09371428571428,4.867090909090909,7.579602213771397,0.0,0.0,0.0,0.0,8.3,14.042,38.9,
-86.913,40.4305,0,298,1001,None,None,448,66736,None,None,None,None,None,None,None,None,None,None,LTE,3423,147,0.04294478527607362,1897,99,0.0521876647337902,0.14672005772005772,0.0812466852023792,0.0,0.036,0.09921428571428573,0.14857142857142858,0.2015,0.2277714285714286,0.44342857142857145,23.921883116883116,17.385752392658667,0.48228571428571426,3.626333333333333,5.314057142857143,8.797785714285714,13.1248,15.375200000000001,19.269714285714286,26.41371428571428,32.913199999999996,39.05921428571429,44.42634285714286,49.3344,60.52,1.059090909090909,4.798556830798423,0.0,0.0,0.0,0.0,0.0,0.0,28.92,
-86.913,40.4305,0,298,1001,400,520110,448,66736,1,67011,460,5035,None,None,None,None,None,None,LTE+Sub6,3423,32,0.009348524685947998,1897,14,0.007380073800738007,0.06670408163265305,0.05498363033059502,0.0,0.010414285714285714,0.023392857142857142,0.05621428571428572,0.09878571428571428,0.14877142857142864,0.17485714285714285,9.846867346938778,8.966777793686738,0.145,0.5049,0.8140000000000001,1.624,3.2255999999999996,4.776885714285714,8.207928571428571,9.513371428571428,13.374842857142855,15.492821428571428,18.431657142857144,22.3551,28.39085714285714,0.0,0.0,0.0,0.0,0.0,0.0,0.0,0.0,0.0,
-86.913,40.4305,0,298,1001,None,None,448,66736,1,67011,460,5035,None,None,None,None,None,None,LTE,3423,65,0.018989190768331873,1897,52,0.027411702688455455,0.17861538461538462,0.1163699020873621,0.0,0.06550000000000002,0.12575,0.1645,0.2025,0.2561,0.7005714285714285,25.263793956043955,13.412839899831189,0.5142857142857143,7.4518,13.970285714285716,17.4235,19.8434,21.7952,25.6715,28.677742857142857,30.559657142857137,31.654214285714286,33.64165714285714,43.74637142857143,54.16685714285715,1.868653846153846,6.750690001441493,0.0,0.0,0.0,0.0,0.0,0.0,31.07,
-86.913,40.4305,0,298,1001,385,125290,1,67011,448,66736,None,None,None,None,None,None,None,None,LTE+Sub6,3423,504,0.147239263803681,1897,473,0.24934106483921983,0.3651458371086278,0.15241322902508167,0.006,0.2442,0.299,0.32571428571428573,0.36,0.6492952380952383,0.8925714285714286,72.36747604282021,18.45336707748436,0.609,48.50811428571429,60.748514285714286,67.511,70.93759999999999,74.74834285714286,78.227,80.53737142857143,83.18262857142857,84.35428571428571,85.5366,88.75314285714285,99.848,7.362177589852008,3.330050586275089,0.0,3.19,4.4,7.47,9.79,11.222000000000001,20.03,
-86.913,40.4305,0,298,1001,None,None,1,67011,448,66736,None,None,None,None,None,None,None,None,LTE,3423,66,0.019281332164767746,1897,60,0.0316288877174486,0.20249365079365084,0.07080679853353707,0.025333333333333333,0.1358857142857143,0.168,0.2034285714285714,0.22425,0.2463142857142857,0.5794285714285714,33.33638571428572,11.395660110137644,8.484,19.993000000000002,23.453714285714288,25.036,26.828042857142858,30.605314285714286,34.9495,36.341,39.1407,39.791,42.418514285714295,48.64351428571428,57.31314285714286,1.637,4.5510197758304685,0.0,0.0,0.0,0.0,0.0,8.811000000000002,24.82,
-86.913,40.4305,0,298,1001,None,None,1,67011,None,None,None,None,None,None,None,None,None,None,LTE,3423,36,0.010517090271691499,1897,22,0.011597258829731154,0.13788311688311686,0.06691211576610152,0.009,0.02337142857142857,0.09825,0.159,0.18214285714285713,0.21407142857142858,0.232,19.6158961038961,13.896612964240184,0.475,1.789,7.524342857142858,8.941785714285714,10.400085714285714,13.738714285714286,19.1965,22.9232,24.0439,27.35307142857143,33.147085714285716,41.80694285714287,45.969142857142856,0.0,0.0,0.0,0.0,0.0,0.0,0.0,0.0,0.0,
-86.913,40.4305,0,298,1001,385,125290,448,66736,460,5035,1,67011,None,None,None,None,None,None,LTE+Sub6,3423,36,0.010517090271691499,1897,34,0.017923036373220874,0.5588375350140056,0.265285692946125,0.06285714285714285,0.18109999999999998,0.2735,0.5891428571428571,0.7751428571428571,0.8523,0.9222857142857144,68.40989355742298,30.798248529030406,9.246857142857143,23.005942857142855,30.7072,33.54325,39.784299999999995,80.74034285714286,83.1955,83.73188571428571,92.34915714285715,94.28942857142857,96.02822857142857,97.6145142857143,101.665,8.453235294117647,3.7384935001306387,3.9,4.069,6.09,7.91,10.645,12.875,19.85,
-86.913,40.4305,0,298,1001,None,None,448,66736,460,5035,1,67011,None,None,None,None,None,None,LTE,3423,21,0.006134969325153374,1897,14,0.007380073800738007,0.185078231292517,0.08863450063417846,0.034666666666666665,0.0648,0.14685714285714285,0.17957142857142855,0.23710714285714285,0.27790000000000004,0.376,29.620353741496604,15.261216246058025,2.8306666666666667,8.7316,11.1264,15.293,22.17,28.083885714285717,35.80721428571429,36.514657142857146,39.03529999999999,43.301249999999996,45.3844,46.616,47.76342857142857,0.2857142857142857,1.0301575072754254,0.0,0.0,0.0,0.0,0.0,0.0,4.0,
-86.913,40.4305,0,298,1001,None,None,1,67011,460,5035,448,66736,None,None,None,None,None,None,LTE,3423,18,0.0052585451358457495,1897,11,0.005798629414865577,0.17196103896103895,0.05364246687077119,0.084,0.11085714285714286,0.13535714285714284,0.179,0.203,0.253,0.26,31.90238961038961,12.615299236406763,12.622,14.13257142857143,22.833,23.046214285714285,23.259428571428572,25.434285714285714,31.999,38.62,39.069,41.5405,44.012,48.102,50.843,7.669090909090909,11.396961680079041,0.0,0.0,0.0,0.0,11.14,12.69,39.64,
-86.913,40.4305,0,298,1001,400,512190,448,66736,1,67011,460,5035,None,None,None,None,None,None,LTE+Sub6,3423,38,0.011101373064563248,1897,12,0.0063257775434897206,0.128015873015873,0.1271631892269986,0.010285714285714287,0.014871428571428572,0.03032142857142857,0.10914285714285714,0.15375,0.2318,0.48,13.075845238095239,10.738419416254056,0.423,1.0053,1.5069714285714289,2.285142857142857,2.7657142857142856,7.558628571428576,15.545000000000002,17.71,18.3866,18.837678571428572,19.772914285714286,27.081700000000005,32.784,0.0,0.0,0.0,0.0,0.0,0.0,0.0,0.0,0.0,
-86.913,40.4305,0,298,1001,None,None,1,67011,448,66736,460,5035,None,None,None,None,None,None,LTE,3423,33,0.009640666082383873,1897,28,0.014760147601476014,0.2411173469387755,0.1382440908303897,0.028571428571428574,0.15374285714285715,0.19357142857142856,0.2247857142857143,0.256,0.2816,0.897,32.99981632653061,12.151756487742876,2.2125714285714286,18.575314285714285,23.794514285714286,24.823535714285715,26.267899999999997,28.4234,34.25449999999999,38.434799999999996,41.07828571428571,42.15328571428571,43.109,48.7017,51.227,1.325,5.032538056062198,0.0,0.0,0.0,0.0,0.0,0.0,24.47,
-86.913,40.4305,0,298,1001,None,None,448,66736,448,66736,460,5035,None,None,None,None,None,None,LTE,3423,4,0.0011685655857434998,1897,3,0.0015814443858724301,0.1399047619047619,0.021410256723601463,0.10971428571428571,0.11837142857142857,0.13135714285714284,0.153,0.155,0.1562,0.157,19.377952380952383,7.972355187937276,8.150857142857143,11.339885714285714,14.528914285714286,16.123428571428573,17.71794285714286,20.90697142857143,24.096,24.4542,24.8124,24.991500000000002,25.1706,25.5288,25.887,0.0,0.0,0.0,0.0,0.0,0.0,0.0,0.0,0.0,
-86.913,40.4305,0,298,1001,400,520110,None,None,None,None,460,5035,None,None,None,None,None,None,LTE+Sub6,3423,10,0.00292141396435875,1897,5,0.002635740643120717,0.01622857142857143,0.021238701678294555,0.0,0.002742857142857143,0.006857142857142857,0.008,0.008,0.03817142857142858,0.05828571428571429,1.8984285714285716,2.22885138534609,0.243,0.38808571428571426,0.5331714285714285,0.6057142857142856,0.6450285714285714,0.7236571428571429,0.8022857142857144,1.1094857142857144,1.416685714285714,1.5702857142857143,2.510400000000001,4.390628571428572,6.270857142857143,0.0,0.0,0.0,0.0,0.0,0.0,0.0,0.0,0.0,
-86.913,40.4305,0,298,1001,None,None,None,None,1,67011,None,None,None,None,None,None,None,None,LTE,3423,17,0.004966403739409875,1897,14,0.007380073800738007,0.10396938775510205,0.0355250570039706,0.016,0.0632,0.08475,0.11699999999999999,0.13339285714285715,0.139,0.13942857142857143,13.328224489795918,5.698707159841402,0.3291428571428572,7.5317,9.121542857142858,9.271678571428572,9.404557142857144,10.692000000000002,15.072,17.284,17.6085,17.97575,18.58677142857143,19.399628571428572,19.749,0.0,0.0,0.0,0.0,0.0,0.0,0.0,0.0,0.0,
-86.913,40.4305,0,298,1001,385,125290,448,66736,None,None,1,67011,None,None,None,None,None,None,LTE+Sub6,3423,23,0.006719252118025124,1897,22,0.011597258829731154,0.22272077922077926,0.05227630099907664,0.11085714285714286,0.14959999999999998,0.19725,0.2265,0.25925,0.28930000000000006,0.314,38.70288311688312,15.922666018089735,10.75542857142857,20.930985714285715,22.7636,26.267642857142857,28.6721,34.3372,38.4955,40.82834285714286,45.488,47.945,49.6322,60.06690000000002,76.322,11.556818181818183,4.0932887270880105,4.92,6.0329999999999995,9.5075,10.7,14.887500000000001,17.655,18.07,
-86.913,40.4305,0,298,1001,None,None,448,66736,None,None,1,67011,None,None,None,None,None,None,LTE,3423,5,0.001460706982179375,1897,3,0.0015814443858724301,0.2232857142857143,0.035762443721764625,0.191,0.19394285714285714,0.19835714285714284,0.2057142857142857,0.23942857142857144,0.2596571428571429,0.2731428571428572,44.03080952380952,13.769737394841721,30.433,32.097942857142854,33.762885714285716,34.59535714285714,35.42782857142857,37.09277142857143,38.757714285714286,43.58651428571429,48.41531428571428,50.82971428571429,53.24411428571429,58.07291428571428,62.901714285714284,0.0,0.0,0.0,0.0,0.0,0.0,0.0,0.0,0.0,
-86.913,40.4305,0,298,1001,400,520110,448,66736,1,67011,None,None,None,None,None,None,None,None,LTE+Sub6,3423,10,0.00292141396435875,1897,3,0.0015814443858724301,0.048666666666666664,0.027161731115453752,0.026,0.027428571428571427,0.029571428571428575,0.03314285714285715,0.06,0.07611428571428572,0.08685714285714285,3.282952380952381,3.096699531909692,0.818,0.9305142857142856,1.0430285714285714,1.0992857142857142,1.1555428571428572,1.2680571428571428,1.3805714285714286,2.6345142857142854,3.888457142857142,4.515428571428572,5.1424,6.396342857142858,7.650285714285714,0.0,0.0,0.0,0.0,0.0,0.0,0.0,0.0,0.0,
-86.913,40.4305,0,298,1001,400,512190,1,67011,448,66736,460,5035,None,None,None,None,None,None,LTE+Sub6,3423,17,0.004966403739409875,1897,6,0.0031628887717448603,0.06566666666666666,0.07665687603855853,0.0,0.0,0.0022857142857142855,0.039999999999999994,0.09196428571428572,0.157,0.215,9.47754761904762,13.315874523130638,0.3851428571428572,0.436,0.4868571428571428,0.5246428571428571,0.5624285714285714,0.638,1.804142857142857,2.970285714285714,9.324142857142856,12.501071428571429,15.678,26.192500000000003,36.707,0.0,0.0,0.0,0.0,0.0,0.0,0.0,0.0,0.0,
-86.913,40.4305,0,298,1001,400,512190,1,67011,448,66736,None,None,None,None,None,None,None,None,LTE+Sub6,3423,11,0.0032135553607946245,1897,5,0.002635740643120717,0.07028571428571428,0.07540952140391388,0.014857142857142857,0.01577142857142857,0.017142857142857144,0.022857142857142857,0.08457142857142858,0.16102857142857144,0.212,9.83577142857143,10.13205813272397,0.408,0.6644571428571429,0.9209142857142858,1.0491428571428572,2.3855999999999997,5.058514285714287,7.731428571428571,9.334171428571429,10.936914285714286,11.738285714285714,15.041028571428575,21.646514285714286,28.252,4.066,8.132,0.0,0.0,0.0,0.0,0.0,12.198,20.33,
-86.913,40.4305,0,None,None,None,None,None,None,None,None,None,None,None,None,None,None,None,None,LTE,3423,16,0.004674262342973999,1897,10,0.005271481286241434,0.4272857142857142,0.3150523701202188,0.13371428571428573,0.28491428571428573,0.3405714285714286,0.3525,0.36024999999999996,0.4761999999999996,1.351,34.342657142857135,12.53327597811815,0.168,24.029700000000002,31.496657142857146,33.65917857142857,35.38467142857142,37.0474,37.566500000000005,39.114,41.3739,41.68125,42.168,43.6644,45.756,11.876,2.374359703162097,10.21,10.291,10.66,11.355,11.685,12.749999999999998,18.78,
-86.913,40.4305,0,298,1001,400,512190,448,66736,None,None,None,None,None,None,None,None,None,None,LTE+Sub6,3423,36,0.010517090271691499,1897,13,0.006852925672113864,0.09315384615384616,0.06909269503489586,0.0,0.024,0.047,0.075,0.12342857142857143,0.192,0.235,5.9075494505494515,5.2300641668597025,0.1965714285714286,1.4654,1.8166000000000002,2.095,2.4796,3.569828571428572,4.094,6.499399999999999,7.738999999999999,8.096,8.486600000000001,9.228257142857144,20.901714285714288,0.0,0.0,0.0,0.0,0.0,0.0,0.0,0.0,0.0,
-86.913,40.4305,0,298,1001,385,125290,448,66736,1,67011,460,5035,None,None,None,None,None,None,LTE+Sub6,3423,28,0.0081799591002045,1897,27,0.014232999472851872,0.18065608465608468,0.0830396025989241,0.046,0.11154285714285714,0.139,0.169,0.20457142857142857,0.2356,0.5051428571428571,20.227707231040565,11.59289909315224,3.905,9.022866666666665,10.778742857142857,13.050857142857144,14.281371428571429,16.655885714285716,19.122285714285713,22.8904,23.6844,24.212,25.3172,27.113657142857143,65.001,10.192592592592591,3.239097488147417,3.74,6.202,7.7,10.8,12.395,14.076,17.36,
-86.913,40.4305,0,298,1001,400,520110,1,67011,448,66736,None,None,None,None,None,None,None,None,LTE+Sub6,3423,5,0.001460706982179375,1897,2,0.0010542962572482868,0.08207142857142857,0.05692857142857143,0.025142857142857144,0.03652857142857143,0.05360714285714286,0.08207142857142857,0.11053571428571429,0.12761428571428574,0.139,11.996928571428572,8.254071428571429,3.742857142857143,5.3936714285714285,7.044485714285715,7.869892857142857,8.6953,10.346114285714286,11.996928571428572,13.647742857142859,15.298557142857144,16.123964285714287,16.949371428571432,18.600185714285715,20.251,0.0,0.0,0.0,0.0,0.0,0.0,0.0,0.0,0.0,
-86.913,40.4305,0,298,1001,400,520110,1,67011,448,66736,460,5035,None,None,None,None,None,None,LTE+Sub6,3423,11,0.0032135553607946245,1897,5,0.002635740643120717,0.052828571428571426,0.056351115013505336,0.0,0.0032,0.008,0.018285714285714284,0.095,0.12371428571428572,0.14285714285714285,10.793000000000001,12.15091006787356,0.411,0.5199714285714285,0.6289428571428572,0.6834285714285715,0.8578285714285714,1.2066285714285714,1.5554285714285714,10.91485714285714,20.27428571428571,24.954,25.23542857142857,25.798285714285715,26.36114285714286,0.0,0.0,0.0,0.0,0.0,0.0,0.0,0.0,0.0,
-86.913,40.4305,0,298,1001,400,512190,448,66736,1,67011,None,None,None,None,None,None,None,None,LTE+Sub6,3423,5,0.001460706982179375,1897,2,0.0010542962572482868,0.055,0.006999999999999999,0.048,0.0494,0.051500000000000004,0.055,0.058499999999999996,0.0606,0.062,1.2235714285714285,0.16957142857142848,1.054,1.0879142857142858,1.1218285714285714,1.1387857142857143,1.1557428571428572,1.1896571428571427,1.2235714285714285,1.2574857142857143,1.2913999999999999,1.3083571428571428,1.3253142857142857,1.3592285714285712,1.393142857142857,0.0,0.0,0.0,0.0,0.0,0.0,0.0,0.0,0.0,
-86.913,40.4305,0,298,1001,400,512190,1,67011,None,None,None,None,None,None,None,None,None,None,LTE+Sub6,3423,10,0.00292141396435875,1897,2,0.0010542962572482868,0.035500000000000004,0.0045000000000000005,0.031,0.0319,0.03325,0.035500000000000004,0.03775,0.0391,0.04,1.4315,0.7745,0.657,0.8119000000000001,0.9668000000000001,1.04425,1.1217,1.2766000000000002,1.4315,1.5863999999999998,1.7412999999999998,1.81875,1.8962,2.0511,2.206,0.0,0.0,0.0,0.0,0.0,0.0,0.0,0.0,0.0,
-86.913,40.4305,0,298,1001,400,520110,None,None,1,67011,None,None,None,None,None,None,None,None,LTE+Sub6,3423,18,0.0052585451358457495,1897,6,0.0031628887717448603,0.046119047619047615,0.03783713906957715,0.0,0.014,0.029,0.037714285714285714,0.04857142857142857,0.08664285714285715,0.123,6.423738095238096,9.040354874745674,0.44342857142857145,0.7637142857142858,1.084,1.351,1.618,2.152,2.417714285714286,2.6834285714285717,4.3,5.1082857142857145,5.916571428571428,16.089785714285714,26.263,0.0,0.0,0.0,0.0,0.0,0.0,0.0,0.0,0.0,
-86.913,40.4305,0,298,1001,400,512190,None,None,1,67011,None,None,None,None,None,None,None,None,LTE+Sub6,3423,11,0.0032135553607946245,1897,3,0.0015814443858724301,0.049999999999999996,0.03536476589299958,0.0,0.0148,0.037,0.074,0.075,0.0756,0.076,4.027333333333334,3.7967657581449794,0.148,0.6688,1.1895999999999998,1.45,1.7104,2.2312,2.752,4.037999999999999,5.324,5.9670000000000005,6.610000000000001,7.896000000000001,9.182,0.0,0.0,0.0,0.0,0.0,0.0,0.0,0.0,0.0,
-86.913,40.4305,0,298,1001,400,512190,None,None,None,None,460,5035,None,None,None,None,None,None,LTE+Sub6,3423,11,0.0032135553607946245,1897,5,0.002635740643120717,0.028514285714285714,0.03289979839898533,0.0,0.0032,0.008,0.010285714285714287,0.034,0.06777142857142858,0.09028571428571429,2.540942857142857,2.6297519516766097,0.11657142857142858,0.21942857142857142,0.3222857142857143,0.3737142857142857,0.5762285714285713,0.9812571428571428,1.3862857142857141,2.2953714285714284,3.2044571428571422,3.659,4.361028571428572,5.765085714285714,7.169142857142857,0.0,0.0,0.0,0.0,0.0,0.0,0.0,0.0,0.0,
-86.913,40.4305,0,298,1001,None,None,1,67011,1,67011,None,None,None,None,None,None,None,None,LTE,3423,1,0.00029214139643587495,1897,0,0.0,0,0,0,0,0,0,0,0,0,0,0,0,0,0,0,0,0,0,0,0,0,0,0,0,0,0,0,0,0,0,0,0,0,
-86.913,40.4305,0,298,1001,385,125290,None,None,None,None,None,None,None,None,None,None,None,None,LTE+Sub6,3423,3,0.0008764241893076249,1897,2,0.0010542962572482868,0.35485714285714287,0.18800000000000003,0.16685714285714287,0.2044571428571429,0.2608571428571429,0.35485714285714287,0.4488571428571429,0.505257142857143,0.5428571428571429,7.869142857142856,4.589142857142857,3.28,4.1978285714285715,5.115657142857143,5.574571428571428,6.033485714285714,6.951314285714286,7.869142857142856,8.786971428571427,9.704799999999999,10.163714285714285,10.62262857142857,11.540457142857143,12.458285714285713,13.11,3.87,9.24,10.014,11.175,13.11,15.045,16.206,16.98,
-86.913,40.4305,0,298,1001,400,520110,1,67011,None,None,448,66736,None,None,None,None,None,None,LTE+Sub6,3423,6,0.0017528483786152498,1897,2,0.0010542962572482868,0.04164285714285714,0.031357142857142854,0.010285714285714287,0.016557142857142857,0.025964285714285714,0.04164285714285714,0.057321428571428565,0.06672857142857143,0.073,4.482857142857143,1.9651428571428573,2.517714285714286,2.910742857142857,3.303771428571429,3.5002857142857144,3.6968,4.089828571428572,4.482857142857143,4.875885714285714,5.268914285714286,5.465428571428571,5.661942857142858,6.054971428571429,6.448,0.0,0.0,0.0,0.0,0.0,0.0,0.0,0.0,0.0,
-86.913,40.4305,0,298,1001,None,None,1,67011,None,None,448,66736,None,None,None,None,None,None,LTE,3423,12,0.0035056967572304996,1897,11,0.005798629414865577,0.14668831168831173,0.03046649171725828,0.107,0.11885714285714286,0.12242857142857143,0.139,0.17342857142857143,0.189,0.2,18.747831168831166,5.296075018392255,11.272,11.508571428571429,15.423,15.592500000000001,15.762,17.554285714285715,19.826285714285714,20.053,20.679,20.843,21.007,21.84,31.301,4.492727272727273,3.9556819683476507,0.0,0.0,0.0,4.5,7.675,10.2,10.22,
-86.913,40.4305,0,298,1001,385,125290,1,67011,None,None,448,66736,None,None,None,None,None,None,LTE+Sub6,3423,10,0.00292141396435875,1897,8,0.004217185028993147,0.15819642857142857,0.03124287163596241,0.125,0.1271,0.1295,0.15,0.182,0.1934,0.218,21.896464285714288,7.826812801605615,13.441,14.9779,16.667142857142856,17.568892857142856,18.3138,19.0194,20.1155,21.22902857142857,21.995628571428572,22.825357142857143,23.833657142857145,29.657899999999998,40.559,10.22125,3.13842093057958,5.53,7.434,8.25,8.75,14.02,14.089,14.18,
-86.913,40.4305,0,298,1001,400,520110,None,None,460,5035,1,67011,None,None,None,None,None,None,LTE+Sub6,3423,5,0.001460706982179375,1897,2,0.0010542962572482868,0.024,0.024,0.0,0.0048000000000000004,0.012,0.024,0.036000000000000004,0.0432,0.048,2.2195,0.16349999999999998,2.056,2.0887000000000002,2.1214,2.13775,2.1541,2.1868,2.2195,2.2522,2.2849,2.30125,2.3176,2.3503,2.383,0.0,0.0,0.0,0.0,0.0,0.0,0.0,0.0,0.0,
-86.913,40.4305,0,298,1001,None,None,None,None,460,5035,1,67011,None,None,None,None,None,None,LTE,3423,1,0.00029214139643587495,1897,0,0.0,0,0,0,0,0,0,0,0,0,0,0,0,0,0,0,0,0,0,0,0,0,0,0,0,0,0,0,0,0,0,0,0,0,
-86.913,40.4305,0,298,1001,400,512190,460,5035,None,None,None,None,None,None,None,None,None,None,LTE+Sub6,3423,5,0.001460706982179375,1897,3,0.0015814443858724301,0.041666666666666664,0.05892556509887896,0.0,0.0,0.0,0.0,0.0625,0.1,0.125,3.2033333333333336,4.236067335055026,0.18971428571428572,0.19702857142857144,0.20434285714285716,0.20800000000000002,0.21165714285714285,0.21897142857142857,0.22628571428571428,2.019828571428571,3.813371428571428,4.710142857142857,5.6069142857142875,7.400457142857144,9.194,0.0,0.0,0.0,0.0,0.0,0.0,0.0,0.0,0.0,
-86.913,40.4305,0,298,1001,None,None,460,5035,None,None,None,None,None,None,None,None,None,None,LTE,3423,1,0.00029214139643587495,1897,1,0.0005271481286241434,0.029714285714285714,0.0,0.029714285714285714,0.029714285714285714,0.029714285714285714,0.029714285714285714,0.029714285714285714,0.029714285714285714,0.029714285714285714,3.5051428571428573,0.0,3.5051428571428573,3.5051428571428573,3.5051428571428573,3.5051428571428573,3.5051428571428573,3.5051428571428573,3.5051428571428573,3.5051428571428573,3.5051428571428573,3.5051428571428573,3.5051428571428573,3.5051428571428573,3.5051428571428573,0.0,0.0,0.0,0.0,0.0,0.0,0.0,0.0,0.0,
-86.913,40.4305,0,298,1001,400,512190,None,None,None,None,448,66736,None,None,None,None,None,None,LTE+Sub6,3423,5,0.001460706982179375,1897,2,0.0010542962572482868,0.0375,0.0285,0.009,0.0147,0.02325,0.037500000000000006,0.051750000000000004,0.060300000000000006,0.066,6.461,5.123,1.338,2.3626,3.3872,3.8994999999999997,4.4117999999999995,5.4364,6.461,7.4856,8.5102,9.0225,9.5348,10.5594,11.584,0.0,0.0,0.0,0.0,0.0,0.0,0.0,0.0,0.0,
-86.913,40.4305,0,298,1001,None,None,None,None,None,None,448,66736,None,None,None,None,None,None,LTE,3423,1,0.00029214139643587495,1897,1,0.0005271481286241434,0.099,0.0,0.099,0.099,0.099,0.099,0.099,0.099,0.099,14.06,0.0,14.06,14.06,14.06,14.06,14.06,14.06,14.06,14.06,14.06,14.06,14.06,14.06,14.06,3.0,0.0,3.0,3.0,3.0,3.0,3.0,3.0,3.0,
-86.913,40.4305,0,298,1001,385,125290,1,67011,448,66736,460,5035,None,None,None,None,None,None,LTE+Sub6,3423,6,0.0017528483786152498,1897,6,0.0031628887717448603,0.21766666666666667,0.04191006459955926,0.169,0.1755,0.18535714285714286,0.2034285714285714,0.25771428571428573,0.27407142857142863,0.275,37.10278571428571,7.036239746271216,29.17142857142857,31.137714285714285,33.104,33.50942857142857,33.914857142857144,34.72571428571428,35.828857142857146,36.932,36.96828571428571,36.98642857142857,37.004571428571424,44.34178571428571,51.679,14.649999999999999,4.270608855889287,10.05,10.47,11.425,13.945,15.782499999999999,19.535,22.98,
-86.913,40.4305,0,298,1001,400,520110,448,66736,None,None,460,5035,None,None,None,None,None,None,LTE+Sub6,3423,5,0.001460706982179375,1897,2,0.0010542962572482868,0.044571428571428574,0.012571428571428574,0.032,0.03451428571428571,0.038285714285714284,0.044571428571428574,0.050857142857142865,0.054628571428571436,0.05714285714285715,5.363357142857143,0.5656428571428576,4.797714285714285,4.910842857142857,5.0239714285714285,5.080535714285714,5.137099999999999,5.250228571428571,5.363357142857143,5.476485714285714,5.589614285714286,5.646178571428571,5.702742857142857,5.815871428571429,5.929,0.0,0.0,0.0,0.0,0.0,0.0,0.0,0.0,0.0,
-86.913,40.4305,0,298,1001,None,None,448,66736,None,None,460,5035,None,None,None,None,None,None,LTE,3423,3,0.0008764241893076249,1897,2,0.0010542962572482868,0.11750000000000001,0.0855,0.032,0.049100000000000005,0.07475000000000001,0.11750000000000001,0.16025,0.1859,0.203,25.34407142857143,23.014928571428573,2.329142857142857,6.932128571428572,11.535114285714286,13.836607142857144,16.1381,20.741085714285717,25.34407142857143,29.947057142857144,34.550042857142856,36.85153571428572,39.15302857142858,43.756014285714286,48.359,0.0,0.0,0.0,0.0,0.0,0.0,0.0,0.0,0.0,
-86.913,40.4305,0,298,1001,385,125290,None,None,1,67011,448,66736,None,None,None,None,None,None,LTE+Sub6,3423,1,0.00029214139643587495,1897,1,0.0005271481286241434,0.187,0.0,0.187,0.187,0.187,0.187,0.187,0.187,0.187,33.687,0.0,33.687,33.687,33.687,33.687,33.687,33.687,33.687,33.687,33.687,33.687,33.687,33.687,33.687,10.6,0.0,10.6,10.6,10.6,10.6,10.6,10.6,10.6,
-86.913,40.4305,0,298,1001,None,None,None,None,1,67011,448,66736,None,None,None,None,None,None,LTE,3423,1,0.00029214139643587495,1897,1,0.0005271481286241434,0.2514285714285714,0.0,0.2514285714285714,0.2514285714285714,0.2514285714285714,0.2514285714285714,0.2514285714285714,0.2514285714285714,0.2514285714285714,46.117714285714285,0.0,46.117714285714285,46.117714285714285,46.117714285714285,46.117714285714285,46.117714285714285,46.117714285714285,46.117714285714285,46.117714285714285,46.117714285714285,46.117714285714285,46.117714285714285,46.117714285714285,46.117714285714285,14.0,0.0,14.0,14.0,14.0,14.0,14.0,14.0,14.0,
-86.913,40.4305,0,298,1001,400,520110,1,67011,None,None,460,5035,None,None,None,None,None,None,LTE+Sub6,3423,5,0.001460706982179375,1897,2,0.0010542962572482868,0.057,0.036000000000000004,0.021,0.028200000000000003,0.039,0.057,0.075,0.0858,0.093,12.338000000000001,4.985,7.353,8.35,9.347,9.8455,10.344,11.341000000000001,12.338000000000001,13.335,14.332,14.8305,15.329,16.326,17.323,0.0,0.0,0.0,0.0,0.0,0.0,0.0,0.0,0.0,
-86.913,40.4305,0,298,1001,None,None,1,67011,None,None,460,5035,None,None,None,None,None,None,LTE,3423,5,0.001460706982179375,1897,4,0.0021085925144965737,0.15910714285714286,0.04011811324332292,0.09142857142857143,0.11410000000000001,0.14810714285714285,0.177,0.188,0.1898,0.191,22.05517857142857,10.398544054472536,4.661714285714285,10.381,16.100285714285715,18.95992857142857,21.819571428571425,24.696,26.151,27.605999999999998,28.8441,29.24625,29.648400000000002,30.4527,31.257,0.0,0.0,0.0,0.0,0.0,0.0,0.0,0.0,0.0,
-86.913,40.4305,0,298,1001,400,512190,448,66736,460,5035,1,67011,None,None,None,None,None,None,LTE+Sub6,3423,10,0.00292141396435875,1897,5,0.002635740643120717,0.08208571428571428,0.0340393050122103,0.053714285714285714,0.05862857142857143,0.066,0.07085714285714285,0.07085714285714285,0.11774285714285715,0.149,11.454228571428573,8.692165645744518,2.999,3.512314285714286,4.025628571428572,4.282285714285715,4.977371428571429,6.367542857142857,7.757714285714285,11.013485714285713,14.26925714285714,15.897142857142857,17.984714285714286,22.159857142857145,26.335,0.0,0.0,0.0,0.0,0.0,0.0,0.0,0.0,0.0,
-86.913,40.4305,0,298,1001,400,520110,448,66736,460,5035,1,67011,None,None,None,None,None,None,LTE+Sub6,3423,5,0.001460706982179375,1897,2,0.0010542962572482868,0.018000000000000002,0.0009999999999999992,0.017,0.0172,0.0175,0.018000000000000002,0.0185,0.0188,0.019,2.4335,0.8355,1.598,1.7651000000000001,1.9322000000000001,2.01575,2.0993,2.2664,2.4335,2.6006,2.7677,2.8512500000000003,2.9348,3.1019,3.269,0.0,0.0,0.0,0.0,0.0,0.0,0.0,0.0,0.0,
-86.913,40.4305,0,298,1001,400,512190,None,None,None,None,1,67011,None,None,None,None,None,None,LTE+Sub6,3423,5,0.001460706982179375,1897,2,0.0010542962572482868,0.016,0.008,0.008,0.009600000000000001,0.012,0.016,0.02,0.0224,0.024,1.981,1.243,0.738,0.9866,1.2352,1.3595000000000002,1.4838,1.7324000000000002,1.981,2.2296,2.4782,2.6025,2.7268000000000003,2.9754,3.224,0.0,0.0,0.0,0.0,0.0,0.0,0.0,0.0,0.0,
-86.913,40.4305,0,298,1001,None,None,None,None,None,None,1,67011,None,None,None,None,None,None,LTE,3423,2,0.0005842827928717499,1897,1,0.0005271481286241434,0.10057142857142858,0.0,0.10057142857142858,0.10057142857142858,0.10057142857142858,0.10057142857142858,0.10057142857142858,0.10057142857142858,0.10057142857142858,11.784,0.0,11.784,11.784,11.784,11.784,11.784,11.784,11.784,11.784,11.784,11.784,11.784,11.784,11.784,0.0,0.0,0.0,0.0,0.0,0.0,0.0,0.0,0.0,
-86.913,40.4305,0,298,1001,400,520110,448,66736,None,None,None,None,None,None,None,None,None,None,LTE+Sub6,3423,5,0.001460706982179375,1897,3,0.0015814443858724301,0.08561904761904761,0.06657616305802208,0.015,0.0254,0.041,0.067,0.12092857142857143,0.15328571428571428,0.17485714285714285,18.754238095238097,15.792581486829206,3.278,5.1318,6.9856,7.9125000000000005,8.839400000000001,10.693200000000001,12.547,18.125142857142855,23.703285714285713,26.492357142857145,29.281428571428574,34.85957142857143,40.437714285714286,0.0,0.0,0.0,0.0,0.0,0.0,0.0,0.0,0.0,
-86.913,40.4305,0,298,1001,400,512190,1,67011,460,5035,448,66736,None,None,None,None,None,None,LTE+Sub6,3423,10,0.00292141396435875,1897,4,0.0021085925144965737,0.0285,0.030343862641397518,0.0,0.0024000000000000002,0.006,0.018000000000000002,0.0405,0.063,0.078,4.467035714285715,2.862147387380992,0.2948571428571428,1.4394,2.5839428571428575,3.156214285714286,3.728485714285714,4.318857142857143,4.632142857142858,4.945428571428572,5.4697571428571425,5.942964285714286,6.416171428571429,7.362585714285714,8.309,0.0,0.0,0.0,0.0,0.0,0.0,0.0,0.0,0.0,
-86.913,40.4305,0,298,1001,400,512190,None,None,448,66736,None,None,None,None,None,None,None,None,LTE+Sub6,3423,6,0.0017528483786152498,1897,3,0.0015814443858724301,0.056333333333333326,0.03551838334659329,0.025,0.0276,0.0315,0.038,0.072,0.0924,0.106,4.565333333333334,2.524692764586526,2.101,2.3928,2.6846,2.8305,2.9764,3.2682,3.56,4.455,5.35,5.7975,6.245000000000001,7.140000000000001,8.035,0.0,0.0,0.0,0.0,0.0,0.0,0.0,0.0,0.0,
-86.913,40.431,0,None,None,None,None,None,None,None,None,None,None,None,None,None,None,None,None,LTE,4,1,0.25,2,0,0.0,0,0,0,0,0,0,0,0,0,0,0,0,0,0,0,0,0,0,0,0,0,0,0,0,0,0,0,0,0,0,0,0,0,
-86.913,40.431,0,None,None,385,125290,None,None,None,None,None,None,None,None,None,None,None,None,LTE+Sub6,4,3,0.75,2,2,1.0,0.5965,0.2355,0.361,0.4081,0.47875,0.5965,0.7142499999999999,0.7848999999999999,0.832,44.67883333333333,28.008166666666664,16.67066666666667,22.2723,27.873933333333333,30.674750000000003,33.475566666666666,39.077200000000005,44.67883333333333,50.28046666666667,55.882099999999994,58.682916666666664,61.48373333333333,67.08536666666667,72.687,3.1100000000000003,0.1100000000000001,3.0,3.0220000000000002,3.055,3.1100000000000003,3.165,3.1980000000000004,3.22,
-86.9135,40.431,0,None,None,385,125290,None,None,None,None,None,None,None,None,None,None,None,None,LTE+Sub6,36,36,1.0,34,34,1.0,0.44040616246498604,0.15765477953377485,0.272,0.3064,0.3422857142857143,0.3785,0.4616071428571429,0.668457142857143,0.939,52.13041736694679,16.624442588322275,21.97,30.680266666666668,38.83420952380952,41.03366666666666,42.40456666666667,47.4612,52.6,56.18620952380953,61.102133333333335,61.87133333333333,62.75085714285714,70.1802,98.294,7.533823529411764,4.481695460888909,3.01,3.242,4.3575,6.09,8.51,14.992,20.88,
-86.9135,40.4305,0,None,None,385,125290,None,None,None,None,None,None,None,None,None,None,None,None,LTE+Sub6,1,1,1.0,1,1,1.0,0.34857142857142853,0.0,0.34857142857142853,0.34857142857142853,0.34857142857142853,0.34857142857142853,0.34857142857142853,0.34857142857142853,0.34857142857142853,68.50857142857143,0.0,68.50857142857143,68.50857142857143,68.50857142857143,68.50857142857143,68.50857142857143,68.50857142857143,68.50857142857143,68.50857142857143,68.50857142857143,68.50857142857143,68.50857142857143,68.50857142857143,68.50857142857143,4.38,0.0,4.38,4.38,4.38,4.38,4.38,4.38,4.38,
-86.914,40.431,0,None,None,385,125290,None,None,None,None,None,None,None,None,None,None,None,None,LTE+Sub6,1,1,1.0,1,1,1.0,0.3666666666666667,0.0,0.3666666666666667,0.3666666666666667,0.3666666666666667,0.3666666666666667,0.3666666666666667,0.3666666666666667,0.3666666666666667,40.37466666666666,0.0,40.37466666666666,40.37466666666666,40.37466666666666,40.37466666666666,40.37466666666666,40.37466666666666,40.37466666666666,40.37466666666666,40.37466666666666,40.37466666666666,40.37466666666666,40.37466666666666,40.37466666666666,6.42,0.0,6.42,6.42,6.42,6.42,6.42,6.42,6.42,
-86.914,40.4315,0,None,None,385,125290,None,None,None,None,None,None,None,None,None,None,None,None,LTE+Sub6,5,5,1.0,4,4,1.0,0.4272539682539682,0.060421954182574386,0.33244444444444443,0.3635111111111111,0.4101111111111111,0.438,0.4551428571428571,0.4824,0.5005714285714286,40.841698412698406,11.050901981601044,25.931555555555555,29.04294603174603,32.154336507936506,33.710031746031746,35.265726984126985,38.09302857142857,40.778285714285715,43.463542857142855,46.31620952380952,47.909952380952376,49.50369523809524,52.691180952380954,55.87866666666667,9.485,1.4023284208772206,7.2,7.923,9.0075,9.895,10.372499999999999,10.719,10.95,
-86.9145,40.4315,0,None,None,385,125290,None,None,None,None,None,None,None,None,None,None,None,None,LTE+Sub6,1,1,1.0,1,1,1.0,0.528,0.0,0.528,0.528,0.528,0.528,0.528,0.528,0.528,18.74222222222222,0.0,18.74222222222222,18.74222222222222,18.74222222222222,18.74222222222222,18.74222222222222,18.74222222222222,18.74222222222222,18.74222222222222,18.74222222222222,18.74222222222222,18.74222222222222,18.74222222222222,18.74222222222222,5.75,0.0,5.75,5.75,5.75,5.75,5.75,5.75,5.75,
-86.9145,40.432,0,None,None,385,125290,None,None,None,None,None,None,None,None,None,None,None,None,LTE+Sub6,5,5,1.0,5,5,1.0,0.46891111111111117,0.16423675172531865,0.25955555555555554,0.29213333333333336,0.341,0.4728888888888889,0.5377777777777778,0.6551111111111112,0.7333333333333334,36.39691111111111,6.424433274289839,27.134222222222224,29.815333333333335,32.49644444444445,33.837,34.06711111111111,34.52733333333333,34.98755555555555,36.79804444444444,38.608533333333334,39.51377777777778,40.91342222222223,43.71271111111111,46.512,9.368,4.107054418923616,4.64,4.66,4.69,10.48,12.02,13.814,15.01,
-86.915,40.432,0,None,None,385,125290,None,None,None,None,None,None,None,None,None,None,None,None,LTE+Sub6,1,1,1.0,1,1,1.0,0.4071111111111111,0.0,0.4071111111111111,0.4071111111111111,0.4071111111111111,0.4071111111111111,0.4071111111111111,0.4071111111111111,0.4071111111111111,44.91911111111111,0.0,44.91911111111111,44.91911111111111,44.91911111111111,44.91911111111111,44.91911111111111,44.91911111111111,44.91911111111111,44.91911111111111,44.91911111111111,44.91911111111111,44.91911111111111,44.91911111111111,44.91911111111111,6.65,0.0,6.65,6.65,6.65,6.65,6.65,6.65,6.65,
-86.915,40.4325,0,None,None,385,125290,None,None,None,None,None,None,None,None,None,None,None,None,LTE+Sub6,6,6,1.0,6,6,1.0,0.575111111111111,0.12059222859167923,0.45866666666666667,0.4662222222222222,0.47800000000000004,0.524,0.6539999999999999,0.735111111111111,0.784,64.27925925925926,10.334916102332407,55.68266666666666,55.74133333333333,55.8,56.467999999999996,57.135999999999996,58.472,60.188,61.904,65.27244444444445,66.95666666666668,68.6408888888889,76.90844444444446,85.176,4.318333333333334,0.5924923815731492,3.73,3.81,3.9425,4.145,4.3925,5.0,5.54,
-86.915,40.433,0,None,None,385,125290,None,None,None,None,None,None,None,None,None,None,None,None,LTE+Sub6,8,8,1.0,8,8,1.0,0.38611111111111107,0.05119015626822633,0.29244444444444445,0.3241777777777778,0.35377777777777775,0.39511111111111114,0.41688888888888886,0.44782222222222223,0.4577777777777778,58.13133333333333,16.506867908484278,34.611555555555555,38.559555555555555,43.45937777777778,46.266222222222225,48.425866666666664,49.50915555555555,55.40577777777778,63.220266666666674,71.01608888888889,73.09777777777778,74.45297777777778,78.09324444444444,82.97333333333333,4.095000000000001,0.4440439167469811,3.46,3.628,3.7525,4.07,4.3774999999999995,4.586,4.88,
-86.9145,40.433,0,None,None,385,125290,None,None,None,None,None,None,None,None,None,None,None,None,LTE+Sub6,6,6,1.0,5,5,1.0,0.46740000000000004,0.01949227133956708,0.44,0.4456888888888889,0.45422222222222225,0.472,0.473,0.48786666666666667,0.49777777777777776,95.73935555555556,9.559198848707764,84.59644444444444,85.02306666666667,85.44968888888889,85.663,87.68684444444445,91.73453333333333,95.78222222222222,99.25351111111111,102.72479999999999,104.46044444444443,105.20728888888888,106.70097777777778,108.19466666666668,3.896,0.5245035748209921,3.41,3.426,3.45,3.55,4.49,4.5440000000000005,4.58,
-86.914,40.433,0,None,None,385,125290,None,None,None,None,None,None,None,None,None,None,None,None,LTE+Sub6,10,10,1.0,10,10,1.0,0.4267555555555556,0.06535775809504084,0.26666666666666666,0.36106666666666665,0.4057777777777778,0.44133333333333336,0.46444444444444444,0.4860444444444444,0.5084444444444445,85.69822222222223,11.855511102697044,71.22133333333333,73.45493333333333,73.88088888888889,74.88111111111111,76.60151111111111,79.58524444444444,84.04888888888888,88.15448888888888,91.50195555555555,94.57355555555556,96.41582222222222,98.22248888888889,109.5928888888889,4.051,2.0857298482785347,3.01,3.055,3.1149999999999998,3.3049999999999997,3.75,4.480999999999997,10.25,
-86.9135,40.433,0,None,None,385,125290,None,None,None,None,None,None,None,None,None,None,None,None,LTE+Sub6,5,5,1.0,5,5,1.0,0.36977777777777776,0.0493857579310043,0.32,0.33066666666666666,0.3466666666666667,0.3528888888888889,0.3653333333333333,0.4245333333333333,0.464,55.10506666666667,14.958738795717991,41.74311111111111,44.12177777777778,46.50044444444445,47.68977777777778,47.74951111111111,47.86897777777778,47.98844444444445,50.443200000000004,52.897955555555555,54.12533333333334,60.09600000000001,72.03733333333334,83.97866666666667,4.056,0.9842276159507006,3.11,3.134,3.17,3.89,4.3,5.2059999999999995,5.81,
-86.913,40.433,0,None,None,385,125290,None,None,None,None,None,None,None,None,None,None,None,None,LTE+Sub6,10,10,1.0,9,9,1.0,0.4138271604938271,0.04308460146858449,0.3502222222222222,0.3687111111111111,0.37422222222222223,0.4142222222222222,0.4533333333333333,0.46915555555555555,0.4826666666666667,57.22162962962963,16.227386513007076,37.538666666666664,39.780800000000006,42.32906666666666,43.65422222222222,45.23537777777777,48.45688888888889,51.856,60.88071111111111,64.77315555555556,65.864,71.89848888888889,81.56942222222222,84.04622222222221,5.029999999999999,1.5800984498160584,3.83,3.918,4.12,4.37,4.65,7.274000000000001,8.77,
-86.9125,40.433,0,None,None,385,125290,None,None,None,None,None,None,None,None,None,None,None,None,LTE+Sub6,6,6,1.0,6,6,1.0,0.3220740740740741,0.045378820074848336,0.23822222222222222,0.2648888888888889,0.30044444444444446,0.3355555555555555,0.356,0.36577777777777776,0.37155555555555553,37.77096296296296,6.174212809212448,30.781333333333333,31.382666666666665,31.984,33.00222222222222,34.02044444444445,36.05688888888889,36.82844444444444,37.6,39.23155555555556,40.047333333333334,40.86311111111111,45.10177777777778,49.340444444444444,4.721666666666667,0.5764667283450876,4.07,4.095000000000001,4.22,4.625,5.0825000000000005,5.445,5.69,
-86.912,40.433,0,None,None,385,125290,None,None,None,None,None,None,None,None,None,None,None,None,LTE+Sub6,4,4,1.0,4,4,1.0,0.3957777777777778,0.05818107112314998,0.3546666666666667,0.3546666666666667,0.3546666666666667,0.3666666666666667,0.4077777777777778,0.4601777777777778,0.4951111111111111,44.23444444444445,4.917323707510462,38.83733333333333,39.27413333333333,39.71093333333334,39.92933333333333,40.147733333333335,41.604088888888896,43.57022222222223,45.53635555555555,47.2584,47.87533333333333,48.492266666666666,49.72613333333334,50.96,5.145,1.0151477724942315,4.07,4.151,4.2725,4.949999999999999,5.8225,6.295,6.61,
-86.9115,40.433,0,None,None,385,125290,None,None,None,None,None,None,None,None,None,None,None,None,LTE+Sub6,4,4,1.0,3,3,1.0,0.3866666666666667,0.02655780247738849,0.3528888888888889,0.3601777777777778,0.3711111111111111,0.3893333333333333,0.40355555555555556,0.41208888888888884,0.41777777777777775,44.535703703703696,6.517761127716309,36.81688888888889,38.25991111111111,39.702933333333334,40.42444444444445,41.14595555555555,42.58897777777778,44.032,45.77724444444444,47.52248888888889,48.395111111111106,49.267733333333325,51.01297777777777,52.758222222222216,4.0633333333333335,0.2615764175575127,3.8,3.834,3.885,3.97,4.195,4.33,4.42,
-86.911,40.433,0,None,None,385,125290,None,None,None,None,None,None,None,None,None,None,None,None,LTE+Sub6,4,4,1.0,4,4,1.0,0.42933333333333334,0.011809182449410165,0.4151111111111111,0.4172444444444444,0.42044444444444445,0.428,0.4368888888888889,0.4424888888888889,0.44622222222222224,63.82555555555555,7.669873168426781,55.22666666666667,56.188,57.14933333333333,57.629999999999995,58.11066666666666,60.08035555555555,62.554222222222215,65.02808888888887,67.5063111111111,68.74977777777777,69.99324444444444,72.48017777777777,74.96711111111111,4.3825,0.2722475895210093,4.09,4.123,4.1725,4.32,4.53,4.692,4.8,
-86.9105,40.433,0,None,None,385,125290,None,None,None,None,None,None,None,None,None,None,None,None,LTE+Sub6,30,30,1.0,29,29,1.0,0.4148199233716475,0.03736803274536266,0.30488888888888893,0.37475555555555556,0.39822222222222226,0.41955555555555557,0.43644444444444447,0.44266666666666665,0.5057777777777778,68.56539080459771,12.62362177567552,44.20355555555555,53.6208,58.01671111111111,59.31822222222222,60.69422222222222,63.94524444444445,68.91377777777778,71.92675555555556,75.75448888888889,80.17244444444444,80.39217777777777,86.21937777777778,88.86222222222221,3.990344827586207,0.4514916485164954,3.35,3.426,3.72,3.94,4.2,4.352,5.68,
-86.9105,40.4325,0,None,None,385,125290,None,None,None,None,None,None,None,None,None,None,None,None,LTE+Sub6,3,3,1.0,3,3,1.0,0.48414814814814816,0.14681533804144908,0.35644444444444445,0.3664,0.3813333333333333,0.4062222222222222,0.548,0.6330666666666667,0.6897777777777778,55.655111111111104,5.244308899692211,48.67288888888889,50.3344,51.99591111111111,52.82666666666667,53.65742222222222,55.318933333333334,56.980444444444444,57.84675555555555,58.71306666666666,59.14622222222222,59.57937777777778,60.44568888888889,61.312,6.0200000000000005,2.86427419544056,3.93,3.956,3.995,4.06,7.0649999999999995,8.868,10.07,
-86.91,40.4325,0,None,None,385,125290,None,None,None,None,None,None,None,None,None,None,None,None,LTE+Sub6,3,3,1.0,3,3,1.0,0.39999999999999997,0.030971113582549933,0.37422222222222223,0.3758222222222222,0.37822222222222224,0.38222222222222224,0.41288888888888886,0.4312888888888889,0.44355555555555554,49.752592592592585,6.710177470826408,41.82311111111111,43.29902222222222,44.77493333333333,45.51288888888889,46.250844444444446,47.726755555555556,49.202666666666666,51.00853333333333,52.8144,53.71733333333333,54.620266666666666,56.42613333333333,58.232,3.716666666666667,0.6987767088912515,3.14,3.174,3.225,3.31,4.005,4.422000000000001,4.7,
-86.91,40.432,0,None,None,385,125290,None,None,None,None,None,None,None,None,None,None,None,None,LTE+Sub6,4,4,1.0,3,3,1.0,0.4758518518518519,0.06532107048768465,0.39555555555555555,0.41173333333333334,0.436,0.47644444444444445,0.516,0.5397333333333334,0.5555555555555556,57.12385185185186,8.651276571437343,45.96,48.44213333333333,50.92426666666667,52.165333333333336,53.4064,55.888533333333335,58.370666666666665,60.10471111111111,61.83875555555555,62.705777777777776,63.5728,65.30684444444444,67.04088888888889,3.5933333333333337,0.4866438350808755,3.21,3.226,3.25,3.29,3.785,4.082,4.28,
-86.91,40.4315,0,None,None,385,125290,None,None,None,None,None,None,None,None,None,None,None,None,LTE+Sub6,4,4,1.0,4,4,1.0,0.44,0.025117993157235195,0.41244444444444445,0.41831111111111113,0.4271111111111111,0.43333333333333335,0.44622222222222224,0.4670222222222223,0.4808888888888889,55.61311111111111,7.260558040655578,49.53955555555555,49.61742222222222,49.69528888888889,49.73422222222222,49.773155555555554,50.971555555555554,52.730222222222224,54.488888888888894,56.840444444444444,58.60911111111111,60.37777777777778,63.91511111111111,67.45244444444444,4.2175,0.6641300700916951,3.49,3.5290000000000004,3.5875000000000004,4.245,4.875,4.8839999999999995,4.89,
-86.91,40.431,0,None,None,385,125290,None,None,None,None,None,None,None,None,None,None,None,None,LTE+Sub6,7,7,1.0,7,7,1.0,0.4214603174603175,0.1342112292955959,0.32355555555555554,0.3496888888888889,0.36844444444444446,0.3733333333333333,0.38488888888888895,0.5344000000000001,0.7466666666666666,40.35860317460317,3.0633138831314737,34.52888888888889,36.888888888888886,38.65653333333333,38.948,39.23946666666667,40.15768888888889,41.24355555555555,41.58008888888889,41.85048888888889,41.919555555555554,41.98862222222222,43.22186666666666,45.00266666666666,6.615714285714286,4.092518809252027,3.99,4.38,4.71,5.01,5.67,10.076000000000004,16.55,
-86.91,40.4305,0,None,None,385,125290,None,None,None,None,None,None,None,None,None,None,None,None,LTE+Sub6,13,7,0.5384615384615384,8,6,0.75,0.34874074074074074,0.038961554685153735,0.296,0.30044444444444446,0.3126666666666667,0.3568888888888889,0.37911111111111107,0.3888888888888889,0.39822222222222226,37.687703703703704,6.027067410835883,31.02133333333333,31.08844444444444,31.155555555555555,32.034666666666666,32.913777777777774,34.672,36.5,38.328,41.81066666666667,43.55200000000001,45.29333333333334,45.474666666666664,45.656,4.94,0.549241901776136,4.11,4.27,4.57,5.015000000000001,5.2124999999999995,5.535,5.8,
-86.91,40.4305,0,1,1475,790,520110,None,None,None,None,None,None,None,None,None,None,None,None,LTE+Sub6,13,2,0.15384615384615385,8,0,0.0,0,0,0,0,0,0,0,0,0,0,0,0,0,0,0,0,0,0,0,0,0,0,0,0,0,0,0,0,0,0,0,0,0,
-86.91,40.4305,0,1,1475,None,None,298,1001,None,None,None,None,None,None,None,None,None,None,LTE,13,4,0.3076923076923077,8,2,0.25,0.01307142857142857,0.00392857142857143,0.009142857142857142,0.009928571428571427,0.011107142857142857,0.01307142857142857,0.015035714285714286,0.016214285714285716,0.017,1.209285714285714,0.8607142857142857,0.34857142857142853,0.5207142857142857,0.6928571428571428,0.7789285714285714,0.8649999999999999,1.0371428571428571,1.209285714285714,1.3814285714285712,1.5535714285714284,1.639642857142857,1.7257142857142855,1.8978571428571427,2.07,0.0,0.0,0.0,0.0,0.0,0.0,0.0,0.0,0.0,
-86.9095,40.4305,0,None,None,385,125290,None,None,None,None,None,None,None,None,None,None,None,None,LTE+Sub6,12,5,0.4166666666666667,7,5,0.7142857142857143,0.3731555555555556,0.03222341760234799,0.3173333333333333,0.3358222222222222,0.3635555555555555,0.37688888888888894,0.39822222222222226,0.4051555555555556,0.4097777777777778,40.9568,5.38774603340709,30.837333333333333,34.638933333333334,38.440533333333335,40.34133333333334,40.96977777777778,42.22666666666667,43.483555555555554,43.68693333333333,43.89031111111111,43.992,44.419555555555554,45.27466666666667,46.12977777777778,5.132,0.509054024637857,4.16,4.54,5.11,5.35,5.49,5.526,5.55,
-86.9095,40.4305,0,58,1475,400,520110,None,None,16,1001,None,None,None,None,None,None,None,None,LTE+Sub6,12,1,0.08333333333333333,7,0,0.0,0,0,0,0,0,0,0,0,0,0,0,0,0,0,0,0,0,0,0,0,0,0,0,0,0,0,0,0,0,0,0,0,0,
-86.9095,40.4305,0,1,1475,400,520110,None,None,None,None,None,None,None,None,None,None,None,None,LTE+Sub6,12,3,0.25,7,1,0.14285714285714285,0.024,0.0,0.024,0.024,0.024,0.024,0.024,0.024,0.024,0.527,0.0,0.527,0.527,0.527,0.527,0.527,0.527,0.527,0.527,0.527,0.527,0.527,0.527,0.527,0.0,0.0,0.0,0.0,0.0,0.0,0.0,0.0,0.0,
-86.9095,40.4305,0,1,1475,None,None,298,1001,None,None,None,None,None,None,None,None,None,None,LTE,12,1,0.08333333333333333,7,1,0.14285714285714285,0.013714285714285714,0.0,0.013714285714285714,0.013714285714285714,0.013714285714285714,0.013714285714285714,0.013714285714285714,0.013714285714285714,0.013714285714285714,0.38171428571428573,0.0,0.38171428571428573,0.38171428571428573,0.38171428571428573,0.38171428571428573,0.38171428571428573,0.38171428571428573,0.38171428571428573,0.38171428571428573,0.38171428571428573,0.38171428571428573,0.38171428571428573,0.38171428571428573,0.38171428571428573,0.0,0.0,0.0,0.0,0.0,0.0,0.0,0.0,0.0,
-86.9095,40.4305,0,1,1475,790,520110,None,None,None,None,None,None,None,None,None,None,None,None,LTE+Sub6,12,2,0.16666666666666666,7,0,0.0,0,0,0,0,0,0,0,0,0,0,0,0,0,0,0,0,0,0,0,0,0,0,0,0,0,0,0,0,0,0,0,0,0,
-86.909,40.4305,0,None,None,385,125290,None,None,None,None,None,None,None,None,None,None,None,None,LTE+Sub6,10,3,0.3,6,3,0.5,0.3626666666666667,0.029561402930339365,0.3208888888888889,0.33315555555555554,0.35155555555555557,0.38222222222222224,0.38355555555555554,0.38435555555555556,0.3848888888888889,38.637925925925934,4.079104643681199,32.89688888888889,34.52142222222222,36.14595555555555,36.95822222222222,37.77048888888889,39.395022222222224,41.019555555555556,41.21511111111111,41.41066666666667,41.50844444444445,41.60622222222222,41.80177777777778,41.99733333333334,5.136666666666667,0.2812274682332592,4.74,4.854,5.025,5.31,5.335,5.3500000000000005,5.36,
-86.909,40.4305,0,332,5035,None,None,None,None,None,None,None,None,None,None,None,None,None,None,LTE,10,1,0.1,6,1,0.16666666666666666,0.144,0.0,0.144,0.144,0.144,0.144,0.144,0.144,0.144,2.147,0.0,2.147,2.147,2.147,2.147,2.147,2.147,2.147,2.147,2.147,2.147,2.147,2.147,2.147,0.0,0.0,0.0,0.0,0.0,0.0,0.0,0.0,0.0,
-86.909,40.4305,0,58,1475,697,125290,None,None,None,None,None,None,None,None,None,None,None,None,LTE+Sub6,10,1,0.1,6,1,0.16666666666666666,0.07,0.0,0.07,0.07,0.07,0.07,0.07,0.07,0.07,1.571,0.0,1.571,1.571,1.571,1.571,1.571,1.571,1.571,1.571,1.571,1.571,1.571,1.571,1.571,0.0,0.0,0.0,0.0,0.0,0.0,0.0,0.0,0.0,
-86.909,40.4305,0,58,1475,790,520110,None,None,16,1001,None,None,None,None,None,None,None,None,LTE+Sub6,10,3,0.3,6,1,0.16666666666666666,0.10514285714285714,0.0,0.10514285714285714,0.10514285714285714,0.10514285714285714,0.10514285714285714,0.10514285714285714,0.10514285714285714,0.10514285714285714,2.312,0.0,2.312,2.312,2.312,2.312,2.312,2.312,2.312,2.312,2.312,2.312,2.312,2.312,2.312,0.0,0.0,0.0,0.0,0.0,0.0,0.0,0.0,0.0,
-86.909,40.4305,0,58,1475,400,520110,None,None,16,1001,None,None,None,None,None,None,None,None,LTE+Sub6,10,2,0.2,6,0,0.0,0,0,0,0,0,0,0,0,0,0,0,0,0,0,0,0,0,0,0,0,0,0,0,0,0,0,0,0,0,0,0,0,0,
-86.9085,40.4305,0,None,None,385,125290,None,None,None,None,None,None,None,None,None,None,None,None,LTE+Sub6,10,4,0.4,10,4,0.4,0.35055555555555556,0.020778371946347025,0.32355555555555554,0.3288888888888889,0.3368888888888889,0.34933333333333333,0.363,0.37320000000000003,0.38,37.93275,2.2577857903606176,34.63911111111111,35.48737777777778,36.33564444444444,36.75977777777777,37.18391111111111,37.72337777777777,38.108444444444444,38.49351111111111,38.9627,39.281416666666665,39.60013333333333,40.237566666666666,40.875,5.445,0.6932712311931024,4.82,4.925,5.0825,5.17,5.5325,6.1850000000000005,6.62,
-86.9085,40.4305,0,81,1475,697,125290,None,None,None,None,None,None,None,None,None,None,None,None,LTE+Sub6,10,2,0.2,10,2,0.2,0.16649999999999998,0.020500000000000004,0.146,0.15009999999999998,0.15625,0.16649999999999998,0.17675,0.1829,0.187,20.483,2.257999999999999,18.225,18.6766,19.1282,19.354,19.579800000000002,20.0314,20.483,20.9346,21.3862,21.612000000000002,21.8378,22.2894,22.741,11.585,5.845,5.74,6.909000000000001,8.6625,11.585,14.5075,16.261,17.43,
-86.9085,40.4305,0,81,1475,385,125290,None,None,99,1001,None,None,None,None,None,None,None,None,LTE+Sub6,10,2,0.2,10,2,0.2,0.17857142857142858,0.04657142857142857,0.132,0.14131428571428573,0.1552857142857143,0.17857142857142858,0.20185714285714285,0.21582857142857143,0.22514285714285714,25.480500000000003,12.039500000000002,13.441,15.8489,18.256800000000002,19.46075,20.6647,23.0726,25.480500000000003,27.888400000000004,30.296300000000002,31.50025,32.7042,35.112100000000005,37.52,23.265,1.955,21.31,21.701,22.287499999999998,23.265,24.2425,24.829,25.22,
-86.9085,40.4305,0,332,5035,None,None,None,None,None,None,None,None,None,None,None,None,None,None,LTE,10,2,0.2,10,2,0.2,0.13428571428571429,0.03142857142857144,0.10285714285714286,0.10914285714285714,0.11857142857142858,0.13428571428571429,0.15000000000000002,0.15942857142857145,0.16571428571428573,20.59657142857143,12.756571428571428,7.84,10.391314285714286,12.942628571428571,14.218285714285713,15.493942857142857,18.045257142857142,20.59657142857143,23.147885714285714,25.699199999999998,26.974857142857143,28.250514285714285,30.801828571428572,33.353142857142856,11.845,11.845,0.0,2.369,5.9225,11.845,17.767500000000002,21.321,23.69,
-86.908,40.4305,0,None,None,385,125290,None,None,None,None,None,None,None,None,None,None,None,None,LTE+Sub6,7,3,0.42857142857142855,6,3,0.5,0.27970370370370373,0.039979144082774205,0.2248888888888889,0.23893333333333333,0.26,0.2951111111111111,0.3071111111111111,0.3143111111111111,0.31911111111111107,28.370962962962963,5.071826577675859,21.4,23.198755555555554,24.99751111111111,25.89688888888889,26.796266666666668,28.595022222222223,30.39377777777778,30.978844444444444,31.56391111111111,31.856444444444445,32.14897777777778,32.73404444444444,33.31911111111111,4.69,0.267706306736817,4.34,4.42,4.54,4.74,4.865,4.94,4.99,
-86.908,40.4305,0,81,1475,697,125290,None,None,None,None,None,None,None,None,None,None,None,None,LTE+Sub6,7,4,0.5714285714285714,6,3,0.5,0.21766666666666667,0.03034615113797612,0.187,0.191,0.197,0.207,0.23299999999999998,0.24860000000000002,0.259,34.67333333333333,18.2392665300871,21.532,21.63,21.727999999999998,21.777,21.826,21.924,22.022,29.7108,37.39959999999999,41.244,45.08840000000001,52.7772,60.466,7.776666666666667,1.7491394709653343,5.94,6.204000000000001,6.6,7.26,8.695,9.556000000000001,10.13,
-86.9075,40.4305,0,None,None,385,125290,None,None,None,None,None,None,None,None,None,None,None,None,LTE+Sub6,8,4,0.5,7,3,0.42857142857142855,0.3597037037037037,0.0073059721516669385,0.3502222222222222,0.35235555555555553,0.35555555555555557,0.3608888888888889,0.36444444444444446,0.3665777777777778,0.368,40.936,2.0643090335529313,39.090666666666664,39.25244444444444,39.41422222222222,39.49511111111111,39.57599999999999,39.73777777777777,39.89955555555555,40.6832,41.46684444444444,41.858666666666664,42.25048888888889,43.03413333333333,43.81777777777778,4.873333333333333,0.5525898619731956,4.17,4.322,4.55,4.93,5.225,5.401999999999999,5.52,
-86.9075,40.4305,0,81,1475,697,125290,None,None,None,None,None,None,None,None,None,None,None,None,LTE+Sub6,8,4,0.5,7,4,0.5714285714285714,0.2502142857142857,0.038587496653180064,0.192,0.20605714285714286,0.22714285714285715,0.2604285714285714,0.2835,0.28619999999999995,0.288,36.89132142857143,7.362669543715036,24.530285714285714,28.612000000000002,32.693714285714286,34.73457142857143,36.77542857142857,38.88,39.996,41.112,41.9747,42.15275,42.3308,42.6869,43.043,4.955,1.546698095945036,3.19,3.46,3.8649999999999998,4.65,5.74,6.694000000000001,7.33,
-86.907,40.4305,0,None,None,385,125290,None,None,None,None,None,None,None,None,None,None,None,None,LTE+Sub6,7,2,0.2857142857142857,7,2,0.2857142857142857,0.3666666666666667,0.027111111111111114,0.33955555555555555,0.34497777777777777,0.3531111111111111,0.3666666666666667,0.38022222222222224,0.38835555555555556,0.3937777777777778,39.785777777777774,4.506666666666668,35.279111111111106,36.18044444444444,37.08177777777777,37.53244444444444,37.98311111111111,38.88444444444444,39.785777777777774,40.68711111111111,41.58844444444444,42.03911111111111,42.489777777777775,43.39111111111111,44.29244444444444,6.359999999999999,1.4,4.96,5.24,5.66,6.359999999999999,7.06,7.4799999999999995,7.76,
-86.907,40.4305,0,None,None,697,125290,None,None,None,None,None,None,None,None,None,None,None,None,LTE+Sub6,7,1,0.14285714285714285,7,1,0.14285714285714285,0.26222222222222225,0.0,0.26222222222222225,0.26222222222222225,0.26222222222222225,0.26222222222222225,0.26222222222222225,0.26222222222222225,0.26222222222222225,26.845333333333333,0.0,26.845333333333333,26.845333333333333,26.845333333333333,26.845333333333333,26.845333333333333,26.845333333333333,26.845333333333333,26.845333333333333,26.845333333333333,26.845333333333333,26.845333333333333,26.845333333333333,26.845333333333333,12.82,0.0,12.82,12.82,12.82,12.82,12.82,12.82,12.82,
-86.907,40.4305,0,81,1475,697,125290,None,None,None,None,None,None,None,None,None,None,None,None,LTE+Sub6,7,4,0.5714285714285714,7,4,0.5714285714285714,0.2245357142857143,0.04503177732876814,0.17714285714285713,0.17859999999999998,0.18078571428571427,0.2245,0.26825,0.2705,0.272,41.16246428571428,8.148955612546622,30.398857142857143,32.1263,33.853742857142855,34.717464285714286,35.58118571428571,38.6478,42.384,46.1202,48.6982,48.82899999999999,48.959799999999994,49.221399999999996,49.483,3.4450000000000003,0.367525509318741,3.0,3.0540000000000003,3.1350000000000002,3.4400000000000004,3.75,3.84,3.9,
-86.9065,40.4305,0,None,None,697,125290,None,None,None,None,None,None,None,None,None,None,None,None,LTE+Sub6,8,4,0.5,8,4,0.5,0.3791111111111111,0.05755684254245355,0.28355555555555556,0.3144888888888889,0.36088888888888887,0.4,0.4182222222222222,0.42702222222222225,0.43288888888888893,45.83177777777778,11.574186662089431,27.194666666666667,32.72346666666667,38.25226666666667,41.016666666666666,43.78106666666667,47.083200000000005,49.272000000000006,51.4608,53.38684444444444,54.08711111111111,54.787377777777785,56.18791111111111,57.58844444444445,9.03,2.491636008730007,6.39,6.813,7.4475,8.33,9.9125,11.807,13.07,
-86.9065,40.4305,0,81,1475,697,125290,None,None,None,None,None,None,None,None,None,None,None,None,LTE+Sub6,8,4,0.5,8,4,0.5,0.30060714285714285,0.028743300017888825,0.261,0.2706,0.285,0.3002142857142857,0.3158214285714286,0.33092857142857146,0.341,40.67267857142857,6.079148444473863,35.029714285714284,35.559599999999996,36.089485714285715,36.35442857142857,36.61937142857143,37.4684,38.477000000000004,39.4856,41.2129,42.79525,44.3776,47.542300000000004,50.707,20.5275,9.95739015756639,7.79,9.917000000000002,13.1075,20.255,27.675,31.356,33.81,
-86.906,40.4305,0,None,None,697,125290,None,None,None,None,None,None,None,None,None,None,None,None,LTE+Sub6,14,6,0.42857142857142855,13,6,0.46153846153846156,0.3900740740740741,0.026410705731371144,0.3448888888888889,0.35733333333333334,0.37377777777777776,0.39644444444444443,0.4111111111111111,0.41644444444444445,0.42044444444444445,46.58370370370371,5.322908544113701,38.152,41.03911111111111,43.92622222222222,43.96911111111111,44.012,44.09777777777778,45.70666666666666,47.315555555555555,49.58444444444444,50.71888888888889,51.85333333333334,53.00533333333334,54.157333333333334,8.351666666666667,1.1471038410807552,6.87,7.175000000000001,7.61,8.115,8.905000000000001,9.765,10.4,
-86.906,40.4305,0,58,1475,697,125290,None,None,None,None,None,None,None,None,None,None,None,None,LTE+Sub6,14,2,0.14285714285714285,13,2,0.15384615384615385,0.33464285714285713,0.01964285714285713,0.315,0.31892857142857145,0.3248214285714286,0.33464285714285713,0.34446428571428567,0.3503571428571428,0.35428571428571426,45.98657142857142,5.55857142857143,40.428,41.53971428571428,42.65142857142857,43.20728571428571,43.76314285714285,44.87485714285714,45.98657142857142,47.098285714285716,48.21,48.76585714285714,49.321714285714286,50.43342857142857,51.54514285714286,3.335,0.33499999999999996,3.0,3.067,3.1675,3.335,3.5025,3.6029999999999998,3.67,
-86.906,40.4305,0,81,1475,697,125290,None,None,None,None,None,None,None,None,None,None,None,None,LTE+Sub6,14,6,0.42857142857142855,13,5,0.38461538461538464,0.26962857142857144,0.10233744103081087,0.069,0.15705714285714287,0.28914285714285715,0.307,0.34,0.34180000000000005,0.343,39.24211428571429,11.72778262543213,16.806,26.5252,36.2444,41.104,41.5604,42.4732,43.386,43.499028571428575,43.61205714285714,43.668571428571425,45.18405714285714,48.215028571428576,51.246,13.422,4.984373180250452,6.69,7.482,8.67,15.02,16.8,18.678,19.93,
-86.9055,40.4305,0,None,None,697,125290,None,None,None,None,None,None,None,None,None,None,None,None,LTE+Sub6,11,5,0.45454545454545453,10,4,0.4,0.21422222222222223,0.009469900334516673,0.19911111111111113,0.2033777777777778,0.20977777777777779,0.21733333333333335,0.2217777777777778,0.2225777777777778,0.22311111111111112,19.165777777777777,1.4226450066038312,17.751111111111108,17.854577777777777,17.958044444444443,18.009777777777778,18.06151111111111,18.365333333333332,18.769333333333336,19.173333333333336,19.635733333333334,19.925333333333334,20.214933333333335,20.79413333333333,21.37333333333333,8.335,3.8230714092206024,5.64,5.664,5.699999999999999,6.41,9.045,12.546000000000003,14.88,
-86.9055,40.4305,0,None,None,137,125290,None,None,None,None,None,None,None,None,None,None,None,None,LTE+Sub6,11,6,0.5454545454545454,10,6,0.6,0.444,0.27117606993492216,0.23644444444444446,0.24844444444444447,0.2657777777777778,0.2982222222222223,0.51,0.7853333333333333,0.9955555555555555,24.88222222222222,5.912107267775087,16.347555555555555,17.090222222222224,17.832888888888892,20.088,22.343111111111114,26.85333333333333,26.863999999999997,26.874666666666666,27.568444444444445,27.915333333333336,28.262222222222224,30.692444444444448,33.12266666666667,13.876666666666667,6.277389761853427,8.64,8.86,9.25,10.465,17.17,22.305,25.44,
-86.9055,40.431,0,None,None,697,125290,None,None,None,None,None,None,None,None,None,None,None,None,LTE+Sub6,15,5,0.3333333333333333,14,5,0.35714285714285715,0.3214222222222222,0.05445226247722759,0.2551111111111111,0.2657777777777778,0.2817777777777778,0.32622222222222225,0.3288888888888889,0.3806222222222222,0.4151111111111111,21.96248888888889,8.287575724876097,11.187555555555555,12.09351111111111,12.999466666666667,13.452444444444446,15.56231111111111,19.782044444444445,24.00177777777778,26.231822222222224,28.46186666666667,29.57688888888889,29.98026666666667,30.787022222222223,31.593777777777778,7.980000000000001,3.8822313171680025,5.79,5.906,6.08,6.13,6.16,11.908000000000001,15.74,
-86.9055,40.431,0,58,1475,697,125290,None,None,None,None,None,None,None,None,None,None,None,None,LTE+Sub6,15,10,0.6666666666666666,14,9,0.6428571428571429,0.3186984126984127,0.04997792911717148,0.224,0.2633142857142858,0.288,0.31085714285714283,0.36,0.37497142857142857,0.38285714285714284,45.72206349206349,13.571058426716965,26.784,32.2712,33.81948571428571,33.93714285714285,35.60788571428571,39.42308571428571,44.65942857142857,45.53622857142857,53.305571428571426,58.339,59.21642857142857,62.37285714285714,69.734,9.232222222222223,2.708442675855456,5.95,6.262,6.9,9.54,10.69,11.588000000000001,14.98,
-86.9055,40.4315,0,None,None,697,125290,None,None,None,None,None,None,None,None,None,None,None,None,LTE+Sub6,11,5,0.45454545454545453,11,5,0.45454545454545453,0.24266666666666667,0.03150230248296772,0.21244444444444446,0.21386666666666668,0.216,0.23555555555555555,0.24977777777777777,0.2796444444444444,0.2995555555555555,18.45582222222222,3.3327466339972127,15.643555555555555,15.836266666666667,16.02897777777778,16.125333333333334,16.29297777777778,16.628266666666665,16.963555555555555,17.68888888888889,18.414222222222225,18.77688888888889,19.97546666666667,22.372622222222223,24.769777777777776,10.181999999999999,3.3478912766098,6.45,6.47,6.5,10.45,12.54,13.998000000000001,14.97,
-86.9055,40.4315,0,1,1475,697,125290,448,66736,None,None,None,None,None,None,None,None,None,None,LTE+Sub6,11,5,0.45454545454545453,11,5,0.45454545454545453,0.22554285714285713,0.04801287242362559,0.169,0.1740857142857143,0.18171428571428572,0.214,0.279,0.282,0.284,25.38202857142857,5.5654047526130705,19.71314285714286,19.942285714285717,20.171428571428574,20.286,20.7866,21.7878,22.789,26.241400000000002,29.6938,31.42,31.6764,32.1892,32.702,12.128,2.464170448650011,8.89,9.918000000000001,11.46,11.78,11.99,14.708,16.52,
-86.9055,40.4315,0,58,1475,697,125290,None,None,None,None,None,None,None,None,None,None,None,None,LTE+Sub6,11,1,0.09090909090909091,11,1,0.09090909090909091,0.184,0.0,0.184,0.184,0.184,0.184,0.184,0.184,0.184,29.021714285714285,0.0,29.021714285714285,29.021714285714285,29.021714285714285,29.021714285714285,29.021714285714285,29.021714285714285,29.021714285714285,29.021714285714285,29.021714285714285,29.021714285714285,29.021714285714285,29.021714285714285,29.021714285714285,6.51,0.0,6.51,6.51,6.51,6.51,6.51,6.51,6.51,
-86.9055,40.432,0,None,None,697,125290,None,None,None,None,None,None,None,None,None,None,None,None,LTE+Sub6,8,4,0.5,7,3,0.42857142857142855,0.1928888888888889,0.004414715385407804,0.18933333333333335,0.18951111111111113,0.1897777777777778,0.19022222222222224,0.19466666666666668,0.19733333333333336,0.19911111111111113,15.890074074074073,2.5053279675455076,13.140444444444444,13.57831111111111,14.016177777777777,14.235111111111111,14.454044444444445,14.891911111111112,15.329777777777778,16.103822222222224,16.877866666666666,17.26488888888889,17.65191111111111,18.425955555555554,19.2,14.183333333333332,1.769299924326631,12.24,12.55,13.015,13.79,15.155,15.974,16.52,
-86.9055,40.432,0,429,5035,None,None,None,None,None,None,None,None,None,None,None,None,None,None,LTE,8,1,0.125,7,1,0.14285714285714285,0.129,0.0,0.129,0.129,0.129,0.129,0.129,0.129,0.129,6.686,0.0,6.686,6.686,6.686,6.686,6.686,6.686,6.686,6.686,6.686,6.686,6.686,6.686,6.686,0.0,0.0,0.0,0.0,0.0,0.0,0.0,0.0,0.0,
-86.9055,40.432,0,1,1475,385,125290,None,None,None,None,None,None,None,None,None,None,None,None,LTE+Sub6,8,1,0.125,7,1,0.14285714285714285,0.07885714285714286,0.0,0.07885714285714286,0.07885714285714286,0.07885714285714286,0.07885714285714286,0.07885714285714286,0.07885714285714286,0.07885714285714286,6.115428571428572,0.0,6.115428571428572,6.115428571428572,6.115428571428572,6.115428571428572,6.115428571428572,6.115428571428572,6.115428571428572,6.115428571428572,6.115428571428572,6.115428571428572,6.115428571428572,6.115428571428572,6.115428571428572,0.0,0.0,0.0,0.0,0.0,0.0,0.0,0.0,0.0,
-86.9055,40.432,0,1,1475,697,125290,448,66736,None,None,None,None,None,None,None,None,None,None,LTE+Sub6,8,2,0.25,7,2,0.2857142857142857,0.062,0.0020000000000000018,0.06,0.060399999999999995,0.061,0.062,0.063,0.0636,0.064,4.703071428571429,2.8699285714285714,1.8331428571428572,2.4071285714285717,2.981114285714286,3.268107142857143,3.5551000000000004,4.129085714285715,4.703071428571429,5.277057142857142,5.851042857142857,6.1380357142857145,6.425028571428572,6.999014285714286,7.573,12.275,1.455,10.82,11.111,11.5475,12.275,13.002500000000001,13.439,13.73,
-86.9055,40.4325,0,None,None,697,125290,None,None,None,None,None,None,None,None,None,None,None,None,LTE+Sub6,9,1,0.1111111111111111,9,1,0.1111111111111111,0.2,0.0,0.2,0.2,0.2,0.2,0.2,0.2,0.2,19.076444444444444,0.0,19.076444444444444,19.076444444444444,19.076444444444444,19.076444444444444,19.076444444444444,19.076444444444444,19.076444444444444,19.076444444444444,19.076444444444444,19.076444444444444,19.076444444444444,19.076444444444444,19.076444444444444,5.92,0.0,5.92,5.92,5.92,5.92,5.92,5.92,5.92,
-86.9055,40.4325,0,None,None,485,125290,None,None,None,None,None,None,None,None,None,None,None,None,LTE+Sub6,9,4,0.4444444444444444,9,4,0.4444444444444444,0.15288888888888888,0.04094199449929434,0.12088888888888888,0.12115555555555554,0.12155555555555556,0.13466666666666666,0.166,0.19920000000000002,0.22133333333333335,10.314666666666666,3.6441073014788348,6.904888888888888,6.953422222222222,7.001955555555556,7.026222222222223,7.050488888888889,7.963022222222223,9.307555555555556,10.652088888888889,11.967466666666667,12.596,13.224533333333335,14.4816,15.738666666666665,12.040000000000001,0.963846460801719,11.22,11.232000000000001,11.25,11.67,12.46,13.144,13.6,
-86.9055,40.4325,0,1,1475,385,125290,448,66736,298,1001,460,5035,None,None,None,None,None,None,LTE+Sub6,9,3,0.3333333333333333,9,3,0.3333333333333333,0.08314285714285714,0.009581728644118645,0.07,0.07337142857142857,0.07842857142857143,0.08685714285714285,0.08971428571428572,0.09142857142857143,0.09257142857142857,5.343952380952381,0.8913210583313647,4.129,4.435314285714285,4.741628571428571,4.894785714285714,5.047942857142857,5.354257142857143,5.660571428571428,5.776914285714286,5.893257142857143,5.951428571428572,6.0096,6.125942857142857,6.242285714285715,6.783333333333334,1.9859226794839946,4.0,4.77,5.925,7.85,8.175,8.37,8.5,
-86.9055,40.4325,0,429,5035,None,None,None,None,None,None,None,None,None,None,None,None,None,None,LTE,9,1,0.1111111111111111,9,1,0.1111111111111111,0.051,0.0,0.051,0.051,0.051,0.051,0.051,0.051,0.051,2.902,0.0,2.902,2.902,2.902,2.902,2.902,2.902,2.902,2.902,2.902,2.902,2.902,2.902,2.902,0.0,0.0,0.0,0.0,0.0,0.0,0.0,0.0,0.0,
-86.9055,40.433,0,None,None,385,125290,None,None,None,None,None,None,None,None,None,None,None,None,LTE+Sub6,8,4,0.5,7,4,0.5714285714285714,0.20244444444444443,0.03350990271915025,0.17244444444444446,0.17457777777777778,0.17777777777777778,0.18977777777777777,0.21444444444444444,0.24044444444444446,0.2577777777777778,15.073333333333334,4.325292117445316,11.19111111111111,11.42471111111111,11.65831111111111,11.77511111111111,11.89191111111111,12.571733333333333,13.474666666666666,14.3776,15.696888888888886,16.77288888888889,17.848888888888894,20.00088888888889,22.152888888888892,11.62,3.187318622290529,7.4,8.552,10.280000000000001,11.350000000000001,12.690000000000001,14.904,16.38,
-86.9055,40.433,0,1,1475,385,125290,448,66736,298,1001,460,5035,None,None,None,None,None,None,LTE+Sub6,8,4,0.5,7,3,0.42857142857142855,0.12085714285714284,0.046036365394930015,0.061714285714285715,0.07474285714285714,0.09428571428571429,0.12685714285714286,0.1504285714285714,0.16457142857142856,0.174,11.32847619047619,2.707742492537961,7.96,8.655085714285715,9.350171428571429,9.697714285714286,10.045257142857142,10.740342857142856,11.43542857142857,12.066342857142857,12.697257142857142,13.012714285714285,13.328171428571428,13.959085714285713,14.59,9.18,1.9888355051805233,7.26,7.4799999999999995,7.81,8.36,10.14,11.208,11.92,
-86.9055,40.4335,0,None,None,385,125290,None,None,None,None,None,None,None,None,None,None,None,None,LTE+Sub6,9,4,0.4444444444444444,9,4,0.4444444444444444,0.19644444444444445,0.03284681994115889,0.15644444444444447,0.16311111111111112,0.1731111111111111,0.19244444444444445,0.2157777777777778,0.2329777777777778,0.24444444444444446,16.117333333333335,4.343694825921906,10.135111111111112,11.504977777777778,12.874844444444445,13.559777777777779,14.244711111111112,15.270222222222223,16.123555555555555,16.976888888888887,17.999911111111107,18.681111111111107,19.36231111111111,20.72471111111111,22.08711111111111,12.12,1.865542816447802,9.88,10.369,11.1025,11.780000000000001,12.7975,14.143,15.04,
-86.9055,40.4335,0,460,5035,400,520110,None,None,None,None,None,None,None,None,None,None,None,None,LTE+Sub6,9,4,0.4444444444444444,9,4,0.4444444444444444,0.13789285714285715,0.02163080168723881,0.106,0.11560000000000001,0.13,0.1392857142857143,0.14717857142857144,0.15907142857142859,0.167,12.512571428571428,6.700168152017239,1.608,5.0022,8.396400000000002,10.0935,11.7906,13.560457142857144,14.518142857142857,15.47582857142857,16.44345714285714,16.937214285714283,17.43097142857143,18.418485714285715,19.406,0.0,0.0,0.0,0.0,0.0,0.0,0.0,0.0,0.0,
-86.9055,40.4335,0,1,1475,400,520110,None,None,None,None,None,None,None,None,None,None,None,None,LTE+Sub6,9,1,0.1111111111111111,9,1,0.1111111111111111,0.08571428571428572,0.0,0.08571428571428572,0.08571428571428572,0.08571428571428572,0.08571428571428572,0.08571428571428572,0.08571428571428572,0.08571428571428572,6.013714285714285,0.0,6.013714285714285,6.013714285714285,6.013714285714285,6.013714285714285,6.013714285714285,6.013714285714285,6.013714285714285,6.013714285714285,6.013714285714285,6.013714285714285,6.013714285714285,6.013714285714285,6.013714285714285,0.0,0.0,0.0,0.0,0.0,0.0,0.0,0.0,0.0,
-86.9055,40.434,0,None,None,385,125290,None,None,None,None,None,None,None,None,None,None,None,None,LTE+Sub6,12,6,0.5,7,5,0.7142857142857143,0.24764444444444447,0.05590990989700626,0.18133333333333335,0.1944888888888889,0.21422222222222223,0.23555555555555555,0.2604444444444445,0.3121777777777778,0.3466666666666667,20.23626666666667,4.264506912633773,14.117333333333335,15.182222222222222,16.24711111111111,16.779555555555554,17.70133333333333,19.544888888888888,21.388444444444445,21.9968,22.605155555555555,22.909333333333333,23.5248,24.755733333333335,25.986666666666668,11.620000000000001,1.9990697836743967,9.06,9.66,10.56,11.34,12.05,13.874,15.09,
-86.9055,40.434,0,1,1475,572,520110,None,None,None,None,None,None,None,None,None,None,None,None,LTE+Sub6,12,4,0.3333333333333333,7,1,0.14285714285714285,0.0,0.0,0.0,0.0,0.0,0.0,0.0,0.0,0.0,0.101,0.0,0.101,0.101,0.101,0.101,0.101,0.101,0.101,0.101,0.101,0.101,0.101,0.101,0.101,3.0,0.0,3.0,3.0,3.0,3.0,3.0,3.0,3.0,
-86.9055,40.434,0,1,1475,400,520110,None,None,None,None,None,None,None,None,None,None,None,None,LTE+Sub6,12,1,0.08333333333333333,7,0,0.0,0,0,0,0,0,0,0,0,0,0,0,0,0,0,0,0,0,0,0,0,0,0,0,0,0,0,0,0,0,0,0,0,0,
-86.9055,40.434,0,429,5035,None,None,None,None,None,None,None,None,None,None,None,None,None,None,LTE,12,1,0.08333333333333333,7,1,0.14285714285714285,0.039,0.0,0.039,0.039,0.039,0.039,0.039,0.039,0.039,0.743,0.0,0.743,0.743,0.743,0.743,0.743,0.743,0.743,0.743,0.743,0.743,0.743,0.743,0.743,0.0,0.0,0.0,0.0,0.0,0.0,0.0,0.0,0.0,
-86.9055,40.4345,0,None,None,385,125290,None,None,None,None,None,None,None,None,None,None,None,None,LTE+Sub6,25,16,0.64,21,16,0.7619047619047619,0.2985555555555556,0.07358332809026447,0.14666666666666667,0.19511111111111112,0.26355555555555554,0.30933333333333335,0.3602222222222222,0.3764444444444444,0.4071111111111111,30.80527777777778,10.00974473086904,12.732444444444445,17.312444444444445,20.648,22.10666666666667,25.108444444444444,28.38222222222222,31.69022222222222,34.05866666666667,38.70488888888889,40.361333333333334,41.821333333333335,42.77422222222222,44.06133333333334,8.709375000000001,1.3794177610046203,6.64,7.04,7.657500000000001,8.74,9.5025,10.245000000000001,11.93,
-86.9055,40.4345,0,None,None,485,125290,None,None,None,None,None,None,None,None,None,None,None,None,LTE+Sub6,25,2,0.08,21,1,0.047619047619047616,0.2995555555555555,0.0,0.2995555555555555,0.2995555555555555,0.2995555555555555,0.2995555555555555,0.2995555555555555,0.2995555555555555,0.2995555555555555,35.10933333333334,0.0,35.10933333333334,35.10933333333334,35.10933333333334,35.10933333333334,35.10933333333334,35.10933333333334,35.10933333333334,35.10933333333334,35.10933333333334,35.10933333333334,35.10933333333334,35.10933333333334,35.10933333333334,13.85,0.0,13.85,13.85,13.85,13.85,13.85,13.85,13.85,
-86.9055,40.4345,0,1,1475,400,520110,None,None,None,None,None,None,None,None,None,None,None,None,LTE+Sub6,25,7,0.28,21,4,0.19047619047619047,0.05435714285714286,0.07855074403056347,0.0,0.0030857142857142867,0.007714285714285715,0.013714285714285715,0.06035714285714286,0.13814285714285718,0.19,4.583892857142857,7.295559711483864,0.31542857142857145,0.33394285714285715,0.3524571428571429,0.36171428571428577,0.3709714285714286,0.3863142857142857,0.4000714285714286,0.41382857142857143,2.1026999999999942,4.62225,7.141800000000006,12.180900000000001,17.22,0.0,0.0,0.0,0.0,0.0,0.0,0.0,0.0,0.0,
-86.9055,40.435,0,None,None,385,125290,None,None,None,None,None,None,None,None,None,None,None,None,LTE+Sub6,12,6,0.5,12,6,0.5,0.3242962962962963,0.03606821764006559,0.26222222222222225,0.28622222222222227,0.3111111111111111,0.3248888888888889,0.3413333333333333,0.36177777777777775,0.3804444444444445,35.160444444444444,5.394989530381114,26.911111111111108,29.336,31.76088888888889,32.208444444444446,32.656,33.55111111111111,34.31288888888889,35.074666666666666,37.80177777777778,39.165333333333336,40.52888888888889,41.83244444444445,43.136,9.796666666666667,1.5311723903234697,8.63,8.695,8.8425,9.325,9.605,11.37,13.12,
-86.9055,40.435,0,227,1200,137,125290,119,67011,326,5035,374,1001,None,None,None,None,None,None,LTE+Sub6,12,3,0.25,12,3,0.25,0.1401904761904762,0.024339250049467864,0.10628571428571429,0.11542857142857144,0.12914285714285714,0.152,0.15714285714285714,0.16022857142857141,0.16228571428571428,27.32985714285714,7.006662301855635,18.424,20.343314285714285,22.26262857142857,23.22228571428571,24.181942857142854,26.10125714285714,28.020571428571426,29.525457142857142,31.030342857142855,31.782785714285716,32.535228571428576,34.04011428571429,35.545,8.746666666666666,6.7128003760642905,4.0,4.0,4.0,4.0,11.12,15.392,18.24,
-86.9055,40.435,0,227,1200,385,125290,119,67011,326,5035,374,1001,None,None,None,None,None,None,LTE+Sub6,12,2,0.16666666666666666,12,2,0.16666666666666666,0.15785714285714286,0.00014285714285713902,0.15771428571428572,0.15774285714285716,0.1577857142857143,0.15785714285714286,0.15792857142857142,0.15797142857142857,0.158,26.302500000000002,2.2784999999999993,24.024,24.4797,24.9354,25.16325,25.3911,25.8468,26.302500000000002,26.7582,27.2139,27.44175,27.6696,28.1253,28.581,9.704999999999998,6.534999999999999,3.17,4.477,6.4375,9.704999999999998,12.972499999999998,14.933,16.24,
-86.9055,40.435,0,460,5035,None,None,None,None,None,None,None,None,None,None,None,None,None,None,LTE,12,1,0.08333333333333333,12,1,0.08333333333333333,0.09257142857142857,0.0,0.09257142857142857,0.09257142857142857,0.09257142857142857,0.09257142857142857,0.09257142857142857,0.09257142857142857,0.09257142857142857,13.622857142857143,0.0,13.622857142857143,13.622857142857143,13.622857142857143,13.622857142857143,13.622857142857143,13.622857142857143,13.622857142857143,13.622857142857143,13.622857142857143,13.622857142857143,13.622857142857143,13.622857142857143,13.622857142857143,3.0,0.0,3.0,3.0,3.0,3.0,3.0,3.0,3.0,
-86.9055,40.4355,0,None,None,385,125290,None,None,None,None,None,None,None,None,None,None,None,None,LTE+Sub6,20,3,0.15,19,3,0.15789473684210525,0.23703703703703705,0.01947908730535539,0.21866666666666665,0.22062222222222222,0.22355555555555556,0.22844444444444445,0.24622222222222223,0.2568888888888889,0.264,19.66340740740741,3.025951888913504,16.811555555555554,17.11448888888889,17.41742222222222,17.56888888888889,17.720355555555557,18.02328888888889,18.326222222222224,19.43146666666667,20.53671111111111,21.089333333333336,21.641955555555555,22.7472,23.852444444444444,14.67,1.3003332906092444,12.88,13.344000000000001,14.04,15.2,15.565,15.783999999999999,15.93,
-86.9055,40.4355,0,None,None,485,125290,None,None,None,None,None,None,None,None,None,None,None,None,LTE+Sub6,20,2,0.1,19,2,0.10526315789473684,0.1471111111111111,0.04311111111111112,0.104,0.11262222222222222,0.12555555555555556,0.1471111111111111,0.1686666666666667,0.1816,0.19022222222222224,11.364444444444445,5.325333333333333,6.0391111111111115,7.104177777777778,8.169244444444445,8.701777777777778,9.234311111111111,10.299377777777778,11.364444444444445,12.429511111111111,13.494577777777778,14.027111111111111,14.559644444444444,15.624711111111111,16.689777777777778,7.609999999999999,1.0799999999999996,6.53,6.746,7.07,7.609999999999999,8.15,8.474,8.69,
-86.9055,40.4355,0,460,5035,None,None,None,None,None,None,None,None,None,None,None,None,None,None,LTE,20,11,0.55,19,10,0.5263157894736842,0.15347142857142854,0.04522176873306636,0.069,0.1203,0.13739285714285715,0.149,0.16110714285714287,0.19245714285714283,0.2582857142857143,3.0767571428571427,0.47359045878592315,2.395,2.6146,2.6910000000000003,2.7060000000000004,2.7096,2.8861714285714286,3.033714285714286,3.1277714285714286,3.2779000000000003,3.3621785714285712,3.4437714285714285,3.628228571428571,4.0365714285714285,0.0,0.0,0.0,0.0,0.0,0.0,0.0,0.0,0.0,
-86.9055,40.4355,0,227,1200,400,512190,None,None,None,None,None,None,None,None,None,None,None,None,LTE+Sub6,20,2,0.1,19,2,0.10526315789473684,0.25757142857142856,0.06442857142857143,0.19314285714285714,0.20602857142857142,0.22535714285714287,0.25757142857142856,0.2897857142857143,0.30911428571428573,0.322,10.697285714285714,6.5407142857142855,4.156571428571429,5.464714285714286,6.772857142857143,7.426928571428571,8.081,9.389142857142858,10.697285714285714,12.00542857142857,13.313571428571429,13.967642857142856,14.621714285714287,15.929857142857143,17.238,4.26,4.26,0.0,0.852,2.13,4.26,6.39,7.668,8.52,
-86.9055,40.4355,0,227,1200,137,125290,119,67011,326,5035,374,1001,None,None,None,None,None,None,LTE+Sub6,20,2,0.1,19,2,0.10526315789473684,0.15542857142857144,0.04457142857142857,0.11085714285714286,0.11977142857142858,0.13314285714285715,0.15542857142857144,0.1777142857142857,0.1910857142857143,0.2,31.39542857142857,9.251428571428573,22.144,23.994285714285713,25.844571428571427,26.769714285714286,27.694857142857142,29.545142857142856,31.39542857142857,33.245714285714286,35.096,36.021142857142856,36.946285714285715,38.79657142857143,40.646857142857144,3.9699999999999998,0.030000000000000027,3.94,3.9459999999999997,3.955,3.9699999999999998,3.985,3.994,4.0,
-86.9055,40.436,0,None,None,485,125290,None,None,None,None,None,None,None,None,None,None,None,None,LTE+Sub6,5,4,0.8,4,3,0.75,0.2557037037037037,0.02305786839507403,0.22311111111111112,0.23271111111111112,0.24711111111111111,0.2711111111111111,0.272,0.27253333333333335,0.2728888888888889,23.295407407407406,2.3539238326995404,19.99111111111111,20.912355555555553,21.833599999999997,22.29422222222222,22.754844444444444,23.676088888888888,24.59733333333333,24.73742222222222,24.87751111111111,24.947555555555553,25.017599999999998,25.157688888888888,25.297777777777778,9.216666666666667,1.763147438216353,6.87,7.428,8.265,9.66,10.39,10.828,11.12,
-86.9055,40.436,0,460,5035,None,None,None,None,None,None,None,None,None,None,None,None,None,None,LTE,5,1,0.2,4,1,0.25,0.12,0.0,0.12,0.12,0.12,0.12,0.12,0.12,0.12,1.862857142857143,0.0,1.862857142857143,1.862857142857143,1.862857142857143,1.862857142857143,1.862857142857143,1.862857142857143,1.862857142857143,1.862857142857143,1.862857142857143,1.862857142857143,1.862857142857143,1.862857142857143,1.862857142857143,0.0,0.0,0.0,0.0,0.0,0.0,0.0,0.0,0.0,
-86.9055,40.4365,0,None,None,485,125290,None,None,None,None,None,None,None,None,None,None,None,None,LTE+Sub6,2,2,1.0,2,2,1.0,0.1591111111111111,0.003555555555555562,0.15555555555555553,0.15626666666666664,0.15733333333333333,0.1591111111111111,0.16088888888888886,0.16195555555555555,0.16266666666666665,10.588444444444445,0.5040000000000004,10.084444444444445,10.185244444444445,10.286044444444446,10.336444444444446,10.386844444444446,10.487644444444445,10.588444444444445,10.689244444444446,10.790044444444446,10.840444444444445,10.890844444444445,10.991644444444447,11.092444444444446,10.855,0.7750000000000004,10.08,10.235,10.467500000000001,10.855,11.2425,11.475000000000001,11.63,
-86.906,40.4365,0,None,None,485,125290,None,None,None,None,None,None,None,None,None,None,None,None,LTE+Sub6,4,2,0.5,4,2,0.5,0.19022222222222224,0.041777777777777775,0.14844444444444446,0.15680000000000002,0.16933333333333334,0.19022222222222224,0.21111111111111114,0.22364444444444445,0.232,10.931111111111111,2.429777777777778,8.501333333333333,8.987288888888889,9.473244444444445,9.716222222222221,9.9592,10.445155555555555,10.931111111111111,11.417066666666667,11.903022222222223,12.146,12.388977777777779,12.874933333333333,13.360888888888889,8.625,0.8249999999999997,7.8,7.965,8.2125,8.625,9.0375,9.285,9.45,
-86.906,40.4365,0,460,5035,None,None,None,None,None,None,None,None,None,None,None,None,None,None,LTE,4,2,0.5,4,2,0.5,0.07407142857142857,0.008928571428571432,0.06514285714285714,0.06692857142857142,0.06960714285714285,0.07407142857142857,0.07853571428571429,0.08121428571428572,0.083,1.1860714285714287,0.07292857142857134,1.1131428571428572,1.1277285714285714,1.1423142857142858,1.1496071428571428,1.1569,1.1714857142857142,1.1860714285714287,1.2006571428571429,1.215242857142857,1.2225357142857143,1.2298285714285713,1.2444142857142857,1.259,0.0,0.0,0.0,0.0,0.0,0.0,0.0,0.0,0.0,
-86.906,40.437,0,None,None,485,125290,None,None,None,None,None,None,None,None,None,None,None,None,LTE+Sub6,6,4,0.6666666666666666,6,4,0.6666666666666666,0.18733333333333332,0.03332666599986664,0.14755555555555555,0.15475555555555556,0.16555555555555554,0.18177777777777776,0.20355555555555555,0.22435555555555556,0.23822222222222222,12.673555555555554,2.3876267363427583,10.538666666666666,10.821333333333333,11.104,11.245333333333333,11.386666666666665,11.577066666666665,11.721333333333334,11.8656,12.436888888888888,13.149555555555557,13.862222222222226,15.287555555555558,16.71288888888889,14.93,4.651988821998607,11.79,11.946,12.18,12.48,15.23,19.874000000000002,22.97,
-86.906,40.437,0,460,5035,None,None,None,None,None,None,None,None,None,None,None,None,None,None,LTE,6,2,0.3333333333333333,6,2,0.3333333333333333,0.02142857142857143,0.01457142857142857,0.006857142857142857,0.009771428571428572,0.014142857142857141,0.02142857142857143,0.028714285714285713,0.03308571428571428,0.036,0.4235714285714286,0.19842857142857143,0.22514285714285714,0.2648285714285714,0.30451428571428574,0.32435714285714284,0.3442,0.3838857142857143,0.4235714285714286,0.4632571428571428,0.5029428571428571,0.5227857142857143,0.5426285714285715,0.5823142857142857,0.622,0.0,0.0,0.0,0.0,0.0,0.0,0.0,0.0,0.0,
-86.906,40.4375,0,None,None,485,125290,None,None,None,None,None,None,None,None,None,None,None,None,LTE+Sub6,4,4,1.0,4,4,1.0,0.16333333333333333,0.034325241764949346,0.12977777777777777,0.13484444444444443,0.14244444444444443,0.15155555555555555,0.17244444444444446,0.20124444444444448,0.22044444444444447,12.30777777777778,3.4866567452588826,9.04711111111111,9.588177777777776,10.129244444444444,10.399777777777777,10.67031111111111,10.9104,11.0,11.0896,11.852799999999998,12.908000000000001,13.963200000000004,16.073600000000003,18.184,9.065,1.2386787315522942,7.02,7.662,8.625,9.525,9.965,10.1,10.19,
-86.906,40.438,0,None,None,485,125290,None,None,None,None,None,None,None,None,None,None,None,None,LTE+Sub6,1,1,1.0,1,1,1.0,0.17333333333333334,0.0,0.17333333333333334,0.17333333333333334,0.17333333333333334,0.17333333333333334,0.17333333333333334,0.17333333333333334,0.17333333333333334,14.96888888888889,0.0,14.96888888888889,14.96888888888889,14.96888888888889,14.96888888888889,14.96888888888889,14.96888888888889,14.96888888888889,14.96888888888889,14.96888888888889,14.96888888888889,14.96888888888889,14.96888888888889,14.96888888888889,12.25,0.0,12.25,12.25,12.25,12.25,12.25,12.25,12.25,
-86.9065,40.438,0,None,None,485,125290,None,None,None,None,None,None,None,None,None,None,None,None,LTE+Sub6,9,4,0.4444444444444444,7,3,0.42857142857142855,0.1656296296296296,0.011799886075105123,0.15288888888888888,0.15484444444444442,0.15777777777777777,0.16266666666666665,0.172,0.1776,0.18133333333333335,11.182518518518519,1.3597176823087176,9.683555555555555,9.924622222222222,10.165688888888889,10.286222222222221,10.406755555555556,10.647822222222223,10.88888888888889,11.306133333333333,11.723377777777777,11.932,12.140622222222223,12.557866666666667,12.975111111111111,11.993333333333332,1.1511540103546334,10.78,10.956,11.219999999999999,11.66,12.6,13.164,13.54,
-86.9065,40.438,0,429,5035,None,None,None,None,None,None,None,None,None,None,None,None,None,None,LTE,9,3,0.3333333333333333,7,2,0.2857142857142857,0.0315,0.0005000000000000004,0.031,0.0311,0.03125,0.0315,0.03175,0.0319,0.032,0.48650000000000004,0.06350000000000003,0.423,0.4357,0.4484,0.45475,0.4611,0.4738,0.48650000000000004,0.49920000000000003,0.5119,0.51825,0.5246000000000001,0.5373,0.55,0.0,0.0,0.0,0.0,0.0,0.0,0.0,0.0,0.0,
-86.9065,40.438,0,298,1001,698,512190,None,None,None,None,None,None,None,None,None,None,None,None,LTE+Sub6,9,1,0.1111111111111111,7,1,0.14285714285714285,0.05942857142857143,0.0,0.05942857142857143,0.05942857142857143,0.05942857142857143,0.05942857142857143,0.05942857142857143,0.05942857142857143,0.05942857142857143,1.286857142857143,0.0,1.286857142857143,1.286857142857143,1.286857142857143,1.286857142857143,1.286857142857143,1.286857142857143,1.286857142857143,1.286857142857143,1.286857142857143,1.286857142857143,1.286857142857143,1.286857142857143,1.286857142857143,0.0,0.0,0.0,0.0,0.0,0.0,0.0,0.0,0.0,
-86.9065,40.438,0,298,1001,400,512190,None,None,None,None,None,None,None,None,None,None,None,None,LTE+Sub6,9,1,0.1111111111111111,7,1,0.14285714285714285,0.08114285714285714,0.0,0.08114285714285714,0.08114285714285714,0.08114285714285714,0.08114285714285714,0.08114285714285714,0.08114285714285714,0.08114285714285714,1.7017142857142857,0.0,1.7017142857142857,1.7017142857142857,1.7017142857142857,1.7017142857142857,1.7017142857142857,1.7017142857142857,1.7017142857142857,1.7017142857142857,1.7017142857142857,1.7017142857142857,1.7017142857142857,1.7017142857142857,1.7017142857142857,0.0,0.0,0.0,0.0,0.0,0.0,0.0,0.0,0.0,
-86.9065,40.4385,0,None,None,485,125290,None,None,None,None,None,None,None,None,None,None,None,None,LTE+Sub6,2,2,1.0,2,2,1.0,0.13911111111111113,0.049333333333333354,0.08977777777777778,0.09964444444444445,0.11444444444444445,0.13911111111111113,0.1637777777777778,0.1785777777777778,0.18844444444444447,9.652888888888889,4.519555555555556,5.133333333333333,6.037244444444444,6.9411555555555555,7.393111111111111,7.845066666666666,8.748977777777778,9.652888888888889,10.556799999999999,11.46071111111111,11.912666666666667,12.364622222222222,13.268533333333334,14.172444444444444,15.879999999999999,0.0699999999999994,15.81,15.824,15.845,15.879999999999999,15.915,15.936,15.95,
-86.907,40.4385,0,None,None,485,125290,None,None,None,None,None,None,None,None,None,None,None,None,LTE+Sub6,28,5,0.17857142857142858,25,5,0.2,0.14506666666666665,0.05168229632172336,0.06488888888888888,0.08728888888888889,0.12088888888888888,0.13777777777777778,0.19555555555555554,0.20195555555555555,0.20622222222222222,10.376000000000001,4.612380222674463,3.372444444444444,5.202133333333334,7.031822222222223,7.946666666666667,8.301333333333334,9.010666666666667,9.72,11.912711111111111,14.105422222222222,15.201777777777778,15.289244444444444,15.464177777777778,15.639111111111111,11.074000000000002,2.0863805980692978,8.93,8.994,9.09,11.12,11.55,13.428,14.68,
-86.907,40.4385,0,None,None,333,125290,None,None,None,None,None,None,None,None,None,None,None,None,LTE+Sub6,28,18,0.6428571428571429,25,17,0.68,0.2213856209150327,0.05252588831774968,0.032,0.18844444444444447,0.22133333333333335,0.2311111111111111,0.24977777777777777,0.26008888888888887,0.2728888888888889,21.105986928104574,5.9570560710775,2.0115555555555558,17.203733333333332,18.612622222222225,19.068444444444445,19.740444444444446,20.232,20.656,22.89031111111111,24.79146666666667,25.041777777777778,25.061688888888888,27.104355555555557,29.292444444444445,14.904705882352943,2.071444842863121,10.38,12.684,13.83,14.81,15.45,17.273999999999997,19.61,
-86.907,40.4385,0,99,1001,790,512190,282,66736,81,67011,None,None,None,None,None,None,None,None,LTE+Sub6,28,2,0.07142857142857142,25,0,0.0,0,0,0,0,0,0,0,0,0,0,0,0,0,0,0,0,0,0,0,0,0,0,0,0,0,0,0,0,0,0,0,0,0,
-86.907,40.4385,0,429,5035,None,None,None,None,None,None,None,None,None,None,None,None,None,None,LTE,28,3,0.10714285714285714,25,3,0.12,0.06271428571428571,0.04141395472855138,0.03,0.0314,0.0335,0.037,0.07907142857142857,0.10431428571428572,0.12114285714285714,0.9390000000000001,0.6266200337259149,0.457,0.4728,0.48860000000000003,0.49650000000000005,0.5044000000000001,0.5202,0.536,0.7936,1.0512,1.1800000000000002,1.3088000000000002,1.5664000000000002,1.824,0.0,0.0,0.0,0.0,0.0,0.0,0.0,0.0,0.0,
-86.9075,40.439,0,None,None,333,125290,None,None,None,None,None,None,None,None,None,None,None,None,LTE+Sub6,9,8,0.8888888888888888,7,7,1.0,0.21257142857142858,0.022489458912048434,0.17155555555555554,0.1864888888888889,0.2008888888888889,0.21333333333333335,0.22933333333333333,0.2384,0.24266666666666667,19.030984126984126,2.7563878079006696,14.643555555555555,15.345422222222222,16.350044444444446,17.15511111111111,17.96017777777778,18.777422222222224,19.198222222222224,20.01528888888889,20.839466666666663,21.258666666666663,21.677866666666667,22.19342222222222,22.547555555555554,14.978571428571428,1.5855546895233186,12.46,13.420000000000002,14.075,14.31,16.325,16.92,17.28,
-86.9075,40.439,0,99,1001,None,None,None,None,81,67011,None,None,None,None,None,None,None,None,LTE,9,1,0.1111111111111111,7,0,0.0,0,0,0,0,0,0,0,0,0,0,0,0,0,0,0,0,0,0,0,0,0,0,0,0,0,0,0,0,0,0,0,0,0,
-86.908,40.439,0,None,None,333,125290,None,None,None,None,None,None,None,None,None,None,None,None,LTE+Sub6,7,2,0.2857142857142857,2,2,1.0,0.15511111111111112,0.01733333333333334,0.13777777777777778,0.14124444444444445,0.14644444444444443,0.15511111111111112,0.1637777777777778,0.16897777777777778,0.17244444444444446,10.582222222222223,1.201777777777778,9.380444444444445,9.620800000000001,9.861155555555555,9.981333333333334,10.101511111111112,10.341866666666666,10.582222222222223,10.822577777777779,11.062933333333334,11.183111111111112,11.30328888888889,11.543644444444444,11.784,14.07,0.39000000000000057,13.68,13.758,13.875,14.07,14.265,14.382000000000001,14.46,
-86.908,40.439,0,99,1001,867,125290,None,None,None,None,None,None,None,None,None,None,None,None,LTE+Sub6,7,1,0.14285714285714285,2,0,0.0,0,0,0,0,0,0,0,0,0,0,0,0,0,0,0,0,0,0,0,0,0,0,0,0,0,0,0,0,0,0,0,0,0,
-86.908,40.439,0,99,1001,None,None,None,None,81,67011,None,None,None,None,None,None,None,None,LTE,7,1,0.14285714285714285,2,0,0.0,0,0,0,0,0,0,0,0,0,0,0,0,0,0,0,0,0,0,0,0,0,0,0,0,0,0,0,0,0,0,0,0,0,
-86.908,40.439,0,99,1001,89,520110,None,None,81,67011,None,None,None,None,None,None,None,None,LTE+Sub6,7,1,0.14285714285714285,2,0,0.0,0,0,0,0,0,0,0,0,0,0,0,0,0,0,0,0,0,0,0,0,0,0,0,0,0,0,0,0,0,0,0,0,0,
-86.908,40.439,0,99,1001,698,520110,None,None,81,67011,None,None,None,None,None,None,None,None,LTE+Sub6,7,2,0.2857142857142857,2,0,0.0,0,0,0,0,0,0,0,0,0,0,0,0,0,0,0,0,0,0,0,0,0,0,0,0,0,0,0,0,0,0,0,0,0,
-86.908,40.4395,0,None,None,333,125290,None,None,None,None,None,None,None,None,None,None,None,None,LTE+Sub6,5,5,1.0,5,5,1.0,0.18275555555555556,0.027279477204360233,0.14577777777777778,0.1504,0.15733333333333335,0.18844444444444447,0.20533333333333334,0.21226666666666666,0.21688888888888888,13.37048888888889,1.8765509649222472,10.405333333333333,11.135644444444445,11.865955555555557,12.231111111111112,12.579022222222223,13.274844444444444,13.970666666666666,14.14631111111111,14.321955555555556,14.409777777777778,14.694933333333333,15.265244444444445,15.835555555555555,13.924000000000001,1.5481291935752646,11.49,12.078000000000001,12.96,14.27,15.03,15.533999999999999,15.87,
-86.9085,40.4395,0,None,None,333,125290,None,None,None,None,None,None,None,None,None,None,None,None,LTE+Sub6,4,1,0.25,4,1,0.25,0.18666666666666665,0.0,0.18666666666666665,0.18666666666666665,0.18666666666666665,0.18666666666666665,0.18666666666666665,0.18666666666666665,0.18666666666666665,12.061333333333334,0.0,12.061333333333334,12.061333333333334,12.061333333333334,12.061333333333334,12.061333333333334,12.061333333333334,12.061333333333334,12.061333333333334,12.061333333333334,12.061333333333334,12.061333333333334,12.061333333333334,12.061333333333334,12.79,0.0,12.79,12.79,12.79,12.79,12.79,12.79,12.79,
-86.9085,40.4395,0,448,1001,867,125290,None,None,None,None,None,None,None,None,None,None,None,None,LTE+Sub6,4,2,0.5,4,2,0.5,0.09885714285714287,0.041714285714285725,0.05714285714285715,0.06548571428571429,0.07800000000000001,0.09885714285714287,0.11971428571428573,0.13222857142857145,0.1405714285714286,3.478285714285714,0.9674285714285715,2.5108571428571427,2.704342857142857,2.897828571428571,2.9945714285714287,3.0913142857142857,3.2847999999999997,3.478285714285714,3.6717714285714287,3.8652571428571427,3.9619999999999997,4.058742857142857,4.252228571428572,4.445714285714286,4.0,0.0,4.0,4.0,4.0,4.0,4.0,4.0,4.0,
-86.9085,40.4395,0,99,1001,867,125290,None,None,None,None,None,None,None,None,None,None,None,None,LTE+Sub6,4,1,0.25,4,1,0.25,0.008,0.0,0.008,0.008,0.008,0.008,0.008,0.008,0.008,1.822857142857143,0.0,1.822857142857143,1.822857142857143,1.822857142857143,1.822857142857143,1.822857142857143,1.822857142857143,1.822857142857143,1.822857142857143,1.822857142857143,1.822857142857143,1.822857142857143,1.822857142857143,1.822857142857143,0.0,0.0,0.0,0.0,0.0,0.0,0.0,0.0,0.0,
-86.9085,40.44,0,None,None,333,125290,None,None,None,None,None,None,None,None,None,None,None,None,LTE+Sub6,4,4,1.0,4,4,1.0,0.17777777777777778,0.035215036070293894,0.13955555555555554,0.1416888888888889,0.1448888888888889,0.17555555555555558,0.20844444444444446,0.21564444444444447,0.22044444444444447,14.295777777777777,4.3854486826490335,9.954666666666666,9.956,9.957333333333333,9.958,9.958666666666668,11.513955555555556,13.84622222222222,16.178488888888886,17.9136,18.183999999999997,18.4544,18.9952,19.536,12.8375,1.9820239024794828,10.42,10.786,11.335,12.655000000000001,14.157499999999999,15.035,15.62,
-86.909,40.44,0,None,None,333,125290,None,None,None,None,None,None,None,None,None,None,None,None,LTE+Sub6,2,1,0.5,2,1,0.5,0.1831111111111111,0.0,0.1831111111111111,0.1831111111111111,0.1831111111111111,0.1831111111111111,0.1831111111111111,0.1831111111111111,0.1831111111111111,11.924444444444445,0.0,11.924444444444445,11.924444444444445,11.924444444444445,11.924444444444445,11.924444444444445,11.924444444444445,11.924444444444445,11.924444444444445,11.924444444444445,11.924444444444445,11.924444444444445,11.924444444444445,11.924444444444445,8.41,0.0,8.41,8.41,8.41,8.41,8.41,8.41,8.41,
-86.909,40.44,0,None,None,403,125290,None,None,None,None,None,None,None,None,None,None,None,None,LTE+Sub6,2,1,0.5,2,1,0.5,0.08088888888888889,0.0,0.08088888888888889,0.08088888888888889,0.08088888888888889,0.08088888888888889,0.08088888888888889,0.08088888888888889,0.08088888888888889,4.576,0.0,4.576,4.576,4.576,4.576,4.576,4.576,4.576,4.576,4.576,4.576,4.576,4.576,4.576,15.79,0.0,15.79,15.79,15.79,15.79,15.79,15.79,15.79,
-86.909,40.4405,0,None,None,403,125290,None,None,None,None,None,None,None,None,None,None,None,None,LTE+Sub6,3,3,1.0,2,2,1.0,0.264,0.035555555555555535,0.22844444444444445,0.23555555555555555,0.24622222222222223,0.264,0.28177777777777774,0.2924444444444444,0.2995555555555555,26.306666666666665,3.9271111111111114,22.379555555555555,23.16497777777778,23.9504,24.34311111111111,24.73582222222222,25.521244444444445,26.306666666666665,27.092088888888888,27.87751111111111,28.270222222222223,28.662933333333335,29.448355555555555,30.233777777777778,14.355,1.2149999999999999,13.14,13.383000000000001,13.7475,14.355,14.9625,15.327,15.57,
-86.9095,40.4405,0,None,None,403,125290,None,None,None,None,None,None,None,None,None,None,None,None,LTE+Sub6,2,2,1.0,2,2,1.0,0.2613333333333333,0.019555555555555576,0.24177777777777776,0.24568888888888887,0.25155555555555553,0.2613333333333333,0.27111111111111114,0.2769777777777778,0.2808888888888889,25.762666666666668,3.5457777777777757,22.216888888888892,22.926044444444447,23.6352,23.989777777777782,24.34435555555556,25.053511111111114,25.762666666666668,26.471822222222222,27.180977777777777,27.535555555555554,27.890133333333335,28.59928888888889,29.308444444444444,15.895,1.1749999999999998,14.72,14.955,15.307500000000001,15.895,16.4825,16.835,17.07,
-86.9095,40.441,0,None,None,403,125290,None,None,None,None,None,None,None,None,None,None,None,None,LTE+Sub6,2,2,1.0,2,2,1.0,0.292,0.01733333333333331,0.27466666666666667,0.27813333333333334,0.2833333333333333,0.292,0.30066666666666664,0.3058666666666666,0.3093333333333333,38.233777777777775,9.793777777777775,28.44,30.398755555555557,32.35751111111111,33.336888888888886,34.316266666666664,36.27502222222222,38.233777777777775,40.19253333333333,42.151288888888885,43.13066666666666,44.11004444444444,46.068799999999996,48.02755555555555,17.56,1.0,16.56,16.759999999999998,17.06,17.56,18.06,18.36,18.56,
-86.91,40.441,0,None,None,403,125290,None,None,None,None,None,None,None,None,None,None,None,None,LTE+Sub6,3,3,1.0,3,3,1.0,0.2554074074074074,0.05214141370656933,0.21333333333333335,0.21546666666666667,0.21866666666666668,0.224,0.27644444444444444,0.30791111111111114,0.3288888888888889,25.735111111111113,9.87500247142752,17.783111111111108,18.180266666666665,18.57742222222222,18.776,18.974577777777778,19.371733333333335,19.768888888888892,23.74577777777778,27.72266666666667,29.711111111111116,31.69955555555556,35.67644444444445,39.653333333333336,12.496666666666664,0.649837586546738,11.59,11.836,12.205,12.82,12.95,13.028,13.08,
-86.91,40.4415,0,None,None,403,125290,None,None,None,None,None,None,None,None,None,None,None,None,LTE+Sub6,2,2,1.0,2,2,1.0,0.20577777777777778,0.009333333333333332,0.19644444444444445,0.1983111111111111,0.20111111111111113,0.20577777777777778,0.21044444444444443,0.21324444444444446,0.21511111111111111,19.227555555555558,0.4231111111111119,18.804444444444446,18.88906666666667,18.97368888888889,19.016000000000002,19.058311111111113,19.142933333333335,19.227555555555558,19.31217777777778,19.396800000000002,19.439111111111114,19.481422222222225,19.566044444444447,19.65066666666667,13.445,2.255,11.19,11.641,12.317499999999999,13.445,14.5725,15.248999999999999,15.7,
-86.9105,40.4415,0,None,None,403,125290,None,None,None,None,None,None,None,None,None,None,None,None,LTE+Sub6,5,3,0.6,5,3,0.6,0.24444444444444446,0.02540211585108482,0.22222222222222224,0.224,0.22666666666666668,0.2311111111111111,0.25555555555555554,0.27022222222222225,0.28,21.260444444444445,0.936604637461069,20.514666666666667,20.5488,20.582933333333333,20.6,20.617066666666666,20.6512,20.685333333333332,21.064533333333333,21.443733333333334,21.633333333333333,21.82293333333333,22.202133333333332,22.581333333333333,18.94333333333333,2.6585376097061757,16.13,16.541999999999998,17.16,18.19,20.35,21.646,22.51,
-86.9105,40.4415,0,448,1001,483,125290,412,67011,None,None,None,None,None,None,None,None,None,None,LTE+Sub6,5,1,0.2,5,1,0.2,0.179,0.0,0.179,0.179,0.179,0.179,0.179,0.179,0.179,29.216,0.0,29.216,29.216,29.216,29.216,29.216,29.216,29.216,29.216,29.216,29.216,29.216,29.216,29.216,5.8,0.0,5.8,5.8,5.8,5.8,5.8,5.8,5.8,
-86.9105,40.4415,0,448,1001,867,125290,412,67011,None,None,None,None,None,None,None,None,None,None,LTE+Sub6,5,1,0.2,5,1,0.2,0.108,0.0,0.108,0.108,0.108,0.108,0.108,0.108,0.108,13.075,0.0,13.075,13.075,13.075,13.075,13.075,13.075,13.075,13.075,13.075,13.075,13.075,13.075,13.075,8.52,0.0,8.52,8.52,8.52,8.52,8.52,8.52,8.52,
-86.911,40.442,0,None,None,403,125290,None,None,None,None,None,None,None,None,None,None,None,None,LTE+Sub6,7,2,0.2857142857142857,6,2,0.3333333333333333,0.23733333333333334,0.0026666666666666644,0.23466666666666666,0.2352,0.236,0.23733333333333334,0.23866666666666667,0.23946666666666666,0.24,21.609777777777776,0.8355555555555547,20.77422222222222,20.941333333333333,21.108444444444444,21.192,21.275555555555552,21.442666666666664,21.609777777777776,21.776888888888887,21.944,22.02755555555555,22.111111111111107,22.27822222222222,22.44533333333333,18.36,1.2800000000000011,17.08,17.336,17.72,18.36,19.0,19.384,19.64,
-86.911,40.442,0,None,None,483,125290,None,None,None,None,None,None,None,None,None,None,None,None,LTE+Sub6,7,2,0.2857142857142857,6,1,0.16666666666666666,0.23733333333333334,0.0,0.23733333333333334,0.23733333333333334,0.23733333333333334,0.23733333333333334,0.23733333333333334,0.23733333333333334,0.23733333333333334,26.374222222222222,0.0,26.374222222222222,26.374222222222222,26.374222222222222,26.374222222222222,26.374222222222222,26.374222222222222,26.374222222222222,26.374222222222222,26.374222222222222,26.374222222222222,26.374222222222222,26.374222222222222,26.374222222222222,14.0,0.0,14.0,14.0,14.0,14.0,14.0,14.0,14.0,
-86.911,40.442,0,448,1001,483,125290,412,67011,None,None,None,None,None,None,None,None,None,None,LTE+Sub6,7,3,0.42857142857142855,6,3,0.5,0.25995238095238093,0.005690824854829454,0.252,0.25417142857142855,0.25742857142857145,0.26285714285714284,0.2639285714285714,0.26457142857142857,0.265,45.60809523809524,0.7141433889950629,44.88,44.9772,45.074400000000004,45.123000000000005,45.1716,45.2688,45.366,45.60845714285714,45.85091428571429,45.972142857142856,46.09337142857143,46.33582857142858,46.57828571428572,4.0,0.0,4.0,4.0,4.0,4.0,4.0,4.0,4.0,
-86.9115,40.442,0,None,None,483,125290,None,None,None,None,None,None,None,None,None,None,None,None,LTE+Sub6,5,3,0.6,5,3,0.6,0.29748148148148146,0.0782805618585061,0.22933333333333333,0.23466666666666666,0.24266666666666667,0.256,0.33155555555555555,0.3768888888888889,0.4071111111111111,29.369481481481483,9.264897071169704,21.30488888888889,21.935644444444446,22.5664,22.881777777777778,23.197155555555558,23.827911111111113,24.45866666666667,28.035911111111112,31.613155555555554,33.40177777777778,35.190400000000004,38.76764444444444,42.34488888888889,12.483333333333334,1.2400089605411015,11.2,11.378,11.645,12.09,13.125,13.746,14.16,
-86.9115,40.442,0,448,1001,483,125290,412,67011,None,None,None,None,None,None,None,None,None,None,LTE+Sub6,5,2,0.4,5,2,0.4,0.25457142857142856,0.010571428571428593,0.244,0.2461142857142857,0.24928571428571428,0.25457142857142856,0.2598571428571429,0.26302857142857144,0.2651428571428572,49.17171428571429,4.895714285714284,44.276,45.25514285714286,46.23428571428572,46.72385714285714,47.21342857142857,48.19257142857143,49.17171428571429,50.15085714285714,51.13,51.61957142857143,52.10914285714286,53.08828571428572,54.06742857142857,4.18,0.18000000000000016,4.0,4.036,4.09,4.18,4.2700000000000005,4.324000000000001,4.36,
-86.9115,40.4425,0,None,None,483,125290,None,None,None,None,None,None,None,None,None,None,None,None,LTE+Sub6,3,1,0.3333333333333333,3,1,0.3333333333333333,0.4702222222222222,0.0,0.4702222222222222,0.4702222222222222,0.4702222222222222,0.4702222222222222,0.4702222222222222,0.4702222222222222,0.4702222222222222,50.47288888888889,0.0,50.47288888888889,50.47288888888889,50.47288888888889,50.47288888888889,50.47288888888889,50.47288888888889,50.47288888888889,50.47288888888889,50.47288888888889,50.47288888888889,50.47288888888889,50.47288888888889,50.47288888888889,7.89,0.0,7.89,7.89,7.89,7.89,7.89,7.89,7.89,
-86.9115,40.4425,0,448,1001,483,125290,412,67011,None,None,None,None,None,None,None,None,None,None,LTE+Sub6,3,2,0.6666666666666666,3,2,0.6666666666666666,0.3225,0.08050000000000002,0.242,0.2581,0.28225,0.3225,0.36275,0.3869,0.403,65.1285,6.9405,58.188,59.576100000000004,60.964200000000005,61.65825,62.3523,63.7404,65.1285,66.5166,67.9047,68.59875,69.2928,70.68090000000001,72.069,4.0,1.0,3.0,3.2,3.5,4.0,4.5,4.8,5.0,
-86.912,40.4425,0,None,None,483,125290,None,None,None,None,None,None,None,None,None,None,None,None,LTE+Sub6,6,4,0.6666666666666666,6,4,0.6666666666666666,0.35866666666666663,0.050402821790495454,0.32,0.324,0.32999999999999996,0.33466666666666667,0.36333333333333334,0.4125333333333333,0.4453333333333333,37.34844444444444,5.366874714163809,30.232,31.769866666666665,33.30773333333333,34.07666666666666,34.8456,36.048177777777774,37.08311111111111,38.11804444444444,39.42675555555555,40.35488888888889,41.28302222222222,43.13928888888889,44.995555555555555,10.8275,1.6617065775882336,8.44,9.084999999999999,10.0525,10.885,11.66,12.524000000000001,13.1,
-86.912,40.4425,0,448,1001,483,125290,412,67011,None,None,None,None,None,None,None,None,None,None,LTE+Sub6,6,2,0.3333333333333333,6,2,0.3333333333333333,0.27914285714285714,0.020857142857142852,0.2582857142857143,0.26245714285714283,0.2687142857142857,0.27914285714285714,0.2895714285714286,0.29582857142857144,0.3,60.81164285714286,4.5933571428571405,56.21828571428572,57.13695714285715,58.05562857142858,58.51496428571429,58.97430000000001,59.892971428571435,60.81164285714286,61.730314285714286,62.648985714285715,63.10832142857143,63.56765714285714,64.48632857142857,65.405,6.4399999999999995,0.43999999999999995,6.0,6.088,6.22,6.4399999999999995,6.66,6.792,6.88,
-86.9125,40.443,0,None,None,483,125290,None,None,None,None,None,None,None,None,None,None,None,None,LTE+Sub6,6,5,0.8333333333333334,6,5,0.8333333333333334,0.34044444444444444,0.024684878162076127,0.2968888888888889,0.3125333333333334,0.336,0.3413333333333333,0.3608888888888889,0.36462222222222224,0.3671111111111111,35.915733333333336,2.525815552535874,32.29333333333333,33.177955555555556,34.06257777777778,34.50488888888889,34.695822222222226,35.077688888888886,35.45955555555555,36.392177777777775,37.324799999999996,37.79111111111111,38.138844444444445,38.83431111111111,39.52977777777778,10.255999999999998,1.3957879495109564,8.11,8.494,9.07,11.27,11.33,11.432,11.5,
-86.9125,40.443,0,448,1001,483,125290,412,67011,None,None,None,None,None,None,None,None,None,None,LTE+Sub6,6,1,0.16666666666666666,6,1,0.16666666666666666,0.386,0.0,0.386,0.386,0.386,0.386,0.386,0.386,0.386,88.572,0.0,88.572,88.572,88.572,88.572,88.572,88.572,88.572,88.572,88.572,88.572,88.572,88.572,88.572,5.21,0.0,5.21,5.21,5.21,5.21,5.21,5.21,5.21,
-86.9125,40.4435,0,None,None,483,125290,None,None,None,None,None,None,None,None,None,None,None,None,LTE+Sub6,4,1,0.25,3,1,0.3333333333333333,0.3031111111111111,0.0,0.3031111111111111,0.3031111111111111,0.3031111111111111,0.3031111111111111,0.3031111111111111,0.3031111111111111,0.3031111111111111,30.996444444444446,0.0,30.996444444444446,30.996444444444446,30.996444444444446,30.996444444444446,30.996444444444446,30.996444444444446,30.996444444444446,30.996444444444446,30.996444444444446,30.996444444444446,30.996444444444446,30.996444444444446,30.996444444444446,12.45,0.0,12.45,12.45,12.45,12.45,12.45,12.45,12.45,
-86.9125,40.4435,0,448,1001,483,125290,412,67011,None,None,None,None,None,None,None,None,None,None,LTE+Sub6,4,3,0.75,3,2,0.6666666666666666,0.33714285714285713,0.014857142857142847,0.3222857142857143,0.32525714285714286,0.32971428571428574,0.33714285714285713,0.34457142857142853,0.3490285714285714,0.352,80.86807142857143,12.762928571428574,68.10514285714285,70.65772857142856,73.21031428571428,74.48660714285714,75.7629,78.31548571428571,80.86807142857143,83.42065714285714,85.97324285714285,87.24953571428571,88.52582857142858,91.07841428571429,93.631,6.33,2.9599999999999995,3.37,3.962,4.85,6.33,7.81,8.697999999999999,9.29,
-86.913,40.4435,0,None,None,483,125290,None,None,None,None,None,None,None,None,None,None,None,None,LTE+Sub6,5,3,0.6,4,2,0.5,0.29244444444444445,0.008000000000000007,0.28444444444444444,0.28604444444444443,0.28844444444444445,0.29244444444444445,0.29644444444444445,0.29884444444444447,0.30044444444444446,30.613333333333333,0.39111111111111185,30.22222222222222,30.300444444444445,30.378666666666668,30.41777777777778,30.456888888888887,30.53511111111111,30.613333333333333,30.691555555555556,30.76977777777778,30.808888888888887,30.848,30.926222222222222,31.004444444444445,13.115,0.5150000000000006,12.6,12.703,12.8575,13.115,13.3725,13.527000000000001,13.63,
-86.913,40.4435,0,448,1001,483,125290,412,67011,None,None,None,None,None,None,None,None,None,None,LTE+Sub6,5,2,0.4,4,2,0.5,0.35050000000000003,0.017499999999999988,0.333,0.3365,0.34175,0.35050000000000003,0.35925,0.3645,0.368,70.47800000000001,4.794000000000004,65.684,66.6428,67.6016,68.081,68.5604,69.5192,70.47800000000001,71.4368,72.3956,72.875,73.3544,74.31320000000001,75.272,9.21,1.2999999999999998,7.91,8.17,8.56,9.21,9.86,10.25,10.51,
-86.913,40.444,0,None,None,483,125290,None,None,None,None,None,None,None,None,None,None,None,None,LTE+Sub6,7,4,0.5714285714285714,7,4,0.5714285714285714,0.3108888888888889,0.02483625386753888,0.2711111111111111,0.28444444444444444,0.3044444444444444,0.3164444444444444,0.3228888888888889,0.3328888888888889,0.33955555555555555,33.852222222222224,4.665981849223583,26.088888888888892,28.559288888888894,31.02968888888889,32.26488888888889,33.50008888888889,34.946311111111115,35.88044444444445,36.81457777777778,37.449511111111114,37.467777777777776,37.486044444444445,37.52257777777778,37.55911111111111,13.467500000000001,2.9571301543895565,11.14,11.335,11.6275,12.1,13.940000000000001,16.694000000000003,18.53,
-86.913,40.444,0,448,1001,483,125290,412,67011,None,None,None,None,None,None,None,None,None,None,LTE+Sub6,7,3,0.42857142857142855,7,3,0.42857142857142855,0.2846666666666667,0.049492984912566707,0.222,0.2354,0.2555,0.289,0.316,0.3322,0.343,58.80566666666667,13.595375251247102,41.826,45.3576,48.8892,50.655,52.4208,55.952400000000004,59.484,62.6086,65.7332,67.2955,68.8578,71.9824,75.107,10.626666666666667,2.379542439676633,7.36,8.200000000000001,9.46,11.56,12.260000000000002,12.680000000000001,12.96,
-86.9135,40.4445,0,None,None,483,125290,None,None,None,None,None,None,None,None,None,None,None,None,LTE+Sub6,12,6,0.5,12,6,0.5,0.2854814814814815,0.02943827095775441,0.24,0.24622222222222223,0.26222222222222225,0.29555555555555557,0.3055555555555555,0.31466666666666665,0.3217777777777778,28.862814814814815,4.630176565026395,21.494222222222223,22.471111111111114,23.448,25.30977777777778,27.171555555555557,30.89511111111111,31.16177777777778,31.428444444444445,31.875555555555557,32.099111111111114,32.32266666666667,32.95555555555556,33.58844444444445,14.556666666666667,2.16320492685172,9.81,12.350000000000001,14.9475,15.309999999999999,15.852500000000001,16.01,16.05,
-86.9135,40.4445,0,448,1001,403,125290,412,67011,304,66736,None,None,None,None,None,None,None,None,LTE+Sub6,12,6,0.5,12,6,0.5,0.25873809523809527,0.024374266661449467,0.2114285714285714,0.2307142857142857,0.25175000000000003,0.263,0.27725,0.2825,0.285,57.01559523809524,8.06940718953936,43.21257142857143,47.648785714285715,52.085,53.22225,54.3595,56.634,57.0315,57.429,61.61,63.7005,65.791,66.3665,66.942,6.515,1.4691125439076025,4.18,5.035,5.932499999999999,6.175,7.5725,8.335,8.67,
-86.9135,40.445,0,None,None,483,125290,None,None,None,None,None,None,None,None,None,None,None,None,LTE+Sub6,59,4,0.06779661016949153,55,4,0.07272727272727272,0.22977777777777778,0.01932694658236347,0.20266666666666666,0.20853333333333335,0.21733333333333335,0.2311111111111111,0.24355555555555555,0.24995555555555557,0.25422222222222224,21.66777777777778,2.4253225724111243,18.69511111111111,19.05191111111111,19.40871111111111,19.58711111111111,19.76551111111111,20.653155555555557,21.806222222222225,22.95928888888889,23.791555555555558,23.88688888888889,23.982222222222223,24.172888888888888,24.363555555555553,14.7875,1.6523676195084442,12.95,13.106,13.34,14.595,16.0425,16.623,17.01,
-86.9135,40.445,0,None,None,403,125290,None,None,None,None,None,None,None,None,None,None,None,None,LTE+Sub6,59,53,0.8983050847457628,55,50,0.9090909090909091,0.3698888888888889,0.05605863332592377,0.18133333333333335,0.30035555555555554,0.3373333333333334,0.38355555555555554,0.4097222222222222,0.4225777777777778,0.46844444444444444,64.61441333333333,13.323576324400237,15.528888888888888,48.42302222222222,54.513955555555555,56.446666666666665,59.51671111111111,65.59768888888888,67.53688888888888,71.22293333333334,73.97128888888889,74.85938888888889,75.27733333333333,77.63591111111111,81.75822222222222,9.457,3.3004237606707414,4.32,4.8309999999999995,7.077500000000001,9.155000000000001,12.25,13.520000000000001,16.96,
-86.9135,40.445,0,448,1001,403,125290,412,67011,304,66736,None,None,None,None,None,None,None,None,LTE+Sub6,59,2,0.03389830508474576,55,1,0.01818181818181818,0.258,0.0,0.258,0.258,0.258,0.258,0.258,0.258,0.258,71.502,0.0,71.502,71.502,71.502,71.502,71.502,71.502,71.502,71.502,71.502,71.502,71.502,71.502,71.502,9.06,0.0,9.06,9.06,9.06,9.06,9.06,9.06,9.06,
-86.9135,40.4455,0,None,None,403,125290,None,None,None,None,None,None,None,None,None,None,None,None,LTE+Sub6,2,2,1.0,2,2,1.0,0.38711111111111113,0.010222222222222188,0.37688888888888894,0.3789333333333334,0.382,0.38711111111111113,0.39222222222222225,0.39528888888888886,0.3973333333333333,71.98844444444444,2.066666666666663,69.92177777777778,70.3351111111111,70.74844444444444,70.95511111111111,71.16177777777777,71.57511111111111,71.98844444444444,72.40177777777777,72.81511111111111,73.02177777777777,73.22844444444443,73.64177777777778,74.0551111111111,13.96,2.38,11.58,12.056000000000001,12.77,13.96,15.15,15.864,16.34,
-86.914,40.4455,0,None,None,403,125290,None,None,None,None,None,None,None,None,None,None,None,None,LTE+Sub6,12,6,0.5,11,5,0.45454545454545453,0.3704888888888889,0.052050953193914326,0.2986666666666667,0.31822222222222224,0.34755555555555556,0.34933333333333333,0.4097777777777778,0.43217777777777777,0.44711111111111107,51.24337777777778,10.701912544799793,40.68088888888889,43.057066666666664,45.43324444444444,46.62133333333333,46.89351111111111,47.437866666666665,47.98222222222222,48.42417777777777,48.86613333333333,49.087111111111106,53.638755555555555,62.742044444444446,71.84533333333333,14.63,2.325794487911604,11.91,12.326,12.95,13.51,16.98,17.472,17.8,
-86.914,40.4455,0,448,1001,403,125290,412,67011,304,66736,None,None,None,None,None,None,None,None,LTE+Sub6,12,6,0.5,11,6,0.5454545454545454,0.4410476190476191,0.28250008327813675,0.29028571428571426,0.29814285714285715,0.3095,0.3235,0.33,0.7015,1.072,68.4152619047619,12.999758538421252,42.084,54.041000000000004,65.998,66.208,66.418,66.838,71.8435,76.849,77.66678571428571,78.07567857142857,78.48457142857143,79.36128571428571,80.238,8.7,0.8714355971613734,7.33,7.9,8.477500000000001,8.585,8.872499999999999,9.614999999999998,10.29,
-86.914,40.446,0,None,None,403,125290,None,None,None,None,None,None,None,None,None,None,None,None,LTE+Sub6,5,4,0.8,5,4,0.8,0.35488888888888886,0.01650289910931853,0.3333333333333333,0.33786666666666665,0.3446666666666667,0.35377777777777775,0.364,0.3728,0.3786666666666667,41.385333333333335,2.1766333047185236,37.858666666666664,38.973866666666666,40.08906666666667,40.64666666666667,41.20426666666667,41.736355555555555,41.976888888888894,42.217422222222226,42.51288888888889,42.715555555555554,42.91822222222223,43.32355555555556,43.72888888888889,16.605,3.3001098466566225,12.48,13.098,14.024999999999999,16.494999999999997,19.075,20.2,20.95,
-86.914,40.446,0,448,1001,403,125290,412,67011,304,66736,None,None,None,None,None,None,None,None,LTE+Sub6,5,1,0.2,5,1,0.2,0.292,0.0,0.292,0.292,0.292,0.292,0.292,0.292,0.292,63.778,0.0,63.778,63.778,63.778,63.778,63.778,63.778,63.778,63.778,63.778,63.778,63.778,63.778,63.778,9.38,0.0,9.38,9.38,9.38,9.38,9.38,9.38,9.38,
-86.914,40.4465,0,None,None,403,125290,None,None,None,None,None,None,None,None,None,None,None,None,LTE+Sub6,2,2,1.0,2,2,1.0,0.39422222222222225,0.04400000000000001,0.3502222222222222,0.35902222222222224,0.37222222222222223,0.39422222222222225,0.4162222222222222,0.42942222222222226,0.43822222222222224,50.48266666666667,12.144888888888886,38.33777777777778,40.766755555555555,43.19573333333334,44.410222222222224,45.62471111111111,48.05368888888889,50.48266666666667,52.91164444444444,55.34062222222222,56.55511111111111,57.7696,60.19857777777778,62.62755555555555,14.094999999999999,1.495,12.6,12.899,13.3475,14.094999999999999,14.8425,15.291,15.59,
-86.9145,40.4465,0,None,None,403,125290,None,None,None,None,None,None,None,None,None,None,None,None,LTE+Sub6,11,3,0.2727272727272727,11,3,0.2727272727272727,0.36592592592592593,0.018451434046744025,0.3413333333333333,0.3472,0.356,0.3706666666666667,0.37822222222222224,0.38275555555555557,0.3857777777777778,41.01214814814815,4.92994832595339,36.473777777777784,36.918577777777784,37.363377777777785,37.58577777777778,37.80817777777778,38.25297777777778,38.69777777777778,40.531200000000005,42.36462222222222,43.281333333333336,44.19804444444445,46.03146666666667,47.86488888888889,14.6,1.0121594077350997,13.83,13.852,13.885,13.94,14.985,15.612,16.03,
-86.9145,40.4465,0,448,1001,403,125290,412,67011,304,66736,None,None,None,None,None,None,None,None,LTE+Sub6,11,8,0.7272727272727273,11,8,0.7272727272727273,0.32437499999999997,0.04458664675525118,0.279,0.2832,0.29925,0.31214285714285717,0.33175,0.3711142857142857,0.4297142857142857,76.91741071428572,13.062937344780487,52.572,61.7518,68.13560000000001,70.279,71.98740000000001,73.2292,77.00800000000001,81.34285714285714,84.53085714285714,86.60371428571429,88.86811428571428,92.4631,94.813,7.69125,2.9484336413594256,3.05,3.715,4.6,9.485,10.192499999999999,10.251000000000001,10.3,
-86.9145,40.447,0,None,None,403,125290,None,None,None,None,None,None,None,None,None,None,None,None,LTE+Sub6,3,3,1.0,3,3,1.0,0.3475555555555556,0.02922088435185573,0.30844444444444447,0.3178666666666667,0.332,0.35555555555555557,0.36711111111111117,0.37404444444444446,0.3786666666666667,49.215111111111106,6.419031087225348,43.48088888888889,43.98222222222223,44.483555555555554,44.73422222222222,44.98488888888889,45.48622222222222,45.98755555555555,48.42542222222222,50.86328888888889,52.08222222222222,53.30115555555555,55.739022222222225,58.17688888888889,12.206666666666665,1.0943592747458315,10.68,11.094,11.715,12.75,12.969999999999999,13.102,13.19,
-86.915,40.447,0,None,None,403,125290,None,None,None,None,None,None,None,None,None,None,None,None,LTE+Sub6,11,2,0.18181818181818182,10,2,0.2,0.33911111111111114,0.011111111111111101,0.328,0.33022222222222225,0.33355555555555555,0.33911111111111114,0.3446666666666667,0.348,0.3502222222222222,43.012,1.7951111111111118,41.21688888888889,41.57591111111111,41.93493333333333,42.114444444444445,42.293955555555556,42.65297777777778,43.012,43.37102222222222,43.730044444444445,43.909555555555556,44.08906666666667,44.44808888888889,44.80711111111111,14.719999999999999,4.96,9.76,10.751999999999999,12.24,14.719999999999999,17.2,18.688,19.68,
-86.915,40.447,0,448,1001,403,125290,412,67011,304,66736,None,None,None,None,None,None,None,None,LTE+Sub6,11,9,0.8181818181818182,10,8,0.8,0.6764805555555555,0.2322696290832074,0.34628571428571425,0.35988571428571425,0.5136785714285714,0.6832222222222222,0.83005,0.9735999999999999,1.031,128.25181111111112,23.67457853561457,81.91885714285715,99.73405714285715,111.83588571428572,115.74428571428572,119.6807,127.6936,130.13994444444444,134.19831111111114,147.85328888888887,150.53325,151.5542,153.52038000000002,155.3856,3.3987499999999997,0.637131020670003,3.0,3.0,3.0,3.0,3.62,4.034,4.93,
-86.915,40.4475,0,None,None,403,125290,None,None,None,None,None,None,None,None,None,None,None,None,LTE+Sub6,11,4,0.36363636363636365,10,3,0.3,0.32266666666666666,0.021084974073667797,0.29777777777777775,0.3024,0.30933333333333335,0.3208888888888889,0.33511111111111114,0.3436444444444444,0.34933333333333333,39.19881481481482,3.7369756013009767,36.068444444444445,36.270044444444444,36.47164444444444,36.57244444444444,36.67324444444445,36.87484444444445,37.07644444444445,38.55146666666667,40.02648888888889,40.764,41.501511111111114,42.976533333333336,44.45155555555556,17.593333333333334,0.6913432979031154,16.86,16.968,17.13,17.4,17.96,18.296,18.52,
-86.915,40.4475,0,448,1001,403,125290,412,67011,304,66736,None,None,None,None,None,None,None,None,LTE+Sub6,11,7,0.6363636363636364,10,7,0.7,1.09165306122449,0.20084095584820963,0.848,0.8678,0.9195,1.032,1.2617857142857143,1.3462,1.399,166.65102040816325,15.778708370434943,145.4,147.1298,149.4998,151.325,153.15019999999998,160.9022,170.705,176.21959999999999,180.21142857142857,180.68457142857142,181.1577142857143,183.4570857142857,186.433,3.025714285714286,0.018405855323893,3.0,3.0,3.01,3.03,3.04,3.044,3.05,
-86.9155,40.4475,0,None,None,403,125290,None,None,None,None,None,None,None,None,None,None,None,None,LTE+Sub6,2,1,0.5,2,1,0.5,0.3368888888888889,0.0,0.3368888888888889,0.3368888888888889,0.3368888888888889,0.3368888888888889,0.3368888888888889,0.3368888888888889,0.3368888888888889,39.89422222222222,0.0,39.89422222222222,39.89422222222222,39.89422222222222,39.89422222222222,39.89422222222222,39.89422222222222,39.89422222222222,39.89422222222222,39.89422222222222,39.89422222222222,39.89422222222222,39.89422222222222,39.89422222222222,9.02,0.0,9.02,9.02,9.02,9.02,9.02,9.02,9.02,
-86.9155,40.4475,0,448,1001,403,125290,412,67011,304,66736,None,None,None,None,None,None,None,None,LTE+Sub6,2,1,0.5,2,1,0.5,0.6434285714285715,0.0,0.6434285714285715,0.6434285714285715,0.6434285714285715,0.6434285714285715,0.6434285714285715,0.6434285714285715,0.6434285714285715,154.08228571428572,0.0,154.08228571428572,154.08228571428572,154.08228571428572,154.08228571428572,154.08228571428572,154.08228571428572,154.08228571428572,154.08228571428572,154.08228571428572,154.08228571428572,154.08228571428572,154.08228571428572,154.08228571428572,3.0,0.0,3.0,3.0,3.0,3.0,3.0,3.0,3.0,
-86.9155,40.448,0,None,None,403,125290,None,None,None,None,None,None,None,None,None,None,None,None,LTE+Sub6,13,5,0.38461538461538464,12,5,0.4166666666666667,0.3397333333333334,0.007571747356105562,0.33244444444444443,0.33244444444444443,0.33244444444444443,0.33866666666666667,0.3422222222222222,0.3486222222222222,0.3528888888888889,49.51804444444444,2.890255944580891,45.05777777777778,46.20622222222222,47.35466666666667,47.92888888888889,48.35075555555556,49.194488888888884,50.03822222222222,50.38524444444444,50.73226666666667,50.90577777777778,51.45653333333333,52.55804444444445,53.659555555555556,11.83,2.1509811714657108,9.41,9.758,10.28,11.74,12.04,14.224,15.68,
-86.9155,40.448,0,448,1001,403,125290,412,67011,304,66736,None,None,None,None,None,None,None,None,LTE+Sub6,13,8,0.6153846153846154,12,7,0.5833333333333334,0.8762244897959183,0.3894813315446894,0.2034285714285714,0.33037142857142854,0.6823571428571428,0.974,1.1277142857142857,1.2996571428571428,1.336,143.7347387755102,29.044493998947722,91.71085714285715,101.70634285714286,116.21714285714287,127.98785714285715,139.75857142857143,150.04542857142857,153.705,160.0488,165.10111999999998,166.3358,167.57048,169.86816,172.08,3.0,0.0,3.0,3.0,3.0,3.0,3.0,3.0,3.0,
-86.9155,40.4485,0,None,None,403,125290,None,None,None,None,None,None,None,None,None,None,None,None,LTE+Sub6,8,3,0.375,8,3,0.375,0.2841481481481481,0.015333154409405154,0.272,0.27253333333333335,0.2733333333333333,0.27466666666666667,0.2902222222222222,0.2995555555555555,0.30577777777777776,35.851851851851855,4.237609969034085,32.07022222222222,32.39946666666667,32.72871111111111,32.89333333333333,33.05795555555556,33.3872,33.71644444444445,35.326933333333336,36.937422222222224,37.742666666666665,38.54791111111111,40.1584,41.76888888888889,9.086666666666666,2.276874075471798,6.22,6.826,7.734999999999999,9.25,10.52,11.282,11.79,
-86.9155,40.4485,0,448,1001,403,125290,412,67011,304,66736,None,None,None,None,None,None,None,None,LTE+Sub6,8,5,0.625,8,5,0.625,0.3986571428571429,0.059658866970160145,0.3,0.3316,0.379,0.40342857142857147,0.4308571428571428,0.4603428571428571,0.48,105.03337142857144,14.908612893114329,88.366,90.5884,92.8108,93.922,94.98582857142857,97.11348571428572,99.24114285714286,105.26537142857143,111.2896,114.30171428571428,117.30857142857143,123.32228571428573,129.336,3.8880000000000003,1.0915933308700636,3.0,3.044,3.11,3.62,3.71,5.0840000000000005,6.0,
-86.9155,40.449,0,None,None,403,125290,None,None,None,None,None,None,None,None,None,None,None,None,LTE+Sub6,8,4,0.5,8,4,0.5,0.35200000000000004,0.0787105966480458,0.21955555555555553,0.26382222222222224,0.3302222222222222,0.3848888888888889,0.4066666666666667,0.41386666666666666,0.4186666666666667,54.01266666666667,18.481297120582724,26.709333333333333,34.64106666666667,42.5728,46.538666666666664,50.50453333333333,54.02471111111111,55.33911111111111,56.653511111111115,59.643111111111104,62.81311111111111,65.98311111111111,72.32311111111112,78.6631111111111,8.757499999999999,0.5457277251523873,7.9,8.131,8.4775,8.934999999999999,9.215,9.241999999999999,9.26,
-86.9155,40.449,0,448,1001,403,125290,412,67011,304,66736,None,None,None,None,None,None,None,None,LTE+Sub6,8,4,0.5,8,4,0.5,0.39389285714285716,0.0546001583873011,0.338,0.34117142857142857,0.3459285714285714,0.38228571428571423,0.43024999999999997,0.45589999999999997,0.473,116.39207142857143,13.408709438309884,98.082,101.6268857142857,105.17177142857142,106.94421428571428,108.71665714285713,112.85122857142856,117.28064285714285,121.71005714285714,125.4892,126.7285,127.96780000000001,130.4464,132.925,4.744999999999999,1.3700456196784105,3.25,3.451,3.7525,4.425,5.4174999999999995,6.295,6.88,
-86.9155,40.4495,0,None,None,403,125290,None,None,None,None,None,None,None,None,None,None,None,None,LTE+Sub6,9,4,0.4444444444444444,7,3,0.42857142857142855,0.4711111111111111,0.02415859805705425,0.4373333333333333,0.44657777777777774,0.46044444444444443,0.4835555555555555,0.488,0.4906666666666667,0.49244444444444446,92.39022222222223,15.996624450511408,70.21866666666668,76.09155555555556,81.96444444444445,84.90088888888889,87.83733333333333,93.71022222222223,99.58311111111111,101.14026666666666,102.69742222222222,103.476,104.25457777777778,105.81173333333334,107.36888888888889,7.116666666666667,0.057348835113617734,7.05,7.062,7.08,7.11,7.15,7.174,7.19,
-86.9155,40.4495,0,448,1001,403,125290,412,67011,304,66736,None,None,None,None,None,None,None,None,LTE+Sub6,9,5,0.5555555555555556,7,4,0.5714285714285714,0.4656785714285714,0.10235733600819177,0.364,0.3679,0.37375,0.4425,0.5344285714285715,0.582,0.6137142857142857,131.16446428571427,12.356141630939105,118.345,120.77499999999999,123.205,124.41999999999999,125.63499999999999,126.81779999999999,127.377,127.9362,130.6339857142857,134.1214642857143,137.60894285714286,144.5839,151.55885714285714,3.0,0.0,3.0,3.0,3.0,3.0,3.0,3.0,3.0,
-86.9155,40.45,0,None,None,403,125290,None,None,None,None,None,None,None,None,None,None,None,None,LTE+Sub6,4,3,0.75,4,3,0.75,0.4791111111111111,0.024835922476676566,0.4444444444444445,0.4538666666666667,0.46799999999999997,0.4915555555555555,0.4964444444444444,0.49937777777777775,0.5013333333333333,95.35822222222224,10.007058078723556,81.32266666666668,85.21937777777778,89.1160888888889,91.06444444444445,93.0128,96.90951111111112,100.80622222222222,101.43413333333334,102.06204444444444,102.376,102.68995555555556,103.31786666666666,103.94577777777778,9.573333333333332,0.9911048828902463,8.59,8.712,8.895,9.2,10.065,10.584,10.93,
-86.9155,40.45,0,448,1001,403,125290,412,67011,304,66736,None,None,None,None,None,None,None,None,LTE+Sub6,4,1,0.25,4,1,0.25,0.6016,0.0,0.6016,0.6016,0.6016,0.6016,0.6016,0.6016,0.6016,142.2368,0.0,142.2368,142.2368,142.2368,142.2368,142.2368,142.2368,142.2368,142.2368,142.2368,142.2368,142.2368,142.2368,142.2368,3.0,0.0,3.0,3.0,3.0,3.0,3.0,3.0,3.0,
-86.9155,40.4505,0,None,None,403,125290,None,None,None,None,None,None,None,None,None,None,None,None,LTE+Sub6,4,4,1.0,4,4,1.0,0.45066666666666666,0.045372532072462814,0.376,0.4,0.436,0.4653333333333334,0.48,0.4896,0.496,85.98666666666665,11.76607161647211,68.70844444444444,72.89911111111111,77.08977777777777,79.1851111111111,81.28044444444443,84.5936,87.46799999999999,90.3424,93.06302222222222,94.26955555555556,95.4760888888889,97.88915555555555,100.30222222222221,7.1625,2.090423103106163,4.47,4.968,5.715,7.05,8.4975,9.447000000000001,10.08,
-86.9155,40.451,0,None,None,403,125290,None,None,None,None,None,None,None,None,None,None,None,None,LTE+Sub6,21,4,0.19047619047619047,20,4,0.2,0.3679722222222222,0.12658711866185718,0.151,0.22916666666666669,0.3464166666666667,0.4297777777777778,0.45133333333333336,0.4573333333333333,0.4613333333333333,87.45974999999999,10.70125745073943,73.951,75.9889,78.0268,79.04575,80.0647,83.38897777777778,87.35644444444443,91.3239111111111,94.6895111111111,95.77044444444444,96.85137777777777,99.01324444444444,101.17511111111111,4.130000000000001,0.27559027559041344,3.78,3.831,3.9075,4.140000000000001,4.3625,4.421,4.46,
-86.9155,40.451,0,448,1001,403,125290,412,67011,304,66736,None,None,None,None,None,None,None,None,LTE+Sub6,21,17,0.8095238095238095,20,16,0.8,0.3594642857142857,0.09052321694528122,0.146,0.23942857142857144,0.33,0.3619285714285714,0.41892857142857143,0.46299999999999997,0.508,119.83068749999998,24.661342652707123,57.86857142857143,93.20599999999999,106.026,107.1465,112.106,118.947,120.86449999999999,125.696,131.1005,132.4745,135.416,149.5052142857143,159.773,3.580625,1.5413081649608558,3.0,3.0,3.0,3.0,3.0,5.145,8.0,
-86.9155,40.4515,0,None,None,403,125290,None,None,None,None,None,None,None,None,None,None,None,None,LTE+Sub6,7,4,0.5714285714285714,7,4,0.5714285714285714,0.4562222222222222,0.018318175552045426,0.4248888888888889,0.43635555555555555,0.45355555555555555,0.46444444444444444,0.46711111111111114,0.4695111111111111,0.4711111111111111,83.99111111111111,11.422588061586193,68.81244444444444,71.33484444444444,73.85724444444443,75.11844444444444,76.37964444444444,80.46026666666667,85.32,90.17973333333333,93.7288,94.19266666666667,94.65653333333334,95.58426666666666,96.512,4.2375,0.30490777294126187,3.91,3.964,4.045,4.154999999999999,4.3475,4.577,4.73,
-86.9155,40.4515,0,448,1001,403,125290,412,67011,304,66736,None,None,None,None,None,None,None,None,LTE+Sub6,7,3,0.42857142857142855,7,3,0.42857142857142855,0.48100000000000004,0.13391788528796295,0.325,0.3532,0.3955,0.466,0.559,0.6148,0.652,162.97733333333332,16.017566051751498,143.184,147.214,151.244,153.25900000000001,155.274,159.304,163.334,167.15,170.966,172.874,174.78199999999998,178.59799999999998,182.414,3.1966666666666668,0.03299831645537226,3.16,3.166,3.175,3.19,3.215,3.23,3.24,
-86.9155,40.452,0,None,None,403,125290,None,None,None,None,None,None,None,None,None,None,None,None,LTE+Sub6,3,3,1.0,3,3,1.0,0.4488888888888889,0.028674991613476038,0.4088888888888889,0.41973333333333335,0.436,0.4631111111111111,0.4688888888888889,0.4723555555555556,0.4746666666666667,84.41896296296296,9.57984136802319,76.64177777777778,77.0535111111111,77.46524444444444,77.67111111111112,77.87697777777778,78.28871111111111,78.70044444444444,82.5432888888889,86.38613333333333,88.30755555555555,90.22897777777779,94.07182222222222,97.91466666666668,4.3533333333333335,0.2683695627716048,4.0,4.082,4.205,4.41,4.53,4.602,4.65,
-86.9155,40.4525,0,None,None,403,125290,None,None,None,None,None,None,None,None,None,None,None,None,LTE+Sub6,4,4,1.0,3,3,1.0,0.42903703703703705,0.008749524776434602,0.41777777777777775,0.4202666666666666,0.424,0.43022222222222223,0.43466666666666665,0.4373333333333333,0.43911111111111106,77.39496296296295,7.45268042223699,69.58933333333333,70.70435555555555,71.81937777777777,72.37688888888889,72.9344,74.04942222222222,75.16444444444444,77.61777777777777,80.07111111111111,81.29777777777778,82.52444444444444,84.97777777777777,87.43111111111111,5.3566666666666665,1.4877574473758222,4.01,4.1339999999999995,4.32,4.63,6.029999999999999,6.87,7.43,
-86.9155,40.453,0,None,None,403,125290,None,None,None,None,None,None,None,None,None,None,None,None,LTE+Sub6,4,4,1.0,4,4,1.0,0.34355555555555556,0.06053751005332802,0.2657777777777778,0.2817777777777778,0.30577777777777776,0.3382222222222222,0.376,0.4096,0.432,61.37222222222223,18.72322171680905,43.93066666666667,46.616,49.30133333333333,50.644,51.986666666666665,53.459022222222224,54.32488888888889,55.190755555555555,59.48204444444443,65.05311111111111,70.62417777777779,81.76631111111112,92.90844444444444,4.715,0.9433583624476968,3.74,3.845,4.0024999999999995,4.46,5.1725,5.789000000000001,6.2,
-86.9155,40.4535,0,None,None,403,125290,None,None,None,None,None,None,None,None,None,None,None,None,LTE+Sub6,23,4,0.17391304347826086,9,4,0.4444444444444444,0.5477777777777777,0.18865331715629619,0.31555555555555553,0.37395555555555554,0.46155555555555555,0.516888888888889,0.6031111111111112,0.7463111111111113,0.8417777777777778,68.09577777777778,21.039186459181288,39.98133333333334,46.57173333333334,53.16213333333334,56.45733333333334,59.75253333333333,63.93831111111111,66.92177777777778,69.90524444444445,74.56062222222222,78.56022222222222,82.55982222222224,90.55902222222223,98.55822222222221,16.325,3.3547391850932313,11.65,12.928,14.845,16.27,17.75,19.766,21.11,
-86.9155,40.4535,0,448,1001,10,512190,None,None,304,66736,424,5035,None,None,None,None,None,None,LTE+Sub6,23,12,0.5217391304347826,9,0,0.0,0,0,0,0,0,0,0,0,0,0,0,0,0,0,0,0,0,0,0,0,0,0,0,0,0,0,0,0,0,0,0,0,0,
-86.9155,40.4535,0,448,1001,None,None,None,None,304,66736,424,5035,None,None,None,None,None,None,LTE,23,2,0.08695652173913043,9,0,0.0,0,0,0,0,0,0,0,0,0,0,0,0,0,0,0,0,0,0,0,0,0,0,0,0,0,0,0,0,0,0,0,0,0,
-86.9155,40.4535,0,448,1001,403,125290,412,67011,304,66736,None,None,None,None,None,None,None,None,LTE+Sub6,23,5,0.21739130434782608,9,5,0.5555555555555556,0.32839999999999997,0.14266968844151864,0.074,0.17320000000000002,0.322,0.334,0.409,0.4654,0.503,107.70360000000001,49.97846020677308,15.207,48.507000000000005,81.807,98.457,103.8596,114.6648,125.47,134.4424,143.4148,147.901,148.6174,150.05020000000002,151.483,3.9839999999999995,1.1819576980586064,3.32,3.32,3.32,3.36,3.58,5.236000000000001,6.34,
-86.9155,40.454,0,None,None,403,125290,None,None,None,None,None,None,None,None,None,None,None,None,LTE+Sub6,16,4,0.25,7,4,0.5714285714285714,0.5453333333333333,0.17097945873303605,0.2951111111111111,0.35404444444444444,0.4424444444444444,0.5688888888888888,0.6717777777777777,0.7177777777777777,0.7484444444444445,69.50688888888888,23.548760113097195,36.05244444444445,43.52071111111111,50.98897777777778,54.72311111111111,58.45724444444444,65.16853333333333,71.50133333333333,77.83413333333333,83.74764444444443,86.2851111111111,88.82257777777778,93.8975111111111,98.97244444444443,9.2125,3.2080942551614653,6.66,6.672000000000001,6.69,7.83,10.352500000000001,12.859000000000002,14.53,
-86.9155,40.454,0,448,1001,None,None,304,66736,412,67011,None,None,None,None,None,None,None,None,LTE,16,4,0.25,7,1,0.14285714285714285,0.154,0.0,0.154,0.154,0.154,0.154,0.154,0.154,0.154,11.294,0.0,11.294,11.294,11.294,11.294,11.294,11.294,11.294,11.294,11.294,11.294,11.294,11.294,11.294,0.0,0.0,0.0,0.0,0.0,0.0,0.0,0.0,0.0,
-86.9155,40.454,0,448,1001,None,None,304,66736,412,67011,424,5035,None,None,None,None,None,None,LTE,16,5,0.3125,7,2,0.2857142857142857,0.10250000000000001,0.061500000000000006,0.041,0.0533,0.07175000000000001,0.10250000000000001,0.13325,0.1517,0.164,14.122,9.004999999999999,5.117,6.918,8.719,9.619499999999999,10.52,12.321,14.122,15.922999999999998,17.723999999999997,18.624499999999998,19.525,21.326,23.127,0.0,0.0,0.0,0.0,0.0,0.0,0.0,0.0,0.0,
-86.9155,40.454,0,448,1001,10,512190,None,None,304,66736,424,5035,None,None,None,None,None,None,LTE+Sub6,16,3,0.1875,7,0,0.0,0,0,0,0,0,0,0,0,0,0,0,0,0,0,0,0,0,0,0,0,0,0,0,0,0,0,0,0,0,0,0,0,0,
-86.9155,40.4545,0,None,None,403,125290,None,None,None,None,None,None,None,None,None,None,None,None,LTE+Sub6,11,5,0.45454545454545453,6,5,0.8333333333333334,0.5395555555555556,0.074352779386309,0.44088888888888894,0.46720000000000006,0.5066666666666667,0.5306666666666666,0.5511111111111111,0.6215111111111111,0.6684444444444445,97.45848888888888,9.7863004860347,79.14222222222222,86.3543111111111,93.56639999999999,97.17244444444444,97.67413333333333,98.6775111111111,99.68088888888889,101.48817777777778,103.29546666666667,104.19911111111111,104.77884444444445,105.9383111111111,107.09777777777778,6.126,1.2455938342814643,4.71,4.922,5.24,5.48,7.28,7.664,7.92,
-86.9155,40.4545,0,448,1001,10,520110,304,66736,412,67011,None,None,None,None,None,None,None,None,LTE+Sub6,11,4,0.36363636363636365,6,0,0.0,0,0,0,0,0,0,0,0,0,0,0,0,0,0,0,0,0,0,0,0,0,0,0,0,0,0,0,0,0,0,0,0,0,
-86.9155,40.4545,0,448,1001,None,None,304,66736,412,67011,None,None,None,None,None,None,None,None,LTE,11,2,0.18181818181818182,6,1,0.16666666666666666,0.1417142857142857,0.0,0.1417142857142857,0.1417142857142857,0.1417142857142857,0.1417142857142857,0.1417142857142857,0.1417142857142857,0.1417142857142857,3.013714285714286,0.0,3.013714285714286,3.013714285714286,3.013714285714286,3.013714285714286,3.013714285714286,3.013714285714286,3.013714285714286,3.013714285714286,3.013714285714286,3.013714285714286,3.013714285714286,3.013714285714286,3.013714285714286,0.0,0.0,0.0,0.0,0.0,0.0,0.0,0.0,0.0,
-86.9155,40.455,0,None,None,403,125290,None,None,None,None,None,None,None,None,None,None,None,None,LTE+Sub6,36,20,0.5555555555555556,33,18,0.5454545454545454,0.37397530864197526,0.05028472505791676,0.28977777777777775,0.3096888888888889,0.3428888888888889,0.372,0.3962222222222222,0.44151111111111113,0.4702222222222222,59.35935802469136,16.176604990200897,36.772444444444446,42.18151111111111,43.8912,46.266888888888886,48.72577777777778,54.06915555555556,57.84444444444445,60.52711111111111,64.73262222222222,71.53399999999999,73.78844444444445,75.80808888888889,101.80444444444444,9.368333333333332,1.3720716291635637,5.25,8.2,8.962499999999999,9.35,10.057500000000001,10.835,11.77,
-86.9155,40.455,0,50,1001,403,125290,47,66736,None,None,None,None,None,None,None,None,None,None,LTE+Sub6,36,16,0.4444444444444444,33,15,0.45454545454545453,0.35857142857142854,0.1215158341912019,0.285,0.28937142857142856,0.30114285714285716,0.316,0.355,0.4042285714285714,0.792,111.1768761904762,14.50732595770753,87.146,94.48177142857142,99.7602,101.2315,102.62,103.02171428571428,110.114,116.27102857142857,121.3882,121.74950000000001,122.18274285714287,126.82628571428572,141.46057142857143,4.880666666666667,5.075104552836545,3.0,3.048,3.1550000000000002,3.21,3.7199999999999998,5.21,23.7,
-86.9155,40.4555,0,None,None,403,125290,None,None,None,None,None,None,None,None,None,None,None,None,LTE+Sub6,24,10,0.4166666666666667,23,10,0.43478260869565216,0.4095777777777778,0.05966229655007951,0.286,0.3414,0.37,0.42844444444444446,0.4448888888888889,0.4581333333333333,0.5013333333333333,64.51180000000001,20.811645809219296,24.31,40.1334,45.16124444444444,48.065777777777775,51.822577777777774,64.05777777777777,71.50577777777778,73.44622222222222,76.87635555555556,79.81755555555556,82.95271111111111,89.08906666666665,90.27466666666668,8.658,1.9441748892525077,5.48,6.857,7.3725,8.33,10.012500000000001,11.620999999999999,11.72,
-86.9155,40.4555,0,50,1001,403,125290,47,66736,None,None,None,None,None,None,None,None,None,None,LTE+Sub6,24,14,0.5833333333333334,23,13,0.5652173913043478,0.30704273504273505,0.060051939320820105,0.245,0.253,0.259,0.288,0.34171428571428575,0.38265714285714286,0.45155555555555554,86.97515384615386,22.837829257942413,64.424,65.2844,68.68804444444444,70.3591111111111,73.72084444444444,77.6252,84.9782857142857,86.9352,88.14160000000001,88.156,89.16365714285715,120.6825142857143,143.4728888888889,3.2484615384615387,0.3823177525375005,3.0,3.0,3.0,3.0,3.6,3.818,4.03,
-86.9155,40.456,0,None,None,403,125290,None,None,None,None,None,None,None,None,None,None,None,None,LTE+Sub6,11,5,0.45454545454545453,11,5,0.45454545454545453,0.3854222222222222,0.026203986125948247,0.3582222222222222,0.36533333333333334,0.376,0.3786666666666667,0.3786666666666667,0.4128,0.43555555555555553,49.91502222222222,5.5806340727400485,42.32622222222222,44.0976,45.86897777777778,46.754666666666665,47.224177777777776,48.163199999999996,49.10222222222222,50.45475555555555,51.807288888888884,52.483555555555554,53.76853333333334,56.33848888888889,58.90844444444445,5.136,0.5329390209020166,4.18,4.544,5.09,5.25,5.36,5.624,5.8,
-86.9155,40.456,0,50,1001,403,125290,47,66736,None,None,None,None,None,None,None,None,None,None,LTE+Sub6,11,6,0.5454545454545454,11,6,0.5454545454545454,0.32833333333333337,0.020677416559027766,0.312,0.3135,0.31575,0.321,0.327,0.35050000000000003,0.373,87.28266666666667,8.707035999057826,71.573,77.4635,83.354,84.211,85.068,86.782,88.5025,90.223,90.93549999999999,91.29175,91.648,95.882,100.116,3.0,0.0,3.0,3.0,3.0,3.0,3.0,3.0,3.0,
-86.9155,40.4565,0,None,None,403,125290,None,None,None,None,None,None,None,None,None,None,None,None,LTE+Sub6,8,4,0.5,8,4,0.5,0.3726666666666667,0.018818168263412975,0.3528888888888889,0.3539555555555556,0.35555555555555557,0.36977777777777776,0.38688888888888884,0.3936888888888889,0.39822222222222226,42.37044444444444,3.9395864607191298,37.57422222222222,38.19582222222222,38.81742222222222,39.12822222222222,39.43902222222222,40.6832,42.23866666666666,43.79413333333333,45.091022222222215,45.480888888888884,45.870755555555554,46.65048888888889,47.43022222222222,6.782499999999999,1.0866318373763948,5.12,5.537,6.1625,7.09,7.71,7.782,7.83,
-86.9155,40.4565,0,50,1001,403,125290,47,66736,None,None,None,None,None,None,None,None,None,None,LTE+Sub6,8,4,0.5,8,4,0.5,0.31675,0.012152674602736646,0.298,0.304,0.313,0.3185,0.32225000000000004,0.3281,0.332,87.57325,8.275205537477603,74.465,78.39410000000001,82.3232,84.28775,86.25229999999999,88.31,89.432,90.554,91.8682,92.7175,93.5668,95.2654,96.964,3.0,0.0,3.0,3.0,3.0,3.0,3.0,3.0,3.0,
-86.9155,40.457,0,None,None,403,125290,None,None,None,None,None,None,None,None,None,None,None,None,LTE+Sub6,8,4,0.5,6,3,0.5,0.397037037037037,0.033230128296649675,0.3502222222222222,0.3635555555555556,0.38355555555555554,0.4168888888888889,0.42044444444444445,0.4225777777777778,0.424,48.83318518518519,4.186469781221516,43.384,44.617777777777775,45.85155555555556,46.468444444444444,47.08533333333333,48.31911111111111,49.55288888888889,50.354844444444446,51.1568,51.55777777777777,51.958755555555555,52.76071111111111,53.562666666666665,10.083333333333334,3.8824934714118395,5.91,6.5440000000000005,7.495,9.08,12.17,14.024000000000001,15.26,
-86.9155,40.457,0,50,1001,403,125290,47,66736,None,None,None,None,None,None,None,None,None,None,LTE+Sub6,8,4,0.5,6,3,0.5,0.3235714285714286,0.023081340934177307,0.291,0.3004,0.3145,0.338,0.33985714285714286,0.3409714285714286,0.34171428571428575,102.84676190476189,11.362639755295278,88.851,91.6822,94.5134,95.929,97.3446,100.17580000000001,103.007,105.74205714285715,108.4771142857143,109.84464285714286,111.21217142857142,113.94722857142857,116.68228571428571,3.0,0.0,3.0,3.0,3.0,3.0,3.0,3.0,3.0,
-86.9155,40.4575,0,None,None,403,125290,None,None,None,None,None,None,None,None,None,None,None,None,LTE+Sub6,7,3,0.42857142857142855,7,3,0.42857142857142855,0.311,0.015259349154715449,0.28977777777777775,0.29546666666666666,0.304,0.31822222222222224,0.3216111111111111,0.32364444444444446,0.325,33.78603703703704,0.34542408280571024,33.35288888888889,33.443711111111114,33.534533333333336,33.57994444444445,33.62535555555556,33.71617777777778,33.807,33.885244444444446,33.96348888888889,34.00261111111111,34.04173333333333,34.11997777777778,34.19822222222222,9.373333333333333,1.1566138316463088,7.92,8.225999999999999,8.684999999999999,9.45,10.1,10.49,10.75,
-86.9155,40.4575,0,50,1001,403,125290,47,66736,None,None,None,None,None,None,None,None,None,None,LTE+Sub6,7,4,0.5714285714285714,7,4,0.5714285714285714,0.27671428571428575,0.03368309695393467,0.234,0.23991428571428572,0.2487857142857143,0.27985714285714286,0.3077857142857143,0.311,0.31314285714285717,74.20439285714286,23.074973658059786,43.82857142857143,49.039100000000005,54.24962857142857,56.85489285714286,59.46015714285714,66.74480000000001,75.0665,83.3882,90.328,92.416,94.504,98.68,102.856,3.0,0.0,3.0,3.0,3.0,3.0,3.0,3.0,3.0,
-86.9155,40.458,0,None,None,403,125290,None,None,None,None,None,None,None,None,None,None,None,None,LTE+Sub6,8,4,0.5,8,4,0.5,0.3373333333333333,0.026349971302722937,0.31111111111111106,0.31324444444444444,0.3164444444444444,0.3297777777777778,0.3506666666666667,0.3674666666666667,0.3786666666666667,37.443555555555555,2.1596957261683025,35.592,35.74,35.888000000000005,35.962,36.036,36.272177777777785,36.55244444444445,36.83271111111111,37.425333333333334,38.034,38.64266666666667,39.86,41.077333333333335,12.892499999999998,3.038333219052841,9.6,10.236,11.190000000000001,12.065000000000001,13.7675,16.211000000000002,17.84,
-86.9155,40.458,0,50,1001,403,125290,47,66736,None,None,None,None,None,None,None,None,None,None,LTE+Sub6,8,4,0.5,8,4,0.5,0.3228928571428571,0.02386791352251737,0.296,0.2981,0.30125,0.3217857142857143,0.3434285714285714,0.3485714285714286,0.352,99.61032142857144,9.08144734507543,88.746,89.9607,91.1754,91.78275,92.3901,95.49885714285715,99.55464285714285,103.61042857142857,106.74145714285714,107.38221428571428,108.02297142857142,109.30448571428572,110.586,3.0,0.0,3.0,3.0,3.0,3.0,3.0,3.0,3.0,
-86.9155,40.4585,0,None,None,403,125290,None,None,None,None,None,None,None,None,None,None,None,None,LTE+Sub6,9,3,0.3333333333333333,9,3,0.3333333333333333,0.3392592592592593,0.030207694402211393,0.304,0.3104,0.32,0.336,0.3568888888888889,0.3694222222222222,0.37777777777777777,36.212148148148145,4.254595537525122,30.729777777777777,31.945066666666666,33.160355555555554,33.768,34.37564444444444,35.59093333333333,36.80622222222222,37.66506666666666,38.52391111111111,38.95333333333333,39.382755555555555,40.241600000000005,41.10044444444445,16.633333333333333,1.5179445166262027,15.55,15.554,15.56,15.57,17.175,18.138,18.78,
-86.9155,40.4585,0,50,1001,403,125290,47,66736,None,None,None,None,None,None,None,None,None,None,LTE+Sub6,9,6,0.6666666666666666,9,6,0.6666666666666666,0.29123809523809524,0.0559479025563382,0.208,0.22699999999999998,0.2535,0.2934285714285714,0.32221428571428573,0.3532857142857143,0.38057142857142856,38.517404761904764,15.995120690623015,23.893714285714285,26.569857142857142,29.246,29.6805,30.115000000000002,30.984,32.400571428571425,33.817142857142855,37.26407142857143,38.98753571428571,40.711,56.581785714285715,72.45257142857143,3.4616666666666664,0.6244575423695531,3.0,3.0,3.0,3.0700000000000003,3.8225,4.3149999999999995,4.58,
-86.9155,40.459,0,None,None,403,125290,None,None,None,None,None,None,None,None,None,None,None,None,LTE+Sub6,10,4,0.4,10,4,0.4,0.268,0.037388847614307746,0.22044444444444447,0.22764444444444448,0.23844444444444446,0.2684444444444445,0.29800000000000004,0.30800000000000005,0.3146666666666667,28.58222222222222,5.137721376084111,22.61866666666667,23.1792,23.739733333333334,24.02,24.300266666666666,26.081244444444444,28.47244444444444,30.863644444444443,32.68853333333333,33.034666666666666,33.3808,34.07306666666667,34.76533333333334,16.515,0.653853959229429,15.46,15.766,16.225,16.755000000000003,17.045,17.072,17.09,
-86.9155,40.459,0,50,1001,403,125290,47,66736,None,None,None,None,None,None,None,None,None,None,LTE+Sub6,10,6,0.6,10,6,0.6,0.2655343915343915,0.07685694161218551,0.11542857142857144,0.1866031746031746,0.2579047619047619,0.2686428571428572,0.3080357142857143,0.34135714285714286,0.365,32.35963756613756,12.32495071569537,12.06742857142857,19.777142857142856,27.48685714285714,28.097392857142854,28.707928571428567,29.929,30.760055555555553,31.59111111111111,36.16926984126984,38.458349206349205,40.74742857142857,46.541714285714285,52.336,4.3116666666666665,0.8474750078255341,3.27,3.3899999999999997,3.635,4.279999999999999,4.67,5.265000000000001,5.82,
-86.9155,40.4595,0,None,None,403,125290,None,None,None,None,None,None,None,None,None,None,None,None,LTE+Sub6,11,5,0.45454545454545453,9,4,0.4444444444444444,0.30822222222222223,0.036119828007738934,0.2773333333333333,0.27813333333333334,0.2793333333333333,0.2942222222222223,0.3231111111111111,0.3495111111111111,0.3671111111111111,34.858000000000004,2.6591945220635607,30.61422222222222,32.03315555555555,33.45208888888889,34.16155555555556,34.87102222222222,35.37848888888889,35.43022222222223,35.48195555555556,35.760533333333335,36.126666666666665,36.4928,37.22506666666667,37.95733333333334,14.974999999999998,4.084143116983046,10.41,10.815,11.4225,14.5,18.0525,19.515,20.49,
-86.9155,40.4595,0,50,1001,372,125290,47,66736,None,None,None,None,None,None,None,None,None,None,LTE+Sub6,11,4,0.36363636363636365,9,4,0.4444444444444444,0.1505,0.07295717922178736,0.096,0.1002,0.1065,0.11499999999999999,0.159,0.22920000000000004,0.276,14.830583333333333,8.991681564321919,9.533333333333333,9.560533333333334,9.587733333333334,9.601333333333333,9.614933333333333,9.6514,9.692499999999999,9.7336,11.825299999999991,14.92175,18.018200000000007,24.211100000000002,30.404,6.03,1.3551568174938278,4.0,4.513,5.2825,6.245,6.9925,7.375,7.63,
-86.9155,40.4595,0,50,1001,403,125290,47,66736,None,None,None,None,None,None,None,None,None,None,LTE+Sub6,11,2,0.18181818181818182,9,1,0.1111111111111111,0.24888888888888888,0.0,0.24888888888888888,0.24888888888888888,0.24888888888888888,0.24888888888888888,0.24888888888888888,0.24888888888888888,0.24888888888888888,29.993777777777776,0.0,29.993777777777776,29.993777777777776,29.993777777777776,29.993777777777776,29.993777777777776,29.993777777777776,29.993777777777776,29.993777777777776,29.993777777777776,29.993777777777776,29.993777777777776,29.993777777777776,29.993777777777776,7.44,0.0,7.44,7.44,7.44,7.44,7.44,7.44,7.44,
-86.9185,40.4605,0,None,None,372,125290,None,None,None,None,None,None,None,None,None,None,None,None,LTE+Sub6,3,3,1.0,3,3,1.0,0.18814814814814818,0.033749175674534074,0.14666666666666667,0.15502222222222223,0.16755555555555557,0.18844444444444447,0.2088888888888889,0.22115555555555555,0.22933333333333333,18.69037037037037,4.351575223359259,13.25511111111111,14.385777777777777,15.516444444444446,16.081777777777777,16.647111111111112,17.77777777777778,18.908444444444445,19.908266666666666,20.908088888888887,21.408,21.907911111111112,22.907733333333333,23.907555555555554,15.58,2.489136396423466,12.06,13.11,14.684999999999999,17.31,17.34,17.358,17.37,
-86.919,40.4605,0,None,None,372,125290,None,None,None,None,None,None,None,None,None,None,None,None,LTE+Sub6,4,4,1.0,4,4,1.0,0.1322222222222222,0.01116210520433277,0.11555555555555555,0.11982222222222222,0.1262222222222222,0.13377777777777777,0.13977777777777778,0.14337777777777777,0.14577777777777778,9.481777777777777,0.9853524781380723,8.07911111111111,8.442844444444443,8.806577777777777,8.988444444444443,9.17031111111111,9.37831111111111,9.508444444444443,9.638577777777778,9.83591111111111,10.001777777777779,10.167644444444445,10.499377777777777,10.831111111111111,14.335,3.7102055199139574,9.71,10.685,12.1475,13.835,16.0225,18.385,19.96,
-86.9195,40.4605,0,None,None,372,125290,None,None,None,None,None,None,None,None,None,None,None,None,LTE+Sub6,7,7,1.0,6,6,1.0,0.16187037037037036,0.008317371544553658,0.152,0.15333333333333332,0.1551111111111111,0.15955555555555556,0.17,0.17272222222222222,0.173,13.971962962962964,0.9913110445796636,12.398222222222223,12.655555555555555,12.912888888888888,13.260166666666667,13.607444444444443,14.302,14.315888888888889,14.329777777777778,14.491555555555557,14.572444444444445,14.653333333333334,14.944444444444445,15.235555555555555,13.696666666666665,3.0074389252134264,7.7,9.91,12.8675,15.11,15.4325,16.07,16.6,
-86.92,40.4605,0,None,None,372,125290,None,None,None,None,None,None,None,None,None,None,None,None,LTE+Sub6,6,6,1.0,6,6,1.0,0.16281481481481483,0.026973136053990935,0.128,0.1288888888888889,0.13622222222222222,0.16755555555555554,0.18622222222222223,0.192,0.19555555555555554,14.657481481481483,3.499820483736465,9.711111111111112,10.360444444444445,11.009777777777778,11.926666666666666,12.843555555555556,14.677333333333333,14.765777777777778,14.854222222222223,16.578666666666667,17.44088888888889,18.30311111111111,18.846222222222224,19.389333333333333,8.031666666666666,2.4580169287908133,4.96,5.23,5.8975,7.91,9.66,10.955,11.94,
-86.921,40.4605,0,None,None,372,125290,None,None,None,None,None,None,None,None,None,None,None,None,LTE+Sub6,3,3,1.0,3,3,1.0,0.20325925925925925,0.019069147152241894,0.17688888888888887,0.18382222222222222,0.1942222222222222,0.21155555555555555,0.21644444444444444,0.21937777777777778,0.22133333333333335,20.03051851851852,1.5868653193759505,17.83111111111111,18.41368888888889,18.996266666666667,19.287555555555556,19.578844444444442,20.16142222222222,20.744,20.89848888888889,21.052977777777777,21.130222222222223,21.20746666666667,21.361955555555557,21.516444444444446,13.543333333333331,2.7895798170254165,9.78,10.703999999999999,12.09,14.4,15.425,16.04,16.45,
-86.9215,40.4605,0,None,None,372,125290,None,None,None,None,None,None,None,None,None,None,None,None,LTE+Sub6,3,3,1.0,2,2,1.0,0.21866666666666668,0.055111111111111125,0.16355555555555554,0.17457777777777778,0.1911111111111111,0.21866666666666668,0.24622222222222223,0.2627555555555556,0.2737777777777778,20.666666666666664,6.944888888888888,13.721777777777778,15.110755555555556,16.49973333333333,17.194222222222223,17.88871111111111,19.27768888888889,20.666666666666664,22.055644444444443,23.444622222222222,24.13911111111111,24.8336,26.222577777777776,27.611555555555555,10.93,0.8300000000000001,10.1,10.266,10.515,10.93,11.344999999999999,11.594,11.76,
-86.922,40.4605,0,None,None,372,125290,None,None,None,None,None,None,None,None,None,None,None,None,LTE+Sub6,3,3,1.0,3,3,1.0,0.16296296296296295,0.03889728304467919,0.11377777777777777,0.12426666666666666,0.13999999999999999,0.16622222222222222,0.18755555555555553,0.20035555555555554,0.20888888888888887,14.490962962962962,3.7566890129729984,10.250666666666666,10.968355555555554,11.686044444444445,12.044888888888888,12.403733333333332,13.121422222222222,13.83911111111111,14.947911111111111,16.05671111111111,16.61111111111111,17.16551111111111,18.27431111111111,19.38311111111111,6.760000000000001,0.9606594956938,5.69,5.8660000000000005,6.130000000000001,6.57,7.295,7.7299999999999995,8.02,
-86.9225,40.4605,0,None,None,372,125290,None,None,None,None,None,None,None,None,None,None,None,None,LTE+Sub6,3,3,1.0,3,3,1.0,0.1354074074074074,0.00460928864773453,0.1288888888888889,0.13084444444444443,0.13377777777777777,0.13866666666666666,0.13866666666666666,0.13866666666666666,0.13866666666666666,11.802962962962964,0.8503696476961697,10.8,10.985955555555556,11.171911111111111,11.264888888888889,11.357866666666666,11.543822222222222,11.729777777777777,11.959644444444443,12.189511111111111,12.304444444444444,12.419377777777777,12.649244444444445,12.879111111111111,8.376666666666665,0.7905413054076019,7.31,7.571999999999999,7.965,8.62,8.91,9.084,9.2,
-86.923,40.4605,0,None,None,372,125290,None,None,None,None,None,None,None,None,None,None,None,None,LTE+Sub6,4,4,1.0,4,4,1.0,0.23044444444444445,0.026371514748369254,0.18755555555555553,0.20248888888888888,0.2248888888888889,0.23733333333333334,0.24288888888888888,0.2528888888888889,0.25955555555555554,23.109333333333332,4.776379454289412,15.106666666666666,17.986933333333333,20.8672,22.307333333333332,23.747466666666664,24.740266666666667,24.78933333333333,24.838399999999996,25.1592,25.59133333333333,26.023466666666664,26.887733333333333,27.752,6.0725,1.0290134838766694,4.8,4.989,5.2725,6.015,6.8149999999999995,7.202,7.46,
-86.9235,40.4605,0,None,None,372,125290,None,None,None,None,None,None,None,None,None,None,None,None,LTE+Sub6,18,18,1.0,17,17,1.0,0.24334640522875817,0.05588121391645825,0.144,0.17635555555555554,0.20355555555555555,0.24533333333333335,0.2817777777777778,0.3111111111111111,0.3502222222222222,32.81202614379085,9.766272518575704,16.773333333333333,21.002488888888887,22.98791111111111,24.99111111111111,27.77724444444444,29.498666666666665,33.46488888888889,36.93564444444445,38.13084444444444,38.13155555555556,38.71537777777778,43.61653333333334,53.694222222222216,4.883529411764705,1.0069811679790044,3.41,3.44,4.04,5.05,5.59,6.262,6.58,
-86.924,40.4605,0,None,None,372,125290,None,None,None,None,None,None,None,None,None,None,None,None,LTE+Sub6,13,13,1.0,12,12,1.0,0.27540740740740743,0.032764194716464204,0.21422222222222223,0.23982222222222221,0.2528888888888889,0.2808888888888889,0.2975555555555556,0.3067555555555555,0.3368888888888889,40.201185185185196,11.216711349986516,22.896,25.8272,32.422044444444445,34.946666666666665,36.84808888888889,39.3744,40.592,41.291199999999996,43.354933333333335,44.11244444444445,44.23075555555556,48.24337777777778,68.20266666666667,5.573333333333333,0.8906957330586517,4.22,4.613,5.0,5.295,6.185,6.353,7.54,
-86.9245,40.4605,0,None,None,372,125290,None,None,None,None,None,None,None,None,None,None,None,None,LTE+Sub6,7,7,1.0,6,6,1.0,0.2948148148148148,0.06462180786798061,0.19822222222222222,0.2137777777777778,0.242,0.3057777777777778,0.35288888888888886,0.3648888888888889,0.36977777777777776,38.59437037037036,8.696661177277928,27.283555555555555,27.912444444444443,28.54133333333333,30.543777777777777,32.54622222222222,36.55111111111111,39.80311111111111,43.05511111111111,43.932,44.370444444444445,44.80888888888889,48.06755555555556,51.32622222222222,6.673333333333333,1.1005402713617023,4.96,5.4350000000000005,5.9725,6.63,7.67,7.955,8.05,
-86.925,40.4605,0,None,None,372,125290,None,None,None,None,None,None,None,None,None,None,None,None,LTE+Sub6,4,4,1.0,4,4,1.0,0.3857777777777778,0.04356462490610791,0.33244444444444443,0.34044444444444444,0.35244444444444445,0.38222222222222224,0.41555555555555557,0.4339555555555556,0.44622222222222224,69.65666666666667,8.848942404548255,62.08622222222222,62.31502222222222,62.543822222222225,62.65822222222222,62.772622222222225,64.19093333333333,66.20400000000001,68.21706666666667,71.01644444444443,73.20244444444444,75.38844444444445,79.76044444444443,84.13244444444443,4.34,0.2827543103119739,4.12,4.1290000000000004,4.1425,4.21,4.4075,4.655,4.82,
-86.9255,40.4605,0,None,None,372,125290,None,None,None,None,None,None,None,None,None,None,None,None,LTE+Sub6,3,3,1.0,3,3,1.0,0.3905185185185185,0.013428467192444052,0.37155555555555553,0.37706666666666666,0.3853333333333333,0.3991111111111111,0.4,0.40053333333333335,0.4008888888888889,69.06074074074074,4.2548835030048355,63.09155555555555,64.75075555555556,66.40995555555556,67.23955555555555,68.06915555555555,69.72835555555557,71.38755555555556,71.65066666666668,71.91377777777778,72.04533333333333,72.1768888888889,72.44,72.70311111111111,4.436666666666667,0.06798692684790385,4.37,4.378,4.390000000000001,4.41,4.470000000000001,4.506,4.53,
-86.926,40.4605,0,None,None,372,125290,None,None,None,None,None,None,None,None,None,None,None,None,LTE+Sub6,6,6,1.0,6,6,1.0,0.21999999999999997,0.059700762725101324,0.11288888888888889,0.15155555555555555,0.194,0.2262222222222222,0.2637777777777778,0.2822222222222222,0.2951111111111111,34.461333333333336,8.6565799156128,18.531555555555556,23.506666666666668,28.481777777777776,30.38222222222222,32.282666666666664,36.083555555555556,37.196444444444445,38.309333333333335,39.524,40.13133333333333,40.73866666666667,42.68088888888889,44.62311111111111,3.7483333333333335,0.18915748876413943,3.49,3.545,3.605,3.725,3.935,3.975,3.98,
-86.9265,40.4605,0,None,None,372,125290,None,None,None,None,None,None,None,None,None,None,None,None,LTE+Sub6,19,19,1.0,18,18,1.0,0.3060246913580247,0.07606267320134344,0.12622222222222224,0.21208888888888888,0.27155555555555555,0.3106666666666667,0.3448888888888889,0.4112,0.42577777777777776,50.952493827160495,13.517482413375477,31.33066666666667,34.94897777777778,42.456,43.37977777777778,43.94213333333333,45.2624,46.60444444444445,51.523555555555554,57.76106666666666,60.108,61.68995555555556,65.31546666666668,84.92,4.717777777777778,0.5229144348484172,3.97,4.121,4.3975,4.59,5.047499999999999,5.4350000000000005,5.86,
-86.927,40.4605,0,None,None,372,125290,None,None,None,None,None,None,None,None,None,None,None,None,LTE+Sub6,5,5,1.0,4,4,1.0,0.3873333333333333,0.06497520894754999,0.2782222222222222,0.3158222222222222,0.37222222222222223,0.41155555555555556,0.4266666666666667,0.43946666666666667,0.448,66.586,10.616011896780853,48.227555555555554,55.413688888888885,62.59982222222222,66.19288888888889,69.78595555555555,72.19644444444444,72.21911111111112,72.24177777777778,72.39902222222223,72.61222222222223,72.82542222222223,73.25182222222222,73.67822222222222,4.717499999999999,0.3263721035873011,4.18,4.348,4.6,4.835,4.9525,4.992999999999999,5.02,
-86.9275,40.4605,0,None,None,372,125290,None,None,None,None,None,None,None,None,None,None,None,None,LTE+Sub6,3,3,1.0,3,3,1.0,0.2740740740740741,0.05934660229861162,0.19822222222222222,0.21475555555555556,0.23955555555555558,0.2808888888888889,0.312,0.33066666666666666,0.3431111111111111,50.94192592592592,15.16014188162684,32.67288888888889,36.21013333333334,39.74737777777778,41.516000000000005,43.284622222222225,46.821866666666665,50.35911111111111,54.24604444444444,58.132977777777775,60.07644444444445,62.019911111111114,65.90684444444445,69.79377777777778,4.863333333333333,0.6227002132290913,4.14,4.27,4.465,4.79,5.225,5.486,5.66,
-86.928,40.4605,0,None,None,372,125290,None,None,None,None,None,None,None,None,None,None,None,None,LTE+Sub6,3,3,1.0,3,3,1.0,0.34459259259259256,0.027294662999529533,0.3066666666666667,0.3168,0.332,0.35733333333333334,0.3635555555555555,0.3672888888888889,0.36977777777777776,58.959111111111106,7.860980577374559,49.47911111111111,51.31733333333333,53.15555555555555,54.074666666666666,54.99377777777778,56.832,58.67022222222222,60.681777777777775,62.69333333333333,63.69911111111111,64.70488888888889,66.71644444444443,68.728,4.743333333333333,0.6503503329402972,3.92,4.096,4.359999999999999,4.8,5.154999999999999,5.367999999999999,5.51,
-86.9285,40.4605,0,None,None,372,125290,None,None,None,None,None,None,None,None,None,None,None,None,LTE+Sub6,2,2,1.0,2,2,1.0,0.33199999999999996,0.08133333333333334,0.25066666666666665,0.2669333333333333,0.29133333333333333,0.33199999999999996,0.37266666666666665,0.3970666666666667,0.41333333333333333,60.03555555555556,18.042666666666666,41.99288888888889,45.601422222222226,49.20995555555556,51.01422222222222,52.81848888888889,56.42702222222223,60.03555555555556,63.64408888888889,67.25262222222221,69.05688888888889,70.86115555555556,74.4696888888889,78.07822222222222,4.535,0.08499999999999996,4.45,4.4670000000000005,4.4925,4.535,4.577500000000001,4.603,4.62,
-86.929,40.4605,0,None,None,372,125290,None,None,None,None,None,None,None,None,None,None,None,None,LTE+Sub6,4,4,1.0,4,4,1.0,0.3868888888888889,0.0569040778334389,0.2888888888888889,0.3251555555555556,0.3795555555555556,0.41644444444444445,0.42377777777777775,0.4249777777777778,0.42577777777777776,73.06666666666666,20.286153652792127,41.096,49.761599999999994,58.4272,62.75999999999999,67.09279999999998,74.09155555555554,80.25688888888888,86.42222222222222,90.54488888888888,90.56355555555555,90.58222222222221,90.61955555555555,90.65688888888889,4.5075,0.37758277238242743,3.93,4.083,4.3125,4.58,4.775,4.8740000000000006,4.94,
-86.9295,40.4605,0,None,None,372,125290,None,None,None,None,None,None,None,None,None,None,None,None,LTE+Sub6,5,5,1.0,4,4,1.0,0.3217777777777778,0.0696942174833557,0.20444444444444446,0.2433777777777778,0.3017777777777778,0.3533333333333334,0.37333333333333335,0.37493333333333334,0.376,57.742888888888885,13.89628214067825,39.75288888888889,42.84008888888889,45.92728888888889,47.470888888888894,49.01448888888889,53.06115555555556,57.587555555555554,62.11395555555555,66.22275555555555,67.85955555555554,69.49635555555555,72.76995555555555,76.04355555555556,4.01,0.3276430985081174,3.58,3.649,3.7525,4.04,4.297499999999999,4.3469999999999995,4.38,
-86.93,40.4605,0,None,None,372,125290,None,None,None,None,None,None,None,None,None,None,None,None,LTE+Sub6,6,6,1.0,6,6,1.0,0.306962962962963,0.04890953548317239,0.216,0.244,0.2848888888888889,0.324,0.3417777777777778,0.3528888888888889,0.3582222222222222,54.88142592592593,11.909773105891375,37.133,41.77494444444444,46.41688888888889,48.07222222222222,49.727555555555554,53.03822222222222,53.246222222222215,53.45422222222222,59.79466666666667,62.96488888888889,66.13511111111112,69.62311111111111,73.11111111111111,4.166666666666666,0.17026123718829528,3.96,4.02,4.0825,4.095,4.2425,4.385,4.48,
-86.9305,40.4605,0,None,None,372,125290,None,None,None,None,None,None,None,None,None,None,None,None,LTE+Sub6,5,5,1.0,5,5,1.0,0.34257777777777776,0.030846365614200625,0.29777777777777775,0.30524444444444443,0.3164444444444445,0.35644444444444445,0.36,0.37333333333333335,0.38222222222222224,64.63964444444444,11.355838049628161,43.43911111111111,51.37191111111111,59.30471111111111,63.27111111111111,64.25866666666667,66.23377777777777,68.2088888888889,70.45351111111111,72.69813333333333,73.82044444444443,73.94808888888888,74.20337777777777,74.45866666666667,5.566,0.6150967403587827,4.61,4.83,5.16,5.83,5.85,6.168,6.38,
-86.931,40.4605,0,None,None,372,125290,None,None,None,None,None,None,None,None,None,None,None,None,LTE+Sub6,3,3,1.0,3,3,1.0,0.40918518518518515,0.041977981033303344,0.3635555555555555,0.37066666666666664,0.3813333333333333,0.3991111111111111,0.432,0.4517333333333333,0.4648888888888889,70.57244444444444,11.096570206776033,55.25066666666667,59.25955555555556,63.26844444444445,65.27288888888889,67.27733333333333,71.28622222222222,75.29511111111111,76.4704,77.64568888888888,78.23333333333333,78.82097777777778,79.99626666666667,81.17155555555556,5.763333333333333,1.4723526147707355,4.15,4.406000000000001,4.79,5.43,6.57,7.254,7.71,
-86.9315,40.4605,0,None,None,372,125290,None,None,None,None,None,None,None,None,None,None,None,None,LTE+Sub6,3,3,1.0,2,2,1.0,0.3044444444444444,0.059111111111111087,0.24533333333333335,0.2571555555555556,0.2748888888888889,0.3044444444444444,0.33399999999999996,0.3517333333333333,0.3635555555555555,46.82355555555556,8.004888888888889,38.818666666666665,40.419644444444444,42.02062222222222,42.82111111111111,43.6216,45.22257777777778,46.82355555555556,48.42453333333333,50.02551111111111,50.826,51.626488888888886,53.227466666666665,54.82844444444444,3.8549999999999995,0.20499999999999985,3.65,3.691,3.7525,3.8549999999999995,3.9574999999999996,4.018999999999999,4.06,
-86.932,40.4605,0,None,None,372,125290,None,None,None,None,None,None,None,None,None,None,None,None,LTE+Sub6,4,4,1.0,4,4,1.0,0.3588888888888889,0.020573265644016257,0.3253333333333333,0.33573333333333333,0.35133333333333333,0.36533333333333334,0.37288888888888894,0.3768888888888889,0.37955555555555553,68.822,6.339942979842511,59.416,61.6216,63.8272,64.93,66.0328,68.10471111111111,70.10977777777778,72.11484444444444,73.67164444444444,74.00177777777778,74.33191111111111,74.99217777777778,75.65244444444444,4.335,0.11926860441876551,4.22,4.223,4.2275,4.305,4.4125,4.471,4.51,
-86.9325,40.4605,0,None,None,372,125290,None,None,None,None,None,None,None,None,None,None,None,None,LTE+Sub6,93,93,1.0,88,88,1.0,0.33124494949494954,0.05931542252054637,0.19466666666666665,0.24328888888888892,0.29933333333333334,0.3337777777777778,0.38066666666666665,0.4061333333333333,0.4444444444444445,66.2900202020202,16.505857426662892,31.11466666666667,44.06,54.37613333333333,56.832,57.70684444444444,60.717866666666666,64.37866666666667,68.1207111111111,73.82124444444445,78.30533333333334,80.42364444444445,88.99893333333334,114.13955555555556,3.9592045454545457,0.43602340843882637,3.15,3.28,3.7175000000000002,4.01,4.265,4.406000000000001,5.04,
-86.933,40.4605,0,None,None,372,125290,None,None,None,None,None,None,None,None,None,None,None,None,LTE+Sub6,10,10,1.0,10,10,1.0,0.37137777777777775,0.03474361829668404,0.30844444444444447,0.33164444444444446,0.34955555555555556,0.37244444444444447,0.39022222222222225,0.4183111111111111,0.4231111111111111,69.37262222222222,13.644160163813764,50.242666666666665,58.29626666666667,61.64373333333333,62.42444444444445,62.72604444444444,63.44124444444444,64.14266666666667,67.65297777777778,72.4647111111111,72.5911111111111,75.1656888888889,86.72462222222221,100.59822222222222,4.042,0.48815571286219733,3.31,3.319,3.565,4.15,4.48,4.511,4.61,
-86.933,40.46,0,None,None,372,125290,None,None,None,None,None,None,None,None,None,None,None,None,LTE+Sub6,9,9,1.0,8,8,1.0,0.36833333333333335,0.02603677361438843,0.3253333333333333,0.33964444444444447,0.35111111111111115,0.368,0.38422222222222224,0.4040888888888889,0.4053333333333333,71.39122222222223,14.021018891403234,54.040888888888894,54.71724444444445,58.919288888888886,62.342444444444446,65.05386666666666,66.91804444444445,67.62488888888889,70.39093333333332,79.46231111111109,81.44244444444445,82.40035555555556,87.78391111111111,97.7911111111111,3.5649999999999995,0.3586432768085859,3.18,3.257,3.3200000000000003,3.415,3.71,4.133,4.21,
-86.9335,40.46,0,None,None,372,125290,None,None,None,None,None,None,None,None,None,None,None,None,LTE+Sub6,29,29,1.0,28,28,1.0,0.3470674603174603,0.06480157162783275,0.13333333333333333,0.29431111111111113,0.32511111111111113,0.35555555555555557,0.384,0.40062222222222227,0.47644444444444445,66.83148015873016,15.76674620453929,30.48711111111111,52.78622222222222,58.30453333333333,58.98466666666667,62.51697777777778,62.99928888888889,64.21111111111111,66.48257777777778,70.68924444444444,73.95866666666666,78.59626666666666,87.35511111111111,102.07022222222221,4.580357142857143,0.7834424135226038,3.25,3.9050000000000002,4.2425,4.485,4.7525,5.354,7.29,
-86.934,40.46,0,None,None,372,125290,None,None,None,None,None,None,None,None,None,None,None,None,LTE+Sub6,1,1,1.0,1,1,1.0,0.35555555555555557,0.0,0.35555555555555557,0.35555555555555557,0.35555555555555557,0.35555555555555557,0.35555555555555557,0.35555555555555557,0.35555555555555557,52.94222222222222,0.0,52.94222222222222,52.94222222222222,52.94222222222222,52.94222222222222,52.94222222222222,52.94222222222222,52.94222222222222,52.94222222222222,52.94222222222222,52.94222222222222,52.94222222222222,52.94222222222222,52.94222222222222,4.72,0.0,4.72,4.72,4.72,4.72,4.72,4.72,4.72,
-86.934,40.4595,0,None,None,372,125290,None,None,None,None,None,None,None,None,None,None,None,None,LTE+Sub6,7,7,1.0,6,6,1.0,0.27644444444444444,0.04105601914237339,0.20444444444444446,0.2346666666666667,0.2653333333333333,0.27066666666666667,0.3046666666666667,0.324,0.3333333333333333,46.0125925925926,10.15447614221965,28.26488888888889,35.31822222222222,42.37155555555555,42.830666666666666,43.28977777777777,44.208,44.77066666666667,45.333333333333336,51.17022222222222,54.08866666666667,57.00711111111111,57.94888888888889,58.89066666666666,4.58,0.539814783050631,3.93,4.03,4.1675,4.535,4.797499999999999,5.175,5.55,
-86.9345,40.4595,0,None,None,372,125290,None,None,None,None,None,None,None,None,None,None,None,None,LTE+Sub6,5,5,1.0,5,5,1.0,0.3127777777777778,0.045900697969356356,0.251,0.25797777777777775,0.26844444444444443,0.3226666666666667,0.35733333333333334,0.36160000000000003,0.36444444444444446,49.43097777777778,4.061811308173962,42.818,44.33008888888889,45.84217777777778,46.59822222222222,47.650666666666666,49.75555555555555,51.86044444444445,52.15946666666667,52.45848888888889,52.608,52.74044444444444,53.005333333333326,53.270222222222216,4.98,0.7443386326128718,4.12,4.264,4.48,4.92,5.07,5.814,6.31,
-86.935,40.4595,0,None,None,372,125290,None,None,None,None,None,None,None,None,None,None,None,None,LTE+Sub6,1,1,1.0,1,1,1.0,0.4142222222222222,0.0,0.4142222222222222,0.4142222222222222,0.4142222222222222,0.4142222222222222,0.4142222222222222,0.4142222222222222,0.4142222222222222,69.85333333333332,0.0,69.85333333333332,69.85333333333332,69.85333333333332,69.85333333333332,69.85333333333332,69.85333333333332,69.85333333333332,69.85333333333332,69.85333333333332,69.85333333333332,69.85333333333332,69.85333333333332,69.85333333333332,3.91,0.0,3.91,3.91,3.91,3.91,3.91,3.91,3.91,
-86.935,40.459,0,None,None,372,125290,None,None,None,None,None,None,None,None,None,None,None,None,LTE+Sub6,10,10,1.0,9,9,1.0,0.33649382716049386,0.051097344123119726,0.22222222222222224,0.26204444444444447,0.3413333333333333,0.34933333333333333,0.3653333333333333,0.3804444444444445,0.38755555555555554,60.71841975308641,13.959229748480324,32.781333333333336,41.46897777777778,50.45742222222223,55.00177777777778,56.69742222222222,60.589511111111115,65.984,68.45155555555554,69.17884444444444,69.25244444444444,70.44497777777777,73.63946666666666,79.26222222222222,4.318888888888889,0.31121426861192325,3.87,3.878,3.98,4.39,4.49,4.704,4.72,
-86.9345,40.459,0,None,None,372,125290,None,None,None,None,None,None,None,None,None,None,None,None,LTE+Sub6,3,3,1.0,3,3,1.0,0.32562962962962966,0.046835438495222634,0.25955555555555554,0.27857777777777776,0.3071111111111111,0.3546666666666667,0.3586666666666667,0.3610666666666667,0.3626666666666667,51.65244444444445,7.221372832103803,41.467555555555556,44.39288888888889,47.318222222222225,48.78088888888889,50.24355555555555,53.16888888888889,56.09422222222222,56.35448888888889,56.614755555555554,56.74488888888889,56.87502222222222,57.13528888888889,57.39555555555555,4.676666666666667,0.37508517551202786,4.28,4.338,4.425000000000001,4.57,4.875,5.058,5.18,
-86.9345,40.4585,0,None,None,372,125290,None,None,None,None,None,None,None,None,None,None,None,None,LTE+Sub6,10,10,1.0,10,10,1.0,0.32720000000000005,0.06569057282460468,0.21244444444444446,0.21644444444444444,0.2862222222222222,0.3511111111111111,0.37555555555555553,0.3928888888888889,0.3928888888888889,59.224622222222216,17.884999801626996,31.76088888888889,32.261688888888884,40.85351111111111,46.17066666666666,51.90026666666666,58.67893333333333,61.591111111111104,64.94666666666666,69.8424,71.75,73.46524444444445,77.35946666666666,88.81066666666668,4.433999999999999,0.5309651589322976,3.77,3.8240000000000003,4.045,4.39,4.6025,5.135,5.54,
-86.934,40.4585,0,None,None,372,125290,None,None,None,None,None,None,None,None,None,None,None,None,LTE+Sub6,1,1,1.0,1,1,1.0,0.33422222222222225,0.0,0.33422222222222225,0.33422222222222225,0.33422222222222225,0.33422222222222225,0.33422222222222225,0.33422222222222225,0.33422222222222225,77.2551111111111,0.0,77.2551111111111,77.2551111111111,77.2551111111111,77.2551111111111,77.2551111111111,77.2551111111111,77.2551111111111,77.2551111111111,77.2551111111111,77.2551111111111,77.2551111111111,77.2551111111111,77.2551111111111,4.3,0.0,4.3,4.3,4.3,4.3,4.3,4.3,4.3,
-86.934,40.458,0,None,None,372,125290,None,None,None,None,None,None,None,None,None,None,None,None,LTE+Sub6,13,13,1.0,12,12,1.0,0.32162962962962965,0.05562701576933568,0.19022222222222224,0.26737777777777777,0.3004444444444444,0.32755555555555554,0.3515555555555555,0.3883555555555555,0.39822222222222226,59.36985185185185,14.283747935073002,28.01511111111111,44.05875555555556,51.51217777777778,52.47088888888889,53.86853333333333,57.5504,60.839555555555556,62.209244444444444,63.31786666666667,66.49377777777778,72.58435555555556,75.46151111111111,82.86488888888888,3.7808333333333333,0.4146576566545253,3.22,3.245,3.3200000000000003,3.87,4.1899999999999995,4.274,4.32,
-86.934,40.4575,0,None,None,372,125290,None,None,None,None,None,None,None,None,None,None,None,None,LTE+Sub6,292,292,1.0,277,277,1.0,0.33820537505014037,0.05000665358046084,0.17955555555555555,0.27395555555555556,0.3066666666666667,0.3431111111111111,0.37511111111111106,0.4008888888888889,0.4551111111111111,64.74998716405935,15.193453313547815,24.675555555555555,46.392355555555554,52.465777777777774,54.66844444444445,56.77244444444444,60.72568888888889,63.64177777777778,66.77066666666666,71.55964444444443,75.2808888888889,77.38773333333334,84.82737777777778,108.61422222222222,5.394007220216606,1.3598025605057438,3.28,3.778,4.51,5.24,6.12,6.78,16.01,
-86.9335,40.457,0,None,None,372,125290,None,None,None,None,None,None,None,None,None,None,None,None,LTE+Sub6,15,15,1.0,14,14,1.0,0.2568253968253968,0.06013502904561498,0.16355555555555554,0.18017777777777777,0.22111111111111115,0.24755555555555556,0.29377777777777775,0.3384000000000001,0.3786666666666667,38.548761904761896,14.490399604198029,20.523555555555554,22.91306666666667,27.40248888888889,28.721333333333334,29.420444444444442,32.349155555555555,34.78,37.751999999999995,42.6208,46.309333333333335,48.388622222222224,59.2168888888889,71.29688888888889,5.885,1.0163502630210006,4.34,4.472,5.0975,5.965,6.24,7.001,8.06,
-86.933,40.457,0,None,None,372,125290,None,None,None,None,None,None,None,None,None,None,None,None,LTE+Sub6,5,5,1.0,5,5,1.0,0.32568888888888886,0.013891715267972487,0.30577777777777776,0.30968888888888885,0.31555555555555553,0.3253333333333333,0.33955555555555555,0.34115555555555555,0.3422222222222222,52.62471111111112,2.686684475264934,49.409777777777784,50.18737777777778,50.96497777777778,51.35377777777778,51.46648888888889,51.69191111111112,51.91733333333334,52.3376,52.75786666666667,52.968,53.86933333333334,55.672,57.474666666666664,7.698,0.584,6.66,7.036,7.6,7.83,7.98,8.244,8.42,
-86.933,40.4575,0,None,None,372,125290,None,None,None,None,None,None,None,None,None,None,None,None,LTE+Sub6,3,3,1.0,2,2,1.0,0.3617777777777778,0.00888888888888889,0.3528888888888889,0.3546666666666667,0.3573333333333334,0.3617777777777778,0.3662222222222222,0.36888888888888893,0.3706666666666667,51.05466666666667,1.3968888888888884,49.65777777777778,49.937155555555556,50.21653333333334,50.35622222222223,50.49591111111111,50.775288888888895,51.05466666666667,51.334044444444444,51.613422222222226,51.75311111111111,51.8928,52.17217777777778,52.45155555555556,5.234999999999999,0.44499999999999984,4.79,4.879,5.0125,5.234999999999999,5.4575,5.591,5.68,
-86.9325,40.4575,0,None,None,372,125290,None,None,None,None,None,None,None,None,None,None,None,None,LTE+Sub6,17,17,1.0,16,16,1.0,0.3112222222222222,0.047933982378545036,0.232,0.2528888888888889,0.28177777777777774,0.3022222222222222,0.3506666666666667,0.37911111111111107,0.3911111111111111,51.334722222222226,12.417696559699204,29.660444444444444,36.21777777777778,38.28977777777778,43.73177777777778,46.428,48.36266666666666,50.09822222222222,52.388444444444445,56.251111111111115,59.78977777777778,63.20977777777778,69.86844444444444,71.71733333333333,5.2075,0.7773150905520874,4.12,4.26,4.6225000000000005,5.08,5.8425,6.17,6.8,
-86.9325,40.458,0,None,None,372,125290,None,None,None,None,None,None,None,None,None,None,None,None,LTE+Sub6,1,1,1.0,1,1,1.0,0.3164444444444445,0.0,0.3164444444444445,0.3164444444444445,0.3164444444444445,0.3164444444444445,0.3164444444444445,0.3164444444444445,0.3164444444444445,49.59377777777778,0.0,49.59377777777778,49.59377777777778,49.59377777777778,49.59377777777778,49.59377777777778,49.59377777777778,49.59377777777778,49.59377777777778,49.59377777777778,49.59377777777778,49.59377777777778,49.59377777777778,49.59377777777778,4.12,0.0,4.12,4.12,4.12,4.12,4.12,4.12,4.12,
-86.933,40.458,0,None,None,372,125290,None,None,None,None,None,None,None,None,None,None,None,None,LTE+Sub6,8,8,1.0,8,8,1.0,0.32944444444444443,0.046492665026158356,0.2711111111111111,0.27857777777777776,0.3024444444444444,0.31999999999999995,0.34488888888888886,0.3918222222222222,0.42044444444444445,62.13211111111111,16.041953921430018,44.205333333333336,49.35982222222223,52.991822222222225,54.236888888888885,55.196799999999996,55.690844444444444,56.08,56.65688888888889,57.808,63.34266666666667,70.86097777777779,84.58853333333333,96.57066666666667,4.39625,0.43260656201680536,3.92,3.9410000000000003,3.9575,4.39,4.5825000000000005,4.9799999999999995,5.19,
-86.933,40.4585,0,None,None,372,125290,None,None,None,None,None,None,None,None,None,None,None,None,LTE+Sub6,9,9,1.0,8,8,1.0,0.3726666666666667,0.053896563027458814,0.288,0.30791111111111114,0.3244444444444444,0.3857777777777778,0.4073333333333333,0.4312,0.45422222222222225,74.89888888888889,14.475333459559133,56.57511111111111,59.85048888888889,64.2128,66.80155555555555,68.72524444444444,69.24728888888889,69.8471111111111,72.50684444444445,80.23857777777778,82.834,84.92124444444445,92.4248,104.36711111111111,4.49375,0.2974868694581326,4.14,4.189,4.2475,4.44,4.6375,4.9479999999999995,4.99,
-86.933,40.459,0,None,None,372,125290,None,None,None,None,None,None,None,None,None,None,None,None,LTE+Sub6,2,2,1.0,2,2,1.0,0.37955555555555553,0.012444444444444452,0.3671111111111111,0.3696,0.37333333333333335,0.37955555555555553,0.3857777777777778,0.38951111111111114,0.392,69.50177777777779,5.620888888888892,63.88088888888889,65.00506666666666,66.12924444444445,66.69133333333333,67.25342222222223,68.3776,69.50177777777779,70.62595555555556,71.75013333333334,72.31222222222223,72.87431111111111,73.9984888888889,75.12266666666667,4.52,0.0,4.52,4.52,4.52,4.52,4.52,4.52,4.52,
-86.9335,40.459,0,None,None,372,125290,None,None,None,None,None,None,None,None,None,None,None,None,LTE+Sub6,13,13,1.0,13,13,1.0,0.34076068376068375,0.05368250807857756,0.26755555555555555,0.2752,0.2853333333333333,0.352,0.36,0.4188,0.4373333333333333,64.66179487179488,13.695785798689407,48.58222222222222,50.72177777777778,51.50293333333333,51.68266666666666,55.14293333333333,58.05715555555556,60.584,64.08657777777778,71.30008888888888,74.26222222222222,77.7510888888889,80.79548888888888,94.73955555555557,4.714615384615384,0.3853393186952823,4.23,4.316,4.44,4.54,5.01,5.232,5.49,
-86.9335,40.4595,0,None,None,372,125290,None,None,None,None,None,None,None,None,None,None,None,None,LTE+Sub6,13,13,1.0,12,12,1.0,0.35314814814814816,0.04874607366975042,0.2248888888888889,0.32835555555555557,0.3335555555555556,0.3577777777777778,0.36933333333333335,0.4092,0.43022222222222223,66.45142592592593,9.87291576815528,49.187555555555555,55.09706666666667,56.989866666666664,58.20866666666666,60.819199999999995,66.13617777777777,68.01777777777778,69.56231111111111,70.97662222222222,71.97466666666666,73.11377777777778,74.3866,87.008,4.607500000000001,0.4725308631895558,4.01,4.244000000000001,4.37,4.475,4.66,5.059,5.88,
-86.9335,40.461,0,None,None,372,125290,None,None,None,None,None,None,None,None,None,None,None,None,LTE+Sub6,5,5,1.0,5,5,1.0,0.36444444444444446,0.0549474271744039,0.31377777777777777,0.32124444444444444,0.33244444444444443,0.336,0.37244444444444447,0.4295111111111111,0.46755555555555556,60.626133333333335,7.003429223663519,48.99644444444444,52.99466666666667,56.992888888888885,58.992,59.10097777777778,59.318933333333334,59.53688888888889,62.342933333333335,65.14897777777779,66.552,67.05226666666667,68.0528,69.05333333333333,5.098000000000001,0.814552637955338,4.09,4.374,4.8,4.99,5.03,5.96,6.58,
-86.9335,40.4615,0,None,None,372,125290,None,None,None,None,None,None,None,None,None,None,None,None,LTE+Sub6,1,1,1.0,1,1,1.0,0.358,0.0,0.358,0.358,0.358,0.358,0.358,0.358,0.358,63.228,0.0,63.228,63.228,63.228,63.228,63.228,63.228,63.228,63.228,63.228,63.228,63.228,63.228,63.228,4.25,0.0,4.25,4.25,4.25,4.25,4.25,4.25,4.25,
-86.934,40.4615,0,None,None,372,125290,None,None,None,None,None,None,None,None,None,None,None,None,LTE+Sub6,3,3,1.0,3,3,1.0,0.3774814814814815,0.06218129165231346,0.2951111111111111,0.3144888888888889,0.34355555555555556,0.392,0.41866666666666663,0.43466666666666665,0.4453333333333333,58.32503703703704,12.373581954363265,45.96088888888889,47.525333333333336,49.089777777777776,49.872,50.654222222222224,52.218666666666664,53.78311111111111,58.07271111111111,62.362311111111104,64.5071111111111,66.6519111111111,70.94151111111111,75.2311111111111,4.859999999999999,0.47123950032511747,4.45,4.482,4.53,4.61,5.0649999999999995,5.338,5.52,
-86.934,40.462,0,None,None,372,125290,None,None,None,None,None,None,None,None,None,None,None,None,LTE+Sub6,2,2,1.0,1,1,1.0,0.42044444444444445,0.0,0.42044444444444445,0.42044444444444445,0.42044444444444445,0.42044444444444445,0.42044444444444445,0.42044444444444445,0.42044444444444445,70.3591111111111,0.0,70.3591111111111,70.3591111111111,70.3591111111111,70.3591111111111,70.3591111111111,70.3591111111111,70.3591111111111,70.3591111111111,70.3591111111111,70.3591111111111,70.3591111111111,70.3591111111111,70.3591111111111,5.1,0.0,5.1,5.1,5.1,5.1,5.1,5.1,5.1,
-86.9345,40.462,0,None,None,372,125290,None,None,None,None,None,None,None,None,None,None,None,None,LTE+Sub6,2,2,1.0,2,2,1.0,0.34711111111111115,0.03511111111111112,0.312,0.3190222222222222,0.32955555555555555,0.34711111111111115,0.3646666666666667,0.37520000000000003,0.38222222222222224,55.28844444444445,8.430666666666664,46.857777777777784,48.543911111111115,50.23004444444445,51.07311111111112,51.91617777777778,53.60231111111111,55.28844444444445,56.97457777777778,58.66071111111111,59.50377777777778,60.34684444444444,62.03297777777778,63.71911111111111,4.550000000000001,0.020000000000000018,4.53,4.534000000000001,4.54,4.550000000000001,4.5600000000000005,4.566000000000001,4.57,
-86.9345,40.4625,0,None,None,372,125290,None,None,None,None,None,None,None,None,None,None,None,None,LTE+Sub6,2,2,1.0,2,2,1.0,0.4266666666666667,0.008000000000000007,0.4186666666666667,0.4202666666666667,0.4226666666666667,0.4266666666666667,0.4306666666666667,0.4330666666666667,0.4346666666666667,86.23866666666667,2.2208888888888936,84.01777777777778,84.46195555555556,84.90613333333334,85.12822222222223,85.35031111111111,85.79448888888889,86.23866666666667,86.68284444444446,87.12702222222224,87.34911111111111,87.5712,88.01537777777779,88.45955555555557,4.715,0.06499999999999995,4.65,4.663,4.6825,4.715,4.7475000000000005,4.767,4.78,
-86.935,40.4625,0,None,None,372,125290,None,None,None,None,None,None,None,None,None,None,None,None,LTE+Sub6,1,1,1.0,1,1,1.0,0.4488888888888889,0.0,0.4488888888888889,0.4488888888888889,0.4488888888888889,0.4488888888888889,0.4488888888888889,0.4488888888888889,0.4488888888888889,91.02666666666667,0.0,91.02666666666667,91.02666666666667,91.02666666666667,91.02666666666667,91.02666666666667,91.02666666666667,91.02666666666667,91.02666666666667,91.02666666666667,91.02666666666667,91.02666666666667,91.02666666666667,91.02666666666667,4.54,0.0,4.54,4.54,4.54,4.54,4.54,4.54,4.54,
-86.935,40.463,0,None,None,372,125290,None,None,None,None,None,None,None,None,None,None,None,None,LTE+Sub6,4,4,1.0,4,4,1.0,0.3522222222222222,0.03333259258436195,0.30044444444444446,0.31431111111111115,0.33511111111111114,0.36044444444444446,0.37755555555555553,0.38355555555555554,0.38755555555555554,70.01533333333333,5.982201201052714,61.128,63.577866666666665,66.02773333333333,67.25266666666667,68.4776,69.80799999999999,70.57866666666666,71.34933333333333,72.45439999999999,73.34133333333332,74.22826666666667,76.00213333333333,77.776,4.8549999999999995,0.18364367672206955,4.54,4.657,4.8325,4.9399999999999995,4.9625,4.985,5.0,
-86.9355,40.4635,0,None,None,372,125290,None,None,None,None,None,None,None,None,None,None,None,None,LTE+Sub6,5,5,1.0,5,5,1.0,0.39342222222222223,0.013891715267972483,0.37511111111111106,0.37724444444444444,0.3804444444444445,0.3991111111111111,0.3991111111111111,0.4076444444444444,0.41333333333333333,73.5175111111111,4.73737145307864,69.49422222222222,69.57528888888889,69.65635555555556,69.69688888888889,69.71093333333333,69.73902222222222,69.7671111111111,73.47662222222222,77.18613333333333,79.04088888888889,79.15039999999999,79.36942222222221,79.58844444444443,4.595999999999999,0.15666524822052896,4.43,4.454,4.49,4.49,4.76,4.79,4.81,
-86.9355,40.464,0,None,None,372,125290,None,None,None,None,None,None,None,None,None,None,None,None,LTE+Sub6,24,24,1.0,22,22,1.0,0.3188030303030303,0.03971164204392862,0.22133333333333335,0.27697777777777777,0.2942222222222222,0.3151111111111111,0.3435555555555555,0.36675555555555556,0.392,61.79419191919194,9.750016147627239,43.83377777777778,52.30257777777778,54.797155555555555,54.95933333333333,55.229866666666666,58.11911111111111,59.672,62.52764444444444,66.70231111111111,67.19644444444444,70.18524444444445,72.95806666666667,82.43377777777778,5.869090909090909,0.7095319141448696,4.2,5.215,5.3475,5.865,6.4350000000000005,6.711,6.88,
-86.936,40.464,0,None,None,372,125290,None,None,None,None,None,None,None,None,None,None,None,None,LTE+Sub6,7,7,1.0,7,7,1.0,0.3315555555555556,0.08914756013461134,0.12266666666666667,0.24373333333333336,0.3373333333333334,0.35644444444444445,0.37644444444444447,0.3960888888888889,0.4142222222222222,72.5104761904762,9.546848423847331,64.86133333333333,64.92906666666667,65.17795555555556,65.48355555555555,65.78915555555555,66.8768,68.20266666666667,70.48533333333333,73.27662222222222,75.18088888888889,77.08515555555557,84.28497777777778,93.18044444444443,4.618571428571428,0.5821985074189183,3.79,3.88,4.115,4.72,5.105,5.314,5.38,
-86.936,40.4645,0,None,None,372,125290,None,None,None,None,None,None,None,None,None,None,None,None,LTE+Sub6,4,4,1.0,4,4,1.0,0.33644444444444443,0.02455731517074008,0.3031111111111111,0.30924444444444443,0.3184444444444444,0.33866666666666667,0.35666666666666663,0.3618666666666666,0.3653333333333333,65.68844444444444,4.179061008597536,61.452444444444446,61.53377777777778,61.61511111111111,61.65577777777778,61.696444444444445,63.11004444444445,65.18977777777778,67.26951111111111,68.88257777777778,69.22244444444445,69.56231111111111,70.24204444444445,70.92177777777778,3.9725,0.5917083318663006,3.53,3.5629999999999997,3.6125,3.685,4.045,4.612,4.99,
-86.9365,40.4645,0,None,None,372,125290,None,None,None,None,None,None,None,None,None,None,None,None,LTE+Sub6,2,2,1.0,2,2,1.0,0.2942222222222222,0.011555555555555541,0.2826666666666667,0.2849777777777778,0.28844444444444445,0.2942222222222222,0.3,0.30346666666666666,0.30577777777777776,53.126666666666665,3.8537777777777755,49.27288888888889,50.043644444444446,50.814400000000006,51.19977777777778,51.58515555555556,52.35591111111111,53.126666666666665,53.897422222222225,54.66817777777778,55.053555555555555,55.43893333333333,56.20968888888889,56.980444444444444,3.925,0.34499999999999975,3.58,3.649,3.7525,3.925,4.0975,4.201,4.27,
-86.937,40.465,0,None,None,372,125290,None,None,None,None,None,None,None,None,None,None,None,None,LTE+Sub6,2,2,1.0,2,2,1.0,0.32133333333333336,0.011111111111111101,0.31022222222222223,0.31244444444444447,0.31577777777777777,0.32133333333333336,0.3268888888888889,0.3302222222222222,0.33244444444444443,55.484,1.6484444444444435,53.83555555555556,54.16524444444445,54.494933333333336,54.65977777777778,54.824622222222224,55.15431111111111,55.484,55.81368888888889,56.14337777777778,56.30822222222223,56.47306666666667,56.80275555555556,57.132444444444445,4.55,0.16000000000000014,4.39,4.422,4.47,4.55,4.63,4.678,4.71,
-86.9375,40.466,0,None,None,372,125290,None,None,None,None,None,None,None,None,None,None,None,None,LTE+Sub6,1,1,1.0,1,1,1.0,0.24888888888888888,0.0,0.24888888888888888,0.24888888888888888,0.24888888888888888,0.24888888888888888,0.24888888888888888,0.24888888888888888,0.24888888888888888,36.25066666666667,0.0,36.25066666666667,36.25066666666667,36.25066666666667,36.25066666666667,36.25066666666667,36.25066666666667,36.25066666666667,36.25066666666667,36.25066666666667,36.25066666666667,36.25066666666667,36.25066666666667,36.25066666666667,6.5,0.0,6.5,6.5,6.5,6.5,6.5,6.5,6.5,
-86.938,40.466,0,None,None,372,125290,None,None,None,None,None,None,None,None,None,None,None,None,LTE+Sub6,3,3,1.0,3,3,1.0,0.2983703703703704,0.02907933427291328,0.264,0.27040000000000003,0.28,0.296,0.31555555555555553,0.32728888888888885,0.3351111111111111,44.962370370370365,5.643934994021036,40.152,40.491911111111115,40.83182222222222,41.001777777777775,41.171733333333336,41.51164444444444,41.85155555555556,44.05795555555555,46.264355555555554,47.367555555555555,48.470755555555556,50.67715555555556,52.88355555555555,5.96,0.07788880963698594,5.86,5.882000000000001,5.915,5.97,6.01,6.034,6.05,
-86.9385,40.466,0,None,None,372,125290,None,None,None,None,None,None,None,None,None,None,None,None,LTE+Sub6,1,1,1.0,1,1,1.0,0.21688888888888888,0.0,0.21688888888888888,0.21688888888888888,0.21688888888888888,0.21688888888888888,0.21688888888888888,0.21688888888888888,0.21688888888888888,26.051555555555556,0.0,26.051555555555556,26.051555555555556,26.051555555555556,26.051555555555556,26.051555555555556,26.051555555555556,26.051555555555556,26.051555555555556,26.051555555555556,26.051555555555556,26.051555555555556,26.051555555555556,26.051555555555556,6.22,0.0,6.22,6.22,6.22,6.22,6.22,6.22,6.22,
-86.9385,40.4665,0,None,None,372,125290,None,None,None,None,None,None,None,None,None,None,None,None,LTE+Sub6,5,5,1.0,4,4,1.0,0.24955555555555556,0.02793555193169441,0.21955555555555553,0.22515555555555555,0.23355555555555554,0.24177777777777779,0.2577777777777778,0.2801777777777778,0.2951111111111111,34.65844444444444,1.9167961308932695,32.019555555555556,32.74355555555556,33.467555555555556,33.82955555555556,34.19155555555555,34.49688888888889,34.59288888888889,34.68888888888889,35.02044444444444,35.42177777777778,35.82311111111111,36.62577777777778,37.428444444444445,6.955,1.5795964674561662,4.74,5.361,6.2924999999999995,6.9399999999999995,7.6025,8.561,9.2,
-86.939,40.4665,0,None,None,372,125290,None,None,None,None,None,None,None,None,None,None,None,None,LTE+Sub6,39,39,1.0,37,37,1.0,0.2338258258258258,0.055282479257656614,0.12177777777777778,0.1744,0.18844444444444447,0.23022222222222222,0.2853333333333333,0.29777777777777775,0.35555555555555557,30.045885885885884,9.459471882754604,11.80711111111111,19.696,21.472355555555556,22.628444444444444,23.35271111111111,26.11431111111111,27.696,31.742044444444442,35.98826666666667,37.55466666666666,38.84124444444445,42.47075555555555,50.0,5.760540540540541,1.748152609371894,3.51,3.908,4.41,5.21,6.62,8.44,9.68,
-86.9395,40.4665,0,None,None,372,125290,None,None,None,None,None,None,None,None,None,None,None,None,LTE+Sub6,2,2,1.0,2,2,1.0,0.3208888888888889,0.032,0.2888888888888889,0.29528888888888893,0.30488888888888893,0.3208888888888889,0.3368888888888889,0.3464888888888889,0.3528888888888889,45.780888888888896,5.792444444444445,39.98844444444445,41.14693333333334,42.30542222222223,42.88466666666667,43.463911111111116,44.622400000000006,45.780888888888896,46.93937777777778,48.09786666666667,48.67711111111112,49.25635555555556,50.41484444444445,51.57333333333334,6.665,0.7149999999999999,5.95,6.093,6.3075,6.665,7.0225,7.237,7.38,
-86.9395,40.467,0,None,None,372,125290,None,None,None,None,None,None,None,None,None,None,None,None,LTE+Sub6,3,3,1.0,3,3,1.0,0.3025185185185186,0.024465535233591733,0.27466666666666667,0.2794666666666667,0.2866666666666667,0.2986666666666667,0.3164444444444445,0.32711111111111113,0.33422222222222225,38.543703703703706,3.393010047096561,34.68355555555556,35.34791111111111,36.01226666666667,36.34444444444445,36.67662222222222,37.34097777777778,38.00533333333333,38.99271111111111,39.980088888888886,40.47377777777778,40.96746666666667,41.95484444444444,42.94222222222222,4.85,0.3925132694147637,4.51,4.536,4.574999999999999,4.64,5.02,5.248,5.4,
-86.94,40.467,0,None,None,372,125290,None,None,None,None,None,None,None,None,None,None,None,None,LTE+Sub6,4,4,1.0,3,3,1.0,0.3445925925925926,0.03064053279003261,0.31822222222222224,0.3201777777777778,0.3231111111111111,0.328,0.35777777777777775,0.37564444444444445,0.38755555555555554,38.898370370370365,6.090065842814975,34.49066666666666,34.53137777777777,34.572088888888885,34.59244444444444,34.61279999999999,34.65351111111111,34.694222222222216,37.25742222222222,39.82062222222221,41.10222222222222,42.38382222222222,44.947022222222216,47.51022222222222,6.473333333333333,1.9387338365255007,4.53,4.7780000000000005,5.15,5.77,7.444999999999999,8.45,9.12,
-86.9405,40.467,0,None,None,372,125290,None,None,None,None,None,None,None,None,None,None,None,None,LTE+Sub6,3,3,1.0,3,3,1.0,0.27585185185185185,0.021655996106218194,0.24533333333333335,0.25404444444444446,0.26711111111111113,0.2888888888888889,0.2911111111111111,0.29244444444444445,0.29333333333333333,39.46044444444445,6.734915408807004,30.026666666666667,32.629511111111114,35.23235555555556,36.53377777777778,37.8352,40.43804444444445,43.040888888888894,43.49546666666667,43.95004444444445,44.17733333333334,44.40462222222222,44.8592,45.31377777777778,4.8500000000000005,0.07788880963698616,4.79,4.792,4.795,4.8,4.88,4.928,4.96,
-86.941,40.467,0,None,None,372,125290,None,None,None,None,None,None,None,None,None,None,None,None,LTE+Sub6,2,2,1.0,2,2,1.0,0.368,0.008888888888888918,0.3591111111111111,0.36088888888888887,0.3635555555555556,0.368,0.37244444444444447,0.3751111111111112,0.37688888888888894,76.32222222222222,4.201333333333338,72.12088888888889,72.96115555555555,73.80142222222221,74.22155555555555,74.6416888888889,75.48195555555556,76.32222222222222,77.16248888888889,78.00275555555555,78.42288888888889,78.84302222222223,79.6832888888889,80.52355555555556,4.105,0.30500000000000016,3.8,3.8609999999999998,3.9524999999999997,4.105,4.2575,4.349,4.41,
-86.941,40.4675,0,None,None,372,125290,None,None,None,None,None,None,None,None,None,None,None,None,LTE+Sub6,1,1,1.0,1,1,1.0,0.352,0.0,0.352,0.352,0.352,0.352,0.352,0.352,0.352,76.31822222222222,0.0,76.31822222222222,76.31822222222222,76.31822222222222,76.31822222222222,76.31822222222222,76.31822222222222,76.31822222222222,76.31822222222222,76.31822222222222,76.31822222222222,76.31822222222222,76.31822222222222,76.31822222222222,4.99,0.0,4.99,4.99,4.99,4.99,4.99,4.99,4.99,
-86.9415,40.4675,0,None,None,372,125290,None,None,None,None,None,None,None,None,None,None,None,None,LTE+Sub6,2,2,1.0,2,2,1.0,0.37422222222222223,0.036444444444444446,0.3377777777777778,0.3450666666666667,0.356,0.37422222222222223,0.3924444444444445,0.4033777777777778,0.4106666666666667,75.33555555555556,10.153333333333336,65.18222222222222,67.21288888888888,69.24355555555556,70.25888888888889,71.27422222222222,73.3048888888889,75.33555555555556,77.36622222222222,79.3968888888889,80.41222222222223,81.42755555555556,83.45822222222223,85.4888888888889,5.33,0.2400000000000002,5.09,5.138,5.21,5.33,5.45,5.522,5.57,
-86.942,40.4675,0,None,None,372,125290,None,None,None,None,None,None,None,None,None,None,None,None,LTE+Sub6,4,4,1.0,4,4,1.0,0.24577777777777776,0.018661374911304013,0.22133333333333335,0.22666666666666668,0.23466666666666666,0.24444444444444444,0.25555555555555554,0.26595555555555556,0.2728888888888889,29.72288888888889,5.16665427477606,23.941333333333333,24.469866666666665,24.9984,25.262666666666664,25.526933333333332,27.0592,29.093333333333334,31.127466666666663,32.91155555555555,33.553555555555555,34.19555555555556,35.47955555555556,36.763555555555556,7.3375,2.306971770525162,4.82,4.958,5.165,7.275,9.4475,9.767,9.98,
-86.9425,40.4675,0,None,None,372,125290,None,None,None,None,None,None,None,None,None,None,None,None,LTE+Sub6,3,3,1.0,3,3,1.0,0.24355555555555555,0.015751151241483862,0.22133333333333335,0.22773333333333334,0.23733333333333334,0.25333333333333335,0.2546666666666667,0.2554666666666667,0.256,25.078222222222223,0.42396428143672266,24.758222222222223,24.7664,24.77457777777778,24.778666666666666,24.782755555555553,24.79093333333333,24.79911111111111,24.974755555555554,25.150399999999998,25.23822222222222,25.326044444444445,25.50168888888889,25.677333333333333,8.843333333333334,1.1649988078200866,7.76,7.87,8.035,8.31,9.385000000000002,10.030000000000001,10.46,
-86.943,40.4675,0,None,None,372,125290,None,None,None,None,None,None,None,None,None,None,None,None,LTE+Sub6,8,8,1.0,7,7,1.0,0.1937777777777778,0.02823734128208206,0.14044444444444446,0.1585777777777778,0.18,0.19644444444444445,0.21511111111111111,0.22133333333333333,0.22933333333333333,18.364190476190476,5.134858504175038,9.187555555555555,12.502222222222223,14.994311111111111,15.417777777777777,15.841244444444444,17.513066666666667,19.59733333333333,20.474666666666664,21.16231111111111,21.316444444444443,21.470577777777777,23.4624,26.296,10.507142857142856,2.831131597515202,6.74,7.148,8.165,9.99,12.864999999999998,13.878,14.76,
-86.943,40.468,0,None,None,372,125290,None,None,None,None,None,None,None,None,None,None,None,None,LTE+Sub6,7,7,1.0,7,7,1.0,0.16711111111111107,0.048475015837994594,0.10488888888888889,0.11395555555555556,0.13466666666666666,0.15377777777777776,0.192,0.22684444444444446,0.2577777777777778,14.817904761904762,5.950606129643744,9.040888888888889,9.075555555555555,9.521422222222222,10.155555555555555,10.78968888888889,11.96337777777778,13.089777777777778,13.991111111111111,15.705599999999997,17.376,19.046400000000006,22.708622222222225,26.531555555555556,11.411428571428571,2.48259327876217,7.66,9.016,10.25,11.25,12.01,13.852,16.45,
-86.943,40.4685,0,None,None,372,125290,None,None,None,None,None,None,None,None,None,None,None,None,LTE+Sub6,5,5,1.0,4,4,1.0,0.21444444444444444,0.013646326326972484,0.19377777777777777,0.1991111111111111,0.2071111111111111,0.2168888888888889,0.22422222222222224,0.22782222222222223,0.23022222222222222,20.516888888888893,1.6966272425020175,17.71288888888889,18.63688888888889,19.56088888888889,20.02288888888889,20.48488888888889,20.903288888888888,21.06888888888889,21.23448888888889,21.432088888888888,21.56288888888889,21.69368888888889,21.95528888888889,22.216888888888892,9.885,2.5594774857380562,6.51,7.14,8.084999999999999,9.864999999999998,11.665,12.646,13.3,
-86.9435,40.4685,0,None,None,372,125290,None,None,None,None,None,None,None,None,None,None,None,None,LTE+Sub6,3,3,1.0,3,3,1.0,0.19466666666666665,0.005479479113750213,0.18755555555555553,0.18915555555555552,0.19155555555555553,0.19555555555555554,0.19822222222222222,0.19982222222222223,0.2008888888888889,17.499555555555556,0.9644989231925072,16.288,16.542933333333334,16.797866666666668,16.925333333333334,17.0528,17.307733333333335,17.56266666666667,17.779733333333336,17.9968,18.105333333333334,18.213866666666668,18.430933333333332,18.648,11.200000000000001,1.536945021788353,9.76,9.91,10.135,10.51,11.92,12.766,13.33,
-86.9435,40.469,0,None,None,372,125290,None,None,None,None,None,None,None,None,None,None,None,None,LTE+Sub6,3,3,1.0,3,3,1.0,0.18074074074074073,0.018565274308528064,0.15466666666666665,0.16195555555555555,0.17288888888888887,0.19111111111111112,0.19377777777777777,0.1953777777777778,0.19644444444444445,16.429925925925925,2.185642197031131,13.343111111111112,14.241422222222223,15.139733333333334,15.588888888888889,16.038044444444445,16.936355555555558,17.834666666666667,17.890133333333335,17.9456,17.973333333333333,18.001066666666667,18.05653333333333,18.112,10.389999999999999,1.630296496551062,8.65,8.91,9.3,9.95,11.26,12.046,12.57,
-86.944,40.469,0,None,None,372,125290,None,None,None,None,None,None,None,None,None,None,None,None,LTE+Sub6,5,5,1.0,5,5,1.0,0.15253333333333335,0.022575677942597905,0.11644444444444445,0.12817777777777778,0.14577777777777778,0.14755555555555555,0.17244444444444446,0.17724444444444445,0.18044444444444446,13.028622222222221,1.7917837964814096,10.810666666666666,11.265422222222222,11.720177777777778,11.947555555555555,11.99911111111111,12.102222222222222,12.205333333333334,13.107733333333334,14.010133333333334,14.461333333333334,14.712711111111112,15.215466666666666,15.718222222222222,14.078,1.3475815374217621,12.1,12.4,12.85,14.85,15.07,15.34,15.52,
-86.9445,40.469,0,None,None,372,125290,None,None,None,None,None,None,None,None,None,None,None,None,LTE+Sub6,5,5,1.0,4,4,1.0,0.13844444444444443,0.014502447643564202,0.11555555555555555,0.12222222222222222,0.1322222222222222,0.14177777777777778,0.148,0.152,0.15466666666666665,10.437777777777779,1.9133750414863038,7.507555555555555,8.284088888888888,9.060622222222221,9.448888888888888,9.837155555555555,10.383111111111111,10.813777777777776,11.244444444444444,11.639999999999999,11.802666666666665,11.965333333333334,12.290666666666667,12.616,10.407499999999999,1.1079570163142611,8.8,9.166,9.715,10.559999999999999,11.2525,11.527000000000001,11.71,
-86.945,40.469,0,None,None,372,125290,None,None,None,None,None,None,None,None,None,None,None,None,LTE+Sub6,6,6,1.0,6,6,1.0,0.15718518518518518,0.02619542468349048,0.13333333333333333,0.13555555555555554,0.13777777777777778,0.1462222222222222,0.16733333333333333,0.18977777777777777,0.208,10.94948148148148,2.0496665940528978,8.119111111111112,8.596888888888888,9.074666666666666,9.307777777777776,9.540888888888889,10.007111111111112,11.063555555555556,12.12,12.235555555555555,12.293333333333333,12.351111111111111,13.187999999999999,14.024888888888889,12.660000000000002,1.562924608972977,10.51,10.675,11.2,13.065,13.924999999999999,14.239999999999998,14.53,
-86.9455,40.469,0,None,None,372,125290,None,None,None,None,None,None,None,None,None,None,None,None,LTE+Sub6,3,3,1.0,3,3,1.0,0.13748148148148145,0.024658546099630436,0.104,0.11235555555555556,0.12488888888888888,0.14577777777777778,0.1542222222222222,0.15928888888888887,0.16266666666666665,10.182222222222222,2.088438848289618,7.232,8.092977777777778,8.953955555555556,9.384444444444444,9.814933333333332,10.67591111111111,11.536888888888889,11.585066666666666,11.633244444444443,11.657333333333334,11.681422222222222,11.7296,11.777777777777777,13.336666666666668,1.074378373241424,12.31,12.424000000000001,12.595,12.88,13.850000000000001,14.432,14.82,
-86.9455,40.4695,0,None,None,372,125290,None,None,None,None,None,None,None,None,None,None,None,None,LTE+Sub6,50,50,1.0,47,47,1.0,0.35866666666666663,0.3352266858660455,0.12088888888888888,0.13955555555555554,0.18133333333333335,0.21333333333333335,0.40444444444444444,0.7646222222222222,1.7537777777777779,23.657035460992898,6.645959380777248,8.531555555555554,16.008177777777778,19.82186666666667,20.67422222222222,21.089066666666668,22.09422222222222,23.109333333333332,24.191644444444446,26.026666666666667,26.553777777777782,26.888,29.820622222222223,42.556444444444445,8.669148936170213,3.3452283131618565,3.88,4.824,5.63,8.68,10.475000000000001,13.052,16.88,
-86.9455,40.47,0,None,None,372,125290,None,None,None,None,None,None,None,None,None,None,None,None,LTE+Sub6,32,18,0.5625,29,17,0.5862068965517241,0.2606013071895425,0.33405110315487424,0.01511111111111111,0.0216,0.10311111111111111,0.1608888888888889,0.3608888888888889,0.4179555555555556,1.488888888888889,21.525862745098042,13.55297908556361,1.011,1.1409333333333334,9.613511111111112,14.547555555555554,16.88,19.053155555555556,20.664,22.281955555555555,25.721066666666662,33.0,35.142577777777774,41.639466666666664,43.087111111111106,3.4752941176470586,8.750559725053598,0.0,0.0,0.0,0.0,3.0,5.367999999999999,37.52,
-86.9455,40.47,0,393,1001,None,None,None,None,None,None,None,None,None,None,None,None,None,None,LTE,32,1,0.03125,29,0,0.0,0,0,0,0,0,0,0,0,0,0,0,0,0,0,0,0,0,0,0,0,0,0,0,0,0,0,0,0,0,0,0,0,0,
-86.9455,40.47,0,393,1001,609,520110,None,None,None,None,None,None,None,None,None,None,None,None,LTE+Sub6,32,7,0.21875,29,7,0.2413793103448276,0.13142857142857142,0.05757214409995568,0.056,0.07626666666666666,0.08977777777777778,0.11555555555555555,0.17733333333333334,0.21422222222222223,0.21422222222222223,8.143492063492063,2.740123211262584,4.128888888888889,4.852622222222222,5.661155555555555,6.150222222222222,6.639288888888888,7.4062222222222225,8.067555555555556,8.801955555555555,9.563199999999998,9.970666666666666,10.378133333333333,11.416355555555556,12.566222222222223,0.7714285714285715,1.8896063730041661,0.0,0.0,0.0,0.0,0.0,2.160000000000002,5.4,
-86.9455,40.47,0,393,1001,147,520110,None,None,None,None,None,None,None,None,None,None,None,None,LTE+Sub6,32,6,0.1875,29,5,0.1724137931034483,0.10417777777777779,0.04972505144030261,0.06577777777777777,0.06862222222222222,0.07288888888888889,0.08088888888888889,0.10044444444444445,0.16071111111111114,0.2008888888888889,7.951111111111112,2.2689835653334045,5.045333333333333,5.273955555555555,5.502577777777778,5.616888888888889,6.241066666666667,7.489422222222222,8.737777777777778,8.989511111111112,9.241244444444444,9.367111111111111,9.691377777777777,10.339911111111112,10.988444444444445,0.0,0.0,0.0,0.0,0.0,0.0,0.0,0.0,0.0,
-86.916,40.455,0,50,1001,403,125290,47,66736,None,None,None,None,None,None,None,None,None,None,LTE+Sub6,6,2,0.3333333333333333,6,2,0.3333333333333333,0.3571428571428571,0.01314285714285715,0.344,0.3466285714285714,0.35057142857142853,0.3571428571428571,0.3637142857142857,0.36765714285714285,0.3702857142857143,116.37285714285716,9.648857142857146,106.724,108.65377142857143,110.58354285714286,111.54842857142857,112.51331428571429,114.44308571428571,116.37285714285716,118.30262857142858,120.23240000000001,121.19728571428573,122.16217142857144,124.09194285714287,126.0217142857143,3.0149999999999997,0.014999999999999902,3.0,3.003,3.0075,3.0149999999999997,3.0225,3.0269999999999997,3.03,
-86.916,40.455,0,448,1001,403,125290,None,None,None,None,None,None,None,None,None,None,None,None,LTE+Sub6,6,2,0.3333333333333333,6,2,0.3333333333333333,0.6900000000000001,0.222,0.468,0.5124000000000001,0.5790000000000001,0.6900000000000001,0.801,0.8676,0.912,178.257,19.634,158.623,162.5498,166.4766,168.44,170.40339999999998,174.3302,178.257,182.1838,186.11059999999998,188.07399999999998,190.0374,193.9642,197.891,3.085,0.015000000000000124,3.07,3.073,3.0774999999999997,3.085,3.0925000000000002,3.097,3.1,
-86.916,40.455,0,448,1001,10,520110,304,66736,412,67011,None,None,None,None,None,None,None,None,LTE+Sub6,6,2,0.3333333333333333,6,2,0.3333333333333333,0.2205,0.19949999999999998,0.021,0.060899999999999996,0.12075,0.2205,0.32025,0.3801,0.42,55.0035,52.9755,2.028,12.6231,23.2182,28.515749999999997,33.8133,44.4084,55.0035,65.5986,76.19369999999999,81.49125000000001,86.78880000000001,97.3839,107.979,1.5,1.5,0.0,0.30000000000000004,0.75,1.5,2.25,2.7,3.0,
-86.916,40.4545,0,448,1001,10,520110,304,66736,412,67011,None,None,None,None,None,None,None,None,LTE+Sub6,5,4,0.8,0,0,0,0,0,0,0,0,0,0,0,0,0,0,0,0,0,0,0,0,0,0,0,0,0,0,0,0,0,0,0,0,0,0,0,0,
-86.916,40.4545,0,448,1001,None,None,304,66736,412,67011,None,None,None,None,None,None,None,None,LTE,5,1,0.2,0,0,0,0,0,0,0,0,0,0,0,0,0,0,0,0,0,0,0,0,0,0,0,0,0,0,0,0,0,0,0,0,0,0,0,0,
-86.915,40.4535,0,448,1001,403,125290,412,67011,304,66736,None,None,None,None,None,None,None,None,LTE+Sub6,4,4,1.0,4,4,1.0,0.5923214285714286,0.26875078310279826,0.386,0.4008285714285714,0.4230714285714286,0.46514285714285714,0.6343928571428571,0.8855571428571429,1.053,152.36296428571427,10.47509998947699,140.548,142.1692,143.7904,144.601,145.4116,147.6994,150.32049999999998,152.9416,156.0463857142857,158.08246428571428,160.11854285714287,164.1907,168.26285714285714,7.969999999999999,8.14724800162607,3.13,3.157,3.1975000000000002,3.335,8.1075,16.491000000000003,22.08,
-86.915,40.453,0,448,1001,403,125290,412,67011,304,66736,None,None,None,None,None,None,None,None,LTE+Sub6,15,15,1.0,14,14,1.0,0.4453231292517006,0.10911315675862975,0.26057142857142856,0.34196666666666664,0.393,0.432,0.47707142857142854,0.5486000000000001,0.736,152.51751700680273,17.260770345214098,127.53257142857143,130.0869,133.2638,136.6525,140.494,148.69253333333333,152.70683333333335,156.2022,166.8369,168.51975,169.72299999999998,171.94019999999998,182.088,3.1721428571428576,0.06360352319852498,3.11,3.123,3.1325,3.1550000000000002,3.1775,3.25,3.35,
-86.915,40.4525,0,448,1001,403,125290,412,67011,304,66736,None,None,None,None,None,None,None,None,LTE+Sub6,5,5,1.0,4,4,1.0,0.90425,0.36981512721402643,0.399,0.4959857142857143,0.6414642857142857,0.9319999999999999,1.1947857142857143,1.2903142857142857,1.354,194.8089642857143,39.90135069083259,133.2,148.99954285714284,164.79908571428572,172.69885714285715,180.59862857142858,194.4275142857143,207.27107142857142,220.11462857142857,228.95867142857142,229.38117857142856,229.8036857142857,230.6487,231.49371428571428,3.2024999999999997,0.0978199877325693,3.1,3.109,3.1225,3.1799999999999997,3.26,3.314,3.35,
-86.915,40.452,0,448,1001,403,125290,412,67011,304,66736,None,None,None,None,None,None,None,None,LTE+Sub6,6,6,1.0,6,6,1.0,0.5010476190476191,0.2821933971209901,0.243,0.28200000000000003,0.3458928571428571,0.43714285714285717,0.45842857142857146,0.784,1.108,146.01759523809525,29.50340084333605,113.046,122.14471428571429,131.24342857142858,131.38257142857145,131.5217142857143,131.8,137.395,142.99,146.63557142857144,148.45835714285715,150.28114285714287,178.51307142857144,206.745,3.045,0.07135591542869225,3.0,3.0,3.0025,3.01,3.04,3.125,3.2,
-86.915,40.4515,0,448,1001,403,125290,412,67011,304,66736,None,None,None,None,None,None,None,None,LTE+Sub6,2,2,1.0,2,2,1.0,0.5141428571428572,0.11214285714285716,0.402,0.42442857142857143,0.4580714285714286,0.5141428571428572,0.5702142857142858,0.6038571428571429,0.6262857142857143,161.38478571428573,14.331785714285715,147.053,149.91935714285714,152.78571428571428,154.21889285714286,155.65207142857142,158.51842857142856,161.38478571428573,164.25114285714287,167.1175,168.55067857142856,169.98385714285715,172.8502142857143,175.71657142857143,3.3449999999999998,0.014999999999999902,3.33,3.333,3.3375,3.3449999999999998,3.3525,3.3569999999999998,3.36,
-86.916,40.451,0,448,1001,403,125290,412,67011,304,66736,None,None,None,None,None,None,None,None,LTE+Sub6,8,8,1.0,7,7,1.0,0.4468367346938775,0.11723449448523886,0.262,0.33862857142857145,0.3968571428571429,0.415,0.5,0.5958571428571429,0.6571428571428571,162.72238775510203,15.471691994236274,145.431,149.2218,151.7536,151.76049999999998,151.76739999999998,152.60102857142857,153.8445714285714,160.74062857142854,168.78742857142856,173.96157142857143,179.1357142857143,184.8858857142857,188.337,3.0,0.0,3.0,3.0,3.0,3.0,3.0,3.0,3.0,
-86.916,40.4505,0,448,1001,403,125290,412,67011,304,66736,None,None,None,None,None,None,None,None,LTE+Sub6,20,20,1.0,19,19,1.0,0.35801503759398495,0.07245391727386684,0.21,0.29054285714285716,0.312,0.341,0.39171428571428574,0.4594,0.517,115.50877192982455,25.67410191419107,72.26,78.66594285714285,83.8606,91.418,98.765,109.39973333333333,124.819,132.3316,137.0233142857143,138.7345,139.97899999999998,143.682,146.098,4.57842105263158,2.283128654783525,3.0,3.0,3.0,3.0,6.07,7.733999999999999,10.54,
-86.916,40.45,0,448,1001,403,125290,412,67011,304,66736,None,None,None,None,None,None,None,None,LTE+Sub6,4,4,1.0,4,4,1.0,0.51175,0.07074381598415512,0.415,0.4342,0.46299999999999997,0.5155000000000001,0.56425,0.5863,0.601,141.64757142857144,9.672139590871609,130.17828571428572,132.66580000000002,135.1533142857143,136.39707142857142,137.64082857142856,138.9872,139.763,140.5388,142.639,145.01350000000002,147.388,152.137,156.886,3.0,0.0,3.0,3.0,3.0,3.0,3.0,3.0,3.0,
-86.9145,40.446,0,448,1001,403,125290,412,67011,304,66736,None,None,None,None,None,None,None,None,LTE+Sub6,8,8,1.0,7,7,1.0,0.29008163265306125,0.024543156153040292,0.23657142857142857,0.26262857142857143,0.2865,0.298,0.3015,0.311,0.32,67.57177551020408,5.891408886651897,60.714,60.97405714285714,62.01974285714286,63.32821428571428,64.63668571428572,65.69500000000001,65.974,67.8004,69.5616,70.37700000000001,71.1924,74.6032,78.904,8.715714285714286,1.351072136626075,6.86,7.346,7.675,8.33,9.825,10.376000000000001,10.82,
-86.914,40.445,0,448,1001,403,125290,412,67011,304,66736,None,None,None,None,None,None,None,None,LTE+Sub6,4,4,1.0,4,4,1.0,0.3397142857142857,0.05541540712598596,0.2834285714285714,0.2923,0.30560714285714285,0.32221428571428573,0.35632142857142857,0.40112857142857145,0.431,94.67160714285714,16.692368603822146,74.21942857142857,79.4105,84.60157142857142,87.19710714285713,89.79264285714285,91.65679999999999,91.85749999999999,92.0582,95.04799999999999,99.332,103.616,112.184,120.752,4.585,1.9630779403783236,3.0,3.15,3.375,3.7,4.91,6.728000000000001,7.94,
-86.9135,40.444,0,448,1001,403,125290,412,67011,304,66736,None,None,None,None,None,None,None,None,LTE+Sub6,1,1,1.0,1,1,1.0,0.277,0.0,0.277,0.277,0.277,0.277,0.277,0.277,0.277,60.914,0.0,60.914,60.914,60.914,60.914,60.914,60.914,60.914,60.914,60.914,60.914,60.914,60.914,60.914,20.54,0.0,20.54,20.54,20.54,20.54,20.54,20.54,20.54,
-86.912,40.443,0,448,1001,483,125290,412,67011,None,None,None,None,None,None,None,None,None,None,LTE+Sub6,3,3,1.0,3,3,1.0,0.2916666666666667,0.02994810326028827,0.263,0.2662,0.271,0.279,0.30600000000000005,0.32220000000000004,0.333,71.98700000000001,2.986110178811219,68.796,69.27420000000001,69.75240000000001,69.9915,70.2306,70.7088,71.187,72.1452,73.1034,73.5825,74.0616,75.01979999999999,75.978,8.886666666666667,1.2714908135290988,7.38,7.662,8.084999999999999,8.79,9.64,10.15,10.49,
-86.911,40.4415,0,448,1001,483,125290,412,67011,None,None,None,None,None,None,None,None,None,None,LTE+Sub6,3,3,1.0,2,2,1.0,0.18571428571428572,0.017714285714285696,0.168,0.17154285714285716,0.17685714285714285,0.18571428571428572,0.19457142857142856,0.19988571428571428,0.2034285714285714,35.38657142857143,0.822571428571429,34.564,34.72851428571428,34.89302857142857,34.97528571428572,35.057542857142856,35.222057142857146,35.38657142857143,35.55108571428571,35.7156,35.79785714285714,35.880114285714285,36.044628571428575,36.20914285714286,6.78,1.2800000000000002,5.5,5.756,6.140000000000001,6.78,7.42,7.804,8.06,
-86.9105,40.441,0,429,5035,None,None,None,None,None,None,None,None,None,None,None,None,None,None,LTE,4,4,1.0,2,2,1.0,0.038285714285714284,0.038285714285714284,0.0,0.007657142857142857,0.019142857142857142,0.038285714285714284,0.057428571428571426,0.0689142857142857,0.07657142857142857,4.210857142857143,3.9777142857142858,0.23314285714285715,1.0286857142857144,1.8242285714285715,2.222,2.6197714285714286,3.415314285714286,4.210857142857143,5.006399999999999,5.801942857142857,6.199714285714286,6.597485714285715,7.393028571428571,8.188571428571429,0.0,0.0,0.0,0.0,0.0,0.0,0.0,0.0,0.0,
-86.91,40.4405,0,424,5035,None,None,None,None,None,None,None,None,None,None,None,None,None,None,LTE,5,3,0.6,0,0,0,0,0,0,0,0,0,0,0,0,0,0,0,0,0,0,0,0,0,0,0,0,0,0,0,0,0,0,0,0,0,0,0,0,
-86.91,40.4405,0,448,1001,None,None,None,None,None,None,None,None,None,None,None,None,None,None,LTE,5,2,0.4,0,0,0,0,0,0,0,0,0,0,0,0,0,0,0,0,0,0,0,0,0,0,0,0,0,0,0,0,0,0,0,0,0,0,0,0,
-86.9095,40.44,0,448,1001,867,125290,None,None,None,None,None,None,None,None,None,None,None,None,LTE+Sub6,5,5,1.0,1,1,1.0,0.5554285714285715,0.0,0.5554285714285715,0.5554285714285715,0.5554285714285715,0.5554285714285715,0.5554285714285715,0.5554285714285715,0.5554285714285715,9.550857142857144,0.0,9.550857142857144,9.550857142857144,9.550857142857144,9.550857142857144,9.550857142857144,9.550857142857144,9.550857142857144,9.550857142857144,9.550857142857144,9.550857142857144,9.550857142857144,9.550857142857144,9.550857142857144,4.0,0.0,4.0,4.0,4.0,4.0,4.0,4.0,4.0,
-86.909,40.4395,0,448,1001,867,125290,None,None,None,None,None,None,None,None,None,None,None,None,LTE+Sub6,6,6,1.0,6,6,1.0,0.2314047619047619,0.1532677710322304,0.0822857142857143,0.10614285714285715,0.13207142857142856,0.14264285714285713,0.3538928571428571,0.4454285714285714,0.468,12.455047619047619,5.00839950718618,6.941714285714285,7.406285714285714,7.870857142857143,7.940642857142858,8.010428571428571,8.15,11.367,14.584,16.290857142857142,17.144285714285715,17.997714285714288,18.591857142857144,19.186,4.458333333333333,0.8717112799290576,3.9,3.95,4.0,4.0,4.3675,5.425000000000001,6.36,
-86.9085,40.439,0,99,1001,867,125290,None,None,None,None,None,None,None,None,None,None,None,None,LTE+Sub6,3,3,1.0,2,2,1.0,0.0635,0.0465,0.017,0.026300000000000004,0.04025,0.0635,0.08675,0.1007,0.11,1.7485,0.8214999999999999,0.927,1.0913,1.2556,1.33775,1.4199,1.5842,1.7485,1.9127999999999998,2.0770999999999997,2.15925,2.2414,2.4057,2.57,0.0,0.0,0.0,0.0,0.0,0.0,0.0,0.0,0.0,
-86.9075,40.4385,0,99,1001,698,512190,282,66736,81,67011,None,None,None,None,None,None,None,None,LTE+Sub6,5,2,0.4,2,1,0.5,0.061714285714285715,0.0,0.061714285714285715,0.061714285714285715,0.061714285714285715,0.061714285714285715,0.061714285714285715,0.061714285714285715,0.061714285714285715,1.4034285714285712,0.0,1.4034285714285712,1.4034285714285712,1.4034285714285712,1.4034285714285712,1.4034285714285712,1.4034285714285712,1.4034285714285712,1.4034285714285712,1.4034285714285712,1.4034285714285712,1.4034285714285712,1.4034285714285712,1.4034285714285712,0.0,0.0,0.0,0.0,0.0,0.0,0.0,0.0,0.0,
-86.9075,40.4385,0,99,1001,400,512190,282,66736,81,67011,None,None,None,None,None,None,None,None,LTE+Sub6,5,2,0.4,2,1,0.5,0.04114285714285715,0.0,0.04114285714285715,0.04114285714285715,0.04114285714285715,0.04114285714285715,0.04114285714285715,0.04114285714285715,0.04114285714285715,0.7862857142857144,0.0,0.7862857142857144,0.7862857142857144,0.7862857142857144,0.7862857142857144,0.7862857142857144,0.7862857142857144,0.7862857142857144,0.7862857142857144,0.7862857142857144,0.7862857142857144,0.7862857142857144,0.7862857142857144,0.7862857142857144,0.0,0.0,0.0,0.0,0.0,0.0,0.0,0.0,0.0,
-86.9075,40.4385,0,99,1001,89,512190,282,66736,81,67011,None,None,None,None,None,None,None,None,LTE+Sub6,5,1,0.2,2,0,0.0,0,0,0,0,0,0,0,0,0,0,0,0,0,0,0,0,0,0,0,0,0,0,0,0,0,0,0,0,0,0,0,0,0,
-86.9065,40.4375,0,298,1001,89,512190,None,None,None,None,None,None,None,None,None,None,None,None,LTE+Sub6,2,2,1.0,0,0,0,0,0,0,0,0,0,0,0,0,0,0,0,0,0,0,0,0,0,0,0,0,0,0,0,0,0,0,0,0,0,0,0,0,
-86.906,40.436,0,460,5035,None,None,None,None,None,None,None,None,None,None,None,None,None,None,LTE,4,4,1.0,4,4,1.0,0.06514285714285714,0.024157856709905504,0.025142857142857144,0.037828571428571434,0.05685714285714286,0.07421428571428572,0.0825,0.0852,0.087,1.12825,0.4072299953744236,0.43885714285714283,0.6747000000000001,0.9105428571428573,1.0284642857142858,1.1463857142857143,1.2570285714285716,1.3050714285714284,1.3531142857142855,1.3930285714285713,1.4048571428571428,1.4166857142857143,1.4403428571428571,1.464,0.0,0.0,0.0,0.0,0.0,0.0,0.0,0.0,0.0,
-86.906,40.431,0,58,1475,697,125290,None,None,None,None,None,None,None,None,None,None,None,None,LTE+Sub6,3,3,1.0,3,3,1.0,0.3436666666666666,0.031478387647541434,0.3,0.3116,0.32899999999999996,0.358,0.3655,0.37,0.373,49.69466666666667,10.336412412222895,35.401,39.1588,42.9166,44.795500000000004,46.6744,50.4322,54.19,55.2506,56.3112,56.841499999999996,57.3718,58.4324,59.493,11.086666666666666,6.0410613489868,3.16,4.986,7.725,12.29,15.049999999999999,16.706,17.81,
-86.9105,40.4305,0,1,1475,None,None,298,1001,None,None,None,None,None,None,None,None,None,None,LTE,3,3,1.0,0,0,0,0,0,0,0,0,0,0,0,0,0,0,0,0,0,0,0,0,0,0,0,0,0,0,0,0,0,0,0,0,0,0,0,0,
-86.9105,40.431,0,1,1475,None,None,298,1001,None,None,None,None,None,None,None,None,None,None,LTE,3,3,1.0,0,0,0,0,0,0,0,0,0,0,0,0,0,0,0,0,0,0,0,0,0,0,0,0,0,0,0,0,0,0,0,0,0,0,0,0,
-86.911,40.431,0,1,1475,None,None,298,1001,None,None,None,None,None,None,None,None,None,None,LTE,5,5,1.0,0,0,0,0,0,0,0,0,0,0,0,0,0,0,0,0,0,0,0,0,0,0,0,0,0,0,0,0,0,0,0,0,0,0,0,0,
-86.9115,40.431,0,1,1475,None,None,298,1001,None,None,None,None,None,None,None,None,None,None,LTE,4,4,1.0,0,0,0,0,0,0,0,0,0,0,0,0,0,0,0,0,0,0,0,0,0,0,0,0,0,0,0,0,0,0,0,0,0,0,0,0,
-86.914,40.461,0,50,1001,None,None,47,66736,None,None,None,None,None,None,None,None,None,None,LTE,1,1,1.0,0,0,0,0,0,0,0,0,0,0,0,0,0,0,0,0,0,0,0,0,0,0,0,0,0,0,0,0,0,0,0,0,0,0,0,0,
-86.9145,40.4635,0,393,1200,372,125290,None,None,None,None,None,None,None,None,None,None,None,None,LTE+Sub6,7,7,1.0,6,6,1.0,0.24657142857142858,0.01677238579242882,0.22057142857142858,0.22799999999999998,0.23632142857142854,0.2452142857142857,0.26085714285714284,0.2665,0.269,39.941738095238094,6.987721357605923,31.10742857142857,32.67028571428571,34.23314285714285,35.28585714285714,36.33857142857143,38.444,38.551142857142864,38.65828571428572,41.74742857142857,43.292,44.836571428571425,48.60378571428571,52.371,8.908333333333333,3.6444543106235017,4.54,5.720000000000001,6.942500000000001,7.300000000000001,10.9425,13.705,15.33,
-86.9145,40.464,0,393,1200,372,125290,None,None,None,None,None,None,None,None,None,None,None,None,LTE+Sub6,27,27,1.0,26,26,1.0,0.24403846153846154,0.03234611091300955,0.157,0.2005,0.22692857142857142,0.245,0.268,0.2785,0.292,42.702027472527476,8.5575901595671,26.370285714285714,32.811499999999995,33.719,34.75875,38.0405,39.73,42.8495,44.184,47.81,48.56125,50.325,53.798500000000004,60.148,5.086153846153847,1.9253732443808171,3.0,3.0,3.5525,4.325,6.555,8.145,8.95,
-86.915,40.4665,0,50,1001,None,None,47,66736,None,None,None,None,None,None,None,None,None,None,LTE,199,13,0.06532663316582915,185,12,0.06486486486486487,0.15371428571428572,0.01955717242336629,0.103,0.13988571428571428,0.14485714285714285,0.157,0.16725,0.1719,0.18,12.832345238095236,2.703212916695155,8.2,8.920314285714285,10.386714285714286,10.897035714285714,11.424199999999999,12.1446,13.196,14.2426,14.8415,15.090250000000001,15.0996,16.1641,16.433,0.7400000000000001,2.454302344862996,0.0,0.0,0.0,0.0,0.0,0.0,8.88,
-86.915,40.4665,0,47,1200,121,125290,None,None,None,None,None,None,None,None,None,None,None,None,LTE+Sub6,199,1,0.005025125628140704,185,1,0.005405405405405406,0.1177142857142857,0.0,0.1177142857142857,0.1177142857142857,0.1177142857142857,0.1177142857142857,0.1177142857142857,0.1177142857142857,0.1177142857142857,9.353142857142856,0.0,9.353142857142856,9.353142857142856,9.353142857142856,9.353142857142856,9.353142857142856,9.353142857142856,9.353142857142856,9.353142857142856,9.353142857142856,9.353142857142856,9.353142857142856,9.353142857142856,9.353142857142856,0.0,0.0,0.0,0.0,0.0,0.0,0.0,0.0,0.0,
-86.915,40.4665,0,393,1200,121,125290,None,None,None,None,None,None,None,None,None,None,None,None,LTE+Sub6,199,35,0.17587939698492464,185,32,0.17297297297297298,0.15802678571428572,0.049801115130484734,0.048,0.10260000000000001,0.12553571428571428,0.144,0.19692857142857145,0.21610000000000001,0.262,14.174839285714286,6.593214843719749,2.770285714285714,6.287857142857143,8.043800000000001,8.888250000000001,9.9246,11.0954,13.647,16.12245714285714,17.281142857142857,18.360571428571426,19.753600000000002,23.358700000000002,29.116,5.0065625,4.077299665047168,0.0,0.0,0.0,6.785,8.2675,9.339,10.92,
-86.915,40.4665,0,393,1200,None,None,None,None,None,None,None,None,None,None,None,None,None,None,LTE,199,26,0.1306532663316583,185,23,0.12432432432432433,0.13624223602484473,0.030745728085907805,0.049,0.0932,0.13435714285714287,0.1417142857142857,0.154,0.16811428571428574,0.18171428571428572,12.18814285714286,3.778499617958216,5.514,6.802,8.047,9.343,10.687,11.551,12.726857142857144,13.3116,13.739914285714285,14.169142857142857,14.907200000000001,17.504914285714285,19.366857142857143,0.6521739130434783,1.8558648669924382,0.0,0.0,0.0,0.0,0.0,2.400000000000002,8.0,
-86.915,40.4665,0,50,1001,121,125290,None,None,None,None,None,None,None,None,None,None,None,None,LTE+Sub6,199,2,0.010050251256281407,185,2,0.010810810810810811,0.15071428571428572,0.011285714285714288,0.13942857142857143,0.14168571428571428,0.14507142857142857,0.15071428571428572,0.15635714285714286,0.15974285714285716,0.162,14.557,2.133000000000001,12.424,12.8506,13.2772,13.4905,13.7038,14.1304,14.557,14.983600000000001,15.4102,15.6235,15.8368,16.2634,16.69,8.475,0.47499999999999964,8.0,8.095,8.2375,8.475,8.712499999999999,8.854999999999999,8.95,
-86.915,40.4665,0,50,1001,372,125290,None,None,None,None,None,None,None,None,None,None,None,None,LTE+Sub6,199,2,0.010050251256281407,185,2,0.010810810810810811,0.137,0.00399999999999999,0.133,0.1338,0.135,0.137,0.13899999999999998,0.1402,0.141,12.551,1.5649999999999995,10.986,11.299000000000001,11.612,11.7685,11.925,12.238,12.551,12.864,13.177,13.3335,13.49,13.802999999999999,14.116,5.765000000000001,0.06499999999999995,5.7,5.713,5.7325,5.765000000000001,5.7975,5.817,5.83,
-86.915,40.4665,0,50,1001,None,None,None,None,None,None,None,None,None,None,None,None,None,None,LTE,199,59,0.2964824120603015,185,55,0.2972972972972973,0.16673448773448774,0.06996181912036135,0.065,0.09374285714285714,0.135,0.157,0.18407142857142855,0.2116,0.439,12.584114574314578,4.499295803008839,4.708571428571428,6.9672857142857145,8.1206,9.2065,9.675314285714286,10.468257142857142,12.08,13.6944,15.585399999999996,16.883499999999998,17.90457142857143,19.1102,20.696,4.6872727272727275,3.673840920268325,0.0,0.0,0.0,5.26,7.555,8.896,14.55,
-86.915,40.4665,0,50,1001,121,125290,47,66736,None,None,None,None,None,None,None,None,None,None,LTE+Sub6,199,10,0.05025125628140704,185,9,0.04864864864864865,0.17117460317460317,0.020257164996269016,0.1382857142857143,0.1382857142857143,0.165,0.175,0.182,0.188,0.204,14.566809523809525,3.840380295204029,4.256,11.744800000000001,14.252057142857142,14.67542857142857,14.801599999999999,15.148085714285715,15.777,16.2274,16.5044,16.614,16.7796,17.183,17.803,8.04888888888889,2.808730217037365,4.3,4.86,7.08,7.7,8.32,10.818000000000001,14.57,
-86.915,40.4665,0,393,1200,479,125290,None,None,None,None,None,None,None,None,None,None,None,None,LTE+Sub6,199,1,0.005025125628140704,185,1,0.005405405405405406,0.207,0.0,0.207,0.207,0.207,0.207,0.207,0.207,0.207,6.663,0.0,6.663,6.663,6.663,6.663,6.663,6.663,6.663,6.663,6.663,6.663,6.663,6.663,6.663,12.55,0.0,12.55,12.55,12.55,12.55,12.55,12.55,12.55,
-86.915,40.4665,0,393,1200,372,125290,None,None,None,None,None,None,None,None,None,None,None,None,LTE+Sub6,199,13,0.06532663316582915,185,13,0.07027027027027027,0.11204395604395605,0.026633119017864432,0.08114285714285714,0.0816,0.086,0.11,0.134,0.14262857142857144,0.168,9.552164835164834,1.6324112789074965,5.972571428571428,8.339885714285716,8.453942857142858,8.588,8.901714285714284,9.182171428571428,9.664,9.752685714285715,9.941657142857142,9.981,10.2966,11.929400000000001,12.544,5.711538461538463,1.798729663503347,3.85,3.92,4.0,5.24,7.18,8.234,8.32,
-86.915,40.4665,0,393,1200,359,125290,None,None,None,None,None,None,None,None,None,None,None,None,LTE+Sub6,199,37,0.18592964824120603,185,35,0.1891891891891892,0.12751020408163263,0.04851436366564595,0.03542857142857143,0.0732,0.08907142857142857,0.119,0.1535,0.19314285714285717,0.24,10.824889795918367,4.27945217347457,2.79,5.854,7.989857142857143,8.315000000000001,8.507171428571429,9.6964,10.547,11.609114285714286,12.0098,12.541714285714287,13.674600000000002,15.560142857142859,21.979,5.234285714285715,3.4083898885915414,0.0,0.0,3.9850000000000003,4.57,8.37,9.502,11.44,
-86.915,40.467,0,393,1200,372,125290,408,1001,None,None,None,None,None,None,None,None,None,None,LTE+Sub6,104,3,0.028846153846153848,98,3,0.030612244897959183,0.15733333333333333,0.039203174474637746,0.122,0.1252,0.13,0.138,0.175,0.1972,0.212,16.91033333333333,4.491230294201752,11.347,12.485199999999999,13.6234,14.192499999999999,14.7616,15.8998,17.038,18.0996,19.1612,19.692,20.2228,21.2844,22.346,7.260000000000001,0.7226340706055867,6.25,6.526,6.9399999999999995,7.63,7.765000000000001,7.846,7.9,
-86.915,40.467,0,393,1200,None,None,None,None,None,None,None,None,None,None,None,None,None,None,LTE,104,17,0.16346153846153846,98,16,0.16326530612244897,0.1916517857142857,0.05306234225115371,0.088,0.13714285714285712,0.15175,0.1975,0.22696428571428573,0.23714285714285716,0.316,21.873241071428573,6.05458917481716,11.762,15.029714285714286,16.6,16.89657142857143,18.69271428571429,21.004,21.481571428571428,23.27,25.21907142857143,25.333,25.429,26.71092857142857,37.63885714285715,0.0,0.0,0.0,0.0,0.0,0.0,0.0,0.0,0.0,
-86.915,40.467,0,408,1001,372,125290,None,None,None,None,None,None,None,None,None,None,None,None,LTE+Sub6,104,2,0.019230769230769232,98,2,0.02040816326530612,0.14857142857142858,0.0022857142857142937,0.14628571428571427,0.14674285714285712,0.1474285714285714,0.14857142857142858,0.14971428571428572,0.1504,0.15085714285714286,15.67942857142857,1.4931428571428569,14.186285714285713,14.484914285714284,14.783542857142855,14.932857142857141,15.082171428571428,15.380799999999999,15.67942857142857,15.978057142857141,16.276685714285712,16.426,16.575314285714285,16.873942857142854,17.172571428571427,0.0,0.0,0.0,0.0,0.0,0.0,0.0,0.0,0.0,
-86.915,40.467,0,408,1001,121,125290,393,66736,None,None,None,None,None,None,None,None,None,None,LTE+Sub6,104,2,0.019230769230769232,98,2,0.02040816326530612,0.1295,0.009500000000000008,0.12,0.1219,0.12475,0.1295,0.13425,0.1371,0.139,14.766,0.9770000000000003,13.789,13.984399999999999,14.1798,14.2775,14.3752,14.5706,14.766,14.9614,15.1568,15.2545,15.3522,15.547600000000001,15.743,11.77,5.62,6.15,7.274000000000001,8.96,11.77,14.58,16.266000000000002,17.39,
-86.915,40.467,0,50,1001,121,125290,None,None,None,None,None,None,None,None,None,None,None,None,LTE+Sub6,104,52,0.5,98,49,0.5,0.1783236151603499,0.04324684603783354,0.104,0.13040000000000002,0.148,0.171,0.19771428571428573,0.22860000000000005,0.339,17.243431486880468,5.345715422482502,5.011428571428572,10.7306,13.439314285714286,13.962,14.5756,15.742200000000002,16.51085714285714,18.06988571428571,19.485342857142857,19.987,20.288400000000003,24.638,33.12685714285715,7.769795918367348,2.292655077696918,4.57,5.2860000000000005,5.91,7.37,8.74,10.412,15.84,
-86.915,40.467,0,50,1001,372,125290,None,None,None,None,None,None,None,None,None,None,None,None,LTE+Sub6,104,20,0.19230769230769232,98,20,0.20408163265306123,0.15431428571428568,0.04189107839361016,0.073,0.11582857142857143,0.12564285714285714,0.1485,0.17810714285714285,0.2056857142857143,0.251,16.14521428571428,5.582268484739361,8.154285714285715,10.7226,11.34,11.829928571428571,12.316471428571429,13.1342,14.8845,15.9976,17.976199999999995,19.56592857142857,20.896228571428573,25.94902857142857,27.406,10.0245,4.713616949859205,3.59,5.618,7.0075,8.475000000000001,11.540000000000001,16.358000000000004,23.22,
-86.915,40.467,0,50,1001,None,None,None,None,None,None,None,None,None,None,None,None,None,None,LTE,104,7,0.0673076923076923,98,5,0.05102040816326531,0.12437142857142858,0.02917135861192115,0.07085714285714285,0.09011428571428572,0.119,0.136,0.1405714285714286,0.14948571428571428,0.15542857142857142,10.606685714285714,3.5119121164216778,4.598857142857143,6.300914285714286,8.002971428571428,8.854,9.568914285714285,10.998742857142858,12.428571428571429,12.535542857142858,12.642514285714286,12.696,13.048,13.751999999999999,14.456,0.0,0.0,0.0,0.0,0.0,0.0,0.0,0.0,0.0,
-86.915,40.467,0,50,1001,359,125290,None,None,None,None,None,None,None,None,None,None,None,None,LTE+Sub6,104,1,0.009615384615384616,98,1,0.01020408163265306,0.069,0.0,0.069,0.069,0.069,0.069,0.069,0.069,0.069,10.425,0.0,10.425,10.425,10.425,10.425,10.425,10.425,10.425,10.425,10.425,10.425,10.425,10.425,10.425,4.12,0.0,4.12,4.12,4.12,4.12,4.12,4.12,4.12,
-86.915,40.4675,0,50,1001,None,None,None,None,None,None,None,None,None,None,None,None,None,None,LTE,54,19,0.35185185185185186,51,18,0.35294117647058826,0.16484126984126987,0.0819779557904179,0.063,0.09430000000000001,0.11025,0.13507142857142856,0.2095,0.26320000000000005,0.399,8.232,2.3359383005045684,2.541714285714286,5.6513,7.529599999999999,7.612142857142857,7.856214285714286,7.932085714285715,8.1465,8.3242,8.95107142857143,9.851964285714287,10.454457142857143,11.1462,11.442,4.745000000000001,4.458596253929656,0.0,0.0,0.0,6.49,7.9350000000000005,10.198,12.0,
-86.915,40.4675,0,50,1001,None,None,47,66736,None,None,None,None,None,None,None,None,None,None,LTE,54,17,0.3148148148148148,51,16,0.3137254901960784,0.13620535714285714,0.030888293170301426,0.053714285714285714,0.108,0.125,0.1335,0.1535,0.16999999999999998,0.18857142857142858,11.079955357142858,4.063805274992643,5.185142857142857,5.449142857142857,7.28,8.09375,8.787071428571428,9.664,11.088000000000001,12.433142857142856,13.6345,13.918642857142856,14.316571428571429,15.54,19.403,1.415625,4.04953233218047,0.0,0.0,0.0,0.0,0.0,3.485,15.68,
-86.915,40.4675,0,50,1001,372,125290,None,None,None,None,None,None,None,None,None,None,None,None,LTE+Sub6,54,16,0.2962962962962963,51,15,0.29411764705882354,0.15899999999999997,0.030721483099120126,0.105,0.12260000000000001,0.1422142857142857,0.15657142857142858,0.1712142857142857,0.1901142857142857,0.23428571428571426,19.35360952380952,5.129731394611386,8.32,14.661,15.708,16.4745,17.2276,18.24902857142857,19.24,20.737000000000002,21.81642857142857,21.873642857142855,22.059085714285715,23.32417142857143,32.005714285714284,8.259333333333332,1.7048810971899344,5.78,6.098,6.755000000000001,8.4,9.16,10.506,11.57,
-86.915,40.4675,0,50,1001,121,125290,None,None,None,None,None,None,None,None,None,None,None,None,LTE+Sub6,54,2,0.037037037037037035,51,2,0.0392156862745098,0.15978571428571428,0.06721428571428573,0.09257142857142857,0.10601428571428571,0.12617857142857142,0.15978571428571428,0.19339285714285714,0.21355714285714286,0.227,5.366928571428572,0.8000714285714285,4.566857142857143,4.726871428571428,4.8868857142857145,4.966892857142857,5.0469,5.206914285714285,5.366928571428572,5.526942857142857,5.686957142857143,5.766964285714286,5.846971428571429,6.006985714285714,6.167,10.71,2.4799999999999995,8.23,8.726,9.47,10.71,11.95,12.693999999999999,13.19,
-86.9145,40.468,0,50,1001,121,125290,None,None,None,None,None,None,None,None,None,None,None,None,LTE+Sub6,52,25,0.4807692307692308,51,25,0.49019607843137253,0.18108000000000002,0.04050257900581701,0.107,0.12025714285714287,0.16,0.18285714285714286,0.209,0.2308,0.256,19.891125714285714,5.097551130240913,10.482285714285714,11.965,15.313828571428573,16.794285714285714,17.1968,19.4452,20.145142857142858,22.132399999999997,23.1948,23.336,23.8828,26.770200000000003,27.541,7.7488,2.7199034100497026,4.0,4.776,6.0,7.59,9.18,10.668000000000001,16.59,
-86.9145,40.468,0,50,1001,None,None,None,None,None,None,None,None,None,None,None,None,None,None,LTE,52,4,0.07692307692307693,51,4,0.0784313725490196,0.16285714285714284,0.050728871142052226,0.093,0.10769999999999999,0.12974999999999998,0.1647142857142857,0.19782142857142856,0.21652857142857143,0.229,11.794571428571428,2.705492227650553,8.181,8.8797,9.5784,9.92775,10.277099999999999,11.0298,11.8095,12.5892,13.335928571428571,13.676321428571429,14.016714285714286,14.6975,15.378285714285713,8.35,2.719439280439995,3.67,5.392,7.975,9.765,10.139999999999999,10.176,10.2,
-86.9145,40.468,0,50,1001,372,125290,None,None,None,None,None,None,None,None,None,None,None,None,LTE+Sub6,52,23,0.4423076923076923,51,22,0.43137254901960786,0.17887012987012987,0.036731081839247046,0.125,0.1297,0.14375000000000002,0.1825,0.19175,0.22545714285714288,0.249,24.367785714285716,7.1113601780599245,12.269,14.8843,19.9314,20.936500000000002,21.118,22.04237142857143,22.846785714285716,23.5664,26.91318571428571,30.877,32.00334285714286,34.56261428571429,39.153,5.759545454545454,2.637261798416765,3.0,3.0,3.2475,5.57,7.79,9.307,12.12,
-86.915,40.469,0,50,1001,None,None,None,None,None,None,None,None,None,None,None,None,None,None,LTE,43,11,0.2558139534883721,40,10,0.25,0.1279142857142857,0.03217517105864491,0.083,0.0956,0.1125,0.12457142857142857,0.13571428571428573,0.1487142857142857,0.20914285714285713,9.089400000000001,3.2826057449432904,4.646,5.7322999999999995,6.5562000000000005,6.8870000000000005,7.166,7.4884571428571425,8.032714285714286,9.065999999999999,10.5411,11.44875,12.0632,12.838857142857142,15.85257142857143,4.744000000000001,3.3885607564274243,0.0,0.0,1.0,5.859999999999999,7.2425,8.136999999999999,9.37,
-86.915,40.469,0,50,1001,372,125290,None,None,None,None,None,None,None,None,None,None,None,None,LTE+Sub6,43,7,0.16279069767441862,40,7,0.175,0.09671428571428571,0.02586621782344292,0.054,0.0648,0.07949999999999999,0.104,0.1115,0.12440000000000001,0.137,7.3304081632653055,2.758016541734561,4.02,4.1652,4.6112,5.135,5.658799999999999,6.0088,6.01,8.097399999999999,9.5906,9.743,9.8954,10.608942857142857,11.526857142857143,3.835714285714286,4.743873815302237,0.0,0.0,0.0,0.0,7.115,9.356000000000002,12.62,
-86.915,40.469,0,50,1001,121,125290,None,None,None,None,None,None,None,None,None,None,None,None,LTE+Sub6,43,25,0.5813953488372093,40,23,0.575,0.1638509316770186,0.028432066274799737,0.09257142857142857,0.1274,0.1495,0.16685714285714287,0.1785,0.192,0.232,16.53183850931677,3.8768327352786365,6.137142857142857,12.235885714285716,14.0984,14.810571428571428,15.681057142857142,16.1108,16.405714285714286,17.279285714285713,18.3964,18.5105,18.6756,21.192857142857143,24.19085714285714,7.0330434782608675,1.5562341245081197,4.62,5.168,6.075,6.46,8.355,8.978,10.3,
-86.9145,40.4675,0,50,1001,372,125290,None,None,None,None,None,None,None,None,None,None,None,None,LTE+Sub6,6,6,1.0,5,5,1.0,0.19425714285714288,0.02149559043532569,0.16,0.1704,0.186,0.191,0.21485714285714286,0.2176,0.21942857142857142,23.070828571428574,4.791784270296527,16.205714285714286,18.098285714285716,19.990857142857145,20.93714285714286,21.471114285714286,22.539057142857143,23.607,23.6146,23.6222,23.626,25.096457142857144,28.03737142857143,30.978285714285715,7.220000000000001,1.6676090668978745,5.05,5.222,5.48,8.0,8.21,8.9,9.36,
-86.9155,40.466,0,50,1001,None,None,47,66736,None,None,None,None,None,None,None,None,None,None,LTE,21,2,0.09523809523809523,19,2,0.10526315789473684,0.1445,0.0005000000000000004,0.144,0.14409999999999998,0.14425,0.1445,0.14475,0.1449,0.145,11.6565,0.7744999999999997,10.882,11.0369,11.191799999999999,11.26925,11.3467,11.5016,11.6565,11.811399999999999,11.966299999999999,12.04375,12.1212,12.2761,12.431,3.27,3.27,0.0,0.654,1.635,3.27,4.905,5.886,6.54,
-86.9155,40.466,0,50,1001,121,125290,47,66736,None,None,None,None,None,None,None,None,None,None,LTE+Sub6,21,11,0.5238095238095238,19,10,0.5263157894736842,0.15721428571428572,0.014589799343992339,0.12457142857142857,0.13999999999999999,0.149,0.165,0.16675,0.1696,0.1737142857142857,13.87595714285714,3.0462590648203256,7.975,9.037385714285714,12.022628571428571,13.019714285714285,13.524228571428571,13.934028571428572,14.473785714285714,15.124571428571429,15.5672,15.871142857142857,16.084,16.4757,18.417,0.0,0.0,0.0,0.0,0.0,0.0,0.0,0.0,0.0,
-86.9155,40.466,0,393,1200,372,125290,None,None,None,None,None,None,None,None,None,None,None,None,LTE+Sub6,21,6,0.2857142857142857,19,5,0.2631578947368421,0.09422857142857143,0.04858189803132984,0.015,0.039400000000000004,0.076,0.107,0.10971428571428571,0.14194285714285715,0.16342857142857142,7.200142857142858,3.483689238466038,1.662,3.5210857142857144,5.380171428571429,6.309714285714286,6.412771428571428,6.618885714285715,6.825,7.647,8.469000000000001,8.88,9.568800000000001,10.9464,12.324,3.978,0.04399999999999995,3.89,3.934,4.0,4.0,4.0,4.0,4.0,
-86.9155,40.466,0,393,1200,479,125290,None,None,None,None,None,None,None,None,None,None,None,None,LTE+Sub6,21,2,0.09523809523809523,19,2,0.10526315789473684,0.14450000000000002,0.007499999999999993,0.137,0.1385,0.14075000000000001,0.14450000000000002,0.14825,0.1505,0.152,11.0815,0.5105000000000004,10.571,10.6731,10.7752,10.82625,10.8773,10.9794,11.0815,11.1836,11.2857,11.33675,11.3878,11.4899,11.592,6.045,0.33499999999999996,5.71,5.777,5.8774999999999995,6.045,6.2125,6.313,6.38,
-86.9155,40.4635,0,393,1200,372,125290,None,None,None,None,None,None,None,None,None,None,None,None,LTE+Sub6,38,7,0.18421052631578946,35,7,0.2,0.14997959183673473,0.0576471840963263,0.061714285714285715,0.06857142857142856,0.11057142857142857,0.168,0.1835,0.20980000000000001,0.232,18.93812244897959,9.247786323856742,5.981714285714285,6.973942857142857,9.267742857142858,11.716214285714287,14.164685714285714,17.205285714285715,19.317714285714285,22.400085714285712,24.709799999999998,25.092,25.4742,28.897800000000004,33.651,3.7885714285714287,0.31570458937922025,3.17,3.332,3.675,4.0,4.0,4.0,4.0,
-86.9155,40.4635,0,47,1200,372,125290,50,1001,None,None,None,None,None,None,None,None,None,None,LTE+Sub6,38,31,0.8157894736842105,35,28,0.8,0.19217857142857148,0.04163666290963685,0.117,0.12695714285714285,0.16639285714285715,0.18985714285714286,0.21514285714285714,0.258,0.2651428571428572,34.11851530612245,8.691600056535542,19.347428571428573,22.7992,27.30262857142857,28.54825,28.935457142857143,30.2214,33.66314285714286,35.36234285714286,39.2763,40.23571428571428,42.19522857142857,47.031085714285716,50.567,6.7749999999999995,1.942422088895349,3.1,4.071000000000001,5.415,6.87,8.055,9.027,10.75,
-86.9155,40.463,0,393,1200,372,125290,None,None,None,None,None,None,None,None,None,None,None,None,LTE+Sub6,6,5,0.8333333333333334,6,5,0.8333333333333334,0.1998,0.05357562650218886,0.10857142857142857,0.14194285714285715,0.192,0.2034285714285714,0.221,0.2528,0.274,28.899285714285714,2.440576281896369,24.64685714285714,26.205714285714283,27.76457142857143,28.544,28.5768,28.6424,28.708,29.70342857142857,30.69885714285714,31.196571428571428,31.237457142857142,31.31922857142857,31.401,3.058,0.116,3.0,3.0,3.0,3.0,3.0,3.174,3.29,
-86.9155,40.463,0,47,1200,372,125290,50,1001,None,None,None,None,None,None,None,None,None,None,LTE+Sub6,6,1,0.16666666666666666,6,1,0.16666666666666666,0.273,0.0,0.273,0.273,0.273,0.273,0.273,0.273,0.273,55.4,0.0,55.4,55.4,55.4,55.4,55.4,55.4,55.4,55.4,55.4,55.4,55.4,55.4,55.4,4.25,0.0,4.25,4.25,4.25,4.25,4.25,4.25,4.25,
-86.916,40.4625,0,393,1200,372,125290,None,None,None,None,None,None,None,None,None,None,None,None,LTE+Sub6,94,10,0.10638297872340426,65,9,0.13846153846153847,0.19257142857142856,0.03901363213113452,0.139,0.15305714285714286,0.1645714285714286,0.172,0.236,0.2444,0.25,29.713571428571427,10.16833440118543,14.607,21.18242857142857,23.596514285714285,24.11,24.1596,24.6336,26.232,26.749485714285715,33.14174285714285,37.317,39.7294,44.2522,47.869,3.2366666666666664,0.20784609690826522,3.0,3.0,3.04,3.2,3.38,3.506,3.61,
-86.916,40.4625,0,393,1200,10,520110,None,None,None,None,None,None,None,None,None,None,None,None,LTE+Sub6,94,2,0.02127659574468085,65,2,0.03076923076923077,0.1,0.03,0.07,0.07600000000000001,0.085,0.1,0.115,0.124,0.13,12.407499999999999,5.836500000000001,6.571,7.7383,8.9056,9.48925,10.0729,11.2402,12.407499999999999,13.5748,14.742099999999999,15.32575,15.9094,17.0767,18.244,1.5,1.5,0.0,0.30000000000000004,0.75,1.5,2.25,2.7,3.0,
-86.916,40.4625,0,47,1200,10,520110,None,None,None,None,None,None,None,None,None,None,None,None,LTE+Sub6,94,5,0.05319148936170213,65,3,0.046153846153846156,0.047142857142857146,0.053942145879088056,0.009,0.009,0.009,0.009,0.06621428571428571,0.10054285714285714,0.12342857142857143,7.829238095238096,10.381465852962952,0.331,0.3942,0.45740000000000003,0.489,0.5206,0.5838,0.647,5.019542857142857,9.392085714285713,11.578357142857142,13.764628571428572,18.137171428571428,22.509714285714285,0.0,0.0,0.0,0.0,0.0,0.0,0.0,0.0,0.0,
-86.916,40.4625,0,47,1200,None,None,50,1001,None,None,None,None,None,None,None,None,None,None,LTE,94,1,0.010638297872340425,65,0,0.0,0,0,0,0,0,0,0,0,0,0,0,0,0,0,0,0,0,0,0,0,0,0,0,0,0,0,0,0,0,0,0,0,0,
-86.916,40.4625,0,47,1200,372,125290,50,1001,None,None,None,None,None,None,None,None,None,None,LTE+Sub6,94,1,0.010638297872340425,65,0,0.0,0,0,0,0,0,0,0,0,0,0,0,0,0,0,0,0,0,0,0,0,0,0,0,0,0,0,0,0,0,0,0,0,0,
-86.916,40.4625,0,393,1200,372,125290,408,1001,None,None,None,None,None,None,None,None,None,None,LTE+Sub6,94,13,0.13829787234042554,65,12,0.18461538461538463,0.09194047619047618,0.021355865412769966,0.062,0.0682857142857143,0.08071428571428571,0.089,0.09825,0.1146857142857143,0.143,9.609142857142857,2.5952939349606505,5.898,6.4906,6.9602,7.1725,7.743728571428571,9.364857142857142,10.225,10.3432,10.9535,11.21182142857143,11.222428571428571,11.240428571428572,15.474,5.035,0.9715494497622513,4.0,4.0,4.1274999999999995,4.805,5.78,5.87,7.33,
-86.916,40.4625,0,50,1001,372,125290,47,66736,None,None,None,None,None,None,None,None,None,None,LTE+Sub6,94,40,0.425531914893617,65,37,0.5692307692307692,0.1921969111969112,0.04752473564266842,0.107,0.13714285714285715,0.148,0.191,0.2285714285714286,0.25862857142857143,0.288,24.81603861003861,13.842951959329925,7.424,11.163314285714286,14.272914285714286,15.968,17.3086,19.048000000000002,21.351,22.526,26.164342857142856,30.389714285714287,31.6206,43.66439999999999,66.839,10.276216216216216,4.933771295519665,3.0,3.3,5.1,10.89,13.61,16.752,20.79,
-86.916,40.4625,0,50,1001,515,520110,47,66736,None,None,None,None,None,None,None,None,None,None,LTE+Sub6,94,12,0.1276595744680851,65,1,0.015384615384615385,0.042,0.0,0.042,0.042,0.042,0.042,0.042,0.042,0.042,5.707,0.0,5.707,5.707,5.707,5.707,5.707,5.707,5.707,5.707,5.707,5.707,5.707,5.707,5.707,0.0,0.0,0.0,0.0,0.0,0.0,0.0,0.0,0.0,
-86.916,40.4625,0,50,1001,None,None,47,66736,None,None,None,None,None,None,None,None,None,None,LTE,94,1,0.010638297872340425,65,1,0.015384615384615385,0.1325714285714286,0.0,0.1325714285714286,0.1325714285714286,0.1325714285714286,0.1325714285714286,0.1325714285714286,0.1325714285714286,0.1325714285714286,7.156571428571429,0.0,7.156571428571429,7.156571428571429,7.156571428571429,7.156571428571429,7.156571428571429,7.156571428571429,7.156571428571429,7.156571428571429,7.156571428571429,7.156571428571429,7.156571428571429,7.156571428571429,7.156571428571429,0.0,0.0,0.0,0.0,0.0,0.0,0.0,0.0,0.0,
-86.916,40.4625,0,50,1001,10,520110,47,66736,None,None,None,None,None,None,None,None,None,None,LTE+Sub6,94,8,0.0851063829787234,65,0,0.0,0,0,0,0,0,0,0,0,0,0,0,0,0,0,0,0,0,0,0,0,0,0,0,0,0,0,0,0,0,0,0,0,0,
-86.916,40.4625,0,50,1001,147,520110,47,66736,None,None,None,None,None,None,None,None,None,None,LTE+Sub6,94,1,0.010638297872340425,65,0,0.0,0,0,0,0,0,0,0,0,0,0,0,0,0,0,0,0,0,0,0,0,0,0,0,0,0,0,0,0,0,0,0,0,0,
-86.9155,40.4625,0,393,1200,372,125290,None,None,None,None,None,None,None,None,None,None,None,None,LTE+Sub6,125,20,0.16,89,18,0.20224719101123595,0.1475,0.037017929405973926,0.075,0.1081,0.11075,0.156,0.17510714285714285,0.1946,0.208,20.271690476190475,5.565124264961845,11.541,13.0669,14.611600000000001,16.036749999999998,16.3539,18.2638,20.713285714285714,21.676571428571428,24.46688571428571,24.94925,26.280200000000004,27.52274285714286,28.526,3.4455555555555555,0.7465790292484649,3.0,3.0,3.0,3.02,3.405,4.577999999999999,5.42,
-86.9155,40.4625,0,47,1200,372,125290,50,1001,None,None,None,None,None,None,None,None,None,None,LTE+Sub6,125,31,0.248,89,21,0.23595505617977527,0.25597959183673474,0.03735760228419736,0.154,0.213,0.23085714285714287,0.269,0.27771428571428575,0.2937142857142857,0.311,49.56651020408164,13.32953744576748,8.414857142857143,35.235,41.464,45.421,46.22857142857143,48.723,51.723,55.21828571428572,57.245,58.039,59.464,63.57,66.6,5.595714285714286,2.3878154419958872,3.0,3.0,3.29,4.9,7.73,8.83,9.84,
-86.9155,40.4625,0,393,1200,372,125290,408,1001,None,None,None,None,None,None,None,None,None,None,LTE+Sub6,125,7,0.056,89,7,0.07865168539325842,0.07583673469387756,0.01991094291204748,0.046857142857142854,0.04994285714285714,0.0615,0.079,0.087,0.0984,0.108,8.175918367346938,2.7960623987927247,4.696,5.514057142857143,6.223942857142857,6.470714285714285,6.717485714285714,7.0256,7.241,7.557799999999999,8.498199999999997,9.591999999999999,10.685800000000002,12.1166,13.169,5.172857142857143,1.4964311285351488,3.95,3.98,4.0,4.0,6.225,7.258,7.81,
-86.9155,40.4625,0,50,1001,372,125290,47,66736,None,None,None,None,None,None,None,None,None,None,LTE+Sub6,125,37,0.296,89,36,0.4044943820224719,0.1929047619047619,0.06006889468638105,0.115,0.12535714285714283,0.14742857142857144,0.1697142857142857,0.23725,0.25542857142857145,0.3474285714285714,24.126837301587297,13.106471435817713,7.408,12.7405,14.33,14.60875,15.349499999999999,16.472,19.142857142857146,20.26,26.0745,30.27475,40.074,45.38807142857142,58.72342857142857,9.2375,5.5407547495304685,3.0,4.025,5.9475,8.004999999999999,9.4475,19.425,24.03,
-86.9155,40.4625,0,50,1001,10,520110,None,None,None,None,None,None,None,None,None,None,None,None,LTE+Sub6,125,5,0.04,89,4,0.0449438202247191,0.15689285714285717,0.11433348889836903,0.023,0.0353,0.05375,0.16571428571428573,0.2688571428571429,0.27142857142857146,0.2731428571428572,5.703428571428571,2.7976162320147937,1.235,2.5602714285714283,3.885542857142857,4.548178571428571,5.210814285714285,5.964657142857143,6.432785714285714,6.900914285714285,7.363014285714286,7.588035714285715,7.813057142857144,8.263100000000001,8.713142857142858,3.0,5.196152422706632,0.0,0.0,0.0,0.0,3.0,8.400000000000002,12.0,
-86.9155,40.4625,0,50,1001,None,None,47,66736,None,None,None,None,None,None,None,None,None,None,LTE,125,3,0.024,89,2,0.02247191011235955,0.22799999999999998,0.006999999999999992,0.221,0.2224,0.2245,0.22799999999999998,0.23149999999999998,0.2336,0.235,38.4975,2.3724999999999987,36.125,36.5995,37.074,37.31125,37.5485,38.022999999999996,38.4975,38.972,39.4465,39.683749999999996,39.921,40.3955,40.87,0.0,0.0,0.0,0.0,0.0,0.0,0.0,0.0,0.0,
-86.9155,40.4625,0,50,1001,10,520110,47,66736,None,None,None,None,None,None,None,None,None,None,LTE+Sub6,125,11,0.088,89,1,0.011235955056179775,0.216,0.0,0.216,0.216,0.216,0.216,0.216,0.216,0.216,35.595,0.0,35.595,35.595,35.595,35.595,35.595,35.595,35.595,35.595,35.595,35.595,35.595,35.595,35.595,0.0,0.0,0.0,0.0,0.0,0.0,0.0,0.0,0.0,
-86.9155,40.4625,0,50,1001,515,520110,47,66736,None,None,None,None,None,None,None,None,None,None,LTE+Sub6,125,11,0.088,89,0,0.0,0,0,0,0,0,0,0,0,0,0,0,0,0,0,0,0,0,0,0,0,0,0,0,0,0,0,0,0,0,0,0,0,0,
-86.9155,40.462,0,47,1200,372,125290,50,1001,None,None,None,None,None,None,None,None,None,None,LTE+Sub6,174,55,0.3160919540229885,121,50,0.4132231404958678,0.23298095238095237,0.046671229125853475,0.14628571428571427,0.1759,0.19539285714285715,0.2265,0.267,0.30061428571428567,0.34,45.54721999999999,10.336944183916053,26.890285714285714,33.9546,37.047000000000004,37.7625,38.7782,41.4324,44.0495,47.24491428571428,49.1238,52.82175,55.594971428571434,59.503128571428576,69.911,6.185399999999999,2.0370470883119025,3.0,3.7750000000000004,4.6000000000000005,5.555,7.945,9.065000000000001,10.78,
-86.9155,40.462,0,47,1200,10,520110,50,1001,None,None,None,None,None,None,None,None,None,None,LTE+Sub6,174,9,0.05172413793103448,121,0,0.0,0,0,0,0,0,0,0,0,0,0,0,0,0,0,0,0,0,0,0,0,0,0,0,0,0,0,0,0,0,0,0,0,0,
-86.9155,40.462,0,47,1200,472,520110,50,1001,None,None,None,None,None,None,None,None,None,None,LTE+Sub6,174,13,0.07471264367816093,121,0,0.0,0,0,0,0,0,0,0,0,0,0,0,0,0,0,0,0,0,0,0,0,0,0,0,0,0,0,0,0,0,0,0,0,0,
-86.9155,40.462,0,47,1200,685,520110,50,1001,None,None,None,None,None,None,None,None,None,None,LTE+Sub6,174,8,0.04597701149425287,121,0,0.0,0,0,0,0,0,0,0,0,0,0,0,0,0,0,0,0,0,0,0,0,0,0,0,0,0,0,0,0,0,0,0,0,0,
-86.9155,40.462,0,47,1200,None,None,50,1001,None,None,None,None,None,None,None,None,None,None,LTE,174,2,0.011494252873563218,121,0,0.0,0,0,0,0,0,0,0,0,0,0,0,0,0,0,0,0,0,0,0,0,0,0,0,0,0,0,0,0,0,0,0,0,0,
-86.9155,40.462,0,47,1200,372,125290,None,None,None,None,None,None,None,None,None,None,None,None,LTE+Sub6,174,4,0.022988505747126436,121,4,0.03305785123966942,0.2404642857142857,0.023543137784388334,0.203,0.2141,0.23075,0.24628571428571427,0.256,0.26217142857142856,0.2662857142857143,47.900499999999994,8.99103262184844,37.65714285714286,38.437400000000004,39.21765714285714,39.60778571428572,39.99791428571429,43.53805714285715,48.45814285714286,53.37822857142857,56.69531428571429,56.75085714285714,56.806400000000004,56.91748571428571,57.028571428571425,9.43,1.2656816345353203,7.95,8.1,8.325,9.385,10.49,10.796,11.0,
-86.9155,40.462,0,50,1001,372,125290,47,66736,None,None,None,None,None,None,None,None,None,None,LTE+Sub6,174,66,0.3793103448275862,121,62,0.512396694214876,0.2080030721966206,0.05724818944743124,0.088,0.1301,0.16575,0.21057142857142858,0.24575,0.28205714285714284,0.33485714285714285,36.001155145929346,14.910089571276078,11.049142857142856,16.074542857142855,20.18297142857143,23.909464285714286,26.037714285714287,30.894400000000005,36.555,41.372571428571426,45.95569999999999,47.50314285714286,49.78506666666668,55.48909999999999,65.191,9.08758064516129,5.871912005329699,3.0,4.0,5.1725,7.54,10.0925,15.813999999999997,29.95,
-86.9155,40.462,0,50,1001,10,520110,47,66736,None,None,None,None,None,None,None,None,None,None,LTE+Sub6,174,10,0.05747126436781609,121,4,0.03305785123966942,0.19914285714285712,0.2284178278542037,0.033,0.0351,0.03825,0.08750000000000001,0.24839285714285714,0.4525,0.5885714285714285,13.304535714285715,7.2332189339659605,4.596,5.910342857142857,7.224685714285714,7.881857142857143,8.53902857142857,10.374914285714286,12.471571428571428,14.56822857142857,16.737299999999998,17.89425,19.0512,21.365099999999998,23.679,1.0,1.7320508075688772,0.0,0.0,0.0,0.0,1.0,2.8000000000000007,4.0,
-86.9155,40.462,0,50,1001,None,None,47,66736,None,None,None,None,None,None,None,None,None,None,LTE,174,2,0.011494252873563218,121,1,0.008264462809917356,0.30742857142857144,0.0,0.30742857142857144,0.30742857142857144,0.30742857142857144,0.30742857142857144,0.30742857142857144,0.30742857142857144,0.30742857142857144,8.485714285714286,0.0,8.485714285714286,8.485714285714286,8.485714285714286,8.485714285714286,8.485714285714286,8.485714285714286,8.485714285714286,8.485714285714286,8.485714285714286,8.485714285714286,8.485714285714286,8.485714285714286,8.485714285714286,0.0,0.0,0.0,0.0,0.0,0.0,0.0,0.0,0.0,
-86.9155,40.462,0,50,1001,515,520110,47,66736,None,None,None,None,None,None,None,None,None,None,LTE+Sub6,174,5,0.028735632183908046,121,0,0.0,0,0,0,0,0,0,0,0,0,0,0,0,0,0,0,0,0,0,0,0,0,0,0,0,0,0,0,0,0,0,0,0,0,
-86.9155,40.4615,0,47,1200,372,125290,50,1001,None,None,None,None,None,None,None,None,None,None,LTE+Sub6,138,83,0.6014492753623188,130,79,0.6076923076923076,0.2259251356238698,0.05398190772124926,0.083,0.15514285714285714,0.184,0.229,0.264,0.2966,0.349,45.73491500904159,12.096679252377918,18.988571428571426,31.357,35.2568,36.510357142857146,37.67628571428571,42.5132,44.841,48.639314285714285,52.46,53.67471428571429,55.1548,60.17960000000001,78.04914285714285,5.883924050632911,2.2732413804914184,3.0,3.172,3.6950000000000003,5.59,7.77,9.144,11.08,
-86.9155,40.4615,0,47,1200,10,520110,50,1001,None,None,None,None,None,None,None,None,None,None,LTE+Sub6,138,5,0.036231884057971016,130,3,0.023076923076923078,0.09633333333333334,0.07422711363843384,0.038857142857142854,0.04088571428571428,0.04392857142857143,0.049,0.12507142857142858,0.17071428571428574,0.20114285714285715,18.421333333333333,10.397428058045039,7.736,9.192,10.648,11.376,12.104,13.56,15.016,18.5152,22.0144,23.764,25.5136,29.012800000000002,32.512,1.4666666666666668,2.0741798914805396,0.0,0.0,0.0,0.0,2.2,3.5200000000000005,4.4,
-86.9155,40.4615,0,47,1200,372,125290,None,None,None,None,None,None,None,None,None,None,None,None,LTE+Sub6,138,4,0.028985507246376812,130,4,0.03076923076923077,0.2402142857142857,0.02382193724023198,0.21,0.2148857142857143,0.2222142857142857,0.23942857142857144,0.25742857142857145,0.26617142857142856,0.272,46.809964285714294,5.779923011964319,37.435428571428574,40.252300000000005,43.06917142857143,44.477607142857146,45.88604285714286,47.56057142857143,48.66392857142857,49.76728571428572,50.700228571428575,50.99628571428572,51.292342857142856,51.884457142857144,52.476571428571425,5.365,0.31957002362549586,4.83,5.0040000000000004,5.265000000000001,5.505,5.6049999999999995,5.614,5.62,
-86.9155,40.4615,0,50,1001,372,125290,47,66736,None,None,None,None,None,None,None,None,None,None,LTE+Sub6,138,46,0.3333333333333333,130,44,0.3384615384615385,0.22236363636363637,0.05431400881339623,0.09485714285714286,0.1435,0.19414285714285714,0.221,0.26425,0.2885,0.339,35.07503571428571,11.657143684990302,10.619,15.0204,26.3964,29.484178571428572,31.508,33.359314285714284,36.7485,39.302,41.92772857142857,42.76375,43.867799999999995,49.51250000000001,57.968,5.944999999999999,2.0511698435948027,3.0,3.296,4.5525,5.54,7.43,9.017000000000001,9.9,
-86.9155,40.461,0,47,1200,372,125290,50,1001,None,None,None,None,None,None,None,None,None,None,LTE+Sub6,24,17,0.7083333333333334,20,14,0.7,0.20864285714285716,0.07877474158977892,0.06971428571428571,0.0779,0.18775,0.2227142857142857,0.26525,0.2931428571428572,0.314,39.98147959183674,19.998908908693323,5.628571428571428,13.179,21.4576,25.13525,26.183699999999998,37.19945714285714,44.7385,48.77457142857143,50.2912,50.6435,54.123000000000005,61.785700000000006,77.10285714285715,6.647142857142858,2.7372990560859405,3.0,3.613,3.925,6.84,8.27,9.39,12.88,
-86.9155,40.461,0,47,1200,372,125290,None,None,None,None,None,None,None,None,None,None,None,None,LTE+Sub6,24,1,0.041666666666666664,20,1,0.05,0.2662857142857143,0.0,0.2662857142857143,0.2662857142857143,0.2662857142857143,0.2662857142857143,0.2662857142857143,0.2662857142857143,0.2662857142857143,52.738285714285716,0.0,52.738285714285716,52.738285714285716,52.738285714285716,52.738285714285716,52.738285714285716,52.738285714285716,52.738285714285716,52.738285714285716,52.738285714285716,52.738285714285716,52.738285714285716,52.738285714285716,52.738285714285716,6.82,0.0,6.82,6.82,6.82,6.82,6.82,6.82,6.82,
-86.9155,40.461,0,50,1001,372,125290,47,66736,None,None,None,None,None,None,None,None,None,None,LTE+Sub6,24,6,0.25,20,5,0.25,0.17514285714285713,0.060364809318688595,0.1177142857142857,0.12102857142857142,0.126,0.138,0.227,0.251,0.267,18.29702857142857,11.409883227290635,7.777142857142857,8.733085714285714,9.68902857142857,10.167,10.4788,11.102400000000001,11.726,16.3928,21.0596,23.393,26.3988,32.4104,38.422,6.506,1.6386286949763817,3.88,4.5280000000000005,5.5,6.9,7.88,8.174,8.37,
-86.9155,40.4605,0,47,1200,372,125290,50,1001,None,None,None,None,None,None,None,None,None,None,LTE+Sub6,6,6,1.0,4,4,1.0,0.16725,0.07511116761174733,0.048,0.08100000000000002,0.1305,0.194,0.23075,0.2321,0.233,40.593607142857145,8.745919213643676,30.899428571428572,31.657400000000003,32.41537142857143,32.794357142857145,33.173342857142856,35.9382,39.706500000000005,43.4748,46.5945,47.50575,48.417,50.2395,52.062,6.154999999999999,2.37430516151568,3.0,3.6390000000000002,4.5975,6.095,7.6525,8.719,9.43,
-86.916,40.4605,0,47,1200,372,125290,50,1001,None,None,None,None,None,None,None,None,None,None,LTE+Sub6,49,11,0.22448979591836735,47,11,0.23404255319148937,0.2286103896103896,0.04731672349690658,0.149,0.159,0.19935714285714284,0.234,0.2659285714285714,0.28914285714285715,0.292,43.266792207792214,9.582727588078631,21.459,34.216,35.235,38.113,40.991,42.92,44.473142857142854,47.22857142857143,49.592,50.286500000000004,50.981,51.472,57.367,6.870000000000001,2.9061877559316898,3.0,3.65,4.109999999999999,7.53,9.344999999999999,10.93,10.95,
-86.916,40.4605,0,47,1200,372,125290,None,None,None,None,None,None,None,None,None,None,None,None,LTE+Sub6,49,4,0.08163265306122448,47,4,0.0851063829787234,0.23324999999999999,0.017612140698961047,0.217,0.2182,0.22,0.227,0.24025000000000002,0.2533,0.262,54.114,5.397078700556441,45.564,48.2892,51.0144,52.377,53.7396,54.8738,55.212500000000006,55.5512,56.246,56.9495,57.653,59.06,60.467,5.107500000000001,0.8432192775310584,4.43,4.46,4.505,4.735,5.3375,6.053000000000001,6.53,
-86.916,40.4605,0,50,1001,372,125290,47,66736,None,None,None,None,None,None,None,None,None,None,LTE+Sub6,49,34,0.6938775510204082,47,32,0.6808510638297872,0.22712500000000002,0.05434494829891961,0.12685714285714286,0.16388571428571427,0.1880357142857143,0.22685714285714287,0.25025,0.28070000000000006,0.36914285714285716,36.38413839285714,10.491168289612695,11.54742857142857,22.6814,27.6484,27.965357142857144,29.639985714285714,33.66937142857143,37.85992857142857,39.7876,41.02491428571428,42.788892857142855,44.190514285714286,48.7576,62.759,6.60625,3.6709899465266864,3.0,3.317,4.342499999999999,5.99,7.41,9.525000000000002,22.21,
-86.916,40.4615,0,47,1200,372,125290,50,1001,None,None,None,None,None,None,None,None,None,None,LTE+Sub6,19,2,0.10526315789473684,18,2,0.1111111111111111,0.2375,0.0155,0.222,0.2251,0.22975,0.2375,0.24525,0.2499,0.253,44.4255,1.0874999999999986,43.338,43.5555,43.773,43.88175,43.9905,44.208,44.4255,44.643,44.8605,44.96925,45.077999999999996,45.2955,45.513,8.754999999999999,0.9349999999999996,7.82,8.007,8.2875,8.754999999999999,9.2225,9.503,9.69,
-86.916,40.4615,0,50,1001,372,125290,47,66736,None,None,None,None,None,None,None,None,None,None,LTE+Sub6,19,17,0.8947368421052632,18,16,0.8888888888888888,0.2275714285714286,0.057537964396898636,0.139,0.14400000000000002,0.18828571428571428,0.22628571428571428,0.272,0.301,0.318,39.94616964285714,21.15923787316091,8.96342857142857,16.036571428571428,19.646,19.970750000000002,23.482,33.669714285714285,35.689214285714286,37.824,55.671499999999995,60.33225,66.039,69.881,71.476,8.678125000000001,3.3873297351121576,3.64,4.375,6.2675,8.385,10.137500000000001,13.23,16.06,
-86.916,40.461,0,47,1200,372,125290,50,1001,None,None,None,None,None,None,None,None,None,None,LTE+Sub6,61,2,0.03278688524590164,58,2,0.034482758620689655,0.24578571428571427,0.03878571428571427,0.207,0.21475714285714284,0.22639285714285712,0.24578571428571427,0.2651785714285714,0.2768142857142857,0.28457142857142853,56.8055,13.186500000000002,43.619,46.2563,48.8936,50.21225,51.5309,54.1682,56.8055,59.442800000000005,62.0801,63.39875000000001,64.7174,67.35470000000001,69.992,9.295,0.09500000000000064,9.2,9.219,9.247499999999999,9.295,9.342500000000001,9.371,9.39,
-86.916,40.461,0,47,1200,372,125290,None,None,None,None,None,None,None,None,None,None,None,None,LTE+Sub6,61,3,0.04918032786885246,58,3,0.05172413793103448,0.28300000000000003,0.007483314773547865,0.275,0.2762,0.278,0.281,0.28700000000000003,0.29059999999999997,0.293,59.11533333333333,4.947095399210421,54.262,54.8452,55.428399999999996,55.72,56.0116,56.5948,57.178,58.9236,60.669200000000004,61.542,62.4148,64.16040000000001,65.906,5.57,1.7552397746936643,3.58,3.92,4.43,5.28,6.5649999999999995,7.336,7.85,
-86.916,40.461,0,50,1001,372,125290,47,66736,None,None,None,None,None,None,None,None,None,None,LTE+Sub6,61,56,0.9180327868852459,58,53,0.9137931034482759,0.21502425876010783,0.05436044463196161,0.101,0.14559999999999998,0.176,0.22,0.25,0.2858,0.325,33.69787061994609,14.274154991893107,8.461714285714287,13.395885714285715,19.628114285714286,23.075,25.322999999999997,30.82994285714286,33.517,38.46011428571429,42.542399999999994,44.723,46.452,54.42148571428573,59.366,6.621509433962265,3.6138613625904643,3.0,3.0,3.63,6.1,8.32,10.716000000000001,21.13,
-86.917,40.4595,0,47,1200,372,125290,50,1001,None,None,None,None,None,None,None,None,None,None,LTE+Sub6,5,5,1.0,5,5,1.0,0.1501142857142857,0.04526046163877587,0.06857142857142857,0.09554285714285715,0.136,0.17,0.18,0.1896,0.196,32.056085714285715,14.22150506705408,12.89942857142857,14.993657142857144,17.087885714285715,18.135,22.1438,30.161400000000004,38.179,39.1266,40.074200000000005,40.548,42.5422,46.5306,50.519,8.719999999999999,1.5911128181244723,7.04,7.264,7.6,7.69,10.33,10.696,10.94,
-86.9165,40.4595,0,47,1200,372,125290,50,1001,None,None,None,None,None,None,None,None,None,None,LTE+Sub6,3,2,0.6666666666666666,3,2,0.6666666666666666,0.17685714285714288,0.043142857142857136,0.13371428571428573,0.14234285714285716,0.1552857142857143,0.17685714285714288,0.19842857142857143,0.21137142857142857,0.22,42.83107142857143,0.77392857142857,42.05714285714286,42.21192857142857,42.36671428571429,42.44410714285714,42.521499999999996,42.67628571428571,42.83107142857143,42.98585714285714,43.14064285714286,43.21803571428571,43.295428571428566,43.45021428571428,43.605,12.26,1.7400000000000002,10.52,10.868,11.39,12.26,13.129999999999999,13.652,14.0,
-86.9165,40.4595,0,50,1001,372,125290,47,66736,None,None,None,None,None,None,None,None,None,None,LTE+Sub6,3,1,0.3333333333333333,3,1,0.3333333333333333,0.22171428571428572,0.0,0.22171428571428572,0.22171428571428572,0.22171428571428572,0.22171428571428572,0.22171428571428572,0.22171428571428572,0.22171428571428572,41.481142857142856,0.0,41.481142857142856,41.481142857142856,41.481142857142856,41.481142857142856,41.481142857142856,41.481142857142856,41.481142857142856,41.481142857142856,41.481142857142856,41.481142857142856,41.481142857142856,41.481142857142856,41.481142857142856,6.46,0.0,6.46,6.46,6.46,6.46,6.46,6.46,6.46,
-86.915,40.46,0,47,1200,372,125290,50,1001,None,None,None,None,None,None,None,None,None,None,LTE+Sub6,31,31,1.0,29,29,1.0,0.18998029556650245,0.041718346589197736,0.087,0.13040000000000002,0.172,0.195,0.213,0.2346285714285714,0.285,41.549226600985214,9.831609923878657,16.776,31.7924,34.0394,34.69,36.6072,40.7302,41.812,43.4852,44.961,45.08114285714286,46.5816,51.67428571428571,66.39428571428572,6.046206896551723,1.8303653560161595,3.95,4.166,4.69,5.33,7.62,8.924,10.06,
-86.915,40.4605,0,47,1200,372,125290,50,1001,None,None,None,None,None,None,None,None,None,None,LTE+Sub6,18,18,1.0,17,17,1.0,0.2353613445378151,0.060857855316914115,0.1382857142857143,0.17177142857142857,0.18628571428571428,0.225,0.262,0.3086,0.38971428571428574,43.14224369747899,8.573747117339543,25.883428571428574,33.707228571428566,37.18137142857143,38.094857142857144,38.174171428571434,40.9636,41.824,44.4698,45.9308,50.006,50.7268,52.87377142857143,62.353,7.331176470588234,1.3658002711314847,5.35,5.654,6.0,7.31,8.4,8.924,10.29,
-86.9145,40.46,0,47,1200,372,125290,50,1001,None,None,None,None,None,None,None,None,None,None,LTE+Sub6,18,18,1.0,16,16,1.0,0.24638392857142855,0.05044952819175229,0.179,0.1875,0.20224999999999999,0.2532142857142857,0.274,0.32085714285714284,0.334,53.387214285714286,10.791647114262748,41.249,42.783,43.757,44.47625,44.754999999999995,45.993,50.7755,51.714,61.3635,61.952,62.507,64.88900000000001,79.84342857142856,5.716875,2.0207539395916068,3.05,3.915,4.35,5.16,6.985,7.619999999999999,11.59,
-86.914,40.46,0,47,1200,372,125290,50,1001,None,None,None,None,None,None,None,None,None,None,LTE+Sub6,1,1,1.0,1,1,1.0,0.168,0.0,0.168,0.168,0.168,0.168,0.168,0.168,0.168,29.164,0.0,29.164,29.164,29.164,29.164,29.164,29.164,29.164,29.164,29.164,29.164,29.164,29.164,29.164,9.5,0.0,9.5,9.5,9.5,9.5,9.5,9.5,9.5,
-86.914,40.4595,0,47,1200,372,125290,50,1001,None,None,None,None,None,None,None,None,None,None,LTE+Sub6,12,12,1.0,12,12,1.0,0.19373809523809524,0.07526564820988069,0.102,0.1042,0.12389285714285715,0.2027142857142857,0.22885714285714287,0.26880000000000004,0.36342857142857143,39.49317857142858,11.769393731477745,25.961,27.034200000000002,28.264,30.255,32.24857142857143,35.97154285714286,37.849500000000006,38.19651428571429,39.58815714285714,42.75082142857143,48.549628571428585,59.23760000000001,62.46857142857143,6.647500000000001,1.2353280603413277,5.18,5.316999999999999,5.8525,6.115,7.705,7.978,9.42,
-86.9155,40.4665,0,393,1200,372,125290,None,None,None,None,None,None,None,None,None,None,None,None,LTE+Sub6,1,1,1.0,1,1,1.0,0.165,0.0,0.165,0.165,0.165,0.165,0.165,0.165,0.165,14.508,0.0,14.508,14.508,14.508,14.508,14.508,14.508,14.508,14.508,14.508,14.508,14.508,14.508,14.508,7.33,0.0,7.33,7.33,7.33,7.33,7.33,7.33,7.33,
-86.9155,40.4645,0,393,1200,372,125290,None,None,None,None,None,None,None,None,None,None,None,None,LTE+Sub6,1,1,1.0,1,1,1.0,0.125,0.0,0.125,0.125,0.125,0.125,0.125,0.125,0.125,11.246,0.0,11.246,11.246,11.246,11.246,11.246,11.246,11.246,11.246,11.246,11.246,11.246,11.246,11.246,3.93,0.0,3.93,3.93,3.93,3.93,3.93,3.93,3.93,
-86.9155,40.464,0,393,1200,372,125290,None,None,None,None,None,None,None,None,None,None,None,None,LTE+Sub6,9,9,1.0,8,8,1.0,0.12475000000000001,0.028494517016436693,0.089,0.1002,0.11025,0.1155,0.13525,0.1522,0.19,14.58025,3.0257928609704927,11.375,11.7656,12.199,12.431750000000001,12.6873,13.3124,13.5025,13.8512,15.031399999999998,15.804749999999999,16.651400000000002,18.6069,20.912,4.3125,0.39435865655517194,3.97,3.991,4.0,4.21,4.39,4.747,5.23,
-86.916,40.4635,0,393,1200,372,125290,None,None,None,None,None,None,None,None,None,None,None,None,LTE+Sub6,4,4,1.0,4,4,1.0,0.12857142857142856,0.03683332563794668,0.092,0.0986857142857143,0.10871428571428572,0.11614285714285714,0.136,0.16840000000000002,0.19,14.007285714285715,2.679324120911459,10.504,11.217142857142857,11.930285714285715,12.286857142857142,12.64342857142857,13.270714285714286,13.855071428571428,14.439428571428572,15.1276,15.575500000000002,16.023400000000002,16.9192,17.815,4.48,0.31898275815473154,4.0,4.138,4.345,4.515000000000001,4.65,4.794,4.89,
-86.916,40.462,0,393,1200,372,125290,408,1001,None,None,None,None,None,None,None,None,None,None,LTE+Sub6,7,3,0.42857142857142855,7,3,0.42857142857142855,0.11023809523809525,0.042071583528428894,0.069,0.07394285714285714,0.08135714285714285,0.09371428571428571,0.13085714285714287,0.15314285714285716,0.168,8.90004761904762,2.429297102599518,5.579,6.4229714285714286,7.266942857142857,7.688928571428571,8.110914285714285,8.954885714285714,9.798857142857143,10.103542857142857,10.408228571428571,10.560571428571428,10.712914285714286,11.0176,11.322285714285714,3.983333333333333,0.0235702260395515,3.95,3.96,3.975,4.0,4.0,4.0,4.0,
-86.916,40.462,0,50,1001,372,125290,47,66736,None,None,None,None,None,None,None,None,None,None,LTE+Sub6,7,4,0.5714285714285714,7,4,0.5714285714285714,0.2519642857142857,0.05001646412606022,0.199,0.2038,0.211,0.241,0.2819642857142857,0.3089,0.32685714285714285,29.38225,10.709187653015515,18.37,20.377000000000002,22.384,23.3875,24.391,25.4518,26.039499999999997,26.6272,29.02509999999999,32.03425,35.043400000000005,41.0617,47.08,6.4225,2.8423526786801103,3.0,3.6210000000000004,4.5525,5.98,7.85,9.578000000000001,10.73,
-86.915,40.462,0,50,1001,372,125290,47,66736,None,None,None,None,None,None,None,None,None,None,LTE+Sub6,1,1,1.0,1,1,1.0,0.2742857142857143,0.0,0.2742857142857143,0.2742857142857143,0.2742857142857143,0.2742857142857143,0.2742857142857143,0.2742857142857143,0.2742857142857143,51.50857142857143,0.0,51.50857142857143,51.50857142857143,51.50857142857143,51.50857142857143,51.50857142857143,51.50857142857143,51.50857142857143,51.50857142857143,51.50857142857143,51.50857142857143,51.50857142857143,51.50857142857143,51.50857142857143,4.0,0.0,4.0,4.0,4.0,4.0,4.0,4.0,4.0,
-86.914,40.4615,15,248,1001,314,520110,68,66736,None,None,None,None,None,None,None,None,None,None,LTE+Sub6,96,8,0.08333333333333333,71,0,0.0,0,0,0,0,0,0,0,0,0,0,0,0,0,0,0,0,0,0,0,0,0,0,0,0,0,0,0,0,0,0,0,0,0,
-86.914,40.4615,15,248,1001,523,520110,68,66736,None,None,None,None,None,None,None,None,None,None,LTE+Sub6,96,4,0.041666666666666664,71,0,0.0,0,0,0,0,0,0,0,0,0,0,0,0,0,0,0,0,0,0,0,0,0,0,0,0,0,0,0,0,0,0,0,0,0,
-86.914,40.4615,15,248,1001,743,520110,68,66736,None,None,None,None,None,None,None,None,None,None,LTE+Sub6,96,8,0.08333333333333333,71,0,0.0,0,0,0,0,0,0,0,0,0,0,0,0,0,0,0,0,0,0,0,0,0,0,0,0,0,0,0,0,0,0,0,0,0,
-86.914,40.4615,15,None,None,700,125290,None,None,None,None,None,None,None,None,None,None,None,None,LTE+Sub6,96,68,0.7083333333333334,71,63,0.8873239436619719,0.2955215419501133,0.045134339725270436,0.165,0.2448,0.267,0.299,0.323,0.34340000000000004,0.456,30.852097505668937,6.816547255498446,13.133714285714285,21.357542857142857,25.892114285714285,26.776071428571427,28.0726,29.0346,30.12457142857143,32.831314285714285,35.085942857142854,35.805,36.83177142857143,39.51222857142857,43.216,3.5679365079365084,0.2665068493128509,3.28,3.352,3.415,3.52,3.62,3.738,4.67,
-86.914,40.4615,15,None,None,9,129870,None,None,None,None,None,None,None,None,None,None,None,None,LTE+Sub6,96,8,0.08333333333333333,71,8,0.11267605633802817,0.31307142857142856,0.029314184767300418,0.27,0.2707,0.29275,0.3182857142857143,0.334,0.349,0.349,32.87808928571429,6.040850914406785,24.791,25.6233,27.518800000000002,28.865250000000003,29.92327142857143,30.59717142857143,31.441357142857143,32.9658,36.0206,37.49975,38.9596,41.1773,42.459,3.9262500000000005,0.7394582053774236,3.37,3.4120000000000004,3.4675000000000002,3.5700000000000003,3.955,5.095,5.41,
-86.914,40.4615,30,248,1001,314,520110,68,66736,None,None,None,None,None,None,None,None,None,None,LTE+Sub6,81,8,0.09876543209876543,61,0,0.0,0,0,0,0,0,0,0,0,0,0,0,0,0,0,0,0,0,0,0,0,0,0,0,0,0,0,0,0,0,0,0,0,0,
-86.914,40.4615,30,248,1001,743,520110,68,66736,None,None,None,None,None,None,None,None,None,None,LTE+Sub6,81,8,0.09876543209876543,61,0,0.0,0,0,0,0,0,0,0,0,0,0,0,0,0,0,0,0,0,0,0,0,0,0,0,0,0,0,0,0,0,0,0,0,0,
-86.914,40.4615,30,None,None,700,125290,None,None,None,None,None,None,None,None,None,None,None,None,LTE+Sub6,81,58,0.7160493827160493,61,55,0.9016393442622951,0.27724415584415585,0.033766135264591594,0.203,0.24528571428571427,0.258,0.275,0.2922142857142857,0.30142857142857143,0.451,27.33995844155844,4.67304230061706,17.092,21.9744,23.069942857142856,23.4105,24.004685714285714,26.3012,27.613,28.6134,29.342999999999996,30.127142857142857,30.572342857142857,32.848600000000005,39.152,3.556909090909092,0.5451434264227175,3.22,3.3,3.355,3.44,3.55,3.674,6.63,
-86.914,40.4615,30,None,None,9,129870,None,None,None,None,None,None,None,None,None,None,None,None,LTE+Sub6,81,7,0.08641975308641975,61,6,0.09836065573770492,0.2844761904761905,0.02475892839254946,0.256,0.25657142857142856,0.26028571428571434,0.28335714285714286,0.30525,0.3135,0.319,28.09792857142857,3.6138813614862846,22.899428571428572,23.618857142857145,24.338285714285714,25.167428571428573,25.99657142857143,27.654857142857143,28.546928571428573,29.439,30.2,30.5805,30.961,32.128,33.295,3.455,0.0718215380880508,3.37,3.39,3.4125,3.425,3.4975,3.55,3.58,
-86.914,40.4615,45,248,1001,314,520110,68,66736,None,None,None,None,None,None,None,None,None,None,LTE+Sub6,78,5,0.0641025641025641,58,0,0.0,0,0,0,0,0,0,0,0,0,0,0,0,0,0,0,0,0,0,0,0,0,0,0,0,0,0,0,0,0,0,0,0,0,
-86.914,40.4615,45,248,1001,743,520110,68,66736,None,None,None,None,None,None,None,None,None,None,LTE+Sub6,78,8,0.10256410256410256,58,0,0.0,0,0,0,0,0,0,0,0,0,0,0,0,0,0,0,0,0,0,0,0,0,0,0,0,0,0,0,0,0,0,0,0,0,
-86.914,40.4615,45,248,1001,0,520110,68,66736,None,None,None,None,None,None,None,None,None,None,LTE+Sub6,78,2,0.02564102564102564,58,0,0.0,0,0,0,0,0,0,0,0,0,0,0,0,0,0,0,0,0,0,0,0,0,0,0,0,0,0,0,0,0,0,0,0,0,
-86.914,40.4615,45,None,None,700,125290,None,None,None,None,None,None,None,None,None,None,None,None,LTE+Sub6,78,56,0.717948717948718,58,51,0.8793103448275862,0.24438375350140054,0.033720961336389015,0.172,0.20457142857142857,0.2202142857142857,0.245,0.2601428571428571,0.27771428571428575,0.34857142857142853,21.788168067226884,6.00453704915163,11.018,13.945,15.497142857142856,16.521785714285713,18.591,20.696,21.962,23.654,24.56114285714286,25.2325,26.435428571428574,28.414,37.395428571428575,3.3898039215686278,0.1528999441654501,3.12,3.22,3.3049999999999997,3.35,3.475,3.56,3.9,
-86.914,40.4615,45,None,None,9,129870,None,None,None,None,None,None,None,None,None,None,None,None,LTE+Sub6,78,7,0.08974358974358974,58,7,0.1206896551724138,0.2542857142857143,0.018758399479177526,0.233,0.23925714285714286,0.24457142857142855,0.248,0.2575,0.27694285714285716,0.2948571428571428,22.18183673469388,2.99894161158082,17.64914285714286,19.004457142857145,20.157714285714288,20.532285714285713,20.90685714285714,21.18537142857143,21.228571428571428,22.12042857142857,23.295799999999996,24.167,25.038200000000003,26.17002857142857,26.99657142857143,3.418571428571428,0.0860943952761107,3.26,3.302,3.37,3.45,3.48,3.496,3.52,
-86.9145,40.4615,45,248,1001,459,520110,68,66736,None,None,None,None,None,None,None,None,None,None,LTE+Sub6,1,1,1.0,0,0,0,0,0,0,0,0,0,0,0,0,0,0,0,0,0,0,0,0,0,0,0,0,0,0,0,0,0,0,0,0,0,0,0,0,
-86.9145,40.4615,60,248,1001,459,520110,68,66736,None,None,None,None,None,None,None,None,None,None,LTE+Sub6,6,2,0.3333333333333333,2,0,0.0,0,0,0,0,0,0,0,0,0,0,0,0,0,0,0,0,0,0,0,0,0,0,0,0,0,0,0,0,0,0,0,0,0,
-86.9145,40.4615,60,248,1001,None,None,68,66736,None,None,None,None,None,None,None,None,None,None,LTE,6,2,0.3333333333333333,2,2,1.0,0.06571428571428571,0.06571428571428571,0.0,0.013142857142857144,0.032857142857142856,0.06571428571428571,0.09857142857142856,0.11828571428571429,0.13142857142857142,2.805714285714286,2.6651428571428575,0.1405714285714286,0.6736000000000001,1.2066285714285716,1.4731428571428573,1.739657142857143,2.2726857142857146,2.805714285714286,3.3387428571428575,3.871771428571429,4.138285714285715,4.404800000000001,4.937828571428572,5.4708571428571435,3.0,0.0,3.0,3.0,3.0,3.0,3.0,3.0,3.0,
-86.9145,40.4615,60,248,1001,0,520110,68,66736,None,None,None,None,None,None,None,None,None,None,LTE+Sub6,6,2,0.3333333333333333,2,0,0.0,0,0,0,0,0,0,0,0,0,0,0,0,0,0,0,0,0,0,0,0,0,0,0,0,0,0,0,0,0,0,0,0,0,
-86.914,40.4615,60,248,1001,743,520110,68,66736,None,None,None,None,None,None,None,None,None,None,LTE+Sub6,72,1,0.013888888888888888,65,0,0.0,0,0,0,0,0,0,0,0,0,0,0,0,0,0,0,0,0,0,0,0,0,0,0,0,0,0,0,0,0,0,0,0,0,
-86.914,40.4615,60,248,1001,0,520110,68,66736,None,None,None,None,None,None,None,None,None,None,LTE+Sub6,72,3,0.041666666666666664,65,0,0.0,0,0,0,0,0,0,0,0,0,0,0,0,0,0,0,0,0,0,0,0,0,0,0,0,0,0,0,0,0,0,0,0,0,
-86.914,40.4615,60,248,1001,459,520110,68,66736,None,None,None,None,None,None,None,None,None,None,LTE+Sub6,72,5,0.06944444444444445,65,4,0.06153846153846154,0.151,0.05856193302820528,0.05,0.0884,0.146,0.1805,0.1855,0.19,0.193,3.1357500000000003,1.4031557958758536,0.78,1.5792000000000002,2.3784,2.778,3.1776,3.5352,3.6719999999999997,3.8087999999999997,3.9518999999999997,4.02975,4.1076,4.2633,4.419,0.0,0.0,0.0,0.0,0.0,0.0,0.0,0.0,0.0,
-86.914,40.4615,60,248,1001,None,None,68,66736,None,None,None,None,None,None,None,None,None,None,LTE,72,1,0.013888888888888888,65,1,0.015384615384615385,0.08685714285714285,0.0,0.08685714285714285,0.08685714285714285,0.08685714285714285,0.08685714285714285,0.08685714285714285,0.08685714285714285,0.08685714285714285,1.4994285714285713,0.0,1.4994285714285713,1.4994285714285713,1.4994285714285713,1.4994285714285713,1.4994285714285713,1.4994285714285713,1.4994285714285713,1.4994285714285713,1.4994285714285713,1.4994285714285713,1.4994285714285713,1.4994285714285713,1.4994285714285713,3.0,0.0,3.0,3.0,3.0,3.0,3.0,3.0,3.0,
-86.914,40.4615,60,None,None,700,125290,None,None,None,None,None,None,None,None,None,None,None,None,LTE+Sub6,72,53,0.7361111111111112,65,52,0.8,0.21911263736263736,0.028415347530954378,0.13028571428571428,0.19558571428571428,0.20675,0.21657142857142858,0.229,0.2533714285714285,0.3097142857142857,17.106568681318677,4.42039494508778,6.441142857142857,13.021128571428571,13.982457142857143,14.46675,14.916685714285714,16.026742857142857,16.5215,16.836314285714288,17.4744,18.736285714285714,20.01117142857143,22.1177,30.64685714285714,3.2911538461538465,0.10467263704877967,3.06,3.161,3.21,3.3,3.3525,3.408,3.69,
-86.914,40.4615,60,None,None,9,129870,None,None,None,None,None,None,None,None,None,None,None,None,LTE+Sub6,72,9,0.125,65,8,0.12307692307692308,0.22335714285714287,0.01362395848855828,0.20685714285714285,0.20975714285714286,0.21175,0.22,0.233,0.2399,0.249,14.828660714285714,2.3990351461231625,11.821,12.4631,12.779428571428571,12.815428571428573,12.939328571428572,13.626628571428572,14.192499999999999,14.882971428571429,16.006371428571427,16.51889285714286,17.011742857142856,18.0331,19.102,3.315,0.08703447592764603,3.14,3.196,3.2649999999999997,3.3600000000000003,3.3825,3.39,3.39,
-86.914,40.4615,75,248,1001,0,520110,68,66736,None,None,None,None,None,None,None,None,None,None,LTE+Sub6,76,9,0.11842105263157894,54,0,0.0,0,0,0,0,0,0,0,0,0,0,0,0,0,0,0,0,0,0,0,0,0,0,0,0,0,0,0,0,0,0,0,0,0,
-86.914,40.4615,75,248,1001,459,520110,68,66736,None,None,None,None,None,None,None,None,None,None,LTE+Sub6,76,5,0.06578947368421052,54,0,0.0,0,0,0,0,0,0,0,0,0,0,0,0,0,0,0,0,0,0,0,0,0,0,0,0,0,0,0,0,0,0,0,0,0,
-86.914,40.4615,75,248,1001,743,520110,68,66736,None,None,None,None,None,None,None,None,None,None,LTE+Sub6,76,3,0.039473684210526314,54,1,0.018518518518518517,0.16571428571428573,0.0,0.16571428571428573,0.16571428571428573,0.16571428571428573,0.16571428571428573,0.16571428571428573,0.16571428571428573,0.16571428571428573,2.793142857142857,0.0,2.793142857142857,2.793142857142857,2.793142857142857,2.793142857142857,2.793142857142857,2.793142857142857,2.793142857142857,2.793142857142857,2.793142857142857,2.793142857142857,2.793142857142857,2.793142857142857,2.793142857142857,0.0,0.0,0.0,0.0,0.0,0.0,0.0,0.0,0.0,
-86.914,40.4615,75,None,None,700,125290,None,None,None,None,None,None,None,None,None,None,None,None,LTE+Sub6,76,51,0.6710526315789473,54,45,0.8333333333333334,0.2180285714285714,0.027932208182817452,0.123,0.18660000000000002,0.207,0.217,0.23885714285714285,0.24754285714285715,0.281,16.45990793650794,4.284256817694253,5.821,11.5198,13.109514285714285,13.789,14.220914285714285,14.9374,16.525714285714287,17.5838,18.8812,19.324571428571428,19.496,21.2352,27.856,3.3222222222222224,0.10778350500246908,3.18,3.2,3.24,3.31,3.38,3.48,3.66,
-86.914,40.4615,75,None,None,9,129870,None,None,None,None,None,None,None,None,None,None,None,None,LTE+Sub6,76,8,0.10526315789473684,54,8,0.14814814814814814,0.20017857142857143,0.021350661940701565,0.15085714285714286,0.17615714285714285,0.19589285714285715,0.20492857142857143,0.21742857142857142,0.21862857142857142,0.21942857142857142,12.038107142857143,2.1027603466051716,7.211428571428572,10.132928571428572,11.558771428571427,11.710821428571428,11.843185714285713,12.009485714285715,12.261071428571428,12.510857142857143,12.670857142857143,12.989428571428572,13.403428571428572,14.152571428571429,14.79657142857143,3.2337499999999997,0.12989779636314086,3.07,3.091,3.1075,3.235,3.3525,3.375,3.41,
-86.914,40.4615,90,248,1001,459,520110,68,66736,None,None,None,None,None,None,None,None,None,None,LTE+Sub6,78,5,0.0641025641025641,61,0,0.0,0,0,0,0,0,0,0,0,0,0,0,0,0,0,0,0,0,0,0,0,0,0,0,0,0,0,0,0,0,0,0,0,0,
-86.914,40.4615,90,248,1001,0,520110,68,66736,None,None,None,None,None,None,None,None,None,None,LTE+Sub6,78,8,0.10256410256410256,61,0,0.0,0,0,0,0,0,0,0,0,0,0,0,0,0,0,0,0,0,0,0,0,0,0,0,0,0,0,0,0,0,0,0,0,0,
-86.914,40.4615,90,248,1001,743,520110,68,66736,None,None,None,None,None,None,None,None,None,None,LTE+Sub6,78,3,0.038461538461538464,61,0,0.0,0,0,0,0,0,0,0,0,0,0,0,0,0,0,0,0,0,0,0,0,0,0,0,0,0,0,0,0,0,0,0,0,0,
-86.914,40.4615,90,None,None,700,125290,None,None,None,None,None,None,None,None,None,None,None,None,LTE+Sub6,78,54,0.6923076923076923,61,53,0.8688524590163934,0.21687601078167115,0.029609550511722354,0.112,0.182,0.2,0.224,0.24,0.24937142857142858,0.2651428571428572,16.435876010781673,3.7231442882145513,6.594,12.158171428571428,13.989085714285714,14.351,14.8056,15.534514285714286,15.985142857142858,16.639742857142856,17.8386,18.534,19.357142857142858,21.127000000000002,24.749714285714287,3.3594339622641507,0.09711722335909172,3.16,3.26,3.3,3.36,3.41,3.468,3.63,
-86.914,40.4615,90,None,None,9,129870,None,None,None,None,None,None,None,None,None,None,None,None,LTE+Sub6,78,8,0.10256410256410256,61,8,0.13114754098360656,0.24292857142857144,0.01505567897465123,0.22171428571428572,0.2241142857142857,0.2287857142857143,0.24328571428571427,0.25925,0.26030000000000003,0.261,18.417964285714284,3.20216512591441,14.18742857142857,14.81702857142857,15.238114285714286,15.370464285714286,15.674199999999999,17.1386,18.252214285714288,19.23754285714286,20.252942857142855,20.964,21.7564,22.775399999999998,23.04,3.21625,0.054985793619806836,3.12,3.155,3.1775,3.225,3.2424999999999997,3.2859999999999996,3.3,
-86.914,40.4615,105,248,1001,459,520110,68,66736,None,None,None,None,None,None,None,None,None,None,LTE+Sub6,84,7,0.08333333333333333,57,0,0.0,0,0,0,0,0,0,0,0,0,0,0,0,0,0,0,0,0,0,0,0,0,0,0,0,0,0,0,0,0,0,0,0,0,
-86.914,40.4615,105,248,1001,0,520110,68,66736,None,None,None,None,None,None,None,None,None,None,LTE+Sub6,84,7,0.08333333333333333,57,0,0.0,0,0,0,0,0,0,0,0,0,0,0,0,0,0,0,0,0,0,0,0,0,0,0,0,0,0,0,0,0,0,0,0,0,
-86.914,40.4615,105,248,1001,743,520110,68,66736,None,None,None,None,None,None,None,None,None,None,LTE+Sub6,84,4,0.047619047619047616,57,0,0.0,0,0,0,0,0,0,0,0,0,0,0,0,0,0,0,0,0,0,0,0,0,0,0,0,0,0,0,0,0,0,0,0,0,
-86.914,40.4615,105,248,1001,314,520110,68,66736,None,None,None,None,None,None,None,None,None,None,LTE+Sub6,84,1,0.011904761904761904,57,0,0.0,0,0,0,0,0,0,0,0,0,0,0,0,0,0,0,0,0,0,0,0,0,0,0,0,0,0,0,0,0,0,0,0,0,
-86.914,40.4615,105,None,None,700,125290,None,None,None,None,None,None,None,None,None,None,None,None,LTE+Sub6,84,57,0.6785714285714286,57,51,0.8947368421052632,0.189484593837535,0.051569299198195584,0.024,0.13714285714285715,0.167,0.199,0.2295,0.242,0.252,12.61010644257703,5.088694690127738,0.974,6.919,8.272,8.695,8.971428571428572,11.281,12.435,15.523428571428571,16.179,16.531785714285714,17.12,18.698285714285714,21.346,3.4990196078431377,0.5724740079790618,3.02,3.14,3.245,3.32,3.46,3.94,5.7,
-86.914,40.4615,105,None,None,9,129870,None,None,None,None,None,None,None,None,None,None,None,None,LTE+Sub6,84,8,0.09523809523809523,57,6,0.10526315789473684,0.2009761904761905,0.03851675284123918,0.1382857142857143,0.15714285714285714,0.18075,0.19864285714285715,0.23228571428571426,0.24714285714285714,0.252,13.944190476190476,4.911170891095315,6.457142857142857,8.357571428571429,10.258,10.97175,11.6855,13.113,13.469071428571429,13.825142857142858,16.584,17.963428571428572,19.34285714285714,20.00592857142857,20.669,3.3166666666666664,0.05647024782032475,3.23,3.25,3.2824999999999998,3.325,3.3375,3.375,3.41,
-86.914,40.4615,120,248,1001,743,520110,68,66736,None,None,None,None,None,None,None,None,None,None,LTE+Sub6,53,2,0.03773584905660377,37,0,0.0,0,0,0,0,0,0,0,0,0,0,0,0,0,0,0,0,0,0,0,0,0,0,0,0,0,0,0,0,0,0,0,0,0,
-86.914,40.4615,120,248,1001,0,520110,68,66736,None,None,None,None,None,None,None,None,None,None,LTE+Sub6,53,6,0.11320754716981132,37,0,0.0,0,0,0,0,0,0,0,0,0,0,0,0,0,0,0,0,0,0,0,0,0,0,0,0,0,0,0,0,0,0,0,0,0,
-86.914,40.4615,120,248,1001,459,520110,68,66736,None,None,None,None,None,None,None,None,None,None,LTE+Sub6,53,5,0.09433962264150944,37,0,0.0,0,0,0,0,0,0,0,0,0,0,0,0,0,0,0,0,0,0,0,0,0,0,0,0,0,0,0,0,0,0,0,0,0,
-86.914,40.4615,120,None,None,700,125290,None,None,None,None,None,None,None,None,None,None,None,None,LTE+Sub6,53,40,0.7547169811320755,37,37,1.0,0.16414285714285715,0.05751901290015566,0.016,0.0796,0.139,0.18057142857142858,0.205,0.22148571428571426,0.25,9.677223938223937,4.504864550010836,0.856,3.5490285714285714,5.619942857142857,6.377142857142857,7.1334,9.048114285714284,10.154,11.527314285714285,12.320685714285714,12.568,13.615228571428572,14.700914285714285,19.077,3.358648648648649,0.46231007590356243,3.0,3.006,3.13,3.29,3.4,3.456,5.44,
-86.9145,40.4615,0,None,None,700,125290,None,None,None,None,None,None,None,None,None,None,None,None,LTE+Sub6,16,16,1.0,12,12,1.0,0.18620238095238095,0.022018039784770096,0.15314285714285714,0.1583142857142857,0.17057142857142857,0.184,0.20660714285714285,0.21554285714285715,0.221,13.156154761904764,2.8033447238994245,9.554285714285713,10.928342857142859,10.977228571428572,11.01832142857143,11.0859,11.2416,12.277000000000001,13.5674,14.0191,14.587785714285715,15.612514285714287,16.14662857142857,19.591,8.334166666666667,3.602527951159975,4.19,4.479,5.25,7.205,12.1425,12.786000000000001,14.92,
