grid_lat,grid_lon,grid_height,total_sample,thput_mean,thput_std,thput_0,thput_5,thput_10,thput_25,thput_50,thput_75,thput_90,thput_95,thput_100,rbs_mean,rbs_std,rbs_0,rbs_25,rbs_50,rbs_75,rbs_100,rtt_mean,rtt_std,rtt_0,rtt_10,rtt_25,rtt_50,rtt_75,rtt_90,rtt_100,rsrp_mean,rsrp_std,rsrp_0,rsrp_10,rsrp_25,rsrp_50,rsrp_75,rsrp_90,rsrp_100,rsrq_mean,rsrq_std,rsrq_0,rsrq_10,rsrq_25,rsrq_50,rsrq_75,rsrq_90,rsrq_100
-86.9475,40.4675,0.0000,23.0000,22.7230,11.7083,9.7590,13.1643,14.0530,16.7170,20.5180,24.1349,32.3402,34.6907,70.0590,5.9439,2.2581,3.3500,4.2150,5.2100,7.3000,11.9700,724.0870,353.5140,231.0000,296.4000,424.0000,686.0000,951.0000,1249.6000,1398.0000,-107.4391,2.9085,-112.2200,-110.2460,-109.3800,-108.1000,-106.1950,-104.9680,-99.2200,-12.6696,0.6626,-13.7500,-13.5180,-12.9550,-12.8200,-12.3950,-11.8560,-10.7800
-86.9470,40.4670,0.0000,18.0000,22.0309,5.8179,8.6320,14.7503,15.9938,17.5285,21.9401,26.0625,28.9746,30.9937,32.1029,5.1150,1.5274,3.0200,4.2900,4.7850,5.6750,8.6900,926.6722,441.0442,68.1000,155.1000,728.2500,1025.5000,1280.2500,1305.2000,1659.0000,-108.2756,1.5625,-109.8400,-109.5840,-109.1775,-108.7150,-108.1250,-106.4760,-103.5800,-13.0594,0.7549,-13.9300,-13.7200,-13.5650,-13.3350,-12.9250,-11.5750,-11.4100
-86.9470,40.4675,0.0000,17.0000,27.9512,9.5667,15.2880,17.4091,19.4164,22.4770,27.3783,29.5400,32.6409,38.6555,60.9211,5.4888,0.8924,4.1100,5.0900,5.2500,5.7400,7.7200,894.8235,143.5353,620.0000,707.0000,832.0000,885.0000,946.0000,1082.8000,1172.0000,-108.0212,2.9138,-110.4100,-110.0300,-109.6600,-109.2300,-107.7800,-105.5040,-98.3300,-13.0300,0.7369,-13.8200,-13.6720,-13.3500,-13.1700,-13.0400,-12.3760,-10.7700
-86.9470,40.4680,0.0000,1.0000,24.8600,0.0000,24.8600,24.8600,24.8600,24.8600,24.8600,24.8600,24.8600,24.8600,24.8600,6.0800,0.0000,6.0800,6.0800,6.0800,6.0800,6.0800,1252.0000,0.0000,1252.0000,1252.0000,1252.0000,1252.0000,1252.0000,1252.0000,1252.0000,-109.5900,0.0000,-109.5900,-109.5900,-109.5900,-109.5900,-109.5900,-109.5900,-109.5900,-13.1600,0.0000,-13.1600,-13.1600,-13.1600,-13.1600,-13.1600,-13.1600,-13.1600
-86.9465,40.4675,0.0000,5.0000,24.1782,6.0716,19.8840,19.9870,20.0899,20.3989,21.0300,23.5154,31.0439,33.5534,36.0629,6.5120,1.8629,4.9000,5.0700,5.6500,7.0100,9.9300,984.0000,147.2196,791.0000,803.4000,822.0000,1059.0000,1119.0000,1125.0000,1129.0000,-109.5140,2.3980,-111.9200,-111.7040,-111.3800,-111.0400,-107.0300,-106.5320,-106.2000,-13.8260,0.3960,-14.5200,-14.2840,-13.9300,-13.7900,-13.4500,-13.4440,-13.4400
-86.9465,40.4680,0.0000,5.0000,23.2236,4.4835,16.9010,17.4352,17.9694,19.5720,24.0149,26.3303,28.1121,28.7061,29.3000,5.9360,0.8387,5.1700,5.3700,5.7900,5.8100,7.5400,1107.6000,149.8981,856.0000,937.2000,1059.0000,1155.0000,1155.0000,1249.8000,1313.0000,-110.7680,0.4694,-111.2200,-111.2120,-111.2000,-111.0100,-110.3000,-110.1860,-110.1100,-13.6040,0.2108,-13.8000,-13.7640,-13.7100,-13.7000,-13.6100,-13.3640,-13.2000
-86.9460,40.4670,0.0000,1.0000,37.8520,0.0000,37.8520,37.8520,37.8520,37.8520,37.8520,37.8520,37.8520,37.8520,37.8520,12.2900,0.0000,12.2900,12.2900,12.2900,12.2900,12.2900,793.0000,0.0000,793.0000,793.0000,793.0000,793.0000,793.0000,793.0000,793.0000,-109.1700,0.0000,-109.1700,-109.1700,-109.1700,-109.1700,-109.1700,-109.1700,-109.1700,-12.5200,0.0000,-12.5200,-12.5200,-12.5200,-12.5200,-12.5200,-12.5200,-12.5200
-86.9460,40.4675,0.0000,2.0000,40.0207,10.1507,29.8700,30.8851,31.9001,34.9454,40.0207,45.0961,48.1413,49.1564,50.1714,6.9200,1.7600,5.1600,6.0400,6.9200,7.8000,8.6800,517.0000,104.0000,413.0000,433.8000,465.0000,517.0000,569.0000,600.2000,621.0000,-103.8000,3.2800,-107.0800,-106.4240,-105.4400,-103.8000,-102.1600,-101.1760,-100.5200,-11.4900,0.1500,-11.6400,-11.6100,-11.5650,-11.4900,-11.4150,-11.3700,-11.3400
-86.9460,40.4680,0.0000,7.0000,23.3548,5.6885,15.6470,16.5898,17.5326,19.0949,22.9920,27.4735,31.3630,31.5355,31.7080,5.6386,0.4111,5.2200,5.3700,5.4900,5.7550,6.5100,898.2857,190.3513,721.0000,721.0000,770.0000,834.0000,950.0000,1146.0000,1293.0000,-110.4514,0.8360,-111.6900,-111.4020,-110.9250,-110.6200,-110.0250,-109.4600,-108.9500,-13.4343,0.3588,-14.0900,-13.8980,-13.6450,-13.3000,-13.1900,-13.0700,-12.9800
-86.9455,40.4670,0.0000,2.0000,30.7250,0.1410,30.5840,30.5981,30.6122,30.6545,30.7250,30.7955,30.8378,30.8519,30.8660,9.5350,0.7950,8.7400,9.1375,9.5350,9.9325,10.3300,793.5000,0.5000,793.0000,793.1000,793.2500,793.5000,793.7500,793.9000,794.0000,-108.0600,1.8000,-109.8600,-109.5000,-108.9600,-108.0600,-107.1600,-106.6200,-106.2600,-12.1450,0.2950,-12.4400,-12.3810,-12.2925,-12.1450,-11.9975,-11.9090,-11.8500
-86.9455,40.4680,0.0000,7.0000,17.3132,4.2908,10.4430,11.2260,12.0090,14.4135,17.9770,19.9407,22.0804,23.0722,24.0640,5.3186,0.4153,4.9600,5.0700,5.0800,5.4550,6.1400,1343.2857,220.9025,948.0000,1081.8000,1232.0000,1351.0000,1504.0000,1612.2000,1632.0000,-110.2129,0.7724,-110.8400,-110.8100,-110.7450,-110.4500,-110.1000,-109.2600,-108.5100,-13.2357,0.3325,-13.7500,-13.6540,-13.4350,-13.2400,-13.0400,-12.8360,-12.7100
-86.9455,40.4690,0.0000,3.0000,10.1822,2.0884,7.2320,7.6625,8.0930,9.3844,11.5369,11.6573,11.7296,11.7537,11.7778,13.3367,1.0744,12.3100,12.5950,12.8800,13.8500,14.8200,1978.6667,375.2380,1448.0000,1607.2000,1846.0000,2244.0000,2244.0000,2244.0000,2244.0000,-107.7533,1.0272,-108.7800,-108.6500,-108.4550,-108.1300,-107.2400,-106.7060,-106.3500,-11.6100,0.0572,-11.6800,-11.6660,-11.6450,-11.6100,-11.5750,-11.5540,-11.5400
-86.9455,40.4695,0.0000,47.0000,23.6570,6.6460,8.5316,13.5564,16.0082,20.6742,23.1093,26.5538,29.8206,36.4157,42.5564,8.6691,3.3452,3.8800,5.6300,8.6800,10.4750,16.8800,538.0085,579.8983,14.9000,16.3000,31.2000,87.9000,1090.0000,1379.8000,1653.0000,-101.9662,3.1077,-109.6400,-106.8040,-104.1500,-101.0000,-99.5600,-98.6540,-97.2000,-12.2357,0.6888,-14.0600,-13.0940,-12.6450,-12.2500,-11.6900,-11.3540,-10.8200
-86.9455,40.4700,0.0000,29.0000,15.9552,12.4235,1.0110,1.1384,3.5323,6.9653,10.9884,20.7209,36.8320,41.7356,43.0871,8.8686,11.7442,3.0000,3.0000,4.6900,5.4350,37.5200,128.1481,98.5233,18.4000,31.5400,52.3500,75.5000,219.0000,287.8000,314.0000,-101.6511,5.3359,-110.3300,-109.1260,-107.5100,-100.2700,-97.6450,-95.4420,-93.0100,-10.9522,0.3188,-11.5300,-11.4220,-11.1800,-10.9700,-10.6800,-10.5100,-10.5100
-86.9450,40.4670,0.0000,3.0000,19.4114,1.8019,17.1269,17.3718,17.6167,18.3514,19.5760,20.5537,21.1403,21.3359,21.5314,13.7300,0.7502,12.6700,13.4450,14.2200,14.2600,14.3000,1399.3333,202.8617,1160.0000,1204.4000,1271.0000,1382.0000,1519.0000,1601.2000,1656.0000,-112.2400,0.5375,-112.6300,-112.6260,-112.6200,-112.6100,-112.0450,-111.7060,-111.4800,-13.4833,0.6498,-14.3000,-14.1280,-13.8700,-13.4400,-13.0750,-12.8560,-12.7100
-86.9450,40.4680,0.0000,7.0000,17.7704,1.6810,15.3220,15.4973,15.6726,16.3377,17.9100,19.2583,19.6132,19.7911,19.9690,5.6943,0.9518,4.3300,5.1500,5.6600,6.0250,7.5200,1386.5714,186.0982,1088.0000,1160.0000,1251.5000,1384.0000,1558.0000,1600.0000,1615.0000,-109.2814,0.5824,-110.4600,-110.0100,-109.5250,-109.0600,-108.8500,-108.7060,-108.7000,-13.1500,0.3373,-13.6000,-13.5760,-13.4600,-13.1100,-12.8400,-12.7400,-12.7400
-86.9450,40.4690,0.0000,6.0000,10.9495,2.0497,8.1191,8.3580,8.5969,9.3078,11.0636,12.2933,13.1880,13.6064,14.0249,12.6600,1.5629,10.5100,11.2000,13.0650,13.9250,14.5300,1956.0000,415.5627,1056.0000,1522.0000,2017.2500,2109.5000,2129.7500,2236.5000,2338.0000,-108.7217,1.6864,-110.3800,-110.2700,-110.0500,-109.1750,-108.1500,-106.7200,-105.4500,-12.3067,0.4136,-12.8700,-12.7300,-12.5500,-12.3750,-12.1325,-11.8150,-11.5600
-86.9445,40.4670,0.0000,3.0000,15.1640,3.5575,12.0891,12.2055,12.3219,12.6711,13.2530,16.7015,18.7706,19.4603,20.1500,10.4967,1.5128,9.2900,9.4300,9.5700,11.1000,12.6300,1505.6667,38.6552,1451.0000,1467.4000,1492.0000,1533.0000,1533.0000,1533.0000,1533.0000,-111.5300,0.6158,-112.4000,-112.1460,-111.7650,-111.1300,-111.0950,-111.0740,-111.0600,-13.7733,0.4862,-14.4600,-14.2600,-13.9600,-13.4600,-13.4300,-13.4120,-13.4000
-86.9445,40.4690,0.0000,4.0000,10.4378,1.9134,7.5076,7.8958,8.2841,9.4489,10.8138,11.8027,12.2907,12.4533,12.6160,10.4075,1.1080,8.8000,9.7150,10.5600,11.2525,11.7100,2157.7500,395.8537,1630.0000,1717.3000,1848.2500,2230.5000,2540.0000,2540.0000,2540.0000,-109.5700,2.0732,-111.6700,-111.4960,-111.2350,-110.1250,-108.4600,-107.2000,-106.3600,-12.1525,0.4464,-12.5900,-12.5750,-12.5525,-12.2600,-11.8600,-11.6440,-11.5000
-86.9440,40.4670,0.0000,2.0000,26.7093,3.7673,22.9420,23.3187,23.6955,24.8256,26.7093,28.5929,29.7231,30.0998,30.4766,5.4550,0.3050,5.1500,5.3025,5.4550,5.6075,5.7600,872.5000,154.5000,718.0000,748.9000,795.2500,872.5000,949.7500,996.1000,1027.0000,-107.5300,1.4500,-108.9800,-108.6900,-108.2550,-107.5300,-106.8050,-106.3700,-106.0800,-12.3100,0.6000,-12.9100,-12.7900,-12.6100,-12.3100,-12.0100,-11.8300,-11.7100
-86.9440,40.4690,0.0000,5.0000,13.0286,1.7918,10.8107,11.0380,11.2654,11.9476,12.2053,14.4613,15.2155,15.4668,15.7182,14.0780,1.3476,12.1000,12.8500,14.8500,15.0700,15.5200,1005.2500,472.1585,210.0000,486.6000,901.5000,1186.0000,1289.7500,1379.3000,1439.0000,-106.6480,0.5491,-107.2500,-107.2180,-107.1700,-106.8200,-106.0400,-105.9920,-105.9600,-11.6640,0.0441,-11.7300,-11.7180,-11.7000,-11.6400,-11.6400,-11.6220,-11.6100
-86.9435,40.4665,0.0000,2.0000,37.2645,5.8715,31.3930,31.9802,32.5673,34.3287,37.2645,40.2003,41.9617,42.5489,43.1360,3.9750,0.1550,3.8200,3.8975,3.9750,4.0525,4.1300,609.0000,47.0000,562.0000,571.4000,585.5000,609.0000,632.5000,646.6000,656.0000,-101.3500,0.6200,-101.9700,-101.8460,-101.6600,-101.3500,-101.0400,-100.8540,-100.7300,-10.9850,0.0350,-11.0200,-11.0130,-11.0025,-10.9850,-10.9675,-10.9570,-10.9500
-86.9435,40.4685,0.0000,3.0000,17.4996,0.9645,16.2880,16.4155,16.5429,16.9253,17.5627,18.1053,18.4309,18.5395,18.6480,11.2000,1.5369,9.7600,10.1350,10.5100,11.9200,13.3300,1173.0000,190.2858,1032.0000,1034.6000,1038.5000,1045.0000,1243.5000,1362.6000,1442.0000,-104.1067,0.3391,-104.5300,-104.4420,-104.3100,-104.0900,-103.8950,-103.7780,-103.7000,-11.6533,0.1021,-11.7800,-11.7540,-11.7150,-11.6500,-11.5900,-11.5540,-11.5300
-86.9435,40.4690,0.0000,3.0000,16.4299,2.1856,13.3431,13.7923,14.2414,15.5889,17.8347,17.9733,18.0565,18.0843,18.1120,10.3900,1.6303,8.6500,9.3000,9.9500,11.2600,12.5700,1214.0000,201.0290,951.0000,1011.2000,1101.5000,1252.0000,1345.5000,1401.6000,1439.0000,-106.0400,0.6293,-106.4900,-106.4880,-106.4850,-106.4800,-105.8150,-105.4160,-105.1500,-11.8367,0.1443,-12.0400,-11.9820,-11.8950,-11.7500,-11.7350,-11.7260,-11.7200
-86.9430,40.4665,0.0000,3.0000,53.0780,16.3745,40.2057,40.4695,40.7333,41.5246,42.8434,59.5142,69.5167,72.8508,76.1850,3.4867,0.3437,3.2000,3.2450,3.2900,3.6300,3.9700,521.0000,150.9238,330.0000,370.8000,432.0000,534.0000,616.5000,666.0000,699.0000,-91.0867,4.0313,-96.1100,-95.0700,-93.5100,-90.9100,-88.5750,-87.1740,-86.2400,-10.6200,0.0572,-10.7000,-10.6780,-10.6450,-10.5900,-10.5800,-10.5740,-10.5700
-86.9430,40.4675,0.0000,7.0000,18.3642,5.1349,9.1876,10.8449,12.5022,15.4178,19.5973,21.3164,23.4624,24.8792,26.2960,10.5071,2.8311,6.7400,8.1650,9.9900,12.8650,14.7600,1238.0000,496.8044,752.0000,782.6000,844.5000,1007.0000,1615.0000,1988.0000,1988.0000,-104.2857,0.6267,-105.2700,-105.0780,-104.7000,-104.2700,-103.8700,-103.5720,-103.3200,-13.3043,0.7694,-14.6000,-14.2100,-13.8050,-13.2200,-12.7500,-12.4100,-12.2000
-86.9430,40.4680,0.0000,7.0000,14.8179,5.9506,9.0409,9.0582,9.0756,10.1556,13.0898,17.3760,22.7086,24.6201,26.5316,11.4114,2.4826,7.6600,10.2500,11.2500,12.0100,16.4500,1687.1429,521.2842,650.0000,948.2000,1512.5000,1970.0000,2020.0000,2092.0000,2125.0000,-106.1043,1.5232,-108.1900,-107.7040,-107.2900,-106.2100,-105.0450,-104.1040,-103.6600,-12.4671,0.5089,-13.1100,-13.0860,-12.9700,-12.2900,-12.1050,-11.8880,-11.7200
-86.9430,40.4685,0.0000,4.0000,20.5169,1.6966,17.7129,18.1749,18.6369,20.0229,21.0689,21.5629,21.9553,22.0861,22.2169,9.8850,2.5595,6.5100,8.0850,9.8650,11.6650,13.3000,1095.7500,268.4924,706.0000,793.6000,925.0000,1137.0000,1307.7500,1364.9000,1403.0000,-103.9650,0.2512,-104.1800,-104.1770,-104.1725,-104.0600,-103.8525,-103.6770,-103.5600,-11.5700,0.0875,-11.7100,-11.6650,-11.5975,-11.5500,-11.5225,-11.4910,-11.4700
-86.9425,40.4665,0.0000,2.0000,75.0085,6.6035,68.4050,69.0653,69.7257,71.7067,75.0085,78.3102,80.2913,80.9517,81.6120,3.2350,0.0150,3.2200,3.2275,3.2350,3.2425,3.2500,335.0000,142.0000,193.0000,221.4000,264.0000,335.0000,406.0000,448.6000,477.0000,-86.3900,0.7100,-87.1000,-86.9580,-86.7450,-86.3900,-86.0350,-85.8220,-85.6800,-10.5600,0.0000,-10.5600,-10.5600,-10.5600,-10.5600,-10.5600,-10.5600,-10.5600
-86.9425,40.4675,0.0000,3.0000,25.0782,0.4240,24.7582,24.7623,24.7664,24.7787,24.7991,25.2382,25.5017,25.5895,25.6773,8.8433,1.1650,7.7600,8.0350,8.3100,9.3850,10.4600,1016.3333,6.5997,1007.0000,1009.8000,1014.0000,1021.0000,1021.0000,1021.0000,1021.0000,-97.9900,1.4705,-100.0300,-99.4880,-98.6750,-97.3200,-96.9700,-96.7600,-96.6200,-11.1867,0.1443,-11.3900,-11.3320,-11.2450,-11.1000,-11.0850,-11.0760,-11.0700
-86.9420,40.4665,0.0000,3.0000,78.3813,29.7620,38.9230,43.5731,48.2232,62.1735,85.4240,98.1105,105.7224,108.2597,110.7970,3.2967,0.1109,3.1700,3.2250,3.2800,3.3600,3.4400,467.3333,92.6511,368.0000,383.0000,405.5000,443.0000,517.0000,561.4000,591.0000,-90.2933,2.1176,-93.0000,-92.4100,-91.5250,-90.0500,-88.9400,-88.2740,-87.8300,-10.6300,0.0990,-10.7700,-10.7280,-10.6650,-10.5600,-10.5600,-10.5600,-10.5600
-86.9420,40.4675,0.0000,4.0000,29.7229,5.1667,23.9413,24.2056,24.4699,25.2627,29.0933,33.5536,35.4796,36.1216,36.7636,7.3375,2.3070,4.8200,5.1650,7.2750,9.4475,9.9800,700.0000,195.5722,542.0000,542.0000,542.0000,618.5000,776.5000,923.2000,1021.0000,-90.0075,2.8670,-94.5100,-93.2230,-91.2925,-89.3600,-88.0750,-87.3100,-86.8000,-10.6950,0.1492,-10.9500,-10.8600,-10.7250,-10.6200,-10.5900,-10.5900,-10.5900
-86.9415,40.4665,0.0000,2.0000,42.4565,7.9985,34.4580,35.2578,36.0577,38.4573,42.4565,46.4557,48.8553,49.6551,50.4550,3.4900,0.0200,3.4700,3.4800,3.4900,3.5000,3.5100,535.0000,8.0000,527.0000,528.6000,531.0000,535.0000,539.0000,541.4000,543.0000,-95.7000,1.1800,-96.8800,-96.6440,-96.2900,-95.7000,-95.1100,-94.7560,-94.5200,-10.9100,0.1100,-11.0200,-10.9980,-10.9650,-10.9100,-10.8550,-10.8220,-10.8000
-86.9415,40.4675,0.0000,2.0000,75.3356,10.1533,65.1822,66.1976,67.2129,70.2589,75.3356,80.4122,83.4582,84.4736,85.4889,5.3300,0.2400,5.0900,5.2100,5.3300,5.4500,5.5700,431.5000,48.5000,383.0000,392.7000,407.2500,431.5000,455.7500,470.3000,480.0000,-85.6750,2.3650,-88.0400,-87.5670,-86.8575,-85.6750,-84.4925,-83.7830,-83.3100,-10.5700,0.0100,-10.5800,-10.5780,-10.5750,-10.5700,-10.5650,-10.5620,-10.5600
-86.9410,40.4660,0.0000,2.0000,62.4480,6.3360,56.1120,56.7456,57.3792,59.2800,62.4480,65.6160,67.5168,68.1504,68.7840,3.7850,0.2250,3.5600,3.6725,3.7850,3.8975,4.0100,530.0000,21.0000,509.0000,513.2000,519.5000,530.0000,540.5000,546.8000,551.0000,-95.4000,0.2000,-95.6000,-95.5600,-95.5000,-95.4000,-95.3000,-95.2400,-95.2000,-10.6150,0.0150,-10.6300,-10.6270,-10.6225,-10.6150,-10.6075,-10.6030,-10.6000
-86.9410,40.4670,0.0000,2.0000,76.3222,4.2013,72.1209,72.5410,72.9612,74.2216,76.3222,78.4229,79.6833,80.1034,80.5236,4.1050,0.3050,3.8000,3.9525,4.1050,4.2575,4.4100,420.5000,39.5000,381.0000,388.9000,400.7500,420.5000,440.2500,452.1000,460.0000,-83.3550,0.5050,-83.8600,-83.7590,-83.6075,-83.3550,-83.1025,-82.9510,-82.8500,-10.5750,0.0050,-10.5800,-10.5790,-10.5775,-10.5750,-10.5725,-10.5710,-10.5700
-86.9410,40.4675,0.0000,1.0000,76.3182,0.0000,76.3182,76.3182,76.3182,76.3182,76.3182,76.3182,76.3182,76.3182,76.3182,4.9900,0.0000,4.9900,4.9900,4.9900,4.9900,4.9900,340.0000,0.0000,340.0000,340.0000,340.0000,340.0000,340.0000,340.0000,340.0000,-82.8900,0.0000,-82.8900,-82.8900,-82.8900,-82.8900,-82.8900,-82.8900,-82.8900,-10.5600,0.0000,-10.5600,-10.5600,-10.5600,-10.5600,-10.5600,-10.5600,-10.5600
-86.9405,40.4660,0.0000,3.0000,42.5576,12.6055,25.8377,27.8101,29.7826,35.6999,45.5620,50.9175,54.1308,55.2019,56.2730,3.9433,0.2391,3.6300,3.8100,3.9900,4.1000,4.2100,878.6667,239.4735,540.0000,641.6000,794.0000,1048.0000,1048.0000,1048.0000,1048.0000,-99.0367,0.9308,-100.1100,-99.9200,-99.6350,-99.1600,-98.5000,-98.1040,-97.8400,-10.7500,0.0860,-10.8500,-10.8320,-10.8050,-10.7600,-10.7000,-10.6640,-10.6400
-86.9405,40.4670,0.0000,3.0000,39.4604,6.7349,30.0267,31.3281,32.6295,36.5338,43.0409,44.1773,44.8592,45.0865,45.3138,4.8500,0.0779,4.7900,4.7950,4.8000,4.8800,4.9600,454.6667,118.1365,292.0000,334.2000,397.5000,503.0000,536.0000,555.8000,569.0000,-88.3167,1.0894,-89.8500,-89.4160,-88.7650,-87.6800,-87.5500,-87.4720,-87.4200,-10.6067,0.0236,-10.6400,-10.6300,-10.6150,-10.5900,-10.5900,-10.5900,-10.5900
-86.9400,40.4660,0.0000,2.0000,24.4950,3.4460,21.0490,21.3936,21.7382,22.7720,24.4950,26.2180,27.2518,27.5964,27.9410,5.3300,0.1500,5.1800,5.2550,5.3300,5.4050,5.4800,1119.5000,70.5000,1049.0000,1063.1000,1084.2500,1119.5000,1154.7500,1175.9000,1190.0000,-101.0250,0.1650,-101.1900,-101.1570,-101.1075,-101.0250,-100.9425,-100.8930,-100.8600,-10.6150,0.0050,-10.6200,-10.6190,-10.6175,-10.6150,-10.6125,-10.6110,-10.6100
-86.9400,40.4670,0.0000,3.0000,38.8984,6.0901,34.4907,34.5110,34.5314,34.5924,34.6942,41.1022,44.9470,46.2286,47.5102,6.4733,1.9387,4.5300,5.1500,5.7700,7.4450,9.1200,573.0000,133.6139,456.0000,465.4000,479.5000,503.0000,631.5000,708.6000,760.0000,-93.2233,0.8796,-93.9800,-93.9240,-93.8400,-93.7000,-92.8450,-92.3320,-91.9900,-10.8100,0.1435,-10.9400,-10.9280,-10.9100,-10.8800,-10.7450,-10.6640,-10.6100
-86.9395,40.4660,0.0000,3.0000,35.3073,7.3844,28.3770,28.7400,29.1030,30.1920,32.0070,38.7725,42.8318,44.1849,45.5380,4.0100,0.4243,3.7100,3.7100,3.7100,4.1600,4.6100,748.3333,119.7367,579.0000,629.8000,706.0000,833.0000,833.0000,833.0000,833.0000,-99.0667,0.7938,-100.1500,-99.8760,-99.4650,-98.7800,-98.5250,-98.3720,-98.2700,-10.6767,0.1156,-10.8400,-10.7920,-10.7200,-10.6000,-10.5950,-10.5920,-10.5900
-86.9395,40.4665,0.0000,2.0000,45.7809,5.7924,39.9884,40.5677,41.1469,42.8847,45.7809,48.6771,50.4148,50.9941,51.5733,6.6650,0.7150,5.9500,6.3075,6.6650,7.0225,7.3800,588.5000,14.5000,574.0000,576.9000,581.2500,588.5000,595.7500,600.1000,603.0000,-94.0300,1.3300,-95.3600,-95.0940,-94.6950,-94.0300,-93.3650,-92.9660,-92.7000,-11.2200,0.2000,-11.4200,-11.3800,-11.3200,-11.2200,-11.1200,-11.0600,-11.0200
-86.9395,40.4670,0.0000,3.0000,38.5437,3.3930,34.6836,35.0157,35.3479,36.3444,38.0053,40.4738,41.9548,42.4485,42.9422,4.8500,0.3925,4.5100,4.5750,4.6400,5.0200,5.4000,741.0000,28.2843,701.0000,713.0000,731.0000,761.0000,761.0000,761.0000,761.0000,-91.5833,1.0126,-92.8100,-92.5700,-92.2100,-91.6100,-90.9700,-90.5860,-90.3300,-10.7300,0.1122,-10.8800,-10.8440,-10.7900,-10.7000,-10.6550,-10.6280,-10.6100
-86.9390,40.4655,0.0000,2.0000,16.4377,1.1646,15.2731,15.3896,15.5061,15.8554,16.4377,17.0200,17.3694,17.4858,17.6023,4.0700,0.0700,4.0000,4.0350,4.0700,4.1050,4.1400,1368.5000,173.5000,1195.0000,1229.7000,1281.7500,1368.5000,1455.2500,1507.3000,1542.0000,-99.5400,0.4400,-99.9800,-99.8920,-99.7600,-99.5400,-99.3200,-99.1880,-99.1000,-10.7300,0.0000,-10.7300,-10.7300,-10.7300,-10.7300,-10.7300,-10.7300,-10.7300
-86.9390,40.4660,0.0000,1.0000,28.9850,0.0000,28.9850,28.9850,28.9850,28.9850,28.9850,28.9850,28.9850,28.9850,28.9850,3.6900,0.0000,3.6900,3.6900,3.6900,3.6900,3.6900,1038.0000,0.0000,1038.0000,1038.0000,1038.0000,1038.0000,1038.0000,1038.0000,1038.0000,-97.4300,0.0000,-97.4300,-97.4300,-97.4300,-97.4300,-97.4300,-97.4300,-97.4300,-10.6100,0.0000,-10.6100,-10.6100,-10.6100,-10.6100,-10.6100,-10.6100,-10.6100
-86.9390,40.4665,0.0000,37.0000,30.0459,9.4595,11.8071,18.1428,19.6960,22.6284,27.6960,37.5547,42.4708,47.8889,50.0000,5.7605,1.7482,3.5100,4.4100,5.2100,6.6200,9.6800,807.6486,236.7380,390.0000,557.0000,635.0000,789.0000,940.0000,1115.8000,1402.0000,-97.6089,1.8040,-101.8800,-99.7140,-98.7200,-97.7500,-96.7100,-95.1040,-93.8800,-11.0914,0.3612,-11.9900,-11.6680,-11.2400,-10.9900,-10.8600,-10.7200,-10.5900
-86.9385,40.4655,0.0000,1.0000,13.5240,0.0000,13.5240,13.5240,13.5240,13.5240,13.5240,13.5240,13.5240,13.5240,13.5240,4.2500,0.0000,4.2500,4.2500,4.2500,4.2500,4.2500,1542.0000,0.0000,1542.0000,1542.0000,1542.0000,1542.0000,1542.0000,1542.0000,1542.0000,-100.7200,0.0000,-100.7200,-100.7200,-100.7200,-100.7200,-100.7200,-100.7200,-100.7200,-10.9100,0.0000,-10.9100,-10.9100,-10.9100,-10.9100,-10.9100,-10.9100,-10.9100
-86.9385,40.4660,0.0000,1.0000,26.0516,0.0000,26.0516,26.0516,26.0516,26.0516,26.0516,26.0516,26.0516,26.0516,26.0516,6.2200,0.0000,6.2200,6.2200,6.2200,6.2200,6.2200,799.0000,0.0000,799.0000,799.0000,799.0000,799.0000,799.0000,799.0000,799.0000,-98.6300,0.0000,-98.6300,-98.6300,-98.6300,-98.6300,-98.6300,-98.6300,-98.6300,-10.8200,0.0000,-10.8200,-10.8200,-10.8200,-10.8200,-10.8200,-10.8200,-10.8200
-86.9385,40.4665,0.0000,4.0000,34.6584,1.9168,32.0196,32.3816,32.7436,33.8296,34.5929,35.4218,36.6258,37.0271,37.4284,6.9550,1.5796,4.7400,6.2925,6.9400,7.6025,9.2000,812.2500,161.0798,671.0000,671.0000,671.0000,757.5000,898.7500,997.3000,1063.0000,-98.8275,0.6473,-99.7000,-99.5350,-99.2875,-98.8000,-98.3400,-98.1420,-98.0100,-10.8950,0.0953,-11.0000,-10.9940,-10.9850,-10.8900,-10.8000,-10.8000,-10.8000
-86.9380,40.4655,0.0000,3.0000,41.3487,14.8741,20.3930,23.3782,26.3634,35.3190,50.2450,51.8265,52.7754,53.0917,53.4080,3.4167,0.0660,3.3300,3.3800,3.4300,3.4600,3.4900,498.3333,21.3594,474.0000,478.2000,484.5000,495.0000,510.5000,519.8000,526.0000,-91.4467,1.7280,-92.9100,-92.8100,-92.6600,-92.4100,-90.7150,-89.6980,-89.0200,-10.5933,0.0125,-10.6100,-10.6060,-10.6000,-10.5900,-10.5850,-10.5820,-10.5800
-86.9380,40.4660,0.0000,3.0000,44.9624,5.6439,40.1520,40.3220,40.4919,41.0018,41.8516,47.3676,50.6772,51.7804,52.8836,5.9600,0.0779,5.8600,5.9150,5.9700,6.0100,6.0500,639.3333,127.4790,487.0000,516.0000,559.5000,632.0000,715.5000,765.6000,799.0000,-95.5900,2.4894,-98.9500,-98.1240,-96.8850,-94.8200,-93.9100,-93.3640,-93.0000,-10.7833,0.1408,-10.9700,-10.9260,-10.8600,-10.7500,-10.6900,-10.6540,-10.6300
-86.9375,40.4655,0.0000,6.0000,50.6637,5.7100,43.2229,43.9807,44.7385,46.3847,50.3550,53.9522,56.8976,58.3673,59.8370,4.1117,0.8925,3.1900,3.2325,4.0250,4.9825,5.1600,526.3333,57.2820,451.0000,468.5000,490.5000,521.5000,543.5000,589.0000,633.0000,-90.5383,3.0443,-94.8200,-93.9500,-92.8525,-90.6700,-88.1125,-86.9950,-86.2300,-10.6300,0.0900,-10.8200,-10.7350,-10.6350,-10.5900,-10.5825,-10.5650,-10.5500
-86.9375,40.4660,0.0000,1.0000,36.2507,0.0000,36.2507,36.2507,36.2507,36.2507,36.2507,36.2507,36.2507,36.2507,36.2507,6.5000,0.0000,6.5000,6.5000,6.5000,6.5000,6.5000,545.0000,0.0000,545.0000,545.0000,545.0000,545.0000,545.0000,545.0000,545.0000,-95.4100,0.0000,-95.4100,-95.4100,-95.4100,-95.4100,-95.4100,-95.4100,-95.4100,-10.8800,0.0000,-10.8800,-10.8800,-10.8800,-10.8800,-10.8800,-10.8800,-10.8800
-86.9370,40.4650,0.0000,2.0000,55.4840,1.6484,53.8356,54.0004,54.1652,54.6598,55.4840,56.3082,56.8028,56.9676,57.1324,4.5500,0.1600,4.3900,4.4700,4.5500,4.6300,4.7100,354.5000,13.5000,341.0000,343.7000,347.7500,354.5000,361.2500,365.3000,368.0000,-84.7550,0.1150,-84.8700,-84.8470,-84.8125,-84.7550,-84.6975,-84.6630,-84.6400,-10.5500,0.0000,-10.5500,-10.5500,-10.5500,-10.5500,-10.5500,-10.5500,-10.5500
-86.9370,40.4655,0.0000,4.0000,55.9698,6.0599,49.2891,49.6355,49.9818,51.0208,54.8861,59.8351,62.8247,63.8212,64.8178,3.6500,0.5293,3.1800,3.2325,3.4550,3.8725,4.5100,349.0250,183.7255,60.1000,149.1700,282.7750,384.5000,450.7500,520.5000,567.0000,-85.1650,1.2936,-86.6000,-86.4470,-86.2175,-85.3900,-84.3375,-83.7030,-83.2800,-10.5550,0.0050,-10.5600,-10.5600,-10.5600,-10.5550,-10.5500,-10.5500,-10.5500
-86.9365,40.4645,0.0000,2.0000,53.1267,3.8538,49.2729,49.6583,50.0436,51.1998,53.1267,55.0536,56.2097,56.5951,56.9804,3.9250,0.3450,3.5800,3.7525,3.9250,4.0975,4.2700,525.5000,120.5000,405.0000,429.1000,465.2500,525.5000,585.7500,621.9000,646.0000,-78.7550,0.8750,-79.6300,-79.4550,-79.1925,-78.7550,-78.3175,-78.0550,-77.8800,-10.5550,0.0050,-10.5600,-10.5590,-10.5575,-10.5550,-10.5525,-10.5510,-10.5500
-86.9365,40.4650,0.0000,5.0000,50.3777,9.0370,39.2950,40.3809,41.4668,44.7244,45.9260,58.8187,61.4022,62.2634,63.1246,3.7660,0.5699,3.2300,3.3200,3.3700,4.3300,4.5800,334.8200,182.8354,60.1000,130.0600,235.0000,314.0000,493.0000,540.4000,572.0000,-83.1040,1.0795,-84.7300,-84.2740,-83.5900,-83.0400,-82.7300,-81.9500,-81.4300,-10.5560,0.0049,-10.5600,-10.5600,-10.5600,-10.5600,-10.5500,-10.5500,-10.5500
-86.9360,40.4640,0.0000,7.0000,72.5105,9.5468,64.8613,64.8952,64.9291,65.4836,68.2027,75.1809,84.2850,88.7327,93.1804,4.6186,0.5822,3.7900,4.1150,4.7200,5.1050,5.3800,371.1000,147.1878,52.7000,207.6800,324.0000,430.0000,482.0000,492.8000,503.0000,-82.6371,0.5132,-83.3400,-83.1240,-82.9050,-82.6400,-82.5600,-82.1440,-81.5500,-10.5600,0.0000,-10.5600,-10.5600,-10.5600,-10.5600,-10.5600,-10.5600,-10.5600
-86.9360,40.4645,0.0000,4.0000,65.6884,4.1791,61.4524,61.4931,61.5338,61.6558,65.1898,69.2224,70.2420,70.5819,70.9218,3.9725,0.5917,3.5300,3.6125,3.6850,4.0450,4.9900,524.0000,75.5414,446.0000,449.3000,454.2500,512.0000,581.7500,608.3000,626.0000,-81.5075,1.0648,-82.9300,-82.6240,-82.1650,-81.5450,-80.8875,-80.3610,-80.0100,-10.5600,0.0000,-10.5600,-10.5600,-10.5600,-10.5600,-10.5600,-10.5600,-10.5600
-86.9360,40.4650,0.0000,5.0000,53.4417,11.8895,45.9303,46.0544,46.1785,46.5509,48.3143,49.3160,65.9847,71.5409,77.0971,4.1640,1.0329,3.2200,3.3300,3.4200,5.3400,5.5100,505.4000,168.5807,235.0000,312.2000,428.0000,553.0000,567.0000,673.2000,744.0000,-82.1240,0.8965,-83.5800,-83.1960,-82.6200,-81.7600,-81.6900,-81.2580,-80.9700,-10.5600,0.0000,-10.5600,-10.5600,-10.5600,-10.5600,-10.5600,-10.5600,-10.5600
-86.9355,40.4635,0.0000,5.0000,73.5175,4.7374,69.4942,69.5348,69.5753,69.6969,69.7671,79.0409,79.3694,79.4789,79.5884,4.5960,0.1567,4.4300,4.4900,4.4900,4.7600,4.8100,383.4000,79.3992,290.0000,302.4000,321.0000,363.0000,433.0000,479.2000,510.0000,-82.1380,0.1910,-82.5000,-82.3560,-82.1400,-82.0800,-82.0100,-81.9800,-81.9600,-10.5600,0.0000,-10.5600,-10.5600,-10.5600,-10.5600,-10.5600,-10.5600,-10.5600
-86.9355,40.4640,0.0000,22.0000,61.7942,9.7500,43.8338,49.7697,52.3026,54.9593,59.6720,67.1964,72.9581,81.8343,82.4338,5.8691,0.7095,4.2000,5.3475,5.8650,6.4350,6.8800,445.9091,103.6208,298.0000,319.2000,356.2500,438.0000,510.2500,576.6000,671.0000,-83.1623,0.9345,-84.6900,-84.2510,-83.6375,-83.4550,-82.6875,-81.9600,-81.0000,-10.5600,0.0000,-10.5600,-10.5600,-10.5600,-10.5600,-10.5600,-10.5600,-10.5600
-86.9355,40.4645,0.0000,1.0000,117.7131,0.0000,117.7131,117.7131,117.7131,117.7131,117.7131,117.7131,117.7131,117.7131,117.7131,3.3500,0.0000,3.3500,3.3500,3.3500,3.3500,3.3500,205.0000,0.0000,205.0000,205.0000,205.0000,205.0000,205.0000,205.0000,205.0000,-81.9700,0.0000,-81.9700,-81.9700,-81.9700,-81.9700,-81.9700,-81.9700,-81.9700,-10.5600,0.0000,-10.5600,-10.5600,-10.5600,-10.5600,-10.5600,-10.5600,-10.5600
-86.9355,40.4650,0.0000,6.0000,63.2536,12.7078,42.9360,45.8405,48.7450,55.1355,64.8143,73.3289,76.2016,77.5413,78.8810,3.6533,0.3484,3.3300,3.4675,3.5450,3.6300,4.4000,375.8333,53.0610,260.0000,318.5000,382.2500,400.0000,402.0000,409.0000,416.0000,-81.3033,0.6221,-82.4100,-82.0450,-81.6125,-81.2200,-80.7675,-80.6450,-80.6100,-10.5600,0.0000,-10.5600,-10.5600,-10.5600,-10.5600,-10.5600,-10.5600,-10.5600
-86.9350,40.4590,0.0000,9.0000,60.7184,13.9592,32.7813,37.1252,41.4690,55.0018,65.9840,69.2524,73.6395,76.4508,79.2622,4.3189,0.3112,3.8700,3.9800,4.3900,4.4900,4.7200,481.2222,112.1901,320.0000,360.8000,399.0000,450.0000,551.0000,595.4000,701.0000,-73.2489,3.9744,-80.0700,-79.7340,-73.9000,-71.9500,-71.8400,-69.4580,-67.0500,-10.6189,0.0570,-10.7700,-10.6660,-10.6300,-10.5900,-10.5900,-10.5800,-10.5800
-86.9350,40.4595,0.0000,1.0000,69.8533,0.0000,69.8533,69.8533,69.8533,69.8533,69.8533,69.8533,69.8533,69.8533,69.8533,3.9100,0.0000,3.9100,3.9100,3.9100,3.9100,3.9100,414.0000,0.0000,414.0000,414.0000,414.0000,414.0000,414.0000,414.0000,414.0000,-82.0200,0.0000,-82.0200,-82.0200,-82.0200,-82.0200,-82.0200,-82.0200,-82.0200,-10.8500,0.0000,-10.8500,-10.8500,-10.8500,-10.8500,-10.8500,-10.8500,-10.8500
-86.9350,40.4625,0.0000,1.0000,91.0267,0.0000,91.0267,91.0267,91.0267,91.0267,91.0267,91.0267,91.0267,91.0267,91.0267,4.5400,0.0000,4.5400,4.5400,4.5400,4.5400,4.5400,346.0000,0.0000,346.0000,346.0000,346.0000,346.0000,346.0000,346.0000,346.0000,-80.7800,0.0000,-80.7800,-80.7800,-80.7800,-80.7800,-80.7800,-80.7800,-80.7800,-10.5600,0.0000,-10.5600,-10.5600,-10.5600,-10.5600,-10.5600,-10.5600,-10.5600
-86.9350,40.4630,0.0000,4.0000,70.0153,5.9822,61.1280,62.3529,63.5779,67.2527,70.5787,73.3413,76.0021,76.8891,77.7760,4.8550,0.1836,4.5400,4.8325,4.9400,4.9625,5.0000,333.5000,77.8605,237.0000,258.3000,290.2500,322.0000,365.2500,417.9000,453.0000,-80.9375,0.4696,-81.6400,-81.4720,-81.2200,-80.8350,-80.5525,-80.4850,-80.4400,-10.5600,0.0000,-10.5600,-10.5600,-10.5600,-10.5600,-10.5600,-10.5600,-10.5600
-86.9350,40.4645,0.0000,6.0000,75.2881,24.1050,39.8740,43.4041,46.9341,58.5634,78.1531,86.0684,100.7770,107.7925,114.8080,3.3483,0.1076,3.1700,3.2950,3.3500,3.4125,3.5100,461.3333,156.0402,309.0000,333.0000,359.2500,371.0000,604.0000,680.0000,680.0000,-80.4433,1.4797,-83.6400,-81.9750,-80.2175,-79.9350,-79.8325,-79.4200,-79.0400,-10.5600,0.0000,-10.5600,-10.5600,-10.5600,-10.5600,-10.5600,-10.5600,-10.5600
-86.9345,40.4585,0.0000,10.0000,59.2246,17.8850,31.7609,32.0113,32.2617,46.1707,61.5911,71.7500,77.3595,83.0851,88.8107,4.4340,0.5310,3.7700,4.0450,4.3900,4.6025,5.5400,560.4000,182.1122,320.0000,366.8000,441.5000,476.0000,711.5000,826.2000,855.0000,-74.9550,2.8906,-79.3400,-79.0970,-77.1875,-74.4900,-72.4825,-72.0760,-70.5100,-10.6360,0.1177,-10.9800,-10.6830,-10.6275,-10.5900,-10.5825,-10.5690,-10.5600
-86.9345,40.4590,0.0000,3.0000,51.6524,7.2214,41.4676,42.9302,44.3929,48.7809,56.0942,56.7449,57.1353,57.2654,57.3956,4.6767,0.3751,4.2800,4.4250,4.5700,4.8750,5.1800,501.0000,50.2792,449.0000,456.2000,467.0000,485.0000,527.0000,552.2000,569.0000,-74.4500,2.8662,-78.5000,-77.3140,-75.5350,-72.5700,-72.4250,-72.3380,-72.2800,-10.7333,0.1053,-10.8400,-10.8260,-10.8050,-10.7700,-10.6800,-10.6260,-10.5900
-86.9345,40.4595,0.0000,5.0000,49.4310,4.0618,42.8180,43.5740,44.3301,46.5982,51.8604,52.6080,53.0053,53.1378,53.2702,4.9800,0.7443,4.1200,4.4800,4.9200,5.0700,6.3100,558.4000,87.2092,434.0000,450.0000,474.0000,612.0000,620.0000,639.2000,652.0000,-82.6180,2.2744,-84.7300,-84.5300,-84.2300,-84.2000,-81.0200,-79.7540,-78.9100,-10.6140,0.0301,-10.6600,-10.6520,-10.6400,-10.5900,-10.5900,-10.5900,-10.5900
-86.9345,40.4620,0.0000,2.0000,55.2884,8.4307,46.8578,47.7008,48.5439,51.0731,55.2884,59.5038,62.0330,62.8760,63.7191,4.5500,0.0200,4.5300,4.5400,4.5500,4.5600,4.5700,443.0000,94.0000,349.0000,367.8000,396.0000,443.0000,490.0000,518.2000,537.0000,-80.7450,0.0550,-80.8000,-80.7890,-80.7725,-80.7450,-80.7175,-80.7010,-80.6900,-10.5600,0.0000,-10.5600,-10.5600,-10.5600,-10.5600,-10.5600,-10.5600,-10.5600
-86.9345,40.4625,0.0000,2.0000,86.2387,2.2209,84.0178,84.2399,84.4620,85.1282,86.2387,87.3491,88.0154,88.2375,88.4596,4.7150,0.0650,4.6500,4.6825,4.7150,4.7475,4.7800,333.5000,7.5000,326.0000,327.5000,329.7500,333.5000,337.2500,339.5000,341.0000,-80.8200,0.2400,-81.0600,-81.0120,-80.9400,-80.8200,-80.7000,-80.6280,-80.5800,-10.5600,0.0000,-10.5600,-10.5600,-10.5600,-10.5600,-10.5600,-10.5600,-10.5600
-86.9345,40.4645,0.0000,4.0000,73.2343,16.9960,47.4227,51.1043,54.7859,65.8308,75.4819,82.8855,89.8847,92.2178,94.5509,3.9425,0.1110,3.8200,3.8725,3.9150,3.9850,4.1200,361.5000,22.4109,325.0000,337.3000,355.7500,367.5000,373.2500,380.9000,386.0000,-93.2475,0.7026,-94.2400,-93.9670,-93.5575,-93.2450,-92.9350,-92.5300,-92.2600,-10.5900,0.0000,-10.5900,-10.5900,-10.5900,-10.5900,-10.5900,-10.5900,-10.5900
-86.9340,40.4575,0.0000,277.0000,64.7500,15.1935,24.6756,41.1228,46.3924,54.6684,63.6418,75.2809,84.8274,91.7205,108.6142,5.3940,1.3598,3.2800,4.5100,5.2400,6.1200,16.0100,452.3466,122.4526,209.0000,302.2000,361.0000,444.0000,521.0000,624.8000,825.0000,-85.0084,3.7278,-92.2800,-88.7400,-87.8200,-86.0500,-82.6400,-80.3560,-70.4400,-10.7087,0.3193,-14.2900,-10.9240,-10.7600,-10.5900,-10.5600,-10.5600,-10.5600
-86.9340,40.4580,0.0000,12.0000,59.3699,14.2837,28.0151,36.4049,44.0588,52.4709,60.8396,66.4938,75.4615,78.8335,82.8649,3.7808,0.4147,3.2200,3.3200,3.8700,4.1900,4.3200,471.5833,162.2228,292.0000,295.7000,350.7500,439.0000,557.5000,718.6000,807.0000,-76.2350,3.5136,-81.7500,-81.3450,-78.9075,-75.6350,-73.4900,-72.7370,-70.6200,-10.9158,0.5681,-12.3400,-11.8030,-10.9225,-10.6100,-10.5675,-10.5600,-10.5600
-86.9340,40.4585,0.0000,1.0000,77.2551,0.0000,77.2551,77.2551,77.2551,77.2551,77.2551,77.2551,77.2551,77.2551,77.2551,4.3000,0.0000,4.3000,4.3000,4.3000,4.3000,4.3000,329.0000,0.0000,329.0000,329.0000,329.0000,329.0000,329.0000,329.0000,329.0000,-73.0400,0.0000,-73.0400,-73.0400,-73.0400,-73.0400,-73.0400,-73.0400,-73.0400,-10.5600,0.0000,-10.5600,-10.5600,-10.5600,-10.5600,-10.5600,-10.5600,-10.5600
-86.9340,40.4595,0.0000,6.0000,46.0126,10.1545,28.2649,31.7916,35.3182,42.8307,44.7707,54.0887,57.9489,58.4198,58.8907,4.5800,0.5398,3.9300,4.1675,4.5350,4.7975,5.5500,585.0000,111.2939,377.0000,444.0000,536.2500,629.5000,647.0000,681.5000,716.0000,-81.1600,2.8175,-85.1200,-83.8400,-82.4350,-81.4600,-80.6350,-78.1800,-75.8000,-10.6000,0.0316,-10.6700,-10.6300,-10.5900,-10.5900,-10.5825,-10.5800,-10.5800
-86.9340,40.4600,0.0000,1.0000,52.9422,0.0000,52.9422,52.9422,52.9422,52.9422,52.9422,52.9422,52.9422,52.9422,52.9422,4.7200,0.0000,4.7200,4.7200,4.7200,4.7200,4.7200,359.0000,0.0000,359.0000,359.0000,359.0000,359.0000,359.0000,359.0000,359.0000,-71.0100,0.0000,-71.0100,-71.0100,-71.0100,-71.0100,-71.0100,-71.0100,-71.0100,-10.5800,0.0000,-10.5800,-10.5800,-10.5800,-10.5800,-10.5800,-10.5800,-10.5800
-86.9340,40.4615,0.0000,3.0000,58.3250,12.3736,45.9609,46.7431,47.5253,49.8720,53.7831,64.5071,70.9415,73.0863,75.2311,4.8600,0.4712,4.4500,4.5300,4.6100,5.0650,5.5200,498.6667,129.2087,369.0000,385.6000,410.5000,452.0000,563.5000,630.4000,675.0000,-80.5867,0.1678,-80.8000,-80.7540,-80.6850,-80.5700,-80.4800,-80.4260,-80.3900,-10.5600,0.0000,-10.5600,-10.5600,-10.5600,-10.5600,-10.5600,-10.5600,-10.5600
-86.9340,40.4620,0.0000,1.0000,70.3591,0.0000,70.3591,70.3591,70.3591,70.3591,70.3591,70.3591,70.3591,70.3591,70.3591,5.1000,0.0000,5.1000,5.1000,5.1000,5.1000,5.1000,318.0000,0.0000,318.0000,318.0000,318.0000,318.0000,318.0000,318.0000,318.0000,-80.7300,0.0000,-80.7300,-80.7300,-80.7300,-80.7300,-80.7300,-80.7300,-80.7300,-10.5600,0.0000,-10.5600,-10.5600,-10.5600,-10.5600,-10.5600,-10.5600,-10.5600
-86.9340,40.4640,0.0000,4.0000,52.8154,6.7640,43.2640,44.3677,45.4713,48.7823,53.1554,57.1885,59.8876,60.7873,61.6870,3.9725,0.5436,3.2800,3.7000,3.9050,4.1775,4.8000,483.5000,7.0887,473.0000,476.3000,481.2500,484.0000,486.2500,490.3000,493.0000,-95.2375,3.2340,-99.1500,-98.4930,-97.5075,-95.6700,-93.4000,-91.6360,-90.4600,-10.6075,0.0426,-10.6800,-10.6530,-10.6125,-10.5900,-10.5850,-10.5760,-10.5700
-86.9340,40.4645,0.0000,1.0000,45.4890,0.0000,45.4890,45.4890,45.4890,45.4890,45.4890,45.4890,45.4890,45.4890,45.4890,5.2500,0.0000,5.2500,5.2500,5.2500,5.2500,5.2500,376.0000,0.0000,376.0000,376.0000,376.0000,376.0000,376.0000,376.0000,376.0000,-98.2900,0.0000,-98.2900,-98.2900,-98.2900,-98.2900,-98.2900,-98.2900,-98.2900,-10.5900,0.0000,-10.5900,-10.5900,-10.5900,-10.5900,-10.5900,-10.5900,-10.5900
-86.9335,40.4570,0.0000,14.0000,38.5488,14.4904,20.5236,21.2648,22.9131,28.7213,34.7800,46.3093,59.2169,66.1853,71.2969,5.8850,1.0164,4.3400,5.0975,5.9650,6.2400,8.0600,771.2143,305.4045,388.0000,461.6000,513.7500,643.5000,1113.5000,1204.1000,1241.0000,-89.7186,3.3438,-97.9300,-93.2240,-91.3750,-89.4050,-86.7625,-86.4440,-84.8000,-10.8057,0.2896,-11.7200,-11.0470,-10.8350,-10.7350,-10.6200,-10.5900,-10.5900
-86.9335,40.4590,0.0000,13.0000,64.6618,13.6958,48.5822,49.7668,50.7218,51.6827,60.5840,74.2622,80.7955,86.4809,94.7396,4.7146,0.3853,4.2300,4.4400,4.5400,5.0100,5.4900,425.3846,108.3722,239.0000,275.0000,365.0000,412.0000,504.0000,548.6000,634.0000,-81.8969,2.5374,-85.7500,-84.8320,-83.9100,-81.7600,-79.7700,-78.4860,-77.7900,-10.5792,0.0154,-10.5900,-10.5900,-10.5900,-10.5900,-10.5800,-10.5600,-10.5400
-86.9335,40.4595,0.0000,12.0000,66.4514,9.8729,49.1876,52.3492,55.0971,58.2087,68.0178,71.9747,74.3866,80.1187,87.0080,4.6075,0.4725,4.0100,4.3700,4.4750,4.6600,5.8800,397.2500,90.8186,283.0000,290.6000,342.5000,381.5000,437.5000,497.8000,613.0000,-79.7467,2.4467,-84.4200,-81.3130,-80.7475,-80.0250,-79.7375,-75.9650,-74.5400,-10.5650,0.0096,-10.5900,-10.5790,-10.5625,-10.5600,-10.5600,-10.5600,-10.5600
-86.9335,40.4600,0.0000,28.0000,66.8315,15.7667,30.4871,39.0273,52.7862,58.9847,64.2111,73.9587,87.3551,94.5629,102.0702,4.5804,0.7834,3.2500,4.2425,4.4850,4.7525,7.2900,445.2500,156.8841,198.0000,289.6000,358.2500,419.0000,478.7500,608.4000,890.0000,-81.7389,3.1098,-87.2300,-85.5600,-84.5175,-81.8150,-79.9675,-77.1610,-74.8800,-10.5693,0.0300,-10.7000,-10.5900,-10.5825,-10.5600,-10.5600,-10.5400,-10.5400
-86.9335,40.4610,0.0000,5.0000,60.6261,7.0034,48.9964,50.9956,52.9947,58.9920,59.5369,66.5520,68.0528,68.5531,69.0533,5.0980,0.8146,4.0900,4.8000,4.9900,5.0300,6.5800,427.6000,33.2181,366.0000,388.4000,422.0000,443.0000,446.0000,455.0000,461.0000,-80.4360,1.0392,-82.3800,-81.6800,-80.6300,-79.9100,-79.6900,-79.6180,-79.5700,-10.5600,0.0000,-10.5600,-10.5600,-10.5600,-10.5600,-10.5600,-10.5600,-10.5600
-86.9335,40.4615,0.0000,1.0000,63.2280,0.0000,63.2280,63.2280,63.2280,63.2280,63.2280,63.2280,63.2280,63.2280,63.2280,4.2500,0.0000,4.2500,4.2500,4.2500,4.2500,4.2500,397.0000,0.0000,397.0000,397.0000,397.0000,397.0000,397.0000,397.0000,397.0000,-82.3000,0.0000,-82.3000,-82.3000,-82.3000,-82.3000,-82.3000,-82.3000,-82.3000,-10.5600,0.0000,-10.5600,-10.5600,-10.5600,-10.5600,-10.5600,-10.5600,-10.5600
-86.9335,40.4640,0.0000,5.0000,61.0678,10.3649,46.0046,47.7803,49.5561,54.8834,63.3710,63.9349,71.8610,74.5031,77.1451,3.6480,0.3543,3.2300,3.3800,3.5000,3.9900,4.1400,509.6000,82.9448,387.0000,420.6000,471.0000,500.0000,555.0000,603.0000,635.0000,-93.3640,3.3031,-98.8600,-97.4320,-95.2900,-91.7600,-91.2100,-90.3040,-89.7000,-10.5680,0.0117,-10.5900,-10.5820,-10.5700,-10.5600,-10.5600,-10.5600,-10.5600
-86.9330,40.4570,0.0000,5.0000,52.6247,2.6867,49.4098,49.7986,50.1874,51.3538,51.9173,52.9680,55.6720,56.5733,57.4747,7.6980,0.5840,6.6600,7.6000,7.8300,7.9800,8.4200,440.8000,106.9456,344.0000,345.2000,347.0000,371.0000,560.0000,573.2000,582.0000,-91.1120,2.5266,-93.3400,-93.1680,-92.9100,-92.8500,-89.6600,-87.9440,-86.8000,-10.6820,0.0673,-10.7700,-10.7540,-10.7300,-10.7000,-10.6200,-10.6020,-10.5900
-86.9330,40.4575,0.0000,2.0000,51.0547,1.3969,49.6578,49.7975,49.9372,50.3562,51.0547,51.7531,52.1722,52.3119,52.4516,5.2350,0.4450,4.7900,5.0125,5.2350,5.4575,5.6800,515.5000,44.5000,471.0000,479.9000,493.2500,515.5000,537.7500,551.1000,560.0000,-86.7250,1.5050,-88.2300,-87.9290,-87.4775,-86.7250,-85.9725,-85.5210,-85.2200,-10.7250,0.0250,-10.7500,-10.7450,-10.7375,-10.7250,-10.7125,-10.7050,-10.7000
-86.9330,40.4580,0.0000,8.0000,62.1321,16.0420,44.2053,46.7826,49.3598,54.2369,56.0800,63.3427,84.5885,90.5796,96.5707,4.3963,0.4326,3.9200,3.9575,4.3900,4.5825,5.1900,413.8750,108.3691,246.0000,272.6000,332.0000,422.0000,511.2500,540.2000,550.0000,-75.6925,2.1842,-78.5600,-78.1470,-77.9175,-75.8000,-73.2600,-73.1190,-73.0700,-10.5838,0.0099,-10.5900,-10.5900,-10.5900,-10.5900,-10.5800,-10.5740,-10.5600
-86.9330,40.4585,0.0000,8.0000,74.8989,14.4753,56.5751,58.2128,59.8505,66.8016,69.8471,82.8340,92.4248,98.3960,104.3671,4.4938,0.2975,4.1400,4.2475,4.4400,4.6375,4.9900,358.7500,64.3074,253.0000,302.7000,324.7500,349.5000,379.2500,441.5000,480.0000,-73.2713,0.8212,-74.4900,-74.3990,-74.1575,-72.7950,-72.6250,-72.4870,-72.4800,-10.5625,0.0043,-10.5700,-10.5700,-10.5625,-10.5600,-10.5600,-10.5600,-10.5600
-86.9330,40.4590,0.0000,2.0000,69.5018,5.6209,63.8809,64.4430,65.0051,66.6913,69.5018,72.3122,73.9985,74.5606,75.1227,4.5200,0.0000,4.5200,4.5200,4.5200,4.5200,4.5200,422.0000,14.0000,408.0000,410.8000,415.0000,422.0000,429.0000,433.2000,436.0000,-77.6000,0.1300,-77.7300,-77.7040,-77.6650,-77.6000,-77.5350,-77.4960,-77.4700,-10.5600,0.0000,-10.5600,-10.5600,-10.5600,-10.5600,-10.5600,-10.5600,-10.5600
-86.9330,40.4600,0.0000,8.0000,71.3912,14.0210,54.0409,54.3791,54.7172,62.3424,67.6249,81.4424,87.7839,92.7875,97.7911,3.5650,0.3586,3.1800,3.3200,3.4150,3.7100,4.2100,416.5000,61.2454,324.0000,348.5000,384.5000,409.0000,439.2500,501.2000,525.0000,-74.0825,2.6788,-78.2600,-77.0000,-75.8825,-74.3700,-72.1025,-70.9670,-69.7000,-10.5512,0.0169,-10.5900,-10.5690,-10.5600,-10.5400,-10.5400,-10.5400,-10.5400
-86.9330,40.4605,0.0000,10.0000,69.3726,13.6442,50.2427,54.2695,58.2963,62.4244,64.1427,72.5911,86.7246,93.6614,100.5982,4.0420,0.4882,3.3100,3.5650,4.1500,4.4800,4.6100,400.1000,91.0357,242.0000,318.5000,345.2500,395.5000,452.5000,474.0000,591.0000,-77.7600,4.0243,-81.3600,-81.1440,-80.7100,-79.8000,-73.8525,-71.7890,-71.2400,-10.5620,0.0040,-10.5700,-10.5700,-10.5600,-10.5600,-10.5600,-10.5600,-10.5600
-86.9330,40.4635,0.0000,5.0000,53.0504,5.8881,44.1989,45.6603,47.1218,51.5063,52.5870,54.3910,59.2978,60.9334,62.5690,4.0040,0.1913,3.8700,3.8800,3.8800,4.0200,4.3700,446.8000,47.6714,352.0000,396.0000,462.0000,471.0000,471.0000,475.2000,478.0000,-97.2120,2.5709,-99.4000,-99.2720,-99.0800,-98.7400,-96.2700,-94.0500,-92.5700,-10.5800,0.0126,-10.5900,-10.5900,-10.5900,-10.5900,-10.5700,-10.5640,-10.5600
-86.9325,40.4575,0.0000,16.0000,51.3347,12.4177,29.6604,34.0651,36.2178,43.7318,50.0982,59.7898,69.8684,70.7127,71.7173,5.2075,0.7773,4.1200,4.6225,5.0800,5.8425,6.8000,511.1250,153.0473,330.0000,345.0000,385.2500,496.5000,554.0000,775.5000,816.0000,-87.3306,1.5281,-90.2900,-88.8050,-88.0950,-87.5650,-86.7600,-85.8100,-83.3700,-10.6094,0.0494,-10.7100,-10.6700,-10.6500,-10.5950,-10.5900,-10.5800,-10.4900
-86.9325,40.4580,0.0000,1.0000,49.5938,0.0000,49.5938,49.5938,49.5938,49.5938,49.5938,49.5938,49.5938,49.5938,49.5938,4.1200,0.0000,4.1200,4.1200,4.1200,4.1200,4.1200,517.0000,0.0000,517.0000,517.0000,517.0000,517.0000,517.0000,517.0000,517.0000,-80.3900,0.0000,-80.3900,-80.3900,-80.3900,-80.3900,-80.3900,-80.3900,-80.3900,-10.5900,0.0000,-10.5900,-10.5900,-10.5900,-10.5900,-10.5900,-10.5900,-10.5900
-86.9325,40.4605,0.0000,88.0000,66.2900,16.5059,31.1147,39.5216,44.0600,56.8320,64.3787,78.3053,88.9989,93.8063,114.1396,3.9592,0.4360,3.1500,3.7175,4.0100,4.2650,5.0400,462.3864,151.4357,228.0000,290.8000,354.7500,438.5000,542.7500,667.8000,915.0000,-72.0168,3.8414,-85.0700,-76.9820,-72.0025,-70.6150,-69.8750,-69.3540,-68.2600,-10.5607,0.0033,-10.5800,-10.5600,-10.5600,-10.5600,-10.5600,-10.5600,-10.5600
-86.9325,40.4635,0.0000,2.0000,65.4869,6.8640,58.6229,59.3093,59.9957,62.0549,65.4869,68.9189,70.9781,71.6645,72.3509,3.3950,0.0450,3.3500,3.3725,3.3950,3.4175,3.4400,377.5000,16.5000,361.0000,364.3000,369.2500,377.5000,385.7500,390.7000,394.0000,-86.4100,0.3700,-86.7800,-86.7060,-86.5950,-86.4100,-86.2250,-86.1140,-86.0400,-10.5600,0.0000,-10.5600,-10.5600,-10.5600,-10.5600,-10.5600,-10.5600,-10.5600
-86.9325,40.4640,0.0000,5.0000,72.0471,8.0751,61.2057,62.4206,63.6354,67.2800,72.9140,73.2389,80.6537,83.1254,85.5970,3.6660,0.2645,3.3300,3.5000,3.5900,3.8200,4.0900,483.0000,122.9439,305.0000,336.2000,383.0000,507.0000,587.0000,614.6000,633.0000,-90.4900,0.4542,-91.0200,-90.9200,-90.7700,-90.7600,-90.0400,-89.9320,-89.8600,-10.5600,0.0000,-10.5600,-10.5600,-10.5600,-10.5600,-10.5600,-10.5600,-10.5600
-86.9325,40.4645,0.0000,5.0000,54.9143,14.3409,37.1147,37.4975,37.8804,39.0290,59.2890,67.2830,70.0268,70.9414,71.8560,4.2040,0.3043,3.8100,3.9800,4.2200,4.3100,4.7000,552.4000,136.7693,385.0000,388.2000,393.0000,618.0000,654.0000,688.8000,712.0000,-96.6220,1.9359,-98.9800,-98.9280,-98.8500,-95.6000,-95.4800,-94.7120,-94.2000,-10.5820,0.0075,-10.5900,-10.5900,-10.5900,-10.5800,-10.5800,-10.5740,-10.5700
-86.9325,40.4650,0.0000,4.0000,63.8325,19.3368,41.8891,44.3443,46.7995,54.1650,59.2325,68.9000,84.5456,89.7608,94.9760,3.7050,0.3696,3.4200,3.4875,3.5300,3.7475,4.3400,581.5000,177.0092,365.0000,390.2000,428.0000,602.5000,756.0000,756.0000,756.0000,-97.7850,2.8866,-102.5500,-100.8700,-98.3500,-96.9100,-96.3450,-95.4000,-94.7700,-10.5700,0.0122,-10.5900,-10.5840,-10.5750,-10.5650,-10.5600,-10.5600,-10.5600
-86.9320,40.4605,0.0000,4.0000,68.8220,6.3399,59.4160,60.5188,61.6216,64.9300,70.1098,74.0018,74.9922,75.3223,75.6524,4.3350,0.1193,4.2200,4.2275,4.3050,4.4125,4.5100,366.5000,35.7806,306.0000,327.6000,360.0000,380.5000,387.0000,394.2000,399.0000,-73.7050,2.3230,-76.1900,-76.0640,-75.8750,-73.9150,-71.7450,-71.1780,-70.8000,-10.5600,0.0000,-10.5600,-10.5600,-10.5600,-10.5600,-10.5600,-10.5600,-10.5600
-86.9320,40.4650,0.0000,1.0000,24.8570,0.0000,24.8570,24.8570,24.8570,24.8570,24.8570,24.8570,24.8570,24.8570,24.8570,3.7700,0.0000,3.7700,3.7700,3.7700,3.7700,3.7700,800.0000,0.0000,800.0000,800.0000,800.0000,800.0000,800.0000,800.0000,800.0000,-101.7000,0.0000,-101.7000,-101.7000,-101.7000,-101.7000,-101.7000,-101.7000,-101.7000,-10.5900,0.0000,-10.5900,-10.5900,-10.5900,-10.5900,-10.5900,-10.5900,-10.5900
-86.9320,40.4655,0.0000,4.0000,40.7428,1.8939,38.2190,38.5684,38.9177,39.9657,40.5965,41.3735,42.6848,43.1219,43.5590,4.2725,0.1879,4.0700,4.1750,4.2200,4.3175,4.5800,564.5000,53.2987,475.0000,504.4000,548.5000,589.0000,605.0000,605.0000,605.0000,-101.3650,0.6879,-102.2700,-102.0720,-101.7750,-101.4100,-101.0000,-100.6220,-100.3700,-10.5825,0.0083,-10.5900,-10.5900,-10.5900,-10.5850,-10.5775,-10.5730,-10.5700
-86.9320,40.4660,0.0000,5.0000,35.3173,9.3205,21.3760,22.6206,23.8651,27.5989,38.5420,44.3120,44.5794,44.6686,44.7577,4.5540,0.6486,3.9800,4.1000,4.1700,4.8000,5.7200,636.6000,487.9150,114.0000,114.0000,114.0000,769.0000,769.0000,1157.8000,1417.0000,-102.2500,0.7772,-103.5000,-103.2000,-102.7500,-101.9600,-101.6900,-101.4860,-101.3500,-10.5960,0.0206,-10.6200,-10.6200,-10.6200,-10.5900,-10.5800,-10.5740,-10.5700
-86.9320,40.4665,0.0000,5.0000,23.0302,3.2443,19.8870,20.1226,20.3582,21.0650,21.2290,24.0590,26.9701,27.9405,28.9109,3.7700,0.2612,3.3700,3.6500,3.7400,3.9600,4.1300,941.2000,114.7631,809.0000,819.4000,835.0000,911.0000,1068.0000,1077.0000,1083.0000,-105.6440,0.7086,-106.4600,-106.4440,-106.4200,-105.6200,-104.9400,-104.8440,-104.7800,-10.6340,0.0500,-10.7200,-10.6960,-10.6600,-10.6100,-10.5900,-10.5900,-10.5900
-86.9320,40.4670,0.0000,1.0000,35.6930,0.0000,35.6930,35.6930,35.6930,35.6930,35.6930,35.6930,35.6930,35.6930,35.6930,3.3100,0.0000,3.3100,3.3100,3.3100,3.3100,3.3100,745.0000,0.0000,745.0000,745.0000,745.0000,745.0000,745.0000,745.0000,745.0000,-104.6500,0.0000,-104.6500,-104.6500,-104.6500,-104.6500,-104.6500,-104.6500,-104.6500,-10.5900,0.0000,-10.5900,-10.5900,-10.5900,-10.5900,-10.5900,-10.5900,-10.5900
-86.9315,40.4605,0.0000,2.0000,46.8236,8.0049,38.8187,39.6192,40.4196,42.8211,46.8236,50.8260,53.2275,54.0280,54.8284,3.8550,0.2050,3.6500,3.7525,3.8550,3.9575,4.0600,582.0000,119.0000,463.0000,486.8000,522.5000,582.0000,641.5000,677.2000,701.0000,-76.8400,1.3200,-78.1600,-77.8960,-77.5000,-76.8400,-76.1800,-75.7840,-75.5200,-10.5600,0.0000,-10.5600,-10.5600,-10.5600,-10.5600,-10.5600,-10.5600,-10.5600
-86.9315,40.4670,0.0000,4.0000,29.6617,3.3272,24.8210,25.4077,25.9943,27.7542,29.9940,31.9015,33.0634,33.4507,33.8380,3.5825,0.3559,3.1400,3.3275,3.5500,3.8050,4.0900,449.2500,109.8257,350.0000,350.0000,350.0000,416.0000,515.2500,575.1000,615.0000,-104.5375,1.0652,-105.6500,-105.5540,-105.4100,-104.7850,-103.9125,-103.3230,-102.9300,-10.7775,0.1502,-10.9300,-10.9270,-10.9225,-10.7950,-10.6500,-10.6140,-10.5900
-86.9315,40.4675,0.0000,6.0000,25.2902,4.4647,20.6080,20.7455,20.8830,21.4088,24.2260,27.9718,30.7615,31.8762,32.9910,3.1150,0.0640,3.0400,3.0750,3.1000,3.1325,3.2400,1014.0000,195.6655,630.0000,768.5000,942.2500,1106.0000,1164.0000,1167.5000,1171.0000,-103.5683,1.0327,-105.0500,-104.7700,-104.2850,-103.6300,-102.8325,-102.3050,-102.0300,-11.0550,0.2453,-11.4400,-11.3900,-11.2500,-10.9550,-10.8475,-10.8200,-10.8200
-86.9310,40.4605,0.0000,3.0000,70.5724,11.0966,55.2507,57.2551,59.2596,65.2729,75.2951,78.2333,79.9963,80.5839,81.1716,5.7633,1.4724,4.1500,4.7900,5.4300,6.5700,7.7100,448.0000,29.6985,406.0000,418.6000,437.5000,469.0000,469.0000,469.0000,469.0000,-85.5133,2.3860,-88.5000,-87.8760,-86.9400,-85.3800,-84.0200,-83.2040,-82.6600,-10.5767,0.0125,-10.5900,-10.5880,-10.5850,-10.5800,-10.5700,-10.5640,-10.5600
-86.9310,40.4675,0.0000,7.0000,36.0416,19.2932,19.3960,19.4431,19.4902,23.2180,32.4430,37.0541,56.6510,68.2795,79.9080,4.1086,1.0288,3.2700,3.3750,3.5500,4.5500,6.0900,679.7143,324.9711,342.0000,342.0000,437.5000,691.0000,739.0000,1016.2000,1372.0000,-101.0143,2.2507,-103.6700,-103.1300,-102.6400,-102.2300,-99.5000,-98.2520,-96.9200,-10.8686,0.2110,-11.2100,-11.0900,-11.0000,-10.9300,-10.6750,-10.6140,-10.5900
-86.9305,40.4605,0.0000,5.0000,64.6396,11.3558,43.4391,47.4055,51.3719,63.2711,68.2089,73.8204,74.2034,74.3310,74.4587,5.5660,0.6151,4.6100,5.1600,5.8300,5.8500,6.3800,462.2000,132.4619,337.0000,362.2000,400.0000,401.0000,457.0000,612.4000,716.0000,-85.4300,4.2784,-89.3200,-88.9640,-88.4300,-87.4300,-84.4400,-80.2940,-77.5300,-10.5660,0.0080,-10.5800,-10.5760,-10.5700,-10.5600,-10.5600,-10.5600,-10.5600
-86.9305,40.4675,0.0000,7.0000,31.6215,9.2209,19.0480,20.7403,22.4327,26.1461,30.6629,34.4670,41.5321,45.9729,50.4137,5.7143,0.7020,4.7800,5.1700,5.6300,6.2400,6.7700,915.0000,279.7438,608.0000,657.8000,702.0000,818.0000,1066.5000,1289.6000,1442.0000,-104.2943,2.7824,-107.7900,-107.2860,-106.6000,-104.5900,-102.5800,-101.0120,-99.3200,-10.9500,0.2651,-11.3900,-11.2340,-11.1100,-11.0200,-10.7150,-10.6500,-10.5900
-86.9300,40.4605,0.0000,6.0000,54.8814,11.9098,37.1330,39.4540,41.7749,48.0722,53.2462,62.9649,69.6231,71.3671,73.1111,4.1667,0.1703,3.9600,4.0825,4.0950,4.2425,4.4800,510.5000,172.5531,200.0000,283.0000,410.0000,587.0000,653.7500,661.5000,662.0000,-80.2067,1.4663,-81.8700,-81.7150,-81.4775,-80.4050,-79.3100,-78.5000,-77.7800,-10.5600,0.0000,-10.5600,-10.5600,-10.5600,-10.5600,-10.5600,-10.5600,-10.5600
-86.9300,40.4675,0.0000,3.0000,19.8709,6.5823,10.5623,11.9535,13.3447,17.5183,24.4743,24.5251,24.5557,24.5658,24.5760,6.4567,0.3408,6.1100,6.2250,6.3400,6.6300,6.9200,1043.0000,305.1852,701.0000,758.0000,843.5000,986.0000,1214.0000,1350.8000,1442.0000,-110.2367,0.2055,-110.4700,-110.4300,-110.3700,-110.2700,-110.1200,-110.0300,-109.9700,-11.7900,0.1122,-11.9400,-11.9040,-11.8500,-11.7600,-11.7150,-11.6880,-11.6700
-86.9295,40.4605,0.0000,4.0000,57.7429,13.8963,39.7529,41.2965,42.8401,47.4709,57.5876,67.8596,72.7700,74.4068,76.0436,4.0100,0.3276,3.5800,3.7525,4.0400,4.2975,4.3800,452.5000,88.3134,300.0000,358.5000,446.2500,498.0000,504.2500,510.1000,514.0000,-80.7375,3.3383,-85.8600,-84.5010,-82.4625,-80.0600,-78.3350,-77.5160,-76.9700,-10.5650,0.0087,-10.5800,-10.5740,-10.5650,-10.5600,-10.5600,-10.5600,-10.5600
-86.9295,40.4675,0.0000,3.0000,31.5710,3.0761,28.8150,28.9369,29.0588,29.4245,30.0340,32.9490,34.6980,35.2810,35.8640,7.4500,2.0624,5.0300,6.1400,7.2500,8.6600,10.0700,709.0000,289.4374,450.0000,472.8000,507.0000,564.0000,838.5000,1003.2000,1113.0000,-103.7600,1.6770,-106.1300,-105.4340,-104.3900,-102.6500,-102.5750,-102.5300,-102.5000,-10.8467,0.0624,-10.9300,-10.9100,-10.8800,-10.8300,-10.8050,-10.7900,-10.7800
-86.9290,40.4605,0.0000,4.0000,73.0667,20.2862,41.0960,45.4288,49.7616,62.7600,80.2569,90.5636,90.6196,90.6382,90.6569,4.5075,0.3776,3.9300,4.3125,4.5800,4.7750,4.9400,363.5000,173.9864,198.0000,201.3000,206.2500,318.0000,475.2500,562.1000,620.0000,-84.8225,0.9404,-85.7000,-85.5680,-85.3700,-85.1750,-84.6275,-83.7950,-83.2400,-10.5725,0.0083,-10.5800,-10.5800,-10.5800,-10.5750,-10.5675,-10.5630,-10.5600
-86.9290,40.4675,0.0000,3.0000,29.0139,6.4644,22.6040,23.0010,23.3979,24.5889,26.5737,32.2189,35.6059,36.7350,37.8640,7.6167,1.4786,5.8400,6.6950,7.5500,8.5050,9.4600,890.0000,22.6274,874.0000,874.0000,874.0000,874.0000,898.0000,912.4000,922.0000,-106.3900,1.4097,-108.2200,-107.8080,-107.1900,-106.1600,-105.4750,-105.0640,-104.7900,-11.2433,0.1893,-11.5100,-11.4340,-11.3200,-11.1300,-11.1100,-11.0980,-11.0900
-86.9285,40.4605,0.0000,2.0000,60.0356,18.0427,41.9929,43.7972,45.6014,51.0142,60.0356,69.0569,74.4697,76.2740,78.0782,4.5350,0.0850,4.4500,4.4925,4.5350,4.5775,4.6200,375.5000,14.5000,361.0000,363.9000,368.2500,375.5000,382.7500,387.1000,390.0000,-86.1750,1.1050,-87.2800,-87.0590,-86.7275,-86.1750,-85.6225,-85.2910,-85.0700,-10.5750,0.0050,-10.5800,-10.5790,-10.5775,-10.5750,-10.5725,-10.5710,-10.5700
-86.9285,40.4675,0.0000,3.0000,24.3582,5.1064,17.6530,18.4266,19.2001,21.5208,25.3886,27.7109,29.1042,29.5687,30.0331,10.8833,1.5604,8.8300,10.0200,11.2100,11.9100,12.6100,1167.0000,397.2564,610.0000,764.4000,996.0000,1382.0000,1445.5000,1483.6000,1509.0000,-113.0633,2.9957,-116.6300,-115.9560,-114.9450,-113.2600,-111.2800,-110.0920,-109.3000,-12.6900,0.7316,-13.2900,-13.2560,-13.2050,-13.1200,-12.3900,-11.9520,-11.6600
-86.9280,40.4605,0.0000,3.0000,58.9591,7.8610,49.4791,50.3982,51.3173,54.0747,58.6702,63.6991,66.7164,67.7222,68.7280,4.7433,0.6504,3.9200,4.3600,4.8000,5.1550,5.5100,500.0000,64.6375,409.0000,434.8000,473.5000,538.0000,545.5000,550.0000,553.0000,-91.4467,1.9222,-92.8900,-92.8560,-92.8050,-92.7200,-90.7250,-89.5280,-88.7300,-10.6867,0.0685,-10.7400,-10.7380,-10.7350,-10.7300,-10.6600,-10.6180,-10.5900
-86.9280,40.4675,0.0000,2.0000,50.0354,29.7669,20.2686,23.2453,26.2219,35.1520,50.0354,64.9189,73.8489,76.8256,79.8023,5.3000,1.2500,4.0500,4.6750,5.3000,5.9250,6.5500,392.0000,97.0000,295.0000,314.4000,343.5000,392.0000,440.5000,469.6000,489.0000,-108.3500,4.9200,-113.2700,-112.2860,-110.8100,-108.3500,-105.8900,-104.4140,-103.4300,-11.9750,0.7550,-12.7300,-12.5790,-12.3525,-11.9750,-11.5975,-11.3710,-11.2200
-86.9280,40.4680,0.0000,1.0000,105.3691,0.0000,105.3691,105.3691,105.3691,105.3691,105.3691,105.3691,105.3691,105.3691,105.3691,3.5200,0.0000,3.5200,3.5200,3.5200,3.5200,3.5200,286.0000,0.0000,286.0000,286.0000,286.0000,286.0000,286.0000,286.0000,286.0000,-100.6200,0.0000,-100.6200,-100.6200,-100.6200,-100.6200,-100.6200,-100.6200,-100.6200,-10.9800,0.0000,-10.9800,-10.9800,-10.9800,-10.9800,-10.9800,-10.9800,-10.9800
-86.9275,40.4605,0.0000,3.0000,50.9419,15.1601,32.6729,34.4415,36.2101,41.5160,50.3591,60.0764,65.9068,67.8503,69.7938,4.8633,0.6227,4.1400,4.4650,4.7900,5.2250,5.6600,583.3333,110.2432,442.0000,473.0000,519.5000,597.0000,654.0000,688.2000,711.0000,-93.6900,1.7351,-95.8100,-95.3880,-94.7550,-93.7000,-92.6300,-91.9880,-91.5600,-10.6133,0.0403,-10.6700,-10.6540,-10.6300,-10.5900,-10.5850,-10.5820,-10.5800
-86.9275,40.4680,0.0000,4.0000,73.1350,24.7628,40.3200,43.5891,46.8582,56.6655,72.5245,88.9940,99.9002,103.5356,107.1710,4.0350,0.4856,3.4400,3.6800,3.9850,4.3400,4.7300,374.0000,93.4746,252.0000,285.3000,335.2500,364.5000,403.2500,470.3000,515.0000,-103.1300,2.9511,-107.1600,-106.4280,-105.3300,-102.7050,-100.5050,-100.1720,-99.9500,-11.3450,0.3414,-11.8000,-11.7220,-11.6050,-11.3150,-11.0550,-10.9920,-10.9500
-86.9270,40.4605,0.0000,4.0000,66.5860,10.6160,48.2276,51.8206,55.4137,66.1929,72.2191,72.6122,73.2518,73.4650,73.6782,4.7175,0.3264,4.1800,4.6000,4.8350,4.9525,5.0200,399.0000,127.5911,306.0000,314.4000,327.0000,335.5000,407.5000,534.4000,619.0000,-90.3100,4.4255,-95.0400,-94.4820,-93.6450,-91.3800,-88.0450,-85.2820,-83.4400,-10.6450,0.0658,-10.7200,-10.7140,-10.7050,-10.6450,-10.5850,-10.5760,-10.5700
-86.9270,40.4680,0.0000,3.0000,50.1899,14.9593,29.3760,32.1701,34.9642,43.3465,57.3170,60.5968,62.5647,63.2206,63.8766,8.2100,3.1511,4.0100,6.5150,9.0200,10.3100,11.6000,903.0000,271.5290,519.0000,634.2000,807.0000,1095.0000,1095.0000,1095.0000,1095.0000,-108.9100,4.2916,-113.6200,-112.8700,-111.7450,-109.8700,-106.5550,-104.5660,-103.2400,-11.8300,0.4531,-12.2800,-12.2240,-12.1400,-12.0000,-11.6050,-11.3680,-11.2100
-86.9265,40.4605,0.0000,18.0000,50.9525,13.5175,31.3307,31.7205,34.9490,43.3798,46.6044,60.1080,65.3155,74.0808,84.9200,4.7178,0.5229,3.9700,4.3975,4.5900,5.0475,5.8600,491.2222,164.0706,266.0000,278.2000,343.0000,478.0000,610.2500,691.0000,796.0000,-97.3811,2.1909,-100.9400,-100.1990,-98.7600,-97.1950,-96.8800,-95.1920,-91.3000,-10.7511,0.1460,-11.0700,-10.9430,-10.8200,-10.7500,-10.6050,-10.5800,-10.5700
-86.9265,40.4680,0.0000,2.0000,31.9150,7.6320,24.2830,25.0462,25.8094,28.0990,31.9150,35.7310,38.0206,38.7838,39.5470,6.9100,1.4900,5.4200,6.1650,6.9100,7.6550,8.4000,594.5000,33.5000,561.0000,567.7000,577.7500,594.5000,611.2500,621.3000,628.0000,-111.2300,0.0200,-111.2500,-111.2460,-111.2400,-111.2300,-111.2200,-111.2140,-111.2100,-11.9750,0.1550,-12.1300,-12.0990,-12.0525,-11.9750,-11.8975,-11.8510,-11.8200
-86.9260,40.4605,0.0000,6.0000,34.4613,8.6566,18.5316,21.0191,23.5067,30.3822,37.1964,40.1313,42.6809,43.6520,44.6231,3.7483,0.1892,3.4900,3.6050,3.7250,3.9350,3.9800,830.5000,285.3412,404.0000,512.5000,640.0000,803.0000,1109.2500,1176.0000,1176.0000,-86.2417,6.8155,-96.4800,-93.7000,-90.8925,-86.0550,-80.0700,-78.9700,-78.2800,-10.5817,0.0279,-10.6400,-10.6150,-10.5850,-10.5700,-10.5625,-10.5600,-10.5600
-86.9260,40.4680,0.0000,3.0000,43.3313,4.0677,38.9623,39.2936,39.6248,40.6186,42.2750,45.5158,47.4603,48.1084,48.7566,7.8733,1.5277,6.0400,6.9200,7.8000,8.7900,9.7800,614.0000,121.6224,442.0000,493.6000,571.0000,700.0000,700.0000,700.0000,700.0000,-111.2567,0.5669,-112.0500,-111.8320,-111.5050,-110.9600,-110.8600,-110.8000,-110.7600,-12.4467,0.1837,-12.7000,-12.6340,-12.5350,-12.3700,-12.3200,-12.2900,-12.2700
-86.9255,40.4605,0.0000,3.0000,69.0607,4.2549,63.0916,63.9212,64.7508,67.2396,71.3876,72.0453,72.4400,72.5716,72.7031,4.4367,0.0680,4.3700,4.3900,4.4100,4.4700,4.5300,480.3333,83.6753,395.0000,406.4000,423.5000,452.0000,523.0000,565.6000,594.0000,-92.1933,2.6868,-95.5900,-94.8660,-93.7800,-91.9700,-90.4950,-89.6100,-89.0200,-10.5900,0.0000,-10.5900,-10.5900,-10.5900,-10.5900,-10.5900,-10.5900,-10.5900
-86.9255,40.4680,0.0000,4.0000,40.9890,11.5698,27.1580,28.0693,28.9805,31.7144,39.9831,49.2578,53.8023,55.3171,56.8320,10.6600,2.9002,6.0100,9.3175,11.7300,13.0725,13.1700,619.2500,85.1686,508.0000,525.1000,550.7500,633.5000,702.0000,702.0000,702.0000,-112.6150,0.5668,-113.2200,-113.1240,-112.9800,-112.7700,-112.4050,-111.9820,-111.7000,-12.4800,0.1267,-12.6100,-12.5830,-12.5425,-12.5200,-12.4575,-12.3450,-12.2700
-86.9250,40.4605,0.0000,4.0000,69.6567,8.8489,62.0862,62.2006,62.3150,62.6582,66.2040,73.2024,79.7604,81.9464,84.1324,4.3400,0.2828,4.1200,4.1425,4.2100,4.4075,4.8200,378.0000,22.6605,351.0000,354.3000,359.2500,376.5000,395.2500,402.9000,408.0000,-87.3325,0.2690,-87.7800,-87.6300,-87.4050,-87.2400,-87.1675,-87.1090,-87.0700,-10.5800,0.0122,-10.5900,-10.5900,-10.5900,-10.5850,-10.5750,-10.5660,-10.5600
-86.9250,40.4680,0.0000,3.0000,43.5679,3.3711,41.1320,41.1425,41.1529,41.1843,41.2366,44.7858,46.9153,47.6252,48.3350,6.8500,0.4758,6.2100,6.6000,6.9900,7.1700,7.3500,433.3333,30.6413,390.0000,403.0000,422.5000,455.0000,455.0000,455.0000,455.0000,-112.1500,1.5137,-114.2500,-113.6920,-112.8550,-111.4600,-111.1000,-110.8840,-110.7400,-12.3000,0.4411,-12.8500,-12.7360,-12.5650,-12.2800,-12.0250,-11.8720,-11.7700
-86.9245,40.4605,0.0000,6.0000,38.5944,8.6967,27.2836,27.5980,27.9124,30.5438,39.8031,44.3704,48.0676,49.6969,51.3262,6.6733,1.1005,4.9600,5.9725,6.6300,7.6700,8.0500,647.8333,122.7659,514.0000,529.5000,549.7500,621.0000,706.5000,793.0000,870.0000,-100.9450,1.6563,-103.1000,-102.3850,-101.5725,-101.2200,-100.9275,-99.2300,-97.6100,-11.1550,0.1414,-11.3200,-11.3100,-11.2900,-11.1600,-11.0225,-10.9950,-10.9800
-86.9245,40.4680,0.0000,3.0000,32.4903,2.2138,29.5340,29.8882,30.2424,31.3050,33.0760,33.9685,34.5040,34.6825,34.8610,9.0800,2.1602,6.5400,7.7100,8.8800,10.3500,11.8200,647.6667,61.2826,561.0000,587.0000,626.0000,691.0000,691.0000,691.0000,691.0000,-113.1600,1.1074,-114.3000,-114.1440,-113.9100,-113.5200,-112.5900,-112.0320,-111.6600,-12.8000,0.2547,-12.9900,-12.9860,-12.9800,-12.9700,-12.7050,-12.5460,-12.4400
-86.9240,40.4605,0.0000,12.0000,40.2012,11.2167,22.8960,24.1612,25.8272,34.9467,40.5920,44.1124,48.2434,57.4676,68.2027,5.5733,0.8907,4.2200,5.0000,5.2950,6.1850,7.5400,697.6667,186.6179,327.0000,508.9000,608.5000,660.5000,822.5000,914.0000,1045.0000,-97.1775,3.8409,-103.3400,-102.3820,-101.0800,-96.0700,-93.8500,-93.1240,-92.2000,-10.9242,0.3595,-11.6700,-11.4800,-11.1500,-10.7700,-10.6475,-10.5950,-10.5900
-86.9240,40.4680,0.0000,2.0000,21.7915,9.6275,12.1640,13.1267,14.0895,16.9778,21.7915,26.6052,29.4935,30.4563,31.4190,12.1100,0.0600,12.0500,12.0800,12.1100,12.1400,12.1700,971.0000,140.0000,831.0000,859.0000,901.0000,971.0000,1041.0000,1083.0000,1111.0000,-113.7150,2.2950,-116.0100,-115.5510,-114.8625,-113.7150,-112.5675,-111.8790,-111.4200,-12.8650,0.5650,-13.4300,-13.3170,-13.1475,-12.8650,-12.5825,-12.4130,-12.3000
-86.9235,40.4605,0.0000,17.0000,32.8120,9.7663,16.7733,18.4615,21.0025,24.9911,33.4649,38.1316,43.6165,49.0940,53.6942,4.8835,1.0070,3.4100,4.0400,5.0500,5.5900,6.5800,811.1176,245.3465,405.0000,515.6000,647.0000,751.0000,1017.0000,1145.2000,1254.0000,-96.4600,1.4613,-98.4000,-98.0080,-97.3300,-96.8800,-95.8700,-94.6120,-92.4700,-10.7612,0.1532,-11.0900,-10.9340,-10.8800,-10.7800,-10.5900,-10.5820,-10.5600
-86.9235,40.4680,0.0000,4.0000,23.8352,1.9822,21.4971,21.6506,21.8040,22.2643,23.6103,25.1812,26.0463,26.3346,26.6230,13.4475,1.4973,11.7500,12.7025,13.0900,13.8350,15.8600,887.7500,105.8262,726.0000,771.0000,838.5000,904.5000,953.7500,991.1000,1016.0000,-115.2300,0.8173,-116.3900,-116.0540,-115.5500,-115.2250,-114.9050,-114.4100,-114.0800,-13.5125,0.4445,-14.2100,-14.0150,-13.7225,-13.4050,-13.1950,-13.0960,-13.0300
-86.9230,40.4605,0.0000,4.0000,23.1093,4.7764,15.1067,16.5468,17.9869,22.3073,24.7893,25.5913,26.8877,27.3199,27.7520,6.0725,1.0290,4.8000,5.2725,6.0150,6.8150,7.4600,885.0000,221.1821,609.0000,666.3000,752.2500,856.0000,988.7500,1126.9000,1219.0000,-101.5350,1.8256,-103.9100,-103.3910,-102.6125,-101.6850,-100.6075,-99.5590,-98.8600,-11.3075,0.1839,-11.5700,-11.5040,-11.4050,-11.3000,-11.2025,-11.1170,-11.0600
-86.9230,40.4680,0.0000,3.0000,25.9675,2.3359,23.7234,23.8501,23.9767,24.3567,24.9900,27.0895,28.3492,28.7691,29.1890,12.6833,2.2483,10.5800,11.1250,11.6700,13.7350,15.8000,1036.6667,89.4775,916.0000,945.6000,990.0000,1064.0000,1097.0000,1116.8000,1130.0000,-115.2733,1.5778,-116.9500,-116.7020,-116.3300,-115.7100,-114.4350,-113.6700,-113.1600,-13.0100,0.6297,-13.4800,-13.4700,-13.4550,-13.4300,-12.7750,-12.3820,-12.1200
-86.9225,40.4605,0.0000,3.0000,11.8030,0.8504,10.8000,10.8930,10.9860,11.2649,11.7298,12.3044,12.6492,12.7642,12.8791,8.3767,0.7905,7.3100,7.9650,8.6200,8.9100,9.2000,1887.3333,25.7207,1851.0000,1861.6000,1877.5000,1904.0000,1905.5000,1906.4000,1907.0000,-104.5167,2.1546,-106.0800,-106.0640,-106.0400,-106.0000,-103.7350,-102.3760,-101.4700,-11.6767,0.3657,-12.0500,-12.0000,-11.9250,-11.8000,-11.4900,-11.3040,-11.1800
-86.9225,40.4680,0.0000,3.0000,21.4586,2.1455,19.4274,19.5369,19.6463,19.9747,20.5220,22.4741,23.6454,24.0359,24.4263,11.5800,0.7145,10.5900,11.2450,11.9000,12.0750,12.2500,958.3333,63.8975,870.0000,893.2000,928.0000,986.0000,1002.5000,1012.4000,1019.0000,-113.4433,1.2954,-115.2100,-114.7640,-114.0950,-112.9800,-112.5600,-112.3080,-112.1400,-12.3533,0.3887,-12.8100,-12.7260,-12.6000,-12.3900,-12.1250,-11.9660,-11.8600
-86.9220,40.4605,0.0000,3.0000,14.4910,3.7567,10.2507,10.6095,10.9684,12.0449,13.8391,16.6111,18.2743,18.8287,19.3831,6.7600,0.9607,5.6900,6.1300,6.5700,7.2950,8.0200,1792.0000,179.6051,1665.0000,1665.0000,1665.0000,1665.0000,1855.5000,1969.8000,2046.0000,-103.6833,2.2297,-105.7600,-105.5480,-105.2300,-104.7000,-102.6450,-101.4120,-100.5900,-11.4433,0.2520,-11.6600,-11.6440,-11.6200,-11.5800,-11.3350,-11.1880,-11.0900
-86.9220,40.4680,0.0000,3.0000,17.1877,1.5162,15.2030,15.4304,15.6578,16.3400,17.4770,18.1800,18.6018,18.7424,18.8830,13.5733,2.0726,11.6900,12.1300,12.5700,14.5150,16.4600,1208.6667,149.4040,1074.0000,1086.2000,1104.5000,1135.0000,1276.0000,1360.6000,1417.0000,-114.1133,1.0500,-115.3700,-115.1300,-114.7700,-114.1700,-113.4850,-113.0740,-112.8000,-12.6833,0.5990,-13.5000,-13.2940,-12.9850,-12.4700,-12.2750,-12.1580,-12.0800
-86.9215,40.4605,0.0000,2.0000,20.6667,6.9449,13.7218,14.4163,15.1108,17.1942,20.6667,24.1391,26.2226,26.9171,27.6116,10.9300,0.8300,10.1000,10.5150,10.9300,11.3450,11.7600,1207.5000,109.5000,1098.0000,1119.9000,1152.7500,1207.5000,1262.2500,1295.1000,1317.0000,-106.3900,0.3700,-106.7600,-106.6860,-106.5750,-106.3900,-106.2050,-106.0940,-106.0200,-11.7800,0.0400,-11.8200,-11.8120,-11.8000,-11.7800,-11.7600,-11.7480,-11.7400
-86.9215,40.4680,0.0000,3.0000,29.5422,13.3382,13.8457,15.2942,16.7428,21.0884,28.3310,37.3905,42.8262,44.6381,46.4500,12.5933,0.0899,12.4800,12.5400,12.6000,12.6500,12.7000,654.3333,39.4321,599.0000,614.4000,637.5000,676.0000,682.0000,685.6000,688.0000,-111.8500,1.7351,-113.3600,-113.2420,-113.0650,-112.7700,-111.0950,-110.0900,-109.4200,-11.9300,0.5123,-12.4100,-12.3600,-12.2850,-12.1600,-11.6900,-11.4080,-11.2200
-86.9210,40.4605,0.0000,3.0000,20.0305,1.5869,17.8311,18.1224,18.4137,19.2876,20.7440,21.1302,21.3620,21.4392,21.5164,13.5433,2.7896,9.7800,12.0900,14.4000,15.4250,16.4500,1171.6667,106.8873,1063.0000,1077.4000,1099.0000,1135.0000,1226.0000,1280.6000,1317.0000,-105.6233,0.9049,-106.8700,-106.5460,-106.0600,-105.2500,-105.0000,-104.8500,-104.7500,-12.0767,0.1962,-12.3100,-12.2660,-12.2000,-12.0900,-11.9600,-11.8820,-11.8300
-86.9210,40.4610,0.0000,77.0000,65.8671,15.3507,24.9787,43.8073,47.6882,54.0130,65.4010,75.7190,87.9733,90.5624,107.0920,4.9851,2.2901,3.0000,3.0300,3.6800,6.5800,11.1100,271.1766,140.7206,80.0000,103.0000,175.0000,256.0000,332.0000,464.2000,710.0000,-99.5975,3.4147,-107.4800,-104.2240,-102.4800,-99.3900,-96.5100,-95.0500,-94.1000,-11.4603,0.5771,-13.1200,-12.2840,-11.8100,-11.3500,-11.0500,-10.7900,-10.5600
-86.9210,40.4615,0.0000,33.0000,51.4015,17.0800,12.9840,18.8991,28.9154,42.6480,50.8023,65.6620,71.1135,73.6282,76.8940,6.5430,1.9646,3.0000,5.0000,6.7700,8.0000,11.3300,292.1000,124.2502,80.2000,147.7000,200.7500,260.0000,371.7500,467.8000,597.0000,-101.7891,2.0498,-106.7900,-104.7040,-102.5100,-101.4700,-100.2000,-99.5740,-98.9700,-11.6406,0.3766,-12.8300,-12.1140,-11.8000,-11.5900,-11.4000,-11.1840,-11.0700
-86.9210,40.4620,0.0000,15.0000,88.3975,18.4905,42.7320,52.6475,64.1422,80.1600,94.1086,102.1805,104.2587,108.0379,113.8010,3.7513,1.1727,3.0000,3.1250,3.2700,3.6000,7.4300,209.8000,39.7026,129.0000,166.0000,196.5000,206.0000,226.5000,267.8000,283.0000,-100.7860,2.3579,-103.9700,-103.4360,-102.6450,-100.8400,-99.5800,-97.3760,-96.0100,-11.6920,0.5739,-13.3400,-12.2880,-11.8350,-11.6000,-11.2900,-11.1880,-10.9800
-86.9210,40.4625,0.0000,20.0000,86.6397,9.4303,66.3780,68.0600,73.6579,81.4705,87.1925,94.3243,96.5215,97.4793,99.5177,7.1450,2.0466,3.0000,6.2575,7.3500,8.4500,10.6700,320.3000,80.5283,177.0000,224.9000,265.0000,313.0000,354.5000,455.3000,492.0000,-104.4260,3.5963,-109.2800,-108.4120,-107.2675,-106.1150,-101.4475,-99.9520,-96.9000,-12.1880,0.7046,-13.4900,-13.2530,-12.5025,-12.1300,-11.5200,-11.4210,-11.2200
-86.9210,40.4680,0.0000,3.0000,21.2934,4.6622,16.1820,16.5880,16.9941,18.2121,20.2423,23.8491,26.0133,26.7346,27.4560,11.4500,4.2708,7.8500,8.4500,9.0500,13.2500,17.4500,865.0000,264.4579,491.0000,603.2000,771.5000,1052.0000,1052.0000,1052.0000,1052.0000,-110.4633,0.6500,-111.0100,-110.9740,-110.9200,-110.8300,-110.1900,-109.8060,-109.5500,-12.4167,0.0974,-12.5000,-12.4940,-12.4850,-12.4700,-12.3750,-12.3180,-12.2800
-86.9205,40.4595,0.0000,5.0000,78.8354,10.0629,69.5223,69.7790,70.0358,70.8060,72.2544,87.2170,91.5131,92.9451,94.3771,3.0000,0.0000,3.0000,3.0000,3.0000,3.0000,3.0000,337.6000,58.9257,234.0000,268.0000,319.0000,352.0000,380.0000,393.8000,403.0000,-94.7840,1.2096,-96.9300,-96.2660,-95.2700,-94.1200,-94.0200,-93.7560,-93.5800,-11.0740,0.0350,-11.1100,-11.1100,-11.1100,-11.0800,-11.0500,-11.0320,-11.0200
-86.9205,40.4600,0.0000,43.0000,69.4600,18.0966,34.9590,43.3159,46.0739,56.5264,67.3220,82.0532,91.2064,99.0279,109.0549,4.9521,2.2948,3.0000,3.1000,3.5900,6.8750,11.0000,408.0558,137.0258,51.4000,241.2000,346.5000,387.0000,496.5000,590.0000,661.0000,-100.1043,4.1151,-111.3300,-107.7180,-101.3850,-98.7950,-97.2800,-96.3800,-94.9500,-11.6252,0.6888,-14.2000,-12.4750,-11.7750,-11.4150,-11.1725,-11.1210,-10.8800
-86.9205,40.4605,0.0000,14.0000,40.3382,20.1135,14.0240,15.6643,16.6996,19.1362,39.1990,57.2657,62.3416,69.0482,77.7930,5.8179,2.1056,3.0000,3.6875,5.9500,7.4450,9.7400,750.1429,423.3671,266.0000,368.9000,404.5000,597.0000,1051.7500,1262.2000,1726.0000,-101.8329,2.9515,-106.4800,-105.6420,-103.3675,-102.3450,-100.4075,-97.4110,-96.5900,-11.5714,0.4332,-12.4400,-12.0780,-11.8125,-11.5650,-11.2125,-10.9860,-10.9600
-86.9205,40.4610,0.0000,4.0000,82.2925,13.2241,61.6770,65.0362,68.3955,78.4733,84.4646,88.2839,94.4519,96.5080,98.5640,4.3750,0.5925,3.4800,4.0200,4.5550,4.9100,4.9100,334.5000,56.8529,240.0000,270.3000,315.7500,356.5000,375.2500,381.1000,385.0000,-99.1050,1.8696,-100.7000,-100.4960,-100.1900,-99.9000,-98.8150,-97.0780,-95.9200,-11.3200,0.2206,-11.6800,-11.5720,-11.4100,-11.2350,-11.1450,-11.1360,-11.1300
-86.9205,40.4620,0.0000,3.0000,47.2716,4.2093,41.7520,42.3869,43.0217,44.9263,48.1006,50.0314,51.1899,51.5761,51.9623,6.5367,2.5507,3.0000,5.3450,7.6900,8.3050,8.9200,195.0000,14.2361,183.0000,183.8000,185.0000,187.0000,201.0000,209.4000,215.0000,-101.6833,1.5354,-103.5400,-103.1780,-102.6350,-101.7300,-100.7550,-100.1700,-99.7800,-11.5467,0.5332,-12.3000,-12.0800,-11.7500,-11.2000,-11.1700,-11.1520,-11.1400
-86.9205,40.4625,0.0000,12.0000,55.6310,20.8433,25.8030,28.1598,30.4495,40.1425,53.1157,70.6047,79.7068,86.3849,94.0560,7.1542,1.9319,4.2900,5.7400,6.5050,8.4075,11.4000,280.5417,179.6361,69.5000,153.0000,184.5000,233.0000,282.5000,447.5000,786.0000,-102.8625,1.4654,-104.7400,-104.2900,-104.0200,-103.6100,-101.5450,-100.6810,-100.5500,-11.5442,0.2606,-12.2200,-11.7580,-11.6050,-11.5600,-11.3425,-11.2540,-11.2300
-86.9205,40.4630,0.0000,29.0000,62.9156,10.1613,46.5960,48.3048,50.4305,54.3771,62.5410,68.6880,76.0079,77.2789,89.3700,6.6883,2.5678,3.0000,3.7500,6.7300,8.5300,11.1800,385.0000,130.5461,108.0000,252.6000,313.0000,378.0000,482.0000,554.0000,689.0000,-103.7828,1.3599,-106.3500,-105.5960,-104.8000,-103.6800,-102.9300,-102.2040,-101.3100,-11.8731,0.4695,-13.4800,-12.3260,-12.0400,-11.7500,-11.7200,-11.3960,-11.0900
-86.9205,40.4680,0.0000,3.0000,14.4280,1.4220,12.7550,12.9093,13.0636,13.5265,14.2980,15.2644,15.8443,16.0376,16.2309,12.6467,2.3142,10.8000,11.0150,11.2300,13.5700,15.9100,1280.0000,107.4802,1204.0000,1204.0000,1204.0000,1204.0000,1318.0000,1386.4000,1432.0000,-111.0667,0.9545,-112.3800,-112.0400,-111.5300,-110.6800,-110.4100,-110.2480,-110.1400,-12.1300,0.2192,-12.4400,-12.3480,-12.2100,-11.9800,-11.9750,-11.9720,-11.9700
-86.9200,40.4595,0.0000,25.0000,77.5512,15.3839,42.9166,50.5942,55.9772,66.6114,80.7560,89.5691,94.4176,96.1164,102.2730,7.3216,2.5234,3.0000,5.8100,8.1600,9.1600,11.7100,346.6400,93.8317,181.0000,219.2000,287.0000,355.0000,393.0000,439.4000,573.0000,-99.4900,2.7037,-104.2100,-103.2500,-101.1200,-99.6600,-97.1100,-95.8980,-94.9900,-11.6944,0.4160,-12.4100,-12.2180,-12.0400,-11.6200,-11.2900,-11.1880,-10.9400
-86.9200,40.4600,0.0000,4.0000,64.6893,11.4455,46.2760,48.9346,51.5932,59.5690,68.6177,73.7380,74.6426,74.9442,75.2457,8.7625,1.2326,7.3300,7.6825,8.7100,9.7900,10.3000,421.7500,117.3827,297.0000,303.0000,312.0000,410.0000,519.7500,549.9000,570.0000,-98.7975,0.8344,-100.1900,-99.7310,-99.0425,-98.4850,-98.2400,-98.1140,-98.0300,-11.4475,0.2406,-11.7300,-11.6910,-11.6325,-11.4800,-11.2950,-11.1780,-11.1000
-86.9200,40.4605,0.0000,6.0000,14.6575,3.4998,9.7111,10.0358,10.3604,11.9267,14.7658,17.4409,18.8462,19.1178,19.3893,8.0317,2.4580,4.9600,5.8975,7.9100,9.6600,11.9400,1618.5000,338.6206,950.0000,1235.0000,1530.0000,1721.0000,1882.0000,1899.5000,1917.0000,-101.7267,1.6516,-103.9500,-103.8950,-103.2325,-101.1800,-100.8450,-100.1050,-99.4000,-12.0283,0.4646,-12.6700,-12.5700,-12.3800,-12.0100,-11.7900,-11.5050,-11.2600
-86.9200,40.4630,0.0000,75.0000,84.1412,18.9581,41.5050,55.5643,60.5384,68.9178,83.9314,99.1514,109.5203,112.1950,120.1680,5.5068,2.2409,3.0000,3.5200,4.8400,7.0650,11.3300,349.1467,119.3730,132.0000,221.8000,255.0000,344.0000,409.0000,519.6000,701.0000,-104.3336,2.0634,-107.9300,-107.6200,-105.6400,-104.2400,-103.1175,-101.6620,-99.4100,-12.0465,0.5238,-13.8500,-12.6940,-12.4100,-11.9500,-11.6425,-11.4230,-11.2000
-86.9200,40.4680,0.0000,3.0000,19.3303,3.8701,13.8850,14.6540,15.4230,17.7299,21.5749,22.0529,22.3398,22.4354,22.5310,15.3333,5.6403,10.5300,11.3750,12.2200,17.7350,23.2500,1050.0000,325.4505,606.0000,718.2000,886.5000,1167.0000,1272.0000,1335.0000,1377.0000,-110.3667,1.1792,-111.3600,-111.2940,-111.1950,-111.0300,-109.8700,-109.1740,-108.7100,-11.8367,0.4554,-12.3600,-12.2680,-12.1300,-11.9000,-11.5750,-11.3800,-11.2500
-86.9195,40.4595,0.0000,13.0000,80.5900,9.5789,64.5920,64.6226,66.2109,75.6020,78.7380,90.4537,92.4298,92.5961,92.6263,6.5131,2.1529,3.5700,4.7400,6.3300,7.7800,10.3300,300.0000,62.3933,244.0000,251.2000,267.0000,286.0000,299.0000,324.4000,500.0000,-98.0942,1.7965,-101.0300,-100.5180,-99.1725,-98.1800,-96.6300,-95.6070,-95.2500,-11.5258,0.3747,-12.4800,-11.8310,-11.7125,-11.4700,-11.2825,-11.0890,-11.0700
-86.9195,40.4600,0.0000,2.0000,75.2555,4.7805,70.4750,70.9530,71.4311,72.8653,75.2555,77.6457,79.0799,79.5580,80.0360,7.5800,1.7500,5.8300,6.7050,7.5800,8.4550,9.3300,404.0000,121.0000,283.0000,307.2000,343.5000,404.0000,464.5000,500.8000,525.0000,-98.6550,1.1550,-99.8100,-99.5790,-99.2325,-98.6550,-98.0775,-97.7310,-97.5000,-11.3750,0.1950,-11.5700,-11.5310,-11.4725,-11.3750,-11.2775,-11.2190,-11.1800
-86.9195,40.4605,0.0000,6.0000,13.9720,0.9913,12.3982,12.5269,12.6556,13.2602,14.3159,14.5724,14.9444,15.0900,15.2356,13.6967,3.0074,7.7000,12.8675,15.1100,15.4325,16.6000,1452.1667,227.1332,1154.0000,1183.5000,1241.2500,1494.0000,1662.0000,1679.0000,1696.0000,-108.0883,1.6327,-109.3900,-109.3400,-109.2650,-108.9700,-107.4225,-105.9550,-104.9300,-12.8600,0.4056,-13.3500,-13.3000,-13.2175,-12.8700,-12.5975,-12.4100,-12.2300
-86.9195,40.4620,0.0000,1.0000,88.4440,0.0000,88.4440,88.4440,88.4440,88.4440,88.4440,88.4440,88.4440,88.4440,88.4440,5.3000,0.0000,5.3000,5.3000,5.3000,5.3000,5.3000,368.0000,0.0000,368.0000,368.0000,368.0000,368.0000,368.0000,368.0000,368.0000,-102.1200,0.0000,-102.1200,-102.1200,-102.1200,-102.1200,-102.1200,-102.1200,-102.1200,-12.7700,0.0000,-12.7700,-12.7700,-12.7700,-12.7700,-12.7700,-12.7700,-12.7700
-86.9195,40.4625,0.0000,3.0000,93.3604,8.3133,82.4040,83.6782,84.9525,88.7751,95.1463,98.8386,101.0541,101.7925,102.5310,5.1433,1.1769,3.7400,4.4050,5.0700,5.8450,6.6200,292.6667,9.9778,282.0000,283.6000,286.0000,290.0000,298.0000,302.8000,306.0000,-104.8167,1.6292,-107.0600,-106.4780,-105.6050,-104.1500,-103.6950,-103.4220,-103.2400,-12.5067,0.8213,-13.6400,-13.3440,-12.9000,-12.1600,-11.9400,-11.8080,-11.7200
-86.9195,40.4680,0.0000,4.0000,14.9611,3.3684,9.3840,10.2811,11.1782,13.8694,16.1537,17.2454,17.7901,17.9716,18.1531,12.4650,1.6044,10.3200,11.4225,12.4350,13.4775,14.6700,1606.7500,345.3740,1028.0000,1216.7000,1499.7500,1764.0000,1871.0000,1871.0000,1871.0000,-112.1550,0.3810,-112.5700,-112.5490,-112.5175,-112.1450,-111.7825,-111.7690,-111.7600,-11.8500,0.1933,-12.1800,-12.0630,-11.8875,-11.7600,-11.7225,-11.7090,-11.7000
-86.9190,40.4600,0.0000,4.0000,77.4204,12.0255,61.3130,63.4681,65.6231,72.0883,76.5863,81.9184,89.8850,92.5405,95.1960,5.7700,0.6122,4.9500,5.3325,5.7900,6.2275,6.5500,355.0000,68.1286,238.0000,280.9000,345.2500,388.0000,397.7500,402.7000,406.0000,-101.5325,2.3730,-105.2500,-104.0740,-102.3100,-101.1100,-100.3325,-99.3290,-98.6600,-11.9300,0.6482,-12.8800,-12.5920,-12.1600,-11.8950,-11.6650,-11.2960,-11.0500
-86.9190,40.4605,0.0000,4.0000,9.4818,0.9854,8.0791,8.2610,8.4428,8.9884,9.5084,10.0018,10.4994,10.6652,10.8311,14.3350,3.7102,9.7100,12.1475,13.8350,16.0225,19.9600,2228.5000,110.5000,2118.0000,2118.0000,2118.0000,2228.5000,2339.0000,2339.0000,2339.0000,-109.5625,0.7356,-110.0900,-110.0900,-110.0900,-109.9250,-109.3975,-108.7450,-108.3100,-13.8650,0.5229,-14.5200,-14.4060,-14.2350,-13.9100,-13.5400,-13.2880,-13.1200
-86.9190,40.4615,0.0000,1.0000,87.6709,0.0000,87.6709,87.6709,87.6709,87.6709,87.6709,87.6709,87.6709,87.6709,87.6709,4.4200,0.0000,4.4200,4.4200,4.4200,4.4200,4.4200,364.0000,0.0000,364.0000,364.0000,364.0000,364.0000,364.0000,364.0000,364.0000,-99.8300,0.0000,-99.8300,-99.8300,-99.8300,-99.8300,-99.8300,-99.8300,-99.8300,-11.7400,0.0000,-11.7400,-11.7400,-11.7400,-11.7400,-11.7400,-11.7400,-11.7400
-86.9190,40.4620,0.0000,2.0000,74.5740,3.4030,71.1710,71.5113,71.8516,72.8725,74.5740,76.2755,77.2964,77.6367,77.9770,3.1100,0.0200,3.0900,3.1000,3.1100,3.1200,3.1300,465.5000,11.5000,454.0000,456.3000,459.7500,465.5000,471.2500,474.7000,477.0000,-102.6350,0.2450,-102.8800,-102.8310,-102.7575,-102.6350,-102.5125,-102.4390,-102.3900,-12.0550,0.0350,-12.0900,-12.0830,-12.0725,-12.0550,-12.0375,-12.0270,-12.0200
-86.9190,40.4680,0.0000,2.0000,16.3845,1.0815,15.3030,15.4112,15.5193,15.8438,16.3845,16.9253,17.2497,17.3579,17.4660,11.9400,1.4200,10.5200,11.2300,11.9400,12.6500,13.3600,1019.0000,162.0000,857.0000,889.4000,938.0000,1019.0000,1100.0000,1148.6000,1181.0000,-111.9200,0.3300,-112.2500,-112.1840,-112.0850,-111.9200,-111.7550,-111.6560,-111.5900,-11.2700,0.1400,-11.4100,-11.3820,-11.3400,-11.2700,-11.2000,-11.1580,-11.1300
-86.9185,40.4600,0.0000,3.0000,79.7740,8.6578,70.6180,71.2874,71.9568,73.9650,77.3120,84.3520,88.5760,89.9840,91.3920,4.7733,1.0937,4.0000,4.0000,4.0000,5.1600,6.3200,274.0000,36.3410,243.0000,245.2000,248.5000,254.0000,289.5000,310.8000,325.0000,-103.3100,0.4553,-103.9400,-103.7740,-103.5250,-103.1100,-102.9950,-102.9260,-102.8800,-12.1033,0.3159,-12.5500,-12.4180,-12.2200,-11.8900,-11.8800,-11.8740,-11.8700
-86.9185,40.4605,0.0000,3.0000,18.6904,4.3516,13.2551,13.8204,14.3858,16.0818,18.9084,21.4080,22.9077,23.4076,23.9076,15.5800,2.4891,12.0600,14.6850,17.3100,17.3400,17.3700,1016.5000,13.5000,1003.0000,1005.7000,1009.7500,1016.5000,1023.2500,1027.3000,1030.0000,-105.2967,2.1689,-108.2900,-107.5080,-106.3350,-104.3800,-103.8000,-103.4520,-103.2200,-12.8667,0.8156,-13.7800,-13.6280,-13.4000,-13.0200,-12.4100,-12.0440,-11.8000
-86.9185,40.4610,0.0000,1.0000,120.0286,0.0000,120.0286,120.0286,120.0286,120.0286,120.0286,120.0286,120.0286,120.0286,120.0286,6.4100,0.0000,6.4100,6.4100,6.4100,6.4100,6.4100,294.0000,0.0000,294.0000,294.0000,294.0000,294.0000,294.0000,294.0000,294.0000,-102.4400,0.0000,-102.4400,-102.4400,-102.4400,-102.4400,-102.4400,-102.4400,-102.4400,-11.3700,0.0000,-11.3700,-11.3700,-11.3700,-11.3700,-11.3700,-11.3700,-11.3700
-86.9185,40.4615,0.0000,3.0000,94.7947,7.8843,84.1450,85.4564,86.7678,90.7020,97.2590,100.1195,101.8358,102.4079,102.9800,3.2167,0.1756,3.0000,3.1100,3.2200,3.3250,3.4300,290.6667,55.5238,223.0000,236.4000,256.5000,290.0000,324.5000,345.2000,359.0000,-102.6133,2.2023,-105.7000,-104.8460,-103.5650,-101.4300,-101.0700,-100.8540,-100.7100,-12.8700,0.8743,-14.0500,-13.7600,-13.3250,-12.6000,-12.2800,-12.0880,-11.9600
-86.9185,40.4680,0.0000,3.0000,17.2091,0.7842,16.5303,16.5562,16.5820,16.6596,16.7890,17.5485,18.0042,18.1561,18.3080,9.0967,1.1058,7.5500,8.6100,9.6700,9.8700,10.0700,1224.6667,225.3314,906.0000,1001.6000,1145.0000,1384.0000,1384.0000,1384.0000,1384.0000,-110.2633,0.4888,-110.8200,-110.7240,-110.5800,-110.3400,-109.9850,-109.7720,-109.6300,-11.3100,0.1023,-11.4300,-11.4080,-11.3750,-11.3200,-11.2500,-11.2080,-11.1800
-86.9180,40.4600,0.0000,3.0000,78.7437,9.9722,64.6450,66.7302,68.8154,75.0711,85.4971,85.7931,85.9706,86.0298,86.0890,7.3767,2.1704,5.2300,5.8900,6.5500,8.4500,10.3500,383.3333,75.9708,310.0000,318.4000,331.0000,352.0000,420.0000,460.8000,488.0000,-100.9967,0.3646,-101.4900,-101.3680,-101.1850,-100.8800,-100.7500,-100.6720,-100.6200,-12.0500,0.3750,-12.5700,-12.4320,-12.2250,-11.8800,-11.7900,-11.7360,-11.7000
-86.9180,40.4605,0.0000,5.0000,48.3783,36.2610,8.7582,9.3653,9.9724,11.7938,40.6411,83.9017,91.6386,94.2176,96.7966,7.6760,3.5448,3.1800,6.2600,6.3700,8.7500,13.8200,1335.0000,1149.5716,257.0000,291.4000,343.0000,603.0000,2736.0000,2736.0000,2736.0000,-105.5900,2.3204,-108.0000,-107.9000,-107.7500,-106.4400,-103.6000,-102.7360,-102.1600,-12.2960,1.4456,-14.1600,-14.0240,-13.8200,-11.8400,-11.1000,-10.7760,-10.5600
-86.9180,40.4610,0.0000,12.0000,46.4899,31.2443,7.8467,16.4027,23.5505,28.1758,36.0440,48.1363,104.3613,110.2073,111.9190,8.8758,9.1510,3.0000,3.0000,4.0600,9.0200,32.5800,558.0833,290.2543,87.0000,248.7000,283.5000,648.5000,710.5000,727.3000,1200.0000,-105.7583,5.0070,-114.8400,-108.4930,-108.4225,-108.1400,-100.2425,-98.6570,-97.9900,-10.8183,0.3896,-11.8000,-11.2490,-11.0750,-10.5600,-10.5600,-10.5600,-10.5600
-86.9180,40.4615,0.0000,1.0000,9.5966,0.0000,9.5966,9.5966,9.5966,9.5966,9.5966,9.5966,9.5966,9.5966,9.5966,4.8400,0.0000,4.8400,4.8400,4.8400,4.8400,4.8400,91.7000,0.0000,91.7000,91.7000,91.7000,91.7000,91.7000,91.7000,91.7000,-112.0300,0.0000,-112.0300,-112.0300,-112.0300,-112.0300,-112.0300,-112.0300,-112.0300,-11.2100,0.0000,-11.2100,-11.2100,-11.2100,-11.2100,-11.2100,-11.2100,-11.2100
-86.9180,40.4680,0.0000,3.0000,18.7384,2.2683,15.9770,16.2498,16.5226,17.3411,18.7051,20.1191,20.9674,21.2502,21.5330,10.6033,1.3117,9.2300,9.7200,10.2100,11.2900,12.3700,1257.3333,140.5094,1105.0000,1128.6000,1164.0000,1223.0000,1333.5000,1399.8000,1444.0000,-109.5867,0.5980,-110.4300,-110.1880,-109.8250,-109.2200,-109.1650,-109.1320,-109.1100,-11.5933,0.2446,-11.8400,-11.8080,-11.7600,-11.6800,-11.4700,-11.3440,-11.2600
-86.9175,40.4595,0.0000,3.0000,20.3978,9.4845,12.8990,13.0607,13.2224,13.7075,14.5160,24.1471,29.9258,31.8521,33.7783,4.6067,1.1337,3.1200,3.9750,4.8300,5.3500,5.8700,503.6667,279.9718,180.0000,237.6000,324.0000,468.0000,665.5000,784.0000,863.0000,-110.3833,2.3203,-112.2200,-112.1400,-112.0200,-111.8200,-109.4650,-108.0520,-107.1100,-12.3133,1.2516,-13.4000,-13.3160,-13.1900,-12.9800,-11.7700,-11.0440,-10.5600
-86.9175,40.4600,0.0000,93.0000,70.2711,21.4697,4.1431,29.4327,35.2590,61.3097,74.4320,85.5303,91.2859,97.8724,104.5566,6.8185,2.2586,3.0000,5.2500,7.0500,8.3300,14.0600,474.1720,467.5358,206.0000,238.6000,306.0000,366.0000,457.0000,647.0000,3242.0000,-101.6811,3.1318,-111.9300,-107.3190,-102.7625,-101.2100,-99.6750,-98.0630,-96.4800,-11.8815,0.7912,-14.5800,-12.9190,-12.3950,-11.7400,-11.3300,-11.0410,-10.5600
-86.9175,40.4605,0.0000,36.0000,76.3535,21.1066,28.9417,36.7937,38.7202,68.9740,81.2525,92.3060,96.5076,98.1711,109.5970,6.5117,2.4155,3.0000,4.0000,7.0850,8.3200,10.4300,404.5556,179.2725,203.0000,249.0000,285.2500,354.5000,425.5000,735.0000,862.0000,-100.4411,3.6759,-107.4300,-107.1400,-101.7025,-99.4200,-97.5950,-97.0250,-95.5700,-11.3308,0.4988,-12.2700,-11.9800,-11.6850,-11.3400,-11.0300,-10.5600,-10.5600
-86.9175,40.4610,0.0000,8.0000,69.0707,18.7530,44.3100,46.9591,49.6082,53.5042,67.0646,78.3706,96.7208,98.4749,100.2290,17.4650,10.2374,3.2900,9.0025,16.2850,28.0400,30.1500,413.5000,210.4264,214.0000,276.3000,305.2500,325.5000,414.0000,656.1000,920.0000,-100.6950,1.5222,-102.8500,-102.3390,-102.0600,-100.5600,-99.9775,-98.9230,-97.8800,-11.5650,0.2370,-11.9800,-11.8610,-11.6975,-11.5450,-11.4175,-11.2570,-11.2500
-86.9175,40.4615,0.0000,18.0000,30.2114,18.9481,1.2423,6.1072,7.0441,18.0808,27.1300,39.4197,60.9555,64.0028,64.8280,11.4893,10.0432,3.0000,3.3550,5.1900,22.9150,29.7200,907.5000,1058.4317,111.0000,142.5000,267.5000,614.0000,739.5000,2477.5000,3585.0000,-103.7087,4.4835,-107.8100,-107.5260,-107.0300,-106.1200,-100.2900,-96.4660,-95.1000,-10.9007,0.4924,-11.9400,-11.6580,-11.2950,-10.5600,-10.5600,-10.5600,-10.5000
-86.9175,40.4620,0.0000,1.0000,17.7500,0.0000,17.7500,17.7500,17.7500,17.7500,17.7500,17.7500,17.7500,17.7500,17.7500,4.6700,0.0000,4.6700,4.6700,4.6700,4.6700,4.6700,325.0000,0.0000,325.0000,325.0000,325.0000,325.0000,325.0000,325.0000,325.0000,-107.2000,0.0000,-107.2000,-107.2000,-107.2000,-107.2000,-107.2000,-107.2000,-107.2000,-10.5600,0.0000,-10.5600,-10.5600,-10.5600,-10.5600,-10.5600,-10.5600,-10.5600
-86.9175,40.4680,0.0000,4.0000,16.5899,2.4265,12.7337,13.3793,14.0249,15.9617,17.0880,17.7162,18.7565,19.1032,19.4500,10.5750,2.2148,7.1000,9.7775,10.9900,11.7875,13.2200,1339.5000,376.6998,760.0000,907.0000,1127.5000,1462.0000,1674.0000,1674.0000,1674.0000,-110.9675,1.8902,-113.5500,-113.0790,-112.3725,-110.7050,-109.3000,-109.0660,-108.9100,-12.6100,0.7216,-13.4700,-13.3530,-13.1775,-12.6850,-12.1175,-11.8070,-11.6000
-86.9170,40.4595,0.0000,5.0000,32.0561,14.2215,12.8994,13.9465,14.9937,18.1350,38.1790,40.5480,46.5306,48.5248,50.5190,8.7200,1.5911,7.0400,7.6000,7.6900,10.3300,10.9400,176.3000,88.4407,88.5000,106.7000,134.0000,134.0000,182.0000,278.6000,343.0000,-110.1960,1.0516,-111.8800,-111.4560,-110.8200,-110.0200,-109.1400,-109.1280,-109.1200,-12.4160,0.4116,-12.9000,-12.8280,-12.7200,-12.6100,-11.9400,-11.9220,-11.9100
-86.9170,40.4600,0.0000,70.0000,55.4246,19.9975,4.2711,18.6750,26.2540,47.5070,56.7975,68.6114,79.5641,86.3713,94.3714,5.4553,2.4463,3.0000,3.0550,4.7750,7.1850,11.6300,564.6000,714.0558,144.0000,179.6000,281.0000,409.5000,517.2500,903.2000,4808.0000,-101.4801,3.5926,-113.2700,-105.4780,-103.0150,-101.1800,-99.1375,-97.8030,-94.2800,-12.2430,0.8906,-15.3800,-13.1330,-12.6675,-12.0400,-11.6850,-11.3070,-10.7700
-86.9170,40.4605,0.0000,15.0000,60.9159,13.1365,38.4811,38.5349,40.4468,55.5980,61.2430,72.2469,74.2161,78.1549,85.1456,5.6533,2.0121,3.0500,4.3250,5.5000,6.8900,9.8300,276.2000,133.0470,122.0000,180.2000,205.0000,236.0000,265.5000,446.6000,660.0000,-103.4253,2.9346,-111.6000,-106.5960,-103.7400,-102.9100,-102.0800,-100.8480,-98.4900,-12.1093,0.7217,-13.6900,-12.9580,-12.3050,-12.1600,-11.8250,-11.3800,-10.5700
-86.9170,40.4610,0.0000,12.0000,47.6603,7.5993,38.5184,38.8922,39.3299,42.6253,45.4834,52.3373,58.0451,60.3070,62.9646,3.3542,0.5697,3.0000,3.0000,3.1200,3.3400,5.0000,299.0000,159.7863,134.0000,164.1000,194.2500,232.0000,342.0000,468.0000,703.0000,-101.6625,5.0011,-112.5900,-107.4250,-103.6750,-101.0950,-99.2825,-95.3480,-93.8500,-11.3117,0.4885,-12.1700,-11.7590,-11.7050,-11.3950,-10.8275,-10.6490,-10.5800
-86.9170,40.4615,0.0000,20.0000,54.7063,22.0444,33.5890,34.1666,35.7360,41.6677,45.3390,55.5472,97.8357,103.4228,106.5486,10.5465,11.1135,3.0000,3.0000,3.2850,22.7100,32.2400,431.5500,190.7392,148.0000,227.0000,281.7500,407.0000,518.2500,687.9000,864.0000,-101.1995,3.3306,-108.4100,-106.5210,-102.6450,-100.8750,-98.7275,-98.2430,-94.7100,-11.5545,0.6074,-12.8200,-12.3950,-11.9025,-11.4850,-11.1275,-10.8320,-10.5600
-86.9170,40.4620,0.0000,15.0000,34.7448,27.4204,1.1874,3.2122,5.3408,22.3210,27.5900,44.9131,64.2146,85.9693,111.1589,11.8700,11.1714,3.0000,3.7000,5.4500,21.8100,31.2200,497.7692,319.3378,148.0000,173.4000,241.0000,323.0000,708.0000,1003.4000,1056.0000,-102.3979,6.8664,-114.5900,-107.8350,-106.7975,-105.0750,-94.7475,-92.7600,-92.0700,-11.3771,1.2487,-15.2600,-12.5290,-11.5175,-10.8800,-10.5600,-10.5600,-10.5600
-86.9170,40.4625,0.0000,1.0000,40.8766,0.0000,40.8766,40.8766,40.8766,40.8766,40.8766,40.8766,40.8766,40.8766,40.8766,4.4800,0.0000,4.4800,4.4800,4.4800,4.4800,4.4800,170.0000,0.0000,170.0000,170.0000,170.0000,170.0000,170.0000,170.0000,170.0000,-106.0900,0.0000,-106.0900,-106.0900,-106.0900,-106.0900,-106.0900,-106.0900,-106.0900,-10.5600,0.0000,-10.5600,-10.5600,-10.5600,-10.5600,-10.5600,-10.5600,-10.5600
-86.9170,40.4680,0.0000,3.0000,11.2330,3.5725,6.3620,6.9765,7.5910,9.4345,12.5070,13.6685,14.3654,14.5977,14.8300,10.9267,1.7713,8.6500,9.9050,11.1600,12.0650,12.9700,1416.6667,388.4373,1142.0000,1142.0000,1142.0000,1142.0000,1554.0000,1801.2000,1966.0000,-114.9167,1.6639,-117.1600,-116.6100,-115.7850,-114.4100,-113.7950,-113.4260,-113.1800,-13.7300,0.3432,-14.1400,-14.0620,-13.9450,-13.7500,-13.5250,-13.3900,-13.3000
-86.9165,40.4595,0.0000,3.0000,42.3811,0.8968,41.4811,41.5387,41.5963,41.7691,42.0571,42.8311,43.2954,43.4502,43.6050,10.3267,3.0812,6.4600,8.4900,10.5200,12.2600,14.0000,244.9667,187.7388,76.9000,91.7200,113.9500,151.0000,329.0000,435.8000,507.0000,-109.1667,2.5036,-112.1800,-111.5980,-110.7250,-109.2700,-107.6600,-106.6940,-106.0500,-13.7367,1.2526,-15.4600,-15.0140,-14.3450,-13.2300,-12.8750,-12.6620,-12.5200
-86.9165,40.4600,0.0000,273.0000,48.4882,23.5543,4.2809,8.2760,16.6745,29.8549,48.0570,67.2400,81.5672,85.3618,100.7480,7.4597,4.9987,3.0000,4.1850,6.3000,8.9300,50.1000,549.1540,493.4601,91.9000,209.4000,276.0000,416.0000,624.0000,1018.0000,4808.0000,-104.4057,4.0638,-118.7000,-110.1440,-107.4700,-104.2350,-101.2625,-99.1280,-95.3900,-13.3457,1.3514,-17.7400,-15.3040,-14.2925,-13.1550,-12.3000,-11.6920,-11.0000
-86.9165,40.4605,0.0000,54.0000,43.3544,24.3894,5.7577,9.6773,12.3301,25.7100,39.9120,55.9543,82.5019,87.4825,99.4490,4.8285,2.0807,3.0000,3.2300,3.9850,5.9225,10.9100,598.0377,409.9291,153.0000,196.8000,331.0000,452.0000,707.0000,1167.8000,1945.0000,-102.5998,5.5693,-118.0000,-110.1240,-106.2125,-101.4050,-98.2750,-96.4650,-93.8200,-12.6731,0.8330,-15.0500,-13.6150,-13.1125,-12.5450,-12.2050,-11.6600,-11.3300
-86.9165,40.4610,0.0000,16.0000,46.6123,20.2825,13.0170,17.7134,22.8154,27.6290,44.7705,62.1707,75.6811,76.3077,77.4710,5.2027,2.8773,3.0000,3.2600,3.8300,5.8800,11.5600,335.3333,156.8467,102.0000,120.4000,235.5000,334.0000,423.5000,505.0000,685.0000,-106.2887,5.3089,-113.4400,-113.0100,-111.7400,-106.4850,-101.6275,-100.0450,-96.3900,-11.8525,0.7033,-13.6500,-12.7350,-12.2625,-11.6300,-11.4025,-11.3300,-10.7000
-86.9165,40.4615,0.0000,15.0000,41.2484,16.0608,7.9440,17.0762,23.3012,32.3805,38.7097,52.1491,60.0878,64.0310,72.0857,4.9953,6.2299,3.0000,3.0000,3.0000,4.0000,28.2500,367.4600,180.0933,76.9000,115.8000,232.0000,372.0000,519.5000,575.4000,681.0000,-102.3520,4.5833,-111.9800,-109.5660,-104.3400,-100.5200,-99.7150,-97.5500,-96.5500,-11.3700,0.3528,-11.9900,-11.8220,-11.5800,-11.3600,-11.1600,-11.0480,-10.5600
-86.9165,40.4620,0.0000,31.0000,44.7119,21.9195,6.5780,8.7275,9.8300,34.6160,46.1880,55.6495,68.9554,81.9730,94.5371,5.6519,6.2711,3.0000,3.0800,3.5700,4.3550,32.0400,475.4200,344.8749,86.6000,203.9000,333.2500,418.0000,509.2500,741.0000,2110.0000,-101.1429,3.7022,-107.5800,-105.9500,-102.3050,-100.3900,-99.5100,-99.0800,-90.2200,-11.3058,0.3449,-11.7600,-11.6300,-11.5600,-11.4000,-11.2500,-10.6200,-10.5600
-86.9165,40.4625,0.0000,177.0000,42.1705,18.4321,2.2686,11.8022,14.5141,28.3497,43.5260,54.6470,64.3349,71.9652,83.2183,5.7799,5.2975,3.0000,3.0000,3.9300,6.5500,46.0000,436.5486,223.4424,59.0000,171.4000,296.5000,397.0000,541.0000,693.0000,1334.0000,-100.7624,3.7382,-109.0200,-106.0800,-103.3675,-100.2400,-98.1425,-96.0900,-92.7200,-11.6802,0.7070,-14.9300,-12.5400,-12.0450,-11.5200,-11.1725,-10.9900,-10.5600
-86.9165,40.4630,0.0000,69.0000,34.9014,15.2763,8.1110,9.8702,11.4032,24.5620,38.1070,46.3610,53.1816,57.7466,66.9530,4.2431,3.0915,3.0000,3.0000,3.0000,4.0000,25.8300,615.8896,436.0415,99.6000,213.2000,300.5000,529.0000,802.0000,972.0000,2384.0000,-100.2812,4.4747,-107.4200,-105.1340,-103.6150,-101.2450,-97.8450,-92.8780,-89.8800,-11.7307,0.7435,-15.9600,-12.4030,-12.1200,-11.6050,-11.2750,-11.0540,-10.5600
-86.9165,40.4680,0.0000,3.0000,12.2149,1.7282,10.5490,10.6440,10.7390,11.0240,11.4990,13.0478,13.9771,14.2868,14.5966,7.7900,0.2531,7.4800,7.6350,7.7900,7.9450,8.1000,1903.6667,44.3045,1867.0000,1869.2000,1872.5000,1878.0000,1922.0000,1948.4000,1966.0000,-112.2400,2.6132,-115.2800,-114.7320,-113.9100,-112.5400,-110.7200,-109.6280,-108.9000,-15.1400,0.4656,-15.7000,-15.5920,-15.4300,-15.1600,-14.8600,-14.6800,-14.5600
-86.9160,40.4500,0.0000,4.0000,141.6476,9.6721,130.1783,131.4220,132.6658,136.3971,139.7630,145.0135,152.1370,154.5115,156.8860,3.0000,0.0000,3.0000,3.0000,3.0000,3.0000,3.0000,207.7500,52.0931,133.0000,149.8000,175.0000,213.5000,246.2500,261.1000,271.0000,-88.6775,2.2104,-91.5600,-91.1190,-90.4575,-88.3550,-86.5750,-86.4940,-86.4400,-10.5875,0.0043,-10.5900,-10.5900,-10.5900,-10.5900,-10.5875,-10.5830,-10.5800
-86.9160,40.4505,0.0000,19.0000,115.5088,25.6741,72.2600,77.7047,78.6659,91.4180,124.8190,138.7345,143.6820,145.0144,146.0980,4.5784,2.2831,3.0000,3.0000,3.0000,6.0700,10.5400,266.1579,63.5471,182.0000,192.0000,221.5000,239.0000,312.5000,363.0000,381.0000,-90.5137,1.9353,-96.0700,-92.6440,-91.2250,-90.0500,-89.2500,-88.9420,-88.1200,-10.5358,0.0745,-10.7200,-10.5960,-10.5900,-10.5200,-10.4650,-10.4580,-10.4500
-86.9160,40.4510,0.0000,7.0000,162.7224,15.4717,145.4310,147.3264,149.2218,151.7605,153.8446,173.9616,184.8859,186.6114,188.3370,3.0000,0.0000,3.0000,3.0000,3.0000,3.0000,3.0000,194.5714,33.6658,151.0000,164.2000,177.5000,184.0000,207.0000,240.6000,258.0000,-90.6186,2.5849,-96.0800,-93.6740,-91.6050,-89.3600,-88.7200,-88.3840,-88.2400,-10.4500,0.0000,-10.4500,-10.4500,-10.4500,-10.4500,-10.4500,-10.4500,-10.4500
-86.9160,40.4550,0.0000,6.0000,116.5445,60.2239,2.0280,28.2020,54.3760,107.0378,117.0004,150.4727,178.2570,188.0740,197.8910,2.8400,0.4214,2.0000,3.0000,3.0300,3.0700,3.1000,682.6667,673.4218,102.0000,143.0000,197.7500,274.0000,1300.5000,1631.0000,1631.0000,-92.4217,4.2636,-98.5800,-97.0250,-95.2750,-92.8550,-89.3550,-87.3850,-85.9700,-10.6133,0.0739,-10.7700,-10.6950,-10.6125,-10.5850,-10.5800,-10.5600,-10.5400
-86.9160,40.4600,0.0000,93.0000,47.0769,28.3802,2.7200,8.7948,9.6324,16.4670,46.5017,74.2120,83.9009,89.1046,105.5570,6.6934,2.3875,3.0000,4.1000,6.5150,8.8850,11.6400,442.6022,202.4510,44.6000,245.0000,303.0000,415.0000,544.5000,683.0000,1235.0000,-108.5919,3.5764,-117.7500,-112.9920,-111.8975,-107.7250,-106.1900,-104.5370,-100.7700,-14.2303,1.1317,-18.2200,-15.7310,-14.9375,-14.2500,-13.4950,-12.8390,-11.8500
-86.9160,40.4605,0.0000,47.0000,39.5039,11.2701,11.5474,21.8231,24.2584,31.2749,40.1130,47.6686,53.1258,56.8900,62.7590,6.5404,3.3787,3.0000,4.3350,5.9000,7.8500,22.2100,648.5957,285.0708,349.0000,383.8000,473.5000,560.0000,757.0000,928.6000,1945.0000,-104.3998,4.3102,-112.8400,-110.5480,-107.7100,-104.1800,-100.8300,-98.6200,-97.0400,-13.0662,0.8877,-15.4400,-14.3200,-13.6400,-12.9700,-12.3850,-12.0060,-11.5200
-86.9160,40.4610,0.0000,58.0000,35.8094,15.5183,8.4617,10.4422,14.1956,23.3633,34.9980,46.5322,56.7419,58.7047,69.9920,6.6593,3.5208,3.0000,3.7225,6.1200,8.5825,21.1300,836.1724,562.0159,164.0000,314.2000,479.2500,716.5000,963.5000,1554.5000,2730.0000,-101.2917,4.7000,-112.0300,-106.8490,-104.3000,-101.5150,-98.2050,-95.8050,-88.7600,-12.5938,0.7830,-14.5400,-13.7920,-13.0825,-12.4300,-12.0300,-11.7940,-11.1200
-86.9160,40.4615,0.0000,18.0000,40.4439,20.0020,8.9634,12.6150,17.1474,21.7805,37.6115,57.0508,69.2882,71.3799,71.4760,8.6867,3.2089,3.6400,6.8800,8.3850,9.9325,16.0600,545.5556,374.4739,162.0000,185.1000,217.7500,403.5000,803.0000,1029.6000,1475.0000,-102.9322,3.0689,-110.8600,-106.1400,-104.8900,-102.4100,-100.9400,-100.0810,-97.6600,-12.4661,0.6021,-13.5900,-13.3950,-12.8050,-12.3300,-11.9775,-11.7670,-11.6900
-86.9160,40.4620,0.0000,7.0000,20.6042,13.0692,5.5790,6.8450,8.1109,10.5606,18.3700,26.0395,35.0434,41.0617,47.0800,5.3771,2.4645,3.0000,3.9750,4.0000,5.9800,10.7300,1288.1429,1036.2845,208.0000,278.2000,454.0000,767.0000,2077.0000,2752.0000,2980.0000,-99.9329,1.9938,-104.0300,-102.0380,-100.3650,-99.9500,-98.7850,-97.8440,-97.2500,-11.4857,0.4952,-12.6100,-12.0580,-11.5050,-11.3200,-11.2050,-11.1040,-11.0500
-86.9160,40.4625,0.0000,63.0000,21.6050,13.5115,5.7070,6.6022,7.3000,11.2166,18.5863,25.6980,41.6857,47.6565,66.8390,7.9961,4.9571,2.0000,3.7800,5.7800,11.5250,20.7900,827.6508,632.2270,64.9000,142.0000,210.0000,802.0000,1219.0000,1619.0000,2968.0000,-102.1239,3.5749,-113.5600,-105.3000,-103.9400,-102.9000,-100.3200,-97.1100,-93.0200,-12.1097,0.5669,-13.4600,-12.9100,-12.5000,-12.1600,-11.6000,-11.4400,-11.0600
-86.9160,40.4630,0.0000,76.0000,23.7897,15.0718,3.3560,5.0720,6.0730,9.3882,19.9770,36.5231,46.9390,49.5825,57.3326,5.2179,2.0633,3.0000,3.4375,4.6450,6.4700,11.1500,354.4000,303.1502,42.3000,65.9000,83.0500,209.0000,628.2500,771.5000,1081.0000,-106.0263,2.9654,-111.5900,-110.0400,-108.6250,-106.1950,-103.8975,-102.3900,-99.7600,-12.6149,0.9045,-14.6600,-13.8750,-13.1525,-12.5350,-11.9300,-11.5100,-10.5600
-86.9160,40.4635,0.0000,4.0000,14.0073,2.6793,10.5040,10.8606,11.2171,12.2869,13.8551,15.5755,16.9192,17.3671,17.8150,4.4800,0.3190,4.0000,4.3450,4.5150,4.6500,4.8900,171.7500,33.4767,117.0000,133.5000,158.2500,185.5000,199.0000,199.0000,199.0000,-110.3300,0.6791,-111.2000,-111.0680,-110.8700,-110.3050,-109.7650,-109.6120,-109.5100,-14.1975,0.5135,-14.8400,-14.7410,-14.5925,-14.2200,-13.8250,-13.6360,-13.5100
-86.9160,40.4680,0.0000,2.0000,21.1008,6.2002,14.9006,15.5206,16.1406,18.0007,21.1008,24.2009,26.0610,26.6810,27.3010,12.5400,1.9400,10.6000,11.5700,12.5400,13.5100,14.4800,1320.0000,349.0000,971.0000,1040.8000,1145.5000,1320.0000,1494.5000,1599.2000,1669.0000,-109.1150,1.5950,-110.7100,-110.3910,-109.9125,-109.1150,-108.3175,-107.8390,-107.5200,-14.2350,2.2150,-16.4500,-16.0070,-15.3425,-14.2350,-13.1275,-12.4630,-12.0200
-86.9155,40.4475,0.0000,2.0000,96.9883,57.0940,39.8942,45.6036,51.3130,68.4412,96.9883,125.5353,142.6635,148.3729,154.0823,6.0100,3.0100,3.0000,4.5050,6.0100,7.5150,9.0200,351.0000,153.0000,198.0000,228.6000,274.5000,351.0000,427.5000,473.4000,504.0000,-92.6700,3.4600,-96.1300,-95.4380,-94.4000,-92.6700,-90.9400,-89.9020,-89.2100,-10.6300,0.0900,-10.7200,-10.7020,-10.6750,-10.6300,-10.5850,-10.5580,-10.5400
-86.9155,40.4480,0.0000,12.0000,104.4778,51.5085,45.0578,46.6369,48.1398,50.6889,100.0404,156.3483,167.9820,170.0525,172.0800,6.6792,4.5693,3.0000,3.0000,3.0000,10.6450,15.6800,352.9167,187.4102,152.0000,176.5000,202.0000,229.5000,521.0000,629.3000,632.0000,-92.6550,4.0012,-100.2900,-97.5480,-96.1800,-91.2350,-88.9075,-88.5130,-88.4100,-10.6133,0.0815,-10.8200,-10.7370,-10.6125,-10.5900,-10.5675,-10.5420,-10.5400
-86.9155,40.4485,0.0000,8.0000,79.0903,35.6004,32.0702,32.6464,33.2226,39.7558,91.1440,103.0063,118.8120,124.0740,129.3360,5.8375,3.0038,3.0000,3.4925,4.8550,6.9775,11.7900,434.2500,250.6161,174.0000,206.2000,230.5000,307.5000,657.0000,813.0000,813.0000,-98.0688,3.2698,-101.3800,-101.0020,-100.4575,-99.2750,-96.7950,-93.7920,-91.0900,-10.7575,0.0995,-10.8500,-10.8430,-10.8400,-10.8050,-10.6925,-10.6040,-10.5900
-86.9155,40.4490,0.0000,8.0000,85.2024,35.1208,26.7093,35.9630,45.2167,56.4344,88.3726,113.5895,127.1416,130.0333,132.9250,6.7512,2.2611,3.2500,4.6775,7.3900,8.8025,9.2600,369.2500,149.4387,162.0000,213.8000,278.0000,337.5000,438.0000,591.0000,619.0000,-95.1650,3.3324,-99.6300,-99.2170,-97.5925,-95.2150,-93.2050,-91.8310,-88.7300,-10.6675,0.1038,-10.9000,-10.7810,-10.7225,-10.6100,-10.5900,-10.5900,-10.5900
-86.9155,40.4495,0.0000,7.0000,114.5469,23.7718,70.2187,79.0280,87.8373,103.4760,118.3450,127.3770,137.6089,144.5839,151.5589,4.7643,2.0376,3.0000,3.0000,3.0000,7.0800,7.1900,286.8571,77.9330,156.0000,211.2000,250.0000,301.0000,309.0000,363.4000,433.0000,-91.3971,1.3187,-93.9900,-92.9040,-91.8400,-91.3800,-90.5100,-89.9200,-89.7100,-10.5914,0.0083,-10.6100,-10.5980,-10.5900,-10.5900,-10.5900,-10.5860,-10.5800
-86.9155,40.4500,0.0000,4.0000,107.0779,22.0716,81.3227,84.2452,87.1677,95.9353,102.3760,113.5185,130.7495,136.4931,142.2368,7.9300,2.9729,3.0000,7.1925,8.8950,9.6325,10.9300,321.5000,89.9152,234.0000,241.8000,253.5000,293.0000,361.0000,424.0000,466.0000,-89.7975,1.9931,-91.7300,-91.6280,-91.4750,-90.3650,-88.6875,-87.5130,-86.7300,-10.5875,0.0043,-10.5900,-10.5900,-10.5900,-10.5900,-10.5875,-10.5830,-10.5800
-86.9155,40.4505,0.0000,4.0000,85.9867,11.7661,68.7084,70.8038,72.8991,79.1851,87.4680,94.2696,97.8892,99.0957,100.3022,7.1625,2.0904,4.4700,5.7150,7.0500,8.4975,10.0800,256.2500,55.5535,161.0000,195.5000,247.2500,283.0000,292.0000,295.6000,298.0000,-90.9375,1.4624,-92.4300,-92.3640,-92.2650,-91.2150,-89.8875,-89.2890,-88.8900,-10.5825,0.0083,-10.5900,-10.5900,-10.5900,-10.5850,-10.5775,-10.5730,-10.5700
-86.9155,40.4510,0.0000,20.0000,113.3565,26.0213,57.8686,73.1469,80.0647,97.4160,117.8195,130.9038,142.0574,158.8629,159.7730,3.6905,1.4014,3.0000,3.0000,3.0000,3.8225,8.0000,245.9650,82.6769,93.3000,171.9000,195.5000,230.5000,287.7500,333.3000,490.0000,-92.8216,4.1178,-98.8700,-97.6400,-96.2700,-93.8400,-88.9000,-86.8560,-86.2700,-10.5521,0.0599,-10.5900,-10.5900,-10.5900,-10.5800,-10.5700,-10.4460,-10.4200
-86.9155,40.4515,0.0000,7.0000,117.8423,41.3810,68.8124,71.3348,73.8572,85.3200,96.5120,153.2590,170.9660,176.6900,182.4140,3.7914,0.5647,3.1600,3.2150,3.9100,4.1550,4.7300,320.8571,155.9775,129.0000,153.0000,169.5000,321.0000,459.0000,509.6000,539.0000,-86.8814,2.2162,-89.2700,-89.0420,-88.4000,-87.6600,-86.0800,-84.2540,-82.2800,-10.5671,0.0333,-10.5900,-10.5900,-10.5900,-10.5800,-10.5650,-10.5320,-10.4900
-86.9155,40.4520,0.0000,3.0000,84.4190,9.5798,76.6418,76.8476,77.0535,77.6711,78.7004,88.3076,94.0718,95.9932,97.9147,4.3533,0.2684,4.0000,4.2050,4.4100,4.5300,4.6500,332.3333,37.1693,286.0000,295.6000,310.0000,334.0000,355.5000,368.4000,377.0000,-78.5233,3.4058,-83.2200,-81.9960,-80.1600,-77.1000,-76.1750,-75.6200,-75.2500,-10.5600,0.0000,-10.5600,-10.5600,-10.5600,-10.5600,-10.5600,-10.5600,-10.5600
-86.9155,40.4525,0.0000,3.0000,77.3950,7.4527,69.5893,70.1468,70.7044,72.3769,75.1644,81.2978,84.9778,86.2044,87.4311,5.3567,1.4878,4.0100,4.3200,4.6300,6.0300,7.4300,440.3333,32.8261,398.0000,407.4000,421.5000,445.0000,461.5000,471.4000,478.0000,-82.6133,1.2806,-83.6600,-83.6020,-83.5150,-83.3700,-82.0900,-81.3220,-80.8100,-10.5767,0.0125,-10.5900,-10.5880,-10.5850,-10.5800,-10.5700,-10.5640,-10.5600
-86.9155,40.4530,0.0000,4.0000,61.3722,18.7232,43.9307,45.2733,46.6160,50.6440,54.3249,65.0531,81.7663,87.3374,92.9084,4.7150,0.9434,3.7400,4.0025,4.4600,5.1725,6.2000,549.5000,188.3302,293.0000,338.6000,407.0000,587.5000,730.0000,730.0000,730.0000,-79.9225,3.0293,-84.1400,-83.2400,-81.8900,-79.7500,-77.7825,-76.7430,-76.0500,-10.5600,0.0000,-10.5600,-10.5600,-10.5600,-10.5600,-10.5600,-10.5600,-10.5600
-86.9155,40.4535,0.0000,9.0000,90.1001,44.4047,15.2070,25.1167,35.0265,61.9493,98.4570,125.4700,148.6174,150.0502,151.4830,9.4689,6.5866,3.3200,3.3600,6.3400,15.9100,21.1100,285.5556,88.9246,193.0000,196.2000,213.0000,274.0000,311.0000,403.8000,467.0000,-86.2089,3.9065,-93.9300,-92.7540,-85.9700,-84.4800,-83.9700,-82.9540,-82.0900,-10.5433,0.0411,-10.6200,-10.6040,-10.5600,-10.5100,-10.5100,-10.5100,-10.5100
-86.9155,40.4540,0.0000,7.0000,45.3665,33.4339,5.1170,6.9701,8.8232,17.2105,36.0524,71.5013,88.8226,93.8975,98.9724,9.2125,3.2081,6.6600,6.6900,7.8300,10.3525,14.5300,708.0000,603.3432,213.0000,244.5000,301.7500,477.5000,763.5000,1402.0000,1978.0000,-87.0525,3.6298,-93.1000,-91.0510,-87.9775,-85.8000,-84.8750,-84.0560,-83.5100,-10.6075,0.0497,-10.6900,-10.6630,-10.6225,-10.5900,-10.5750,-10.5660,-10.5600
-86.9155,40.4545,0.0000,6.0000,81.7177,36.3135,3.0137,22.0458,41.0780,83.6498,98.4267,103.0696,105.6484,106.3731,107.0978,6.1260,1.2456,4.7100,5.2400,5.4800,7.2800,7.9200,345.0000,71.8860,279.0000,282.2000,287.0000,312.0000,375.0000,433.2000,472.0000,-81.9460,3.4809,-88.0400,-86.2760,-83.6300,-79.8500,-79.3000,-79.0660,-78.9100,-10.5740,0.0102,-10.5900,-10.5860,-10.5800,-10.5700,-10.5700,-10.5640,-10.5600
-86.9155,40.4550,0.0000,33.0000,82.9128,30.0685,36.7724,42.0210,43.3509,56.4036,80.0560,103.1909,121.8452,125.6434,141.4606,7.3285,4.2104,3.0000,3.3400,8.3500,9.6900,23.7000,381.3333,160.0598,158.0000,166.0000,242.0000,396.0000,528.0000,560.0000,686.0000,-97.4897,2.6986,-104.0800,-100.9840,-98.7600,-97.1300,-95.9100,-94.3280,-92.3000,-10.8055,0.2219,-11.3900,-11.1680,-10.9100,-10.7500,-10.6300,-10.5820,-10.5700
-86.9155,40.4555,0.0000,23.0000,77.2085,24.6398,24.3100,42.3003,47.6484,66.1430,75.9620,88.1440,90.1868,124.5823,143.4729,5.6004,2.9862,3.0000,3.0000,3.8300,7.6500,11.7200,374.6522,125.6951,166.0000,262.2000,302.0000,350.0000,453.5000,530.0000,696.0000,-98.8361,3.9682,-104.0100,-103.0900,-102.0150,-99.5000,-95.9300,-92.8520,-91.4800,-10.8243,0.2247,-11.4400,-11.1320,-10.9800,-10.7300,-10.6450,-10.5900,-10.5800
-86.9155,40.4560,0.0000,11.0000,70.2974,20.0427,42.3262,44.5404,46.7547,50.7929,71.5730,88.5025,91.6480,95.8820,100.1160,3.9709,1.1226,3.0000,3.0000,3.0000,5.1700,5.8000,429.2727,94.6785,252.0000,279.0000,383.5000,425.0000,516.0000,523.0000,523.0000,-100.8755,2.2154,-103.5500,-103.1400,-102.6200,-101.2000,-99.5850,-97.9000,-96.3400,-11.1882,0.2201,-11.6200,-11.4300,-11.2950,-11.2000,-11.0400,-10.8900,-10.8600
-86.9155,40.4565,0.0000,8.0000,64.9718,23.5122,37.5742,38.2994,39.0246,43.5349,60.9476,88.4970,93.0006,94.9823,96.9640,4.8912,2.0414,3.0000,3.0000,4.0600,6.8000,7.8300,477.7500,175.3673,238.0000,283.5000,345.0000,423.0000,691.0000,691.9000,694.0000,-103.7088,1.1937,-105.6000,-105.0400,-104.7925,-103.5950,-102.5525,-102.4310,-102.2000,-11.6312,0.3130,-11.9900,-11.9620,-11.8600,-11.7050,-11.4925,-11.1340,-11.1200
-86.9155,40.4570,0.0000,6.0000,75.8400,28.3317,43.3840,44.9262,46.4684,50.5553,71.2068,99.4680,109.8446,113.2635,116.6823,6.5417,4.4811,3.0000,3.0000,4.4550,8.2875,15.2600,478.3333,204.2324,233.0000,250.5000,299.2500,462.5000,605.5000,722.0000,814.0000,-102.3517,3.7696,-105.7300,-105.6050,-105.2325,-104.3100,-99.6375,-97.1400,-96.1400,-11.7583,0.3488,-12.0900,-12.0500,-12.0075,-11.9100,-11.6100,-11.3150,-11.0900
-86.9155,40.4575,0.0000,7.0000,56.8822,26.5403,33.3529,33.4891,33.6254,34.0026,43.8286,75.0665,94.5040,98.6800,102.8560,5.7314,3.2436,3.0000,3.0000,3.0000,8.6850,10.7500,584.0000,242.8192,302.0000,308.6000,367.0000,486.0000,840.5000,874.2000,885.0000,-105.7514,3.4077,-109.3800,-108.8700,-107.9450,-107.3500,-103.8700,-100.6980,-99.9000,-12.8171,0.6775,-13.7300,-13.4900,-13.2650,-13.0200,-12.3450,-11.8580,-11.7500
-86.9155,40.4580,0.0000,8.0000,68.5269,31.7765,35.5920,35.7647,35.9373,36.7860,64.9117,96.1748,107.5958,109.0909,110.5860,7.9462,5.3927,3.0000,3.0000,6.3000,11.8925,17.8400,450.1250,265.4140,131.0000,164.6000,199.2500,431.5000,671.7500,784.4000,811.0000,-107.1275,1.4311,-108.7000,-108.6860,-108.2600,-107.1550,-106.7750,-105.5630,-104.0300,-13.0300,0.3591,-13.4800,-13.4170,-13.3825,-13.0350,-12.7950,-12.6180,-12.3800
-86.9155,40.4585,0.0000,9.0000,37.7490,13.3333,23.8937,26.0346,28.1755,30.7298,33.8171,40.7110,47.3709,59.9117,72.4526,7.8522,6.2914,3.0000,3.0000,4.0500,15.5500,18.7800,494.4444,137.4386,243.0000,333.4000,394.0000,488.0000,594.0000,651.0000,703.0000,-111.8967,1.8677,-114.2700,-113.5020,-113.2900,-112.5900,-111.1000,-109.6720,-108.0400,-14.0433,1.0033,-15.5800,-15.4600,-14.9900,-13.7400,-13.1800,-12.9380,-12.8500
-86.9155,40.4590,0.0000,10.0000,30.8487,10.2531,12.0674,16.8155,21.5635,25.2370,30.7601,34.1884,41.9063,47.1211,52.3360,9.1930,6.0285,3.2700,4.1450,5.2650,16.2250,17.0900,629.2000,234.0982,253.0000,315.1000,452.0000,696.0000,747.2500,908.0000,1025.0000,-111.4730,2.7917,-115.5600,-114.7500,-112.9200,-112.0350,-110.6125,-107.2110,-106.1400,-14.3190,1.3787,-16.3600,-15.8380,-15.0250,-14.6600,-13.3025,-12.3760,-11.8900
-86.9155,40.4595,0.0000,9.0000,25.4165,11.4380,9.5333,9.5696,9.6059,9.7610,30.4040,35.3440,36.0046,36.9810,37.9573,10.1622,5.1900,4.0000,6.7800,7.6300,11.7600,20.4900,877.3750,304.8926,397.0000,488.7000,589.5000,980.0000,1081.7500,1249.0000,1249.0000,-110.4556,2.0723,-113.2500,-113.2020,-111.7800,-110.9300,-108.3900,-108.0660,-107.0900,-14.5311,1.2559,-16.5100,-15.6620,-15.4200,-15.0400,-13.3500,-13.0640,-12.4400
-86.9155,40.4600,0.0000,199.0000,57.6428,21.2026,1.2382,9.9202,16.6479,49.1114,61.5560,71.2780,81.3266,84.3642,94.5430,6.5584,2.9829,3.9100,4.0000,5.7400,8.2400,17.1500,337.6725,121.8971,95.8000,196.4000,243.0000,334.0000,405.0000,483.4000,698.0000,-109.9583,4.4398,-122.7600,-115.2520,-112.0100,-109.2300,-106.7250,-105.0800,-102.8400,-14.6066,1.3396,-18.6000,-16.4900,-15.3250,-14.3900,-13.7050,-12.9580,-12.0700
-86.9155,40.4605,0.0000,4.0000,40.5936,8.7459,30.8994,31.2784,31.6574,32.7944,39.7065,47.5057,50.2395,51.1507,52.0620,6.1550,2.3743,3.0000,4.5975,6.0950,7.6525,9.4300,852.7500,284.2080,631.0000,656.5000,694.7500,719.5000,877.5000,1155.6000,1341.0000,-107.8150,1.6603,-110.3000,-109.7120,-108.8300,-107.4000,-106.3850,-106.2500,-106.1600,-12.7800,0.7456,-13.9100,-13.6070,-13.1525,-12.6650,-12.2925,-12.0450,-11.8800
-86.9155,40.4610,0.0000,20.0000,35.1982,20.3796,5.6286,7.6697,9.9280,15.3435,36.9133,50.3725,59.5171,63.6291,77.1029,6.6205,2.4335,3.0000,3.9750,6.8600,8.0025,12.8800,838.4450,603.2404,76.1000,334.4800,488.5000,640.5000,1037.5000,1966.0000,2322.0000,-107.2470,3.9746,-112.3800,-110.9590,-110.1950,-108.2200,-105.2950,-102.3740,-96.5700,-12.8460,0.8228,-14.5800,-13.6780,-13.3575,-12.7950,-12.2800,-11.6460,-11.4100
-86.9155,40.4615,0.0000,130.0000,41.5297,13.2841,7.7360,15.3418,24.9726,33.3895,41.7390,51.0722,57.2409,61.9701,78.0491,5.8584,2.1831,2.0000,3.8400,5.5900,7.5500,11.0800,608.0512,266.7822,62.6000,350.6000,432.0000,550.0000,713.0000,909.0000,1570.0000,-105.6675,4.0576,-113.1100,-110.0640,-108.6400,-106.3000,-102.9100,-99.3360,-94.2900,-12.7187,0.7503,-15.0100,-13.7460,-13.1800,-12.6100,-12.2200,-11.8180,-11.2300
-86.9155,40.4620,0.0000,121.0000,39.3615,14.7241,4.5960,12.0150,17.1910,29.5029,40.7740,49.0290,58.3030,60.5303,69.9110,7.7985,4.7403,2.0000,4.8300,7.0700,9.1100,29.9500,569.7602,302.6569,86.7000,290.8000,390.2500,496.5000,694.7500,922.0000,1848.0000,-105.5411,3.2935,-112.6900,-109.7740,-108.2250,-105.4300,-103.1150,-101.1280,-98.7800,-12.6802,0.6987,-14.3400,-13.6240,-13.1600,-12.6800,-12.1050,-11.7540,-11.3600
-86.9155,40.4625,0.0000,89.0000,27.7190,17.4056,1.2350,7.0144,8.2857,14.0330,21.6340,41.4640,55.2953,59.1678,66.6000,6.6782,4.5462,3.0000,3.2950,5.4300,8.2750,24.0300,1030.5176,750.1846,166.0000,325.4000,437.0000,903.0000,1360.0000,1701.0000,3532.0000,-103.2626,2.6710,-110.4400,-106.7740,-105.0650,-103.3850,-101.5975,-99.9860,-96.4600,-12.2746,0.7589,-15.2300,-13.3310,-12.6150,-12.1500,-11.7375,-11.5000,-11.0400
-86.9155,40.4630,0.0000,6.0000,33.3161,10.1244,24.6469,25.6211,26.5954,28.5850,29.9523,31.3499,43.4005,49.4002,55.4000,3.2567,0.4567,3.0000,3.0000,3.0000,3.2175,4.2500,821.8333,189.8240,625.0000,652.0000,695.2500,744.0000,909.0000,1069.5000,1175.0000,-105.2517,2.6236,-109.2100,-108.8300,-107.4600,-104.2350,-103.1625,-102.6900,-102.4900,-11.7650,0.6267,-12.7300,-12.5200,-12.2325,-11.6900,-11.1625,-11.0850,-11.0800
-86.9155,40.4635,0.0000,35.0000,31.0824,10.6963,5.9817,13.3485,19.3296,24.0275,30.2260,38.0895,46.6648,47.4217,50.5670,6.1777,2.1131,3.1000,4.0000,6.7300,7.8950,10.7500,730.9143,226.2697,128.0000,581.8000,625.5000,764.0000,905.5000,953.6000,1040.0000,-112.0946,2.6671,-116.7500,-114.4760,-113.8500,-112.5000,-111.2900,-109.6200,-103.3900,-13.8163,1.1382,-17.3400,-14.8760,-14.3400,-13.6800,-13.2050,-12.7640,-11.1000
-86.9155,40.4640,0.0000,8.0000,14.5802,3.0258,11.3750,11.5703,11.7656,12.4318,13.5025,15.8047,18.6069,19.7594,20.9120,4.3125,0.3944,3.9700,4.0000,4.2100,4.3900,5.2300,147.9500,75.7532,57.2000,69.9400,96.1000,137.0000,172.5000,230.7000,314.0000,-112.4113,1.8137,-115.8700,-114.4280,-113.3825,-112.4800,-110.5750,-110.4730,-110.2700,-15.0063,1.3504,-17.5600,-16.4610,-15.9450,-14.7050,-13.9350,-13.6740,-13.3800
-86.9155,40.4645,0.0000,1.0000,11.2460,0.0000,11.2460,11.2460,11.2460,11.2460,11.2460,11.2460,11.2460,11.2460,11.2460,3.9300,0.0000,3.9300,3.9300,3.9300,3.9300,3.9300,161.0000,0.0000,161.0000,161.0000,161.0000,161.0000,161.0000,161.0000,161.0000,-113.6600,0.0000,-113.6600,-113.6600,-113.6600,-113.6600,-113.6600,-113.6600,-113.6600,-16.6600,0.0000,-16.6600,-16.6600,-16.6600,-16.6600,-16.6600,-16.6600,-16.6600
-86.9155,40.4660,0.0000,19.0000,11.5914,4.0022,1.6620,5.8449,6.7219,9.0177,12.3240,14.4738,16.0840,16.4757,18.4170,4.8150,1.1033,3.8900,4.0000,4.0000,5.8775,6.5400,705.5684,821.2194,86.8000,184.8000,226.0000,291.0000,799.0000,2473.6000,2504.0000,-113.2771,1.8307,-116.5700,-115.3260,-114.3100,-113.9600,-111.6700,-110.6860,-110.6200,-15.3676,1.2279,-18.0200,-17.1520,-16.1200,-15.2300,-14.6200,-14.0200,-13.1200
-86.9155,40.4665,0.0000,1.0000,14.5080,0.0000,14.5080,14.5080,14.5080,14.5080,14.5080,14.5080,14.5080,14.5080,14.5080,7.3300,0.0000,7.3300,7.3300,7.3300,7.3300,7.3300,0.0000,0.0000,0.0000,0.0000,0.0000,0.0000,0.0000,0.0000,0.0000,-109.7900,0.0000,-109.7900,-109.7900,-109.7900,-109.7900,-109.7900,-109.7900,-109.7900,-14.2700,0.0000,-14.2700,-14.2700,-14.2700,-14.2700,-14.2700,-14.2700,-14.2700
-86.9155,40.4680,0.0000,3.0000,16.9537,5.0107,11.8600,12.1974,12.5349,13.5471,15.2343,19.5006,22.0603,22.9136,23.7669,11.9800,1.3072,10.6100,11.1000,11.5900,12.6650,13.7400,1954.3333,98.5235,1815.0000,1856.8000,1919.5000,2024.0000,2024.0000,2024.0000,2024.0000,-113.3533,0.5008,-114.0600,-113.8560,-113.5500,-113.0400,-113.0000,-112.9760,-112.9600,-12.7567,0.2210,-13.0600,-12.9820,-12.8650,-12.6700,-12.6050,-12.5660,-12.5400
-86.9150,40.4320,0.0000,1.0000,44.9191,0.0000,44.9191,44.9191,44.9191,44.9191,44.9191,44.9191,44.9191,44.9191,44.9191,6.6500,0.0000,6.6500,6.6500,6.6500,6.6500,6.6500,592.0000,0.0000,592.0000,592.0000,592.0000,592.0000,592.0000,592.0000,592.0000,-88.8500,0.0000,-88.8500,-88.8500,-88.8500,-88.8500,-88.8500,-88.8500,-88.8500,-10.7000,0.0000,-10.7000,-10.7000,-10.7000,-10.7000,-10.7000,-10.7000,-10.7000
-86.9150,40.4325,0.0000,6.0000,64.2793,10.3349,55.6827,55.7120,55.7413,56.4680,60.1880,66.9567,76.9084,81.0422,85.1760,4.3183,0.5925,3.7300,3.9425,4.1450,4.3925,5.5400,415.5000,80.0349,348.0000,353.0000,366.0000,391.5000,411.0000,502.0000,587.0000,-90.1683,0.9305,-91.1700,-91.1400,-90.9850,-90.2600,-89.7750,-89.1050,-88.4800,-10.7200,0.1003,-10.8800,-10.8250,-10.7650,-10.7400,-10.6325,-10.5950,-10.5900
-86.9150,40.4330,0.0000,8.0000,58.1313,16.5069,34.6116,36.5856,38.5596,46.2662,55.4058,73.0978,78.0932,80.5333,82.9733,4.0950,0.4440,3.4600,3.7525,4.0700,4.3775,4.8800,504.1250,178.5906,306.0000,326.3000,364.2500,417.0000,700.7500,748.9000,751.0000,-90.2575,2.0253,-92.4400,-92.4120,-92.1750,-90.5100,-88.8400,-87.7390,-86.9200,-10.8100,0.1267,-11.0200,-10.9920,-10.8975,-10.7750,-10.7175,-10.6710,-10.6500
-86.9150,40.4470,0.0000,10.0000,111.2038,40.1443,41.2169,42.8325,44.4481,88.2814,124.2595,144.9272,152.9875,154.1865,155.3856,5.6630,5.0747,3.0000,3.0000,3.3050,4.6100,19.6800,327.8000,180.0254,176.0000,178.7000,210.2500,278.0000,292.0000,635.0000,725.0000,-97.6500,3.5504,-102.1300,-101.7520,-100.7900,-97.7950,-94.2125,-93.4220,-93.3500,-10.8870,0.2660,-11.2500,-11.2050,-11.1075,-10.9000,-10.6125,-10.5900,-10.5900
-86.9150,40.4475,0.0000,10.0000,128.4154,59.9143,36.0684,36.5220,36.9756,69.6887,151.3250,177.5983,181.9691,184.2011,186.4330,7.3960,6.6865,3.0000,3.0225,3.0400,13.4075,18.5200,381.6000,266.8989,127.0000,167.5000,191.5000,251.5000,546.5000,847.0000,847.0000,-90.7190,6.4956,-101.7300,-101.3430,-95.5325,-88.1050,-86.3825,-84.1990,-83.9200,-10.6740,0.1952,-11.0500,-11.0410,-10.7100,-10.5600,-10.5600,-10.5490,-10.5400
-86.9150,40.4515,0.0000,2.0000,161.3848,14.3318,147.0530,148.4862,149.9194,154.2189,161.3848,168.5507,172.8502,174.2834,175.7166,3.3450,0.0150,3.3300,3.3375,3.3450,3.3525,3.3600,183.5000,3.5000,180.0000,180.7000,181.7500,183.5000,185.2500,186.3000,187.0000,-80.3300,0.8200,-81.1500,-80.9860,-80.7400,-80.3300,-79.9200,-79.6740,-79.5100,-10.5200,0.0500,-10.5700,-10.5600,-10.5450,-10.5200,-10.4950,-10.4800,-10.4700
-86.9150,40.4520,0.0000,6.0000,146.0176,29.5034,113.0460,117.5954,122.1447,131.3826,137.3950,148.4584,178.5131,192.6290,206.7450,3.0450,0.0714,3.0000,3.0025,3.0100,3.0400,3.2000,195.6667,53.0869,137.0000,144.0000,153.7500,178.0000,233.0000,265.0000,284.0000,-83.4883,4.6797,-89.7000,-89.5850,-88.1750,-81.8150,-79.2500,-79.0650,-78.9100,-10.5700,0.0141,-10.5900,-10.5900,-10.5825,-10.5600,-10.5600,-10.5600,-10.5600
-86.9150,40.4525,0.0000,4.0000,194.8090,39.9014,133.2000,141.0998,148.9995,172.6989,207.2711,229.3812,230.6487,231.0712,231.4937,3.2025,0.0978,3.1000,3.1225,3.1800,3.2600,3.3500,173.7500,66.4694,106.0000,114.4000,127.0000,154.0000,200.7500,248.9000,281.0000,-79.1800,5.0758,-84.3100,-84.2170,-84.0775,-79.8100,-74.9125,-73.6390,-72.7900,-10.5675,0.0083,-10.5800,-10.5770,-10.5725,-10.5650,-10.5600,-10.5600,-10.5600
-86.9150,40.4530,0.0000,14.0000,152.5175,17.2608,127.5326,129.1065,130.0869,136.6525,152.7068,168.5197,171.9402,175.8772,182.0880,3.1721,0.0636,3.1100,3.1325,3.1550,3.1775,3.3500,169.0714,36.8112,115.0000,128.2000,143.5000,162.0000,192.5000,225.9000,235.0000,-85.6486,1.7946,-89.0500,-87.8140,-86.9600,-85.4150,-84.9175,-83.7070,-81.8900,-10.5300,0.0336,-10.6100,-10.5810,-10.5475,-10.5100,-10.5100,-10.5100,-10.5100
-86.9150,40.4535,0.0000,4.0000,152.3630,10.4751,140.5480,141.3586,142.1692,144.6010,150.3205,158.0825,164.1907,166.2268,168.2629,7.9700,8.1472,3.1300,3.1975,3.3350,8.1075,22.0800,162.5000,10.2347,147.0000,151.2000,157.5000,164.0000,169.0000,172.6000,175.0000,-85.2950,0.5608,-86.0000,-85.9070,-85.7675,-85.2200,-84.7475,-84.7430,-84.7400,-10.5100,0.0000,-10.5100,-10.5100,-10.5100,-10.5100,-10.5100,-10.5100,-10.5100
-86.9150,40.4600,0.0000,29.0000,41.5492,9.8316,16.7760,28.4988,31.7924,34.6900,41.8120,45.0811,51.6743,58.6448,66.3943,6.0462,1.8304,3.9500,4.6900,5.3300,7.6200,10.0600,282.8345,160.4722,60.9000,111.6000,153.0000,199.0000,447.0000,502.6000,590.0000,-113.1690,1.8766,-116.0100,-115.7760,-114.5100,-113.6100,-111.8900,-111.4240,-108.0200,-13.4297,0.6541,-14.5700,-14.3360,-13.8700,-13.4100,-12.8200,-12.6200,-12.3800
-86.9150,40.4605,0.0000,17.0000,43.1422,8.5737,25.8834,32.1115,33.7072,38.0949,41.8240,50.0060,52.8738,54.9898,62.3530,7.3312,1.3658,5.3500,6.0000,7.3100,8.4000,10.2900,550.5294,121.6224,309.0000,420.0000,481.0000,523.0000,632.0000,721.2000,770.0000,-111.8741,1.2876,-114.2300,-113.7000,-112.3200,-111.8900,-111.2800,-109.9400,-109.7400,-13.0853,0.4667,-14.1200,-13.6620,-13.2900,-13.0500,-12.8200,-12.5920,-12.2300
-86.9150,40.4620,0.0000,1.0000,51.5086,0.0000,51.5086,51.5086,51.5086,51.5086,51.5086,51.5086,51.5086,51.5086,51.5086,4.0000,0.0000,4.0000,4.0000,4.0000,4.0000,4.0000,389.0000,0.0000,389.0000,389.0000,389.0000,389.0000,389.0000,389.0000,389.0000,-105.3500,0.0000,-105.3500,-105.3500,-105.3500,-105.3500,-105.3500,-105.3500,-105.3500,-13.4600,0.0000,-13.4600,-13.4600,-13.4600,-13.4600,-13.4600,-13.4600,-13.4600
-86.9150,40.4625,0.0000,389.0000,29.6138,17.0003,2.0410,6.6043,8.7827,15.0350,27.0011,43.1460,53.8248,59.5168,77.8030,6.4527,3.0165,3.0000,4.0325,5.8050,8.1075,16.0800,939.0291,781.4794,112.0000,291.1000,427.0000,637.5000,1171.0000,2076.1000,5036.0000,-105.4119,3.6093,-117.1300,-110.3440,-107.8450,-105.3400,-102.9050,-100.7320,-95.0400,-12.5557,0.9175,-16.2000,-13.7440,-12.9250,-12.3700,-11.9350,-11.6120,-11.0100
-86.9150,40.4630,0.0000,41.0000,40.8832,12.7539,18.5020,19.8870,20.9910,31.2491,42.5790,50.3890,56.0300,60.9897,67.4840,5.0198,2.5159,3.0000,3.1900,3.7600,6.6000,11.8200,703.3659,265.3588,338.0000,421.0000,527.0000,637.0000,741.0000,1155.0000,1353.0000,-108.1712,2.3037,-113.3400,-110.8000,-109.5800,-108.2700,-106.4900,-105.3500,-103.1800,-12.3907,0.6509,-14.0800,-13.0700,-12.7500,-12.2100,-11.9500,-11.7900,-11.0900
-86.9150,40.4635,0.0000,65.0000,36.7578,12.9692,15.1300,18.5899,20.3122,28.1646,35.6960,43.7070,55.5460,59.2210,71.2811,5.1609,3.0038,3.0000,3.0000,3.4100,6.6700,14.6700,730.0877,268.5740,84.7000,416.4000,517.0000,728.0000,891.0000,1127.0000,1401.0000,-105.9040,3.4972,-114.6700,-111.1680,-107.3200,-105.3000,-103.9800,-102.4440,-97.7100,-11.9586,0.9933,-15.4900,-13.3760,-11.9900,-11.6100,-11.3800,-11.2940,-10.9100
-86.9150,40.4640,0.0000,185.0000,37.1881,11.4357,8.7710,16.5747,21.0991,29.7440,39.1051,45.9093,50.4455,54.4334,66.3474,4.0688,1.6131,3.0000,3.0000,3.1550,4.6800,13.0900,727.8908,301.6102,56.8000,466.0000,549.0000,679.0000,823.0000,1090.8000,2321.0000,-105.2238,3.7349,-117.0600,-109.8660,-106.9450,-104.8800,-102.6750,-100.8680,-96.9400,-11.7823,0.7792,-15.8600,-12.4940,-11.9450,-11.6400,-11.3200,-11.0980,-10.6600
-86.9150,40.4645,0.0000,87.0000,25.3155,16.8852,3.8606,5.8884,6.2742,8.7745,19.8046,42.3195,47.3102,49.8063,54.4354,5.3792,2.2740,3.0000,4.0000,4.5800,6.0850,15.4400,560.0941,459.3544,50.5000,134.0000,216.0000,503.0000,662.0000,907.0000,2507.0000,-110.2347,3.1216,-116.4200,-113.4760,-112.2450,-110.7850,-108.3775,-106.0420,-101.3400,-13.8187,2.0852,-19.0100,-16.5680,-15.1750,-13.1700,-12.1100,-11.5240,-10.7900
-86.9150,40.4650,0.0000,202.0000,20.5436,14.3789,2.0090,3.7800,5.0322,9.0875,15.4805,33.8285,43.0071,46.7924,56.4600,6.6567,2.9448,3.0000,4.5200,6.2300,8.1675,25.5000,530.9435,368.6713,52.8000,123.9000,238.2500,483.0000,736.2500,952.1000,2035.0000,-110.6268,2.8901,-121.3700,-114.1620,-112.4400,-110.5400,-108.5775,-107.0040,-102.7600,-14.4671,2.3795,-23.8900,-17.3810,-16.1050,-14.6350,-12.2075,-11.4930,-10.9300
-86.9150,40.4655,0.0000,277.0000,14.0536,8.9017,1.0050,4.1136,4.9002,7.5100,11.4280,19.2857,25.9404,31.6602,52.0660,6.0445,2.8154,3.0000,4.0000,4.8750,7.2950,19.0100,369.7191,412.2126,43.0000,74.9600,125.0000,240.0000,433.0000,810.4000,2784.0000,-112.1169,3.4869,-122.0000,-115.7540,-114.5100,-112.6600,-109.6650,-107.0440,-102.1100,-15.4082,2.3268,-24.5000,-18.2000,-17.0400,-15.5700,-13.4200,-12.4800,-11.2200
-86.9150,40.4660,0.0000,166.0000,15.5154,7.3423,1.8890,3.7961,5.8496,10.3848,15.7187,19.9826,25.9604,28.2645,39.6034,6.9911,3.3143,3.1200,4.4400,5.9600,8.8200,21.2800,368.4343,299.0469,53.2000,102.0500,185.5000,297.0000,451.0000,707.0000,2627.0000,-111.6188,3.7102,-119.2700,-115.3240,-114.1200,-111.9500,-109.7700,-105.8960,-102.5400,-14.6863,1.8212,-21.9900,-16.8460,-15.7250,-14.6900,-13.4450,-12.4040,-11.3800
-86.9150,40.4665,0.0000,185.0000,12.3482,4.7274,2.7703,5.6840,6.6762,8.7780,11.8020,15.1600,18.5115,19.8701,29.1160,6.9471,2.3747,3.0000,4.7100,7.0800,8.5700,14.5700,434.2227,360.8089,49.3000,158.0000,217.0000,343.0000,482.0000,739.0000,2257.0000,-114.1433,2.5940,-119.0000,-117.1480,-116.0350,-114.4900,-112.5650,-110.3780,-108.0700,-14.9738,1.6650,-19.2500,-17.3240,-16.0000,-14.7300,-13.7100,-12.8580,-12.2100
-86.9150,40.4670,0.0000,98.0000,17.2743,5.8813,4.5989,9.7431,10.6974,13.3573,16.3976,20.5078,25.5208,26.3783,37.6389,8.4087,3.4328,3.5900,6.1100,7.4100,9.5950,23.2200,375.7541,178.2685,86.9000,196.9000,249.5000,348.0000,467.5000,621.6000,1110.0000,-114.1439,2.6757,-119.9800,-117.1760,-115.9300,-114.2000,-112.2800,-110.5180,-107.9600,-14.3938,1.8248,-23.0000,-16.2580,-15.1200,-14.1300,-13.1100,-12.6680,-11.7900
-86.9150,40.4675,0.0000,51.0000,12.2842,6.1398,2.5417,4.8760,5.5920,7.9159,10.6594,16.2855,21.7450,22.2782,32.0057,8.7369,2.2926,5.7800,7.0300,8.2300,9.9600,15.6800,502.9804,377.8746,112.0000,164.0000,230.0000,375.0000,640.5000,1076.0000,1515.0000,-113.3712,2.7959,-120.0000,-117.8140,-113.7000,-112.7900,-111.0900,-110.6420,-110.1600,-13.9294,1.4422,-17.7700,-15.7080,-14.1600,-13.4200,-13.0600,-12.7300,-12.3100
-86.9150,40.4680,0.0000,32.0000,9.6208,4.5598,2.0560,4.6741,5.3182,5.8070,8.8607,11.8283,15.3502,18.1347,21.6450,8.3250,4.0846,3.0000,5.6850,7.7050,10.5925,17.8500,719.6129,519.1797,146.0000,267.0000,352.5000,465.0000,1210.5000,1393.0000,2090.0000,-113.4978,2.7623,-120.0000,-118.0080,-114.4300,-112.5500,-112.0650,-111.8390,-108.3100,-15.1244,2.1478,-21.2100,-17.2350,-15.9975,-14.7400,-13.6025,-13.2930,-13.0200
-86.9150,40.4685,0.0000,32.0000,13.0204,6.2256,2.3006,4.6303,6.0215,8.6269,11.6910,16.1412,22.1297,24.1707,26.3577,7.0260,2.1999,3.0800,5.4700,6.8000,8.2900,12.0000,641.7161,552.0873,96.2000,150.0000,235.5000,369.0000,1015.0000,1350.0000,2539.0000,-113.1954,2.8287,-120.3300,-116.9490,-114.4450,-113.3400,-111.3025,-109.7780,-108.0000,-13.9962,2.2513,-22.5000,-16.1840,-14.4575,-13.5450,-12.4525,-12.1080,-11.3600
-86.9150,40.4690,0.0000,40.0000,13.0610,5.4115,4.0200,4.6268,5.9925,8.2594,14.0426,16.7054,18.7570,21.8571,24.1909,7.1530,1.7863,4.0000,6.1500,7.0400,8.2100,12.6200,552.2075,563.2455,78.3000,134.4000,204.2500,333.5000,600.0000,1405.0000,2209.0000,-113.5567,2.7468,-120.8300,-116.3670,-115.7125,-113.7150,-111.4150,-110.7030,-108.0600,-14.4633,2.0576,-20.2100,-18.5010,-15.0800,-14.3200,-12.9250,-12.6600,-12.0000
-86.9145,40.4315,0.0000,1.0000,18.7422,0.0000,18.7422,18.7422,18.7422,18.7422,18.7422,18.7422,18.7422,18.7422,18.7422,5.7500,0.0000,5.7500,5.7500,5.7500,5.7500,5.7500,576.0000,0.0000,576.0000,576.0000,576.0000,576.0000,576.0000,576.0000,576.0000,-92.3400,0.0000,-92.3400,-92.3400,-92.3400,-92.3400,-92.3400,-92.3400,-92.3400,-11.7200,0.0000,-11.7200,-11.7200,-11.7200,-11.7200,-11.7200,-11.7200,-11.7200
-86.9145,40.4320,0.0000,5.0000,36.3969,6.4244,27.1342,28.4748,29.8153,33.8370,34.9876,39.5138,43.7127,45.1124,46.5120,9.3680,4.1071,4.6400,4.6900,10.4800,12.0200,15.0100,699.8000,63.7068,602.0000,627.6000,666.0000,698.0000,748.0000,770.2000,785.0000,-91.4640,2.4882,-94.3800,-93.9320,-93.2600,-92.6100,-89.1500,-88.4120,-87.9200,-11.2860,0.2914,-11.7300,-11.6380,-11.5000,-11.1900,-11.0900,-10.9880,-10.9200
-86.9145,40.4330,0.0000,5.0000,95.7394,9.5592,84.5964,84.8098,85.0231,85.6630,95.7822,104.4604,106.7010,107.4478,108.1947,3.8960,0.5245,3.4100,3.4500,3.5500,4.4900,4.5800,305.2000,58.4103,229.0000,245.0000,269.0000,298.0000,328.0000,372.4000,402.0000,-86.6720,0.6070,-87.4800,-87.2960,-87.0200,-86.7300,-86.4700,-85.9840,-85.6600,-10.5720,0.0075,-10.5800,-10.5800,-10.5800,-10.5700,-10.5700,-10.5640,-10.5600
-86.9145,40.4460,0.0000,7.0000,67.5718,5.8914,60.7140,60.8440,60.9741,63.3282,65.9740,70.3770,74.6032,76.7536,78.9040,8.7157,1.3511,6.8600,7.6750,8.3300,9.8250,10.8200,477.4286,125.9454,326.0000,345.8000,404.0000,449.0000,510.0000,620.2000,739.0000,-102.1086,1.0891,-103.5400,-103.4680,-102.8950,-102.2400,-101.4050,-100.7040,-100.3800,-11.8286,0.3073,-12.4100,-12.2180,-11.9900,-11.7600,-11.5850,-11.5100,-11.4800
-86.9145,40.4465,0.0000,11.0000,67.1251,19.6580,36.4738,37.5858,38.6978,50.2184,71.8100,82.7091,91.4560,93.1345,94.8130,9.5755,4.0086,3.0500,7.0100,10.1800,12.0650,16.0300,469.4545,88.7349,349.0000,349.0000,393.5000,476.0000,528.0000,567.0000,636.0000,-101.2073,0.8941,-102.3600,-102.2800,-101.9550,-101.1400,-100.7150,-100.5100,-99.2500,-11.6073,0.3979,-12.5000,-12.0400,-11.8300,-11.5200,-11.3150,-11.2500,-11.0600
-86.9145,40.4470,0.0000,3.0000,49.2151,6.4190,43.4809,43.7316,43.9822,44.7342,45.9876,52.0822,55.7390,56.9580,58.1769,12.2067,1.0944,10.6800,11.7150,12.7500,12.9700,13.1900,680.6667,57.0399,600.0000,624.2000,660.5000,721.0000,721.0000,721.0000,721.0000,-101.5033,0.2764,-101.8100,-101.7600,-101.6850,-101.5600,-101.3500,-101.2240,-101.1400,-11.3400,0.1042,-11.4800,-11.4460,-11.3950,-11.3100,-11.2700,-11.2460,-11.2300
-86.9145,40.4600,0.0000,16.0000,53.3872,10.7916,41.2490,42.1220,42.7830,44.4763,50.7755,61.9520,64.8890,69.1534,79.8434,5.7169,2.0208,3.0500,4.3500,5.1600,6.9850,11.5900,497.2500,118.2125,293.0000,342.0000,470.7500,498.5000,525.5000,608.5000,801.0000,-112.3044,2.5275,-116.5200,-115.4900,-114.3850,-112.7300,-109.9600,-109.4850,-107.8000,-13.7063,0.9271,-15.3300,-14.9500,-14.3900,-13.5700,-12.9325,-12.5400,-12.3000
-86.9145,40.4615,0.0000,12.0000,13.1562,2.8033,9.5543,10.3079,10.9283,11.0183,12.2770,14.5878,16.1466,17.7065,19.5910,8.3342,3.6025,4.1900,5.2500,7.2050,12.1425,14.9200,0.0000,0.0000,0.0000,0.0000,0.0000,0.0000,0.0000,0.0000,0.0000,-112.1708,3.5444,-117.4400,-117.2260,-115.3225,-111.1850,-109.3975,-108.7900,-106.4500,-13.1808,0.8516,-15.0400,-14.2110,-13.8750,-12.7500,-12.6550,-12.6400,-11.9600
-86.9145,40.4615,60.0000,1.0000,5.4709,0.0000,5.4709,5.4709,5.4709,5.4709,5.4709,5.4709,5.4709,5.4709,5.4709,3.0000,0.0000,3.0000,3.0000,3.0000,3.0000,3.0000,0.0000,0.0000,0.0000,0.0000,0.0000,0.0000,0.0000,0.0000,0.0000,-140.0000,-140.0000,-140.0000,-140.0000,-140.0000,-140.0000,-140.0000,-140.0000,-140.0000,-30.0000,-30.0000,-30.0000,-30.0000,-30.0000,-30.0000,-30.0000,-30.0000,-30.0000
-86.9145,40.4625,0.0000,43.0000,15.2116,9.7780,2.5550,3.7377,4.2050,7.1305,13.5417,20.3830,28.3769,30.0633,46.7970,8.4719,3.0596,3.5100,6.6175,8.1750,10.2350,16.2600,1354.0732,1479.0773,135.0000,231.0000,324.0000,525.0000,2349.0000,3486.0000,4964.0000,-110.3712,2.9732,-118.4400,-114.4280,-111.7050,-110.0900,-108.7900,-107.2080,-103.2300,-13.4028,1.2059,-16.8000,-14.7960,-14.1100,-13.3300,-12.5200,-11.9100,-11.3600
-86.9145,40.4635,0.0000,6.0000,39.9417,6.9877,31.1074,31.8889,32.6703,35.2859,38.5511,43.2920,48.6038,50.4874,52.3710,8.9083,3.6445,4.5400,6.9425,7.3000,10.9425,15.3300,732.8333,161.0470,456.0000,533.0000,636.2500,763.5000,875.0000,902.0000,908.0000,-104.7283,1.6571,-107.2600,-106.7850,-106.0125,-104.3850,-103.5000,-103.0150,-102.5800,-11.4717,0.2482,-11.9500,-11.7900,-11.5725,-11.3550,-11.3100,-11.2700,-11.2300
-86.9145,40.4640,0.0000,26.0000,42.7020,8.5576,26.3703,31.8910,32.8115,34.7587,42.8495,48.5613,53.7985,57.0285,60.1480,5.0862,1.9254,3.0000,3.5525,4.3250,6.5550,8.9500,649.7308,170.9477,367.0000,456.0000,526.2500,621.0000,712.0000,916.0000,1059.0000,-105.7354,1.9166,-109.9600,-108.2400,-107.1400,-105.6600,-104.2025,-103.6450,-102.4100,-11.7981,0.2627,-12.2300,-12.1550,-12.0225,-11.7500,-11.6300,-11.4000,-11.3700
-86.9145,40.4660,0.0000,2.0000,5.5890,0.1030,5.4860,5.4963,5.5066,5.5375,5.5890,5.6405,5.6714,5.6817,5.6920,12.8800,3.3100,9.5700,11.2250,12.8800,14.5350,16.1900,2126.0000,0.0000,2126.0000,2126.0000,2126.0000,2126.0000,2126.0000,2126.0000,2126.0000,-113.2000,0.9800,-114.1800,-113.9840,-113.6900,-113.2000,-112.7100,-112.4160,-112.2200,-13.8300,0.4000,-14.2300,-14.1500,-14.0300,-13.8300,-13.6300,-13.5100,-13.4300
-86.9145,40.4665,0.0000,2.0000,8.3885,3.2075,5.1810,5.5018,5.8225,6.7847,8.3885,9.9923,10.9545,11.2752,11.5960,7.0000,0.2800,6.7200,6.8600,7.0000,7.1400,7.2800,2481.5000,64.5000,2417.0000,2429.9000,2449.2500,2481.5000,2513.7500,2533.1000,2546.0000,-113.2850,0.2850,-113.5700,-113.5130,-113.4275,-113.2850,-113.1425,-113.0570,-113.0000,-13.5500,0.0900,-13.6400,-13.6220,-13.5950,-13.5500,-13.5050,-13.4780,-13.4600
-86.9145,40.4670,0.0000,3.0000,12.1305,4.4989,7.3150,7.6772,8.0394,9.1260,10.9370,14.5382,16.6989,17.4192,18.1394,10.0200,2.7424,7.2100,8.1600,9.1100,11.4250,13.7400,1911.3333,367.0389,1557.0000,1597.6000,1658.5000,1760.0000,2088.5000,2285.6000,2417.0000,-115.8133,0.2361,-116.1400,-116.0540,-115.9250,-115.7100,-115.6500,-115.6140,-115.5900,-14.0467,1.1143,-15.6000,-15.1800,-14.5500,-13.5000,-13.2700,-13.1320,-13.0400
-86.9145,40.4675,0.0000,5.0000,23.0708,4.7918,16.2057,17.1520,18.0983,20.9371,23.6070,23.6260,28.0374,29.5078,30.9783,7.2200,1.6676,5.0500,5.4800,8.0000,8.2100,9.3600,1057.0000,264.7180,759.0000,779.0000,809.0000,982.0000,1339.0000,1373.2000,1396.0000,-114.4420,1.9554,-116.8400,-116.7640,-116.6500,-113.8800,-112.4300,-112.4180,-112.4100,-14.2360,1.2693,-16.0800,-15.8320,-15.4600,-13.3100,-13.2200,-13.1540,-13.1100
-86.9145,40.4680,0.0000,51.0000,21.1872,6.8727,8.1810,10.6865,12.2690,16.1336,21.4610,23.9110,31.8110,33.6268,39.1530,6.9378,2.8783,3.0000,4.5450,6.2700,9.2300,16.5900,776.2980,487.7018,82.2000,210.0000,443.0000,675.0000,1056.0000,1254.0000,2223.0000,-112.3398,2.9838,-118.0000,-115.8960,-114.1700,-112.4300,-111.1150,-108.2560,-105.5200,-13.9200,1.2626,-16.2700,-15.6100,-14.8850,-14.1100,-12.8050,-12.2040,-11.4600
-86.9145,40.4685,0.0000,12.0000,16.0352,5.1894,5.6069,8.7365,11.3394,12.3449,15.2900,20.3700,21.5931,22.7409,24.0583,8.3700,2.2392,4.2000,7.5875,8.3350,8.7875,13.5400,1235.7500,602.7771,373.0000,513.9000,875.2500,1132.5000,1759.0000,1803.1000,2539.0000,-112.1067,2.5362,-115.4600,-115.1410,-113.9950,-112.3750,-110.6600,-109.0550,-106.7000,-13.7433,1.3886,-16.4300,-15.7650,-14.3475,-13.8200,-12.5900,-12.0650,-11.9400
-86.9140,40.4310,0.0000,1.0000,40.3747,0.0000,40.3747,40.3747,40.3747,40.3747,40.3747,40.3747,40.3747,40.3747,40.3747,6.4200,0.0000,6.4200,6.4200,6.4200,6.4200,6.4200,707.0000,0.0000,707.0000,707.0000,707.0000,707.0000,707.0000,707.0000,707.0000,-95.7900,0.0000,-95.7900,-95.7900,-95.7900,-95.7900,-95.7900,-95.7900,-95.7900,-12.9100,0.0000,-12.9100,-12.9100,-12.9100,-12.9100,-12.9100,-12.9100,-12.9100
-86.9140,40.4315,0.0000,4.0000,40.8417,11.0509,25.9316,27.4873,29.0429,33.7100,40.7783,47.9100,52.6912,54.2849,55.8787,9.4850,1.4023,7.2000,9.0075,9.8950,10.3725,10.9500,730.0000,253.0524,475.0000,493.0000,520.0000,664.5000,874.5000,1019.4000,1116.0000,-95.0750,0.6026,-95.8100,-95.7230,-95.5925,-95.0500,-94.5325,-94.4470,-94.3900,-13.0475,0.5841,-13.9800,-13.7010,-13.2825,-12.9000,-12.6650,-12.5120,-12.4100
-86.9140,40.4330,0.0000,10.0000,85.6982,11.8555,71.2213,72.3381,73.4549,74.8811,84.0489,94.5736,98.2225,103.9077,109.5929,4.0510,2.0857,3.0100,3.1150,3.3050,3.7500,10.2500,322.3000,83.9715,191.0000,230.6000,273.7500,303.0000,381.0000,402.2000,494.0000,-85.7500,1.5147,-88.3600,-87.2800,-87.1100,-85.4450,-84.3775,-83.9660,-83.6600,-10.5990,0.0650,-10.7900,-10.6100,-10.5900,-10.5900,-10.5625,-10.5600,-10.5600
-86.9140,40.4450,0.0000,4.0000,94.6716,16.6924,74.2194,76.8150,79.4105,87.1971,91.8575,99.3320,112.1840,116.4680,120.7520,4.5850,1.9631,3.0000,3.3750,3.7000,4.9100,7.9400,256.5000,20.2299,228.0000,235.8000,247.5000,256.5000,265.5000,277.2000,285.0000,-97.7275,0.4994,-98.4000,-98.2320,-97.9800,-97.7550,-97.5025,-97.2010,-97.0000,-11.5450,0.2652,-11.9600,-11.8490,-11.6825,-11.4650,-11.3275,-11.3050,-11.2900
-86.9140,40.4455,0.0000,11.0000,60.6099,14.7427,40.6809,41.3824,42.0840,47.3018,65.9980,74.3472,78.4846,79.3613,80.2380,11.3955,3.4046,7.3300,8.5850,10.2900,13.2300,17.8000,415.3364,184.8379,73.7000,254.0000,306.5000,417.0000,505.0000,592.0000,796.0000,-99.8755,1.7935,-102.6600,-101.7000,-101.1250,-100.4300,-98.4600,-97.5200,-96.6000,-11.8555,0.5147,-12.9100,-12.2100,-12.1500,-11.9700,-11.4600,-11.1800,-11.0800
-86.9140,40.4460,0.0000,5.0000,45.8639,9.1662,37.8587,38.6021,39.3456,41.5760,42.3778,43.7289,55.7584,59.7682,63.7780,15.1600,4.1309,9.3800,12.4800,14.5400,18.4500,20.9500,588.0000,75.5354,479.0000,494.6000,518.0000,621.0000,661.0000,661.0000,661.0000,-101.3360,0.8989,-103.0200,-102.3320,-101.3000,-101.1100,-100.8900,-100.5720,-100.3600,-11.5620,0.3244,-12.2100,-11.8980,-11.4300,-11.4000,-11.3900,-11.3840,-11.3800
-86.9140,40.4465,0.0000,2.0000,50.4827,12.1449,38.3378,39.5523,40.7668,44.4102,50.4827,56.5551,60.1986,61.4131,62.6276,14.0950,1.4950,12.6000,13.3475,14.0950,14.8425,15.5900,512.0000,33.0000,479.0000,485.6000,495.5000,512.0000,528.5000,538.4000,545.0000,-98.8450,1.0750,-99.9200,-99.7050,-99.3825,-98.8450,-98.3075,-97.9850,-97.7700,-11.0950,0.1350,-11.2300,-11.2030,-11.1625,-11.0950,-11.0275,-10.9870,-10.9600
-86.9140,40.4595,0.0000,12.0000,39.4932,11.7694,25.9610,26.5204,27.0342,30.2550,37.8495,42.7508,59.2376,61.2158,62.4686,6.6475,1.2353,5.1800,5.8525,6.1150,7.7050,9.4200,593.4167,178.4790,380.0000,398.1000,461.2500,526.5000,744.5000,833.0000,931.0000,-113.1917,2.1760,-116.8500,-116.2540,-114.6700,-112.4950,-111.3900,-110.6520,-110.5200,-14.2358,1.3074,-17.4300,-16.0110,-14.7525,-13.4950,-13.3475,-13.2140,-13.1200
-86.9140,40.4600,0.0000,1.0000,29.1640,0.0000,29.1640,29.1640,29.1640,29.1640,29.1640,29.1640,29.1640,29.1640,29.1640,9.5000,0.0000,9.5000,9.5000,9.5000,9.5000,9.5000,564.0000,0.0000,564.0000,564.0000,564.0000,564.0000,564.0000,564.0000,564.0000,-110.3600,0.0000,-110.3600,-110.3600,-110.3600,-110.3600,-110.3600,-110.3600,-110.3600,-13.6400,0.0000,-13.6400,-13.6400,-13.6400,-13.6400,-13.6400,-13.6400,-13.6400
-86.9140,40.4615,0.0000,714.0000,25.0715,17.4130,1.0800,6.3339,8.9146,14.3712,19.5480,27.2507,58.0441,63.6394,79.7860,5.3816,2.8244,2.0000,3.6475,4.4950,6.0775,26.9600,984.6214,1145.4427,5.8200,52.1500,199.7500,426.5000,1722.2500,2836.0000,4304.0000,-107.1141,4.8380,-119.6100,-113.1270,-110.4025,-107.4650,-104.5500,-100.4990,-91.6400,-12.8077,1.0821,-17.7800,-14.2730,-13.5400,-12.6400,-11.9475,-11.5500,-10.8700
-86.9140,40.4615,30.0000,61.0000,27.4145,4.5853,17.0920,20.6766,22.3290,23.4460,27.6549,30.4040,33.2950,35.5430,39.1520,3.5469,0.5190,3.2200,3.3700,3.4400,3.5400,6.6300,0.0000,0.0000,0.0000,0.0000,0.0000,0.0000,0.0000,0.0000,0.0000,-85.4829,1.3709,-88.7000,-87.2000,-86.4850,-85.4300,-84.6500,-83.5960,-82.7500,-13.3156,0.7715,-15.0500,-14.3000,-13.9700,-13.1700,-12.7500,-12.4580,-11.7200
-86.9140,40.4615,60.0000,64.0000,15.9599,5.2813,1.4994,4.7223,11.8726,13.6587,16.2583,17.6438,21.9477,24.3464,30.6469,3.2895,0.1086,3.0000,3.2100,3.3000,3.3600,3.6900,0.0000,0.0000,0.0000,0.0000,0.0000,0.0000,0.0000,0.0000,0.0000,-85.6594,2.0225,-89.9100,-88.2960,-86.3200,-85.7300,-84.5200,-83.5740,-77.2500,-15.9275,0.9775,-19.1900,-17.0140,-16.6200,-15.8300,-15.3100,-14.9220,-13.0100
-86.9140,40.4615,90.0000,61.0000,16.6958,3.7197,6.5940,10.8280,12.4389,14.5360,16.0250,18.9474,22.6620,23.4286,24.7497,3.3407,0.1045,3.1200,3.2700,3.3300,3.4000,3.6300,0.0000,0.0000,0.0000,0.0000,0.0000,0.0000,0.0000,0.0000,0.0000,-87.0532,1.1471,-89.4100,-88.5720,-87.9100,-86.9100,-86.0800,-85.6540,-84.7700,-16.3658,0.6343,-18.0500,-17.2340,-16.6600,-16.2800,-15.9300,-15.6600,-15.1600
-86.9140,40.4615,120.0000,36.0000,9.9223,4.3169,1.8840,3.0408,3.8086,6.8885,10.2633,12.5947,14.7484,16.7333,19.0770,3.3686,0.4648,3.0000,3.1450,3.2900,3.4000,5.4400,0.0000,0.0000,0.0000,0.0000,0.0000,0.0000,0.0000,0.0000,0.0000,-87.8239,1.5217,-90.2100,-89.6150,-89.1625,-87.7700,-86.5925,-85.5450,-84.9000,-17.2558,0.9588,-19.7800,-18.2400,-17.7050,-17.3300,-16.7200,-15.9600,-15.4700
-86.9140,40.4620,0.0000,66.0000,16.3654,9.7841,1.7017,3.9631,4.5245,6.2045,17.9769,24.5892,26.5833,30.0200,40.9820,5.5929,1.9944,3.6700,4.1675,4.9750,5.7900,11.2500,793.1837,1207.9513,115.0000,139.0000,183.0000,227.0000,471.0000,2293.6000,4457.0000,-114.4173,2.2236,-123.2500,-116.8420,-115.3475,-113.9100,-113.0900,-112.3580,-109.3400,-14.6066,0.9710,-17.1700,-16.0480,-15.1500,-14.4750,-13.8850,-13.4850,-12.9800
-86.9140,40.4625,0.0000,63.0000,15.1096,9.6044,1.4820,4.0285,5.1474,7.3035,12.8550,19.9410,27.9582,35.2287,41.9790,9.3631,3.4779,3.9600,6.5075,9.1850,12.0450,17.0600,1558.9397,1333.9786,94.5000,173.3000,247.0000,1292.5000,2614.5000,3100.0000,4707.0000,-110.6365,3.0131,-117.5700,-114.2970,-112.1475,-110.7550,-109.0450,-106.3640,-103.0900,-13.7196,1.1753,-17.3800,-15.2520,-14.2550,-13.6900,-12.9900,-12.3340,-11.4400
-86.9140,40.4675,0.0000,2.0000,13.4490,2.6810,10.7680,11.0361,11.3042,12.1085,13.4490,14.7895,15.5938,15.8619,16.1300,13.0850,0.2850,12.8000,12.9425,13.0850,13.2275,13.3700,1865.5000,81.5000,1784.0000,1800.3000,1824.7500,1865.5000,1906.2500,1930.7000,1947.0000,-113.0250,1.5450,-114.5700,-114.2610,-113.7975,-113.0250,-112.2525,-111.7890,-111.4800,-12.9800,0.7500,-13.7300,-13.5800,-13.3550,-12.9800,-12.6050,-12.3800,-12.2300
-86.9140,40.4680,0.0000,12.0000,18.3066,4.0401,10.3000,12.7283,14.7993,16.1535,17.6715,20.2455,23.5356,24.8215,26.1250,8.3292,2.2344,5.0400,6.9775,8.2750,8.8850,13.9000,892.0833,495.5535,548.0000,593.0000,607.2500,688.5000,799.0000,1871.8000,1983.0000,-112.0675,1.2365,-113.7300,-113.2140,-112.8975,-112.5700,-110.9975,-110.8430,-109.3000,-12.8183,0.5628,-13.5800,-13.5480,-13.3725,-12.7600,-12.3075,-12.1920,-11.9700
-86.9140,40.4685,0.0000,4.0000,12.1135,4.1449,7.5977,7.7175,7.8374,8.1969,12.0338,15.9504,16.4533,16.6209,16.7886,11.0000,3.2308,6.2800,9.0175,11.4700,13.4525,14.7800,1886.0000,522.4610,1062.0000,1285.8000,1621.5000,2072.5000,2337.0000,2337.0000,2337.0000,-113.3500,1.8565,-116.3100,-115.3440,-113.8950,-112.9500,-112.4050,-111.6760,-111.1900,-14.6275,1.8873,-17.2800,-16.7460,-15.9450,-14.3550,-13.0375,-12.7270,-12.5200
-86.9135,40.4305,0.0000,1.0000,68.5086,0.0000,68.5086,68.5086,68.5086,68.5086,68.5086,68.5086,68.5086,68.5086,68.5086,4.3800,0.0000,4.3800,4.3800,4.3800,4.3800,4.3800,97.8000,0.0000,97.8000,97.8000,97.8000,97.8000,97.8000,97.8000,97.8000,-95.4800,0.0000,-95.4800,-95.4800,-95.4800,-95.4800,-95.4800,-95.4800,-95.4800,-11.6600,0.0000,-11.6600,-11.6600,-11.6600,-11.6600,-11.6600,-11.6600,-11.6600
-86.9135,40.4310,0.0000,34.0000,52.1304,16.6244,21.9700,27.3606,30.6803,41.0337,52.6000,61.8713,70.1802,79.8955,98.2940,7.5338,4.4817,3.0100,4.3575,6.0900,8.5100,20.8800,537.1794,229.4451,59.1000,273.8000,375.2500,488.0000,711.2500,853.9000,968.0000,-94.9709,2.9371,-99.6800,-98.1570,-96.8325,-95.2400,-94.1925,-91.8200,-86.1000,-12.6344,0.8133,-15.0200,-13.6330,-13.0375,-12.5050,-11.9925,-11.6960,-11.3300
-86.9135,40.4330,0.0000,5.0000,55.1051,14.9587,41.7431,42.9324,44.1218,47.6898,47.9884,54.1253,72.0373,78.0080,83.9787,4.0560,0.9842,3.1100,3.1700,3.8900,4.3000,5.8100,495.8000,127.4086,313.0000,355.0000,418.0000,470.0000,636.0000,639.6000,642.0000,-90.5000,1.2492,-92.2100,-91.9540,-91.5700,-90.0900,-89.9300,-89.1920,-88.7000,-11.0800,0.1884,-11.4500,-11.2780,-11.0200,-11.0100,-11.0000,-10.9520,-10.9200
-86.9135,40.4440,0.0000,1.0000,60.9140,0.0000,60.9140,60.9140,60.9140,60.9140,60.9140,60.9140,60.9140,60.9140,60.9140,20.5400,0.0000,20.5400,20.5400,20.5400,20.5400,20.5400,761.0000,0.0000,761.0000,761.0000,761.0000,761.0000,761.0000,761.0000,761.0000,-106.0000,0.0000,-106.0000,-106.0000,-106.0000,-106.0000,-106.0000,-106.0000,-106.0000,-16.1700,0.0000,-16.1700,-16.1700,-16.1700,-16.1700,-16.1700,-16.1700,-16.1700
-86.9135,40.4445,0.0000,12.0000,42.9392,15.5378,21.4942,22.5688,24.1927,31.2951,38.4005,56.8328,64.9548,66.3089,66.9420,10.5358,4.4256,4.1800,6.2325,9.2400,15.2150,16.0500,700.5833,261.4719,424.0000,444.5000,512.7500,575.0000,939.2500,1055.5000,1238.0000,-104.5700,1.6314,-108.9400,-106.2270,-104.7825,-104.1600,-103.5950,-103.4660,-102.5100,-14.0933,0.9955,-16.0700,-15.8280,-14.3775,-13.8800,-13.3625,-13.2050,-12.8300
-86.9135,40.4450,0.0000,55.0000,61.6163,16.9653,15.5289,22.5749,36.1246,54.5089,67.3156,74.5596,77.5006,79.3063,81.7582,9.8375,3.4678,4.3200,7.1150,9.4400,12.9150,17.0100,475.8182,217.7850,274.0000,315.0000,365.5000,402.0000,501.5000,647.2000,1272.0000,-93.0669,4.4278,-105.1600,-101.5500,-93.7200,-92.0700,-89.6150,-88.9260,-88.3900,-10.9902,1.1479,-15.9100,-12.2160,-10.6450,-10.5800,-10.5600,-10.5600,-10.5600
-86.9135,40.4455,0.0000,2.0000,71.9884,2.0667,69.9218,70.1284,70.3351,70.9551,71.9884,73.0218,73.6418,73.8484,74.0551,13.9600,2.3800,11.5800,12.7700,13.9600,15.1500,16.3400,411.0000,28.0000,383.0000,388.6000,397.0000,411.0000,425.0000,433.4000,439.0000,-93.6250,0.6650,-94.2900,-94.1570,-93.9575,-93.6250,-93.2925,-93.0930,-92.9600,-10.7050,0.0250,-10.7300,-10.7250,-10.7175,-10.7050,-10.6925,-10.6850,-10.6800
-86.9130,40.4305,0.0000,1795.0000,41.3238,30.2449,1.0080,2.6032,4.5785,14.0500,33.7580,73.4770,85.0418,89.3903,102.7020,8.6749,4.8002,3.0000,5.2900,8.2550,10.6025,62.5000,394.5748,376.7465,42.5000,99.5000,172.5000,329.0000,479.5000,676.8000,6388.0000,-112.7045,2.7973,-120.0000,-116.5200,-114.7800,-112.6500,-110.4500,-109.0800,-105.5000,-11.8039,0.6445,-15.0000,-12.6500,-12.1500,-11.6800,-11.3200,-11.0900,-10.5100
-86.9130,40.4310,0.0000,2.0000,44.6788,28.0082,16.6707,19.4715,22.2723,30.6748,44.6788,58.6829,67.0854,69.8862,72.6870,3.1100,0.1100,3.0000,3.0550,3.1100,3.1650,3.2200,122.6000,68.4000,54.2000,67.8800,88.4000,122.6000,156.8000,177.3200,191.0000,-94.8050,2.8350,-97.6400,-97.0730,-96.2225,-94.8050,-93.3875,-92.5370,-91.9700,-12.0400,0.4300,-12.4700,-12.3840,-12.2550,-12.0400,-11.8250,-11.6960,-11.6100
-86.9130,40.4330,0.0000,9.0000,57.2216,16.2274,37.5387,38.6597,39.7808,43.6542,51.8560,65.8640,81.5694,82.8078,84.0462,5.0300,1.5801,3.8300,4.1200,4.3700,4.6500,8.7700,536.4444,156.0435,292.0000,375.2000,405.0000,512.0000,685.0000,726.4000,780.0000,-92.4789,0.8411,-93.8000,-93.3760,-93.0000,-92.8300,-91.7700,-91.5300,-91.0500,-11.1711,0.1547,-11.4700,-11.4220,-11.1900,-11.0800,-11.0700,-11.0480,-11.0000
-86.9130,40.4435,0.0000,4.0000,50.5457,20.2204,30.2222,30.3396,30.4569,30.8089,48.3442,68.0810,72.3956,73.8338,75.2720,11.1625,2.1886,7.9100,9.8600,11.5550,12.8575,13.6300,570.5000,320.2831,277.0000,285.1000,297.2500,467.5000,740.7500,938.3000,1070.0000,-101.6875,1.1255,-102.8600,-102.7610,-102.6125,-101.9500,-101.0250,-100.4040,-99.9900,-12.3275,0.4600,-12.7600,-12.7570,-12.7525,-12.4450,-12.0200,-11.8040,-11.6600
-86.9130,40.4440,0.0000,7.0000,44.5466,15.6252,26.0889,28.5593,31.0297,35.8804,37.5591,50.6550,65.7332,70.4201,75.1070,12.2500,3.0659,7.3600,11.3500,11.7900,12.6850,18.5300,529.4286,307.7016,117.0000,174.6000,245.0000,518.0000,857.5000,866.0000,866.0000,-100.3757,1.0741,-101.8400,-101.5160,-101.2450,-100.3300,-99.7200,-99.0820,-98.5300,-11.9957,0.6086,-13.1600,-12.7280,-12.3350,-11.7900,-11.5350,-11.4000,-11.2800
-86.9125,40.4330,0.0000,6.0000,37.7710,6.1742,30.7813,31.0820,31.3827,33.0022,36.8284,40.0473,45.1018,47.2211,49.3404,4.7217,0.5765,4.0700,4.2200,4.6250,5.0825,5.6900,669.6667,152.5469,401.0000,500.0000,604.7500,686.5000,760.7500,822.5000,881.0000,-93.8267,1.1084,-95.6000,-95.0550,-94.3675,-93.7800,-93.3950,-92.6450,-91.9700,-11.4967,0.3022,-11.8700,-11.8400,-11.7375,-11.5150,-11.3450,-11.1350,-10.9800
-86.9125,40.4430,0.0000,6.0000,44.6918,19.7588,32.2933,32.8462,33.3991,34.7436,36.6253,39.0951,64.0509,76.3114,88.5720,9.4150,2.2715,5.2100,8.3500,10.1700,11.3150,11.5000,661.1667,197.0350,391.0000,449.5000,508.0000,671.0000,834.0000,863.0000,892.0000,-99.6950,1.5301,-102.4200,-101.3300,-100.1175,-99.6750,-99.0150,-98.0800,-97.3400,-11.8417,0.3914,-12.6600,-12.2450,-11.8125,-11.7450,-11.6925,-11.5350,-11.3900
-86.9125,40.4435,0.0000,3.0000,64.2442,25.7158,30.9964,34.7073,38.4182,49.5508,68.1051,80.8681,88.5258,91.0784,93.6310,8.3700,3.7635,3.3700,6.3300,9.2900,10.8700,12.4500,485.0000,282.5397,267.0000,274.4000,285.5000,304.0000,594.0000,768.0000,884.0000,-99.5467,3.5835,-103.5600,-102.8920,-101.8900,-100.2200,-97.5400,-95.9320,-94.8600,-12.2067,0.7857,-12.9100,-12.8480,-12.7550,-12.6000,-11.8550,-11.4080,-11.1100
-86.9120,40.4330,0.0000,4.0000,44.2344,4.9173,38.8373,39.0557,39.2741,39.9293,43.5702,47.8753,49.7261,50.3431,50.9600,5.1450,1.0151,4.0700,4.2725,4.9500,5.8225,6.6100,609.0000,58.8855,538.0000,553.6000,577.0000,598.5000,630.5000,672.8000,701.0000,-95.0225,0.7403,-96.2700,-95.8530,-95.2275,-94.7000,-94.4950,-94.4500,-94.4200,-11.2275,0.2306,-11.6200,-11.4820,-11.2750,-11.1250,-11.0775,-11.0550,-11.0400
-86.9120,40.4425,0.0000,6.0000,45.1695,12.1891,30.2320,31.5136,32.7951,36.2207,41.9018,53.4126,60.8116,63.1083,65.4050,9.3650,2.4866,6.0000,7.2700,9.5150,11.0325,13.1000,593.3333,90.7095,468.0000,468.0000,511.2500,642.0000,643.0000,670.0000,697.0000,-102.6317,0.9211,-103.7400,-103.5600,-103.3250,-102.7150,-102.2700,-101.6200,-100.9700,-12.3350,0.3044,-12.7400,-12.6800,-12.5700,-12.3700,-12.1100,-11.9550,-11.8700
-86.9120,40.4430,0.0000,3.0000,71.9870,2.9861,68.7960,69.0351,69.2742,69.9915,71.1870,73.5825,75.0198,75.4989,75.9780,8.8867,1.2715,7.3800,8.0850,8.7900,9.6400,10.4900,383.0000,10.0333,369.0000,372.8000,378.5000,388.0000,390.0000,391.2000,392.0000,-100.9667,1.8282,-102.4400,-102.3660,-102.2550,-102.0700,-100.2300,-99.1260,-98.3900,-11.9167,0.4613,-12.4800,-12.3680,-12.2000,-11.9200,-11.6350,-11.4640,-11.3500
-86.9115,40.4330,0.0000,3.0000,44.5357,6.5178,36.8169,37.5384,38.2599,40.4244,44.0320,48.3951,51.0130,51.8856,52.7582,4.0633,0.2616,3.8000,3.8850,3.9700,4.1950,4.4200,479.3333,32.7855,444.0000,449.4000,457.5000,471.0000,497.0000,512.6000,523.0000,-94.2500,0.8799,-95.1600,-95.0340,-94.8450,-94.5300,-93.7950,-93.3540,-93.0600,-11.5300,0.3648,-12.0300,-11.9020,-11.7100,-11.3900,-11.2800,-11.2140,-11.1700
-86.9115,40.4420,0.0000,5.0000,37.2904,12.4580,21.3049,21.9356,22.5664,24.4587,42.3449,44.2760,50.1509,52.1091,54.0674,9.1620,4.1812,4.0000,4.3600,11.2000,12.0900,14.1600,668.2000,280.9109,354.0000,400.8000,471.0000,611.0000,738.0000,995.4000,1167.0000,-101.4040,2.8512,-105.1500,-104.5220,-103.5800,-101.8300,-99.1100,-98.0540,-97.3500,-12.9880,0.9955,-14.4800,-14.1720,-13.7100,-12.7700,-12.2800,-11.9320,-11.7000
-86.9115,40.4425,0.0000,3.0000,60.2433,8.9356,50.4729,51.2444,52.0159,54.3304,58.1880,65.1285,69.2928,70.6809,72.0690,5.2967,2.0073,3.0000,4.0000,5.0000,6.4450,7.8900,518.0000,66.8182,457.0000,462.8000,471.5000,486.0000,548.5000,586.0000,611.0000,-100.3767,2.6967,-104.1900,-103.0560,-101.3550,-98.5200,-98.4700,-98.4400,-98.4200,-12.4167,0.7409,-13.4500,-13.1700,-12.7500,-12.0500,-11.9000,-11.8100,-11.7500
-86.9110,40.4330,0.0000,4.0000,63.8256,7.6699,55.2267,55.7073,56.1880,57.6300,62.5542,68.7498,72.4802,73.7236,74.9671,4.3825,0.2722,4.0900,4.1725,4.3200,4.5300,4.8000,384.2500,67.3215,292.0000,310.6000,338.5000,387.5000,433.2500,455.3000,470.0000,-94.3275,1.0709,-95.9100,-95.4300,-94.7100,-94.2550,-93.8725,-93.2830,-92.8900,-10.9950,0.1387,-11.2000,-11.1400,-11.0500,-10.9850,-10.9300,-10.8580,-10.8100
-86.9110,40.4415,0.0000,2.0000,35.3866,0.8226,34.5640,34.6463,34.7285,34.9753,35.3866,35.7979,36.0446,36.1269,36.2091,6.7800,1.2800,5.5000,6.1400,6.7800,7.4200,8.0600,1309.0000,0.0000,1309.0000,1309.0000,1309.0000,1309.0000,1309.0000,1309.0000,1309.0000,-109.3200,0.5500,-109.8700,-109.7600,-109.5950,-109.3200,-109.0450,-108.8800,-108.7700,-16.8100,0.7500,-17.5600,-17.4100,-17.1850,-16.8100,-16.4350,-16.2100,-16.0600
-86.9110,40.4420,0.0000,6.0000,34.4030,11.3386,20.7742,21.1920,21.6098,23.4276,35.6271,45.2445,45.9721,46.2752,46.5783,10.4533,6.6561,4.0000,4.0000,9.0000,16.3100,19.6400,967.6667,215.4721,670.0000,733.0000,798.0000,986.5000,1178.7500,1183.5000,1185.0000,-107.4000,0.9666,-108.3100,-108.1780,-107.9800,-107.9300,-107.1600,-106.2360,-105.6200,-15.2940,0.7756,-16.2300,-16.1180,-15.9500,-15.1900,-15.0900,-14.4420,-14.0100
-86.9105,40.4325,0.0000,3.0000,55.6551,5.2443,48.6729,49.5036,50.3344,52.8267,56.9804,59.1462,60.4457,60.8788,61.3120,6.0200,2.8643,3.9300,3.9950,4.0600,7.0650,10.0700,437.3333,29.3295,396.0000,407.8000,425.5000,455.0000,458.0000,459.8000,461.0000,-95.6467,0.3715,-96.1000,-96.0100,-95.8750,-95.6500,-95.4200,-95.2820,-95.1900,-11.1167,0.0205,-11.1400,-11.1360,-11.1300,-11.1200,-11.1050,-11.0960,-11.0900
-86.9105,40.4330,0.0000,29.0000,68.5654,12.6236,44.2036,47.4209,53.6208,59.3182,68.9138,80.1724,86.2194,88.0443,88.8622,3.9903,0.4515,3.3500,3.7200,3.9400,4.2000,5.6800,408.1379,109.7444,245.0000,287.4000,318.0000,385.0000,474.0000,528.4000,689.0000,-93.2986,2.6788,-99.2000,-98.1620,-94.6500,-92.3300,-91.6200,-90.9020,-89.3400,-10.7652,0.1895,-11.2400,-11.1100,-10.7800,-10.7200,-10.6100,-10.5900,-10.5700
-86.9105,40.4410,0.0000,1.0000,8.1886,0.0000,8.1886,8.1886,8.1886,8.1886,8.1886,8.1886,8.1886,8.1886,8.1886,0.0000,0.0000,0.0000,0.0000,0.0000,0.0000,0.0000,0.0000,0.0000,0.0000,0.0000,0.0000,0.0000,0.0000,0.0000,0.0000,-140.0000,-140.0000,-140.0000,-140.0000,-140.0000,-140.0000,-140.0000,-140.0000,-140.0000,-30.0000,-30.0000,-30.0000,-30.0000,-30.0000,-30.0000,-30.0000,-30.0000,-30.0000
-86.9105,40.4415,0.0000,5.0000,21.2145,5.1558,13.0750,14.5629,16.0509,20.5147,20.6853,22.5813,26.5621,27.8891,29.2160,14.2300,6.1890,5.8000,8.5200,16.1300,18.1900,22.5100,998.5000,193.9658,781.0000,821.8000,883.0000,952.0000,1067.5000,1212.4000,1309.0000,-110.2480,2.2893,-114.1800,-112.6400,-110.3300,-110.0900,-109.6000,-108.0640,-107.0400,-18.1060,2.2470,-22.2800,-20.6280,-18.1500,-17.3300,-17.1900,-16.2240,-15.5800
-86.9100,40.4305,0.0000,7.0000,32.5995,13.6557,2.0700,10.7554,19.4408,31.0884,34.6720,41.8107,45.4384,45.5472,45.6560,4.9400,0.5492,4.1100,4.5700,5.0150,5.2125,5.8000,633.5000,96.9016,489.0000,527.5000,568.2500,637.0000,702.0000,736.0000,769.0000,-101.7500,1.2269,-103.7600,-102.9950,-102.1750,-101.7350,-101.4225,-100.5200,-99.6300,-12.6667,0.7100,-13.4500,-13.4350,-13.3500,-12.7750,-12.0125,-11.7900,-11.7000
-86.9100,40.4310,0.0000,7.0000,40.3586,3.0633,34.5289,35.7089,36.8889,38.9480,41.2436,41.9196,43.2219,44.1123,45.0027,6.6157,4.0925,3.9900,4.7100,5.0100,5.6700,16.5500,554.8571,109.9798,323.0000,414.2000,528.5000,586.0000,628.0000,652.4000,662.0000,-102.0171,1.2710,-104.1100,-103.8220,-102.9600,-101.2900,-101.1050,-100.8360,-100.5900,-11.9557,0.4634,-12.7700,-12.6440,-12.2100,-11.7500,-11.6100,-11.5540,-11.5300
-86.9100,40.4315,0.0000,4.0000,55.6131,7.2606,49.5396,49.5785,49.6174,49.7342,52.7302,58.6091,63.9151,65.6838,67.4524,4.2175,0.6641,3.4900,3.5875,4.2450,4.8750,4.8900,485.2500,88.3102,360.0000,386.7000,426.7500,495.5000,554.0000,575.6000,590.0000,-98.6700,1.2552,-100.5400,-100.0990,-99.4375,-98.3950,-97.6275,-97.4610,-97.3500,-11.2200,0.1518,-11.4500,-11.3930,-11.3075,-11.1850,-11.0975,-11.0750,-11.0600
-86.9100,40.4320,0.0000,3.0000,57.1239,8.6513,45.9600,47.2011,48.4421,52.1653,58.3707,62.7058,65.3068,66.1739,67.0409,3.5933,0.4866,3.2100,3.2500,3.2900,3.7850,4.2800,467.0000,106.7458,345.0000,366.2000,398.0000,451.0000,528.0000,574.2000,605.0000,-98.6167,0.7216,-99.4200,-99.2880,-99.0900,-98.7600,-98.2150,-97.8880,-97.6700,-11.1600,0.1512,-11.3000,-11.2860,-11.2650,-11.2300,-11.0900,-11.0060,-10.9500
-86.9100,40.4325,0.0000,3.0000,49.7526,6.7102,41.8231,42.5611,43.2990,45.5129,49.2027,53.7173,56.4261,57.3291,58.2320,3.7167,0.6988,3.1400,3.2250,3.3100,4.0050,4.7000,565.0000,105.1095,417.0000,459.0000,522.0000,627.0000,639.0000,646.2000,651.0000,-97.9000,1.4157,-99.9000,-99.3160,-98.4400,-96.9800,-96.9000,-96.8520,-96.8200,-11.3033,0.1686,-11.5400,-11.4740,-11.3750,-11.2100,-11.1850,-11.1700,-11.1600
-86.9100,40.4410,0.0000,3.0000,25.7351,9.8750,17.7831,17.9817,18.1803,18.7760,19.7689,29.7111,35.6764,37.6649,39.6533,12.4967,0.6498,11.5900,12.2050,12.8200,12.9500,13.0800,1242.0000,155.5635,1132.0000,1132.0000,1132.0000,1132.0000,1297.0000,1396.0000,1462.0000,-109.1467,1.4166,-110.5300,-110.3660,-110.1200,-109.7100,-108.4550,-107.7020,-107.2000,-14.9733,0.5169,-15.5400,-15.4500,-15.3150,-15.0900,-14.6900,-14.4500,-14.2900
-86.9100,40.4415,0.0000,2.0000,19.2276,0.4231,18.8044,18.8468,18.8891,19.0160,19.2276,19.4391,19.5660,19.6084,19.6507,13.4450,2.2550,11.1900,12.3175,13.4450,14.5725,15.7000,1126.0000,100.0000,1026.0000,1046.0000,1076.0000,1126.0000,1176.0000,1206.0000,1226.0000,-109.6750,0.2350,-109.9100,-109.8630,-109.7925,-109.6750,-109.5575,-109.4870,-109.4400,-16.6850,0.0650,-16.7500,-16.7370,-16.7175,-16.6850,-16.6525,-16.6330,-16.6200
-86.9095,40.4305,0.0000,5.0000,40.9568,5.3877,30.8373,32.7381,34.6389,40.3413,43.4836,43.9920,45.2747,45.7022,46.1298,5.1320,0.5091,4.1600,5.1100,5.3500,5.4900,5.5500,641.0000,101.6602,488.0000,514.8000,555.0000,698.0000,709.0000,736.6000,755.0000,-101.3580,0.6587,-101.8000,-101.7760,-101.7400,-101.7200,-101.4700,-100.6240,-100.0600,-12.3060,0.2705,-12.6200,-12.5760,-12.5100,-12.3400,-12.2200,-11.9920,-11.8400
-86.9095,40.4400,0.0000,1.0000,9.5509,0.0000,9.5509,9.5509,9.5509,9.5509,9.5509,9.5509,9.5509,9.5509,9.5509,4.0000,0.0000,4.0000,4.0000,4.0000,4.0000,4.0000,203.0000,0.0000,203.0000,203.0000,203.0000,203.0000,203.0000,203.0000,203.0000,-107.1200,0.0000,-107.1200,-107.1200,-107.1200,-107.1200,-107.1200,-107.1200,-107.1200,-16.1200,0.0000,-16.1200,-16.1200,-16.1200,-16.1200,-16.1200,-16.1200,-16.1200
-86.9095,40.4405,0.0000,2.0000,25.7627,3.5458,22.2169,22.5715,22.9260,23.9898,25.7627,27.5356,28.5993,28.9539,29.3084,15.8950,1.1750,14.7200,15.3075,15.8950,16.4825,17.0700,1065.0000,153.0000,912.0000,942.6000,988.5000,1065.0000,1141.5000,1187.4000,1218.0000,-105.3100,0.8900,-106.2000,-106.0220,-105.7550,-105.3100,-104.8650,-104.5980,-104.4200,-14.2400,0.2000,-14.4400,-14.4000,-14.3400,-14.2400,-14.1400,-14.0800,-14.0400
-86.9095,40.4410,0.0000,2.0000,38.2338,9.7938,28.4400,29.4194,30.3988,33.3369,38.2338,43.1307,46.0688,47.0482,48.0276,17.5600,1.0000,16.5600,17.0600,17.5600,18.0600,18.5600,533.5000,0.5000,533.0000,533.1000,533.2500,533.5000,533.7500,533.9000,534.0000,-100.1200,0.6500,-100.7700,-100.6400,-100.4450,-100.1200,-99.7950,-99.6000,-99.4700,-11.7350,0.0350,-11.7700,-11.7630,-11.7525,-11.7350,-11.7175,-11.7070,-11.7000
-86.9090,40.4305,0.0000,6.0000,20.3240,18.5411,1.5710,1.7150,1.8590,2.1883,17.6044,38.9889,41.5084,41.7529,41.9973,5.1367,0.2812,4.7400,5.0250,5.3100,5.3350,5.3600,736.8000,144.0700,522.0000,568.0000,637.0000,771.0000,817.0000,889.0000,937.0000,-103.0780,3.4871,-110.0000,-106.8560,-102.1400,-101.2900,-101.0300,-100.9700,-100.9300,-12.6360,1.1964,-14.0000,-13.7920,-13.4800,-12.7700,-12.4200,-11.2740,-10.5100
-86.9090,40.4395,0.0000,6.0000,12.4550,5.0084,6.9417,7.1740,7.4063,7.9406,11.3670,17.1443,18.5919,18.8889,19.1860,4.4583,0.8717,3.9000,4.0000,4.0000,4.3675,6.3600,2771.0000,0.0000,2771.0000,2771.0000,2771.0000,2771.0000,2771.0000,2771.0000,2771.0000,-110.5383,3.0337,-114.6300,-113.8800,-112.5850,-110.8950,-108.9200,-106.8400,-105.4000,-18.3650,2.1552,-21.0400,-20.6000,-19.9025,-18.8400,-17.1625,-15.6550,-14.6100
-86.9090,40.4400,0.0000,2.0000,8.2502,3.6742,4.5760,4.9434,5.3108,6.4131,8.2502,10.0873,11.1896,11.5570,11.9244,12.1000,3.6900,8.4100,10.2550,12.1000,13.9450,15.7900,865.0000,168.0000,697.0000,730.6000,781.0000,865.0000,949.0000,999.4000,1033.0000,-106.0250,3.1550,-109.1800,-108.5490,-107.6025,-106.0250,-104.4475,-103.5010,-102.8700,-16.8300,2.6900,-19.5200,-18.9820,-18.1750,-16.8300,-15.4850,-14.6780,-14.1400
-86.9090,40.4405,0.0000,2.0000,26.3067,3.9271,22.3796,22.7723,23.1650,24.3431,26.3067,28.2702,29.4484,29.8411,30.2338,14.3550,1.2150,13.1400,13.7475,14.3550,14.9625,15.5700,1009.0000,312.0000,697.0000,759.4000,853.0000,1009.0000,1165.0000,1258.6000,1321.0000,-105.3400,0.9700,-106.3100,-106.1160,-105.8250,-105.3400,-104.8550,-104.5640,-104.3700,-14.3650,0.0950,-14.4600,-14.4410,-14.4125,-14.3650,-14.3175,-14.2890,-14.2700
-86.9085,40.4305,0.0000,10.0000,28.4851,11.2852,7.8400,10.3605,12.8809,19.3540,33.9961,37.5067,38.9627,39.9188,40.8750,12.7967,8.3988,4.8200,5.1700,6.6200,21.3100,25.2200,829.6000,196.8569,497.0000,575.3000,704.2500,816.0000,1005.5000,1028.8000,1144.0000,-103.8637,2.4108,-107.9200,-107.3950,-105.3100,-103.2000,-102.1850,-101.2250,-100.9100,-15.3375,1.8145,-18.8800,-17.9280,-16.1925,-14.5750,-13.8800,-13.7930,-13.6600
-86.9085,40.4390,0.0000,1.0000,2.5700,0.0000,2.5700,2.5700,2.5700,2.5700,2.5700,2.5700,2.5700,2.5700,2.5700,0.0000,0.0000,0.0000,0.0000,0.0000,0.0000,0.0000,2357.0000,0.0000,2357.0000,2357.0000,2357.0000,2357.0000,2357.0000,2357.0000,2357.0000,-140.0000,-140.0000,-140.0000,-140.0000,-140.0000,-140.0000,-140.0000,-140.0000,-140.0000,-30.0000,-30.0000,-30.0000,-30.0000,-30.0000,-30.0000,-30.0000,-30.0000,-30.0000
-86.9085,40.4395,0.0000,4.0000,5.2102,4.0707,1.8229,1.9261,2.0293,2.3389,3.4783,6.3496,9.7766,10.9190,12.0613,6.9300,4.1436,4.0000,4.0000,4.0000,8.3950,12.7900,2154.0000,0.0000,2154.0000,2154.0000,2154.0000,2154.0000,2154.0000,2154.0000,2154.0000,-111.0025,3.1843,-115.3200,-114.5610,-113.4225,-110.4750,-108.0550,-107.8660,-107.7400,-18.7200,2.1025,-21.9800,-21.1340,-19.8650,-18.0600,-16.9150,-16.8340,-16.7800
-86.9085,40.4400,0.0000,4.0000,14.2958,4.3854,9.9547,9.9553,9.9560,9.9580,13.8462,18.1840,18.9952,19.2656,19.5360,12.8375,1.9820,10.4200,11.3350,12.6550,14.1575,15.6200,1795.2500,429.9281,1216.0000,1334.5000,1512.2500,1795.0000,2078.0000,2256.2000,2375.0000,-107.6425,0.5630,-108.2200,-108.2110,-108.1975,-107.6500,-107.0950,-107.0680,-107.0500,-17.2400,0.4790,-17.8600,-17.7100,-17.4850,-17.2900,-17.0450,-16.7300,-16.5200
-86.9080,40.4305,0.0000,6.0000,31.5221,13.7523,21.4000,21.4330,21.4660,21.6545,26.2079,32.5878,46.8926,53.6793,60.4660,6.2333,1.9868,4.3400,4.8025,5.4650,6.9300,10.1300,713.0000,214.2260,523.0000,545.8000,580.0000,614.0000,728.0000,963.2000,1120.0000,-102.7167,1.2714,-104.5900,-104.2850,-103.6725,-102.6600,-101.5575,-101.2050,-101.1900,-16.2367,0.6001,-17.0900,-17.0150,-16.7150,-16.0300,-15.9900,-15.6650,-15.3500
-86.9080,40.4390,0.0000,2.0000,10.5822,1.2018,9.3804,9.5006,9.6208,9.9813,10.5822,11.1831,11.5436,11.6638,11.7840,14.0700,0.3900,13.6800,13.8750,14.0700,14.2650,14.4600,1636.0000,0.0000,1636.0000,1636.0000,1636.0000,1636.0000,1636.0000,1636.0000,1636.0000,-110.2900,0.8300,-111.1200,-110.9540,-110.7050,-110.2900,-109.8750,-109.6260,-109.4600,-18.7900,0.9000,-19.6900,-19.5100,-19.2400,-18.7900,-18.3400,-18.0700,-17.8900
-86.9080,40.4395,0.0000,5.0000,13.3705,1.8766,10.4053,10.7705,11.1356,12.2311,13.9707,14.4098,15.2652,15.5504,15.8356,13.9240,1.5481,11.4900,12.9600,14.2700,15.0300,15.8700,1642.4000,475.9813,1029.0000,1131.4000,1285.0000,1508.0000,2195.0000,2195.0000,2195.0000,-109.5240,0.6758,-110.3200,-110.0960,-109.7600,-109.7400,-109.5200,-108.7760,-108.2800,-17.9980,0.7098,-18.8100,-18.7820,-18.7400,-17.8900,-17.6300,-17.2040,-16.9200
-86.9075,40.4305,0.0000,7.0000,38.6248,6.0671,24.5303,28.6120,32.6937,38.6133,39.8996,42.4495,43.3529,43.5853,43.8178,4.9200,1.2245,3.1900,4.1300,4.9300,5.3650,7.3300,823.4286,337.5910,492.0000,510.6000,538.5000,681.0000,1094.5000,1325.0000,1325.0000,-99.8271,1.5850,-101.2900,-101.2840,-101.1700,-100.6600,-98.8150,-97.7940,-96.8700,-14.9357,0.9873,-16.5200,-16.2500,-15.5150,-14.8400,-14.3900,-13.9740,-13.3800
-86.9075,40.4385,0.0000,1.0000,1.4034,0.0000,1.4034,1.4034,1.4034,1.4034,1.4034,1.4034,1.4034,1.4034,1.4034,0.0000,0.0000,0.0000,0.0000,0.0000,0.0000,0.0000,0.0000,0.0000,0.0000,0.0000,0.0000,0.0000,0.0000,0.0000,0.0000,-109.5600,0.0000,-109.5600,-109.5600,-109.5600,-109.5600,-109.5600,-109.5600,-109.5600,-13.0100,0.0000,-13.0100,-13.0100,-13.0100,-13.0100,-13.0100,-13.0100,-13.0100
-86.9075,40.4390,0.0000,7.0000,19.0310,2.7564,14.6436,14.9945,15.3454,17.1551,19.1982,21.2587,22.1934,22.3705,22.5476,14.9786,1.5856,12.4600,14.0750,14.3100,16.3250,17.2800,1173.2857,252.1925,799.0000,848.8000,961.0000,1257.0000,1363.5000,1466.0000,1508.0000,-108.6429,1.2053,-109.7100,-109.5960,-109.5000,-109.4200,-108.1250,-107.2240,-106.1200,-16.5300,0.9533,-18.0400,-17.7520,-17.2000,-16.6000,-15.6300,-15.4520,-15.4100
-86.9070,40.4305,0.0000,7.0000,38.7238,8.2235,26.8453,27.9114,28.9774,32.8390,36.1570,46.4517,48.9598,49.2214,49.4830,5.6171,3.3019,3.0000,3.4400,3.9000,6.3600,12.8200,712.4000,136.5014,563.0000,581.0000,608.0000,637.0000,871.0000,878.2000,883.0000,-101.4100,1.5739,-103.5400,-103.2220,-102.7600,-101.0000,-100.5500,-99.6820,-98.7100,-14.8514,0.6555,-16.2000,-15.7380,-15.0500,-14.5700,-14.4150,-14.3080,-14.2600
-86.9070,40.4385,0.0000,23.0000,17.9350,7.8736,1.8240,2.1476,4.2873,15.4204,19.9084,24.1307,26.5159,27.3870,29.2924,14.0341,2.6234,8.9300,12.6350,14.6300,15.3500,19.6100,1366.5455,731.2605,660.0000,698.1000,930.7500,1165.5000,1495.7500,1947.0000,3397.0000,-107.6409,2.2918,-112.1600,-109.9050,-109.4850,-107.4450,-106.6400,-104.1470,-102.6800,-15.9509,1.8578,-19.9300,-19.0880,-16.3800,-15.4450,-14.7300,-14.1150,-13.5500
-86.9065,40.4305,0.0000,8.0000,43.2522,9.5976,27.1947,29.9369,32.6792,36.3544,42.8910,51.2602,54.3205,55.9545,57.5884,14.7787,9.2589,6.3900,7.7975,10.9650,17.5675,33.8100,573.1250,67.9585,431.0000,501.0000,532.5000,594.0000,616.2500,644.6000,653.0000,-100.2025,2.8608,-103.8000,-103.3240,-102.5575,-100.9600,-97.5375,-96.4380,-95.9200,-14.4038,0.5024,-15.3300,-14.9100,-14.6400,-14.4350,-14.1450,-13.7490,-13.6300
-86.9065,40.4380,0.0000,5.0000,7.3072,4.8635,1.2869,1.3698,1.4528,1.7017,9.6836,10.8889,12.1406,12.5579,12.9751,11.9933,1.1512,10.7800,11.2200,11.6600,12.6000,13.5400,1452.5000,483.8453,693.0000,929.4000,1284.0000,1542.5000,1711.0000,1903.6000,2032.0000,-111.1760,4.4032,-119.0000,-116.6360,-113.0900,-108.4800,-107.6700,-107.6520,-107.6400,-15.8400,1.9735,-17.0600,-17.0000,-16.9100,-16.8200,-16.5000,-13.7460,-11.9100
-86.9065,40.4385,0.0000,2.0000,9.6529,4.5196,5.1333,5.5853,6.0372,7.3931,9.6529,11.9127,13.2685,13.7205,14.1724,15.8800,0.0700,15.8100,15.8450,15.8800,15.9150,15.9500,1745.0000,645.0000,1100.0000,1229.0000,1422.5000,1745.0000,2067.5000,2261.0000,2390.0000,-110.1900,0.5600,-110.7500,-110.6380,-110.4700,-110.1900,-109.9100,-109.7420,-109.6300,-17.5800,0.5400,-18.1200,-18.0120,-17.8500,-17.5800,-17.3100,-17.1480,-17.0400
-86.9060,40.4305,0.0000,13.0000,43.6681,9.1113,16.8060,29.6136,38.6072,41.1040,43.9262,51.2460,51.7917,52.7749,54.1573,9.5300,4.7488,3.0000,6.8700,8.2300,10.4000,19.9300,666.7692,162.8421,517.0000,553.6000,564.0000,608.0000,709.0000,729.0000,1178.0000,-102.1354,1.7446,-104.9600,-104.8400,-102.9400,-101.5400,-100.8800,-100.2860,-99.3900,-14.2085,0.4250,-15.0200,-14.6840,-14.4900,-14.2900,-13.9900,-13.6140,-13.4700
-86.9060,40.4310,0.0000,3.0000,49.6947,10.3364,35.4010,37.2799,39.1588,44.7955,54.1900,56.8415,58.4324,58.9627,59.4930,11.0867,6.0411,3.1600,7.7250,12.2900,15.0500,17.8100,352.0000,63.9375,264.0000,286.8000,321.0000,378.0000,396.0000,406.8000,414.0000,-103.4900,1.3351,-105.1400,-104.8040,-104.3000,-103.4600,-102.6650,-102.1880,-101.8700,-13.9200,0.5346,-14.5000,-14.4100,-14.2750,-14.0500,-13.6300,-13.3780,-13.2100
-86.9060,40.4360,0.0000,3.0000,1.3580,0.0994,1.2250,1.2410,1.2570,1.3051,1.3851,1.4246,1.4482,1.4561,1.4640,0.0000,0.0000,0.0000,0.0000,0.0000,0.0000,0.0000,649.3333,118.0320,498.0000,531.2000,581.0000,664.0000,725.0000,761.6000,786.0000,-140.0000,-140.0000,-140.0000,-140.0000,-140.0000,-140.0000,-140.0000,-140.0000,-140.0000,-30.0000,-30.0000,-30.0000,-30.0000,-30.0000,-30.0000,-30.0000,-30.0000,-30.0000
-86.9060,40.4365,0.0000,4.0000,6.0586,5.1668,1.1131,1.1350,1.1569,1.2225,4.8802,9.7162,11.9030,12.6320,13.3609,8.6250,0.8250,7.8000,8.2125,8.6250,9.0375,9.4500,1283.6667,588.3595,740.0000,794.0000,875.0000,1010.0000,1555.5000,1882.8000,2101.0000,-107.3650,0.3250,-107.6900,-107.6250,-107.5275,-107.3650,-107.2025,-107.1050,-107.0400,-15.9450,0.1050,-16.0500,-16.0290,-15.9975,-15.9450,-15.8925,-15.8610,-15.8400
-86.9060,40.4370,0.0000,4.0000,12.6736,2.3876,10.5387,10.6800,10.8213,11.2453,11.7213,13.1496,15.2876,16.0002,16.7129,14.9300,4.6520,11.7900,12.1800,12.4800,15.2300,22.9700,1003.5000,470.8516,235.0000,502.9000,904.7500,1131.0000,1229.7500,1402.1000,1517.0000,-108.4850,0.8001,-109.3000,-109.2910,-109.2775,-108.4850,-107.6925,-107.6790,-107.6700,-16.3175,0.5102,-16.9400,-16.8650,-16.7525,-16.3050,-15.8700,-15.7800,-15.7200
-86.9060,40.4375,0.0000,4.0000,12.3078,3.4867,9.0471,9.3176,9.5882,10.3998,11.0000,12.9080,16.0736,17.1288,18.1840,9.0650,1.2387,7.0200,8.6250,9.5250,9.9650,10.1900,1601.5000,60.2516,1517.0000,1535.9000,1564.2500,1604.5000,1641.7500,1664.7000,1680.0000,-106.0675,0.6987,-107.0700,-106.8540,-106.5300,-105.9600,-105.4975,-105.3670,-105.2800,-16.2950,0.4086,-16.9300,-16.7530,-16.4875,-16.2100,-16.0175,-15.9050,-15.8300
-86.9060,40.4380,0.0000,1.0000,14.9689,0.0000,14.9689,14.9689,14.9689,14.9689,14.9689,14.9689,14.9689,14.9689,14.9689,12.2500,0.0000,12.2500,12.2500,12.2500,12.2500,12.2500,1580.0000,0.0000,1580.0000,1580.0000,1580.0000,1580.0000,1580.0000,1580.0000,1580.0000,-105.4600,0.0000,-105.4600,-105.4600,-105.4600,-105.4600,-105.4600,-105.4600,-105.4600,-15.4300,0.0000,-15.4300,-15.4300,-15.4300,-15.4300,-15.4300,-15.4300,-15.4300
-86.9055,40.4305,0.0000,10.0000,22.5956,5.4428,16.3476,16.9792,17.6108,17.8987,20.4080,26.8693,28.7483,30.9355,33.1227,11.6600,6.0713,5.6400,7.4850,9.4200,13.9525,25.4400,703.8000,350.5800,246.0000,326.1000,388.0000,639.5000,966.0000,1032.2000,1421.0000,-102.5850,1.8096,-104.5900,-104.5000,-103.6950,-103.3700,-101.3250,-100.1450,-98.9300,-16.6630,1.8423,-18.9200,-18.5690,-18.1950,-17.4450,-14.9850,-14.4970,-13.3900
-86.9055,40.4310,0.0000,14.0000,37.2365,16.5087,11.1876,12.6597,16.6172,27.4822,33.7901,45.4814,59.8745,63.7531,69.7340,8.7850,3.2340,5.7900,6.1375,7.2500,10.6050,15.7400,289.9571,335.8358,50.2000,90.4400,109.2500,175.5000,347.7500,430.8000,1421.0000,-101.1629,1.7713,-103.5100,-103.2400,-102.3525,-101.5150,-100.1550,-98.7820,-97.5000,-13.7664,1.0166,-15.6000,-15.2050,-14.2375,-13.7000,-13.0375,-12.5420,-12.1700
-86.9055,40.4315,0.0000,11.0000,22.5646,5.8481,15.6436,15.8844,16.1253,17.8702,20.2860,26.8957,31.4200,32.0610,32.7020,10.7327,3.2402,6.4500,7.7000,11.4600,12.2650,16.5200,352.0909,270.4377,65.3000,66.7000,113.0000,213.0000,632.5000,704.0000,739.0000,-104.4609,1.8281,-108.1800,-105.6900,-105.5900,-104.2600,-103.4300,-102.5600,-101.0300,-15.2609,0.8861,-16.7900,-16.1100,-15.7300,-15.2100,-14.8900,-14.7500,-13.1600
-86.9055,40.4320,0.0000,7.0000,9.9825,5.6261,1.8331,3.1178,4.4025,6.4007,7.5730,14.2351,16.8779,18.0389,19.2000,13.4200,1.8971,10.8200,12.2400,13.7300,13.7900,16.5200,469.6000,260.2257,164.0000,164.0000,164.0000,586.0000,628.0000,734.8000,806.0000,-108.4717,2.1719,-111.8900,-111.2000,-110.0225,-108.1450,-106.8075,-106.0700,-105.6400,-16.4317,1.2940,-18.0400,-17.7250,-17.3725,-16.7300,-15.6225,-14.8400,-14.2500
-86.9055,40.4325,0.0000,9.0000,8.8077,5.1737,2.9020,3.3928,3.8836,5.6606,6.9049,11.5484,16.4062,17.7413,19.0764,9.3038,3.0823,4.0000,7.3675,9.8600,11.4650,13.6000,996.4000,138.2253,858.0000,858.0000,858.0000,1016.0000,1016.0000,1146.8000,1234.0000,-111.9425,1.7255,-115.4000,-114.2030,-112.8125,-111.4050,-110.5875,-110.3760,-109.9700,-16.6487,2.2988,-20.2000,-19.4510,-17.8625,-17.2150,-14.5700,-13.6490,-13.3900
-86.9055,40.4330,0.0000,7.0000,13.4684,4.1554,7.9600,8.9293,9.8987,11.3133,11.9698,14.7848,17.8489,20.0009,22.1529,10.5743,2.9931,7.2600,7.8800,11.2400,11.6900,16.3800,698.3333,408.9750,148.0000,148.0000,319.0000,873.0000,914.0000,1074.0000,1234.0000,-108.0129,1.9467,-111.5600,-110.3060,-108.9800,-107.5500,-107.0150,-105.9920,-104.9900,-13.6571,0.4868,-14.3200,-14.1760,-14.0600,-13.7900,-13.1650,-13.0700,-13.0400
-86.9055,40.4335,0.0000,9.0000,13.3926,6.1670,1.6080,3.3703,5.1326,10.1351,14.7013,17.5458,19.9422,21.0147,22.0871,12.1200,1.8655,9.8800,11.1025,11.7800,12.7975,15.0400,710.6333,594.7689,76.7000,137.7400,153.0000,516.0000,1287.0000,1428.8000,1740.0000,-111.9317,5.2111,-119.3900,-119.1950,-116.6750,-109.3050,-107.9575,-107.2950,-106.9500,-14.7300,0.7226,-16.0100,-15.6100,-15.1050,-14.6150,-14.1250,-13.9650,-13.9100
-86.9055,40.4340,0.0000,5.0000,20.2363,4.2645,14.1173,14.6498,15.1822,16.7796,21.3884,22.9093,24.7557,25.3712,25.9867,11.6200,1.9991,9.0600,10.5600,11.3400,12.0500,15.0900,603.4000,372.3442,181.0000,181.0000,181.0000,700.0000,824.0000,1008.2000,1131.0000,-106.6040,0.9943,-108.4600,-107.7240,-106.6200,-106.3400,-106.0600,-105.7480,-105.5400,-14.0080,0.3879,-14.7500,-14.4420,-13.9800,-13.8700,-13.8100,-13.7020,-13.6300
-86.9055,40.4345,0.0000,18.0000,30.2897,10.0039,12.7324,15.9466,17.0081,21.1342,31.6902,39.2898,42.6604,43.2091,44.0613,9.0118,1.8039,6.6400,7.7400,8.8500,9.7800,13.8500,724.1765,312.7854,452.0000,508.8000,546.0000,627.0000,724.0000,1002.0000,1826.0000,-101.7644,1.8601,-106.0100,-103.9570,-102.4600,-101.8050,-100.7675,-99.7890,-97.6400,-12.7478,1.1431,-15.0200,-14.5620,-13.3400,-12.4450,-11.8350,-11.5570,-11.0500
-86.9055,40.4350,0.0000,12.0000,29.9317,8.2106,13.6229,16.2635,18.9840,26.1893,30.1709,35.1923,40.0305,41.7021,43.1360,8.9525,4.7926,3.0000,4.0000,8.9250,10.4950,18.2400,581.3333,272.8148,121.0000,277.9000,334.7500,591.5000,722.5000,994.0000,1022.0000,-104.6527,3.7483,-110.0200,-109.7800,-107.5550,-105.0800,-101.4550,-99.2400,-99.1300,-14.8445,1.7549,-18.2600,-17.6000,-15.6300,-14.4200,-13.4850,-13.0700,-12.3900
-86.9055,40.4355,0.0000,19.0000,10.3512,10.3123,2.3950,2.6146,2.6910,3.0337,4.0366,17.0248,22.4857,25.5319,40.6469,8.8963,4.7858,3.9400,4.0000,7.6100,13.4600,15.9300,772.3158,458.7542,165.0000,272.2000,508.5000,705.0000,874.0000,1643.0000,1703.0000,-107.2067,3.3989,-112.6100,-112.1220,-108.5400,-107.0000,-105.1400,-103.2260,-101.7300,-14.3289,2.3064,-18.4600,-17.5480,-16.2100,-13.6800,-12.5000,-11.9320,-11.8200
-86.9055,40.4360,0.0000,4.0000,17.9373,9.5018,1.8629,4.5821,7.3013,15.4590,22.2942,24.7724,25.0876,25.1927,25.2978,9.2167,1.7631,6.8700,8.2650,9.6600,10.3900,11.1200,892.7500,486.8960,408.0000,495.3000,626.2500,729.5000,996.0000,1420.8000,1704.0000,-106.3267,0.5759,-107.0200,-106.8860,-106.6850,-106.3500,-105.9800,-105.7580,-105.6100,-15.3533,0.0732,-15.4100,-15.4080,-15.4050,-15.4000,-15.3250,-15.2800,-15.2500
-86.9055,40.4365,0.0000,2.0000,10.5884,0.5040,10.0844,10.1348,10.1852,10.3364,10.5884,10.8404,10.9916,11.0420,11.0924,10.8550,0.7750,10.0800,10.4675,10.8550,11.2425,11.6300,2101.0000,0.0000,2101.0000,2101.0000,2101.0000,2101.0000,2101.0000,2101.0000,2101.0000,-106.0000,0.0700,-106.0700,-106.0560,-106.0350,-106.0000,-105.9650,-105.9440,-105.9300,-17.3000,0.0600,-17.3600,-17.3480,-17.3300,-17.3000,-17.2700,-17.2520,-17.2400
